policy,dataset,subject,patch_index,start_x,start_y,start_z,nodes,edges,topology_nodes,degree2_nodes,boundary_nodes
radius_1p5x_c095,ixi,IXI068-Guys-0756-MRA_IXI-Guys,0,0,0,0,0,0,0,0,0
radius_1p5x_c095,ixi,IXI068-Guys-0756-MRA_IXI-Guys,1,0,0,36,0,0,0,0,0
radius_1p5x_c095,ixi,IXI068-Guys-0756-MRA_IXI-Guys,2,0,40,0,12,9,2,6,4
radius_1p5x_c095,ixi,IXI068-Guys-0756-MRA_IXI-Guys,3,0,40,36,23,19,4,15,4
radius_1p5x_c095,ixi,IXI068-Guys-0756-MRA_IXI-Guys,4,0,80,0,36,35,6,28,2
radius_1p5x_c095,ixi,IXI068-Guys-0756-MRA_IXI-Guys,5,0,80,36,85,80,15,64,6
radius_1p5x_c095,ixi,IXI068-Guys-0756-MRA_IXI-Guys,6,0,120,0,43,39,5,29,9
radius_1p5x_c095,ixi,IXI068-Guys-0756-MRA_IXI-Guys,7,0,120,36,113,109,19,84,10
radius_1p5x_c095,ixi,IXI068-Guys-0756-MRA_IXI-Guys,8,0,160,0,96,93,18,62,16
radius_1p5x_c095,ixi,IXI068-Guys-0756-MRA_IXI-Guys,9,0,160,36,164,159,28,118,18
radius_1p5x_c095,ixi,IXI068-Guys-0756-MRA_IXI-Guys,10,0,200,0,120,122,33,67,20
radius_1p5x_c095,ixi,IXI068-Guys-0756-MRA_IXI-Guys,11,0,200,36,126,117,21,83,22
radius_1p5x_c095,ixi,IXI068-Guys-0756-MRA_IXI-Guys,12,0,240,0,88,91,26,49,13
radius_1p5x_c095,ixi,IXI068-Guys-0756-MRA_IXI-Guys,13,0,240,36,70,67,16,44,10
radius_1p5x_c095,ixi,IXI068-Guys-0756-MRA_IXI-Guys,14,0,280,0,20,14,5,8,7
radius_1p5x_c095,ixi,IXI068-Guys-0756-MRA_IXI-Guys,15,0,280,36,25,20,6,15,4
radius_1p5x_c095,ixi,IXI068-Guys-0756-MRA_IXI-Guys,16,0,308,0,8,7,0,6,2
radius_1p5x_c095,ixi,IXI068-Guys-0756-MRA_IXI-Guys,17,0,308,36,9,8,1,7,1
radius_1p5x_c095,ixi,IXI068-Guys-0756-MRA_IXI-Guys,18,40,0,0,0,0,0,0,0
radius_1p5x_c095,ixi,IXI068-Guys-0756-MRA_IXI-Guys,19,40,0,36,0,0,0,0,0
radius_1p5x_c095,ixi,IXI068-Guys-0756-MRA_IXI-Guys,20,40,40,0,14,12,2,8,4
radius_1p5x_c095,ixi,IXI068-Guys-0756-MRA_IXI-Guys,21,40,40,36,24,19,4,12,8
radius_1p5x_c095,ixi,IXI068-Guys-0756-MRA_IXI-Guys,22,40,80,0,19,16,2,11,6
radius_1p5x_c095,ixi,IXI068-Guys-0756-MRA_IXI-Guys,23,40,80,36,38,31,6,20,12
radius_1p5x_c095,ixi,IXI068-Guys-0756-MRA_IXI-Guys,24,40,120,0,30,28,3,22,5
radius_1p5x_c095,ixi,IXI068-Guys-0756-MRA_IXI-Guys,25,40,120,36,44,38,7,28,9
radius_1p5x_c095,ixi,IXI068-Guys-0756-MRA_IXI-Guys,26,40,160,0,67,66,13,41,13
radius_1p5x_c095,ixi,IXI068-Guys-0756-MRA_IXI-Guys,27,40,160,36,97,91,17,63,17
radius_1p5x_c095,ixi,IXI068-Guys-0756-MRA_IXI-Guys,28,40,200,0,117,122,33,63,21
radius_1p5x_c095,ixi,IXI068-Guys-0756-MRA_IXI-Guys,29,40,200,36,94,87,16,57,21
radius_1p5x_c095,ixi,IXI068-Guys-0756-MRA_IXI-Guys,30,40,240,0,120,135,36,77,7
radius_1p5x_c095,ixi,IXI068-Guys-0756-MRA_IXI-Guys,31,40,240,36,71,69,14,47,10
radius_1p5x_c095,ixi,IXI068-Guys-0756-MRA_IXI-Guys,32,40,280,0,17,13,2,9,6
radius_1p5x_c095,ixi,IXI068-Guys-0756-MRA_IXI-Guys,33,40,280,36,20,17,4,14,2
radius_1p5x_c095,ixi,IXI068-Guys-0756-MRA_IXI-Guys,34,40,308,0,8,7,0,6,2
radius_1p5x_c095,ixi,IXI068-Guys-0756-MRA_IXI-Guys,35,40,308,36,9,8,1,7,1
radius_1p5x_c095,ixi,IXI068-Guys-0756-MRA_IXI-Guys,36,80,0,0,6,5,2,4,0
radius_1p5x_c095,ixi,IXI068-Guys-0756-MRA_IXI-Guys,37,80,0,36,6,5,2,4,0
radius_1p5x_c095,ixi,IXI068-Guys-0756-MRA_IXI-Guys,38,80,40,0,29,26,6,19,4
radius_1p5x_c095,ixi,IXI068-Guys-0756-MRA_IXI-Guys,39,80,40,36,25,23,4,19,2
radius_1p5x_c095,ixi,IXI068-Guys-0756-MRA_IXI-Guys,40,80,80,0,40,39,8,27,5
radius_1p5x_c095,ixi,IXI068-Guys-0756-MRA_IXI-Guys,41,80,80,36,30,25,5,18,7
radius_1p5x_c095,ixi,IXI068-Guys-0756-MRA_IXI-Guys,42,80,120,0,45,40,7,30,8
radius_1p5x_c095,ixi,IXI068-Guys-0756-MRA_IXI-Guys,43,80,120,36,41,37,9,25,7
radius_1p5x_c095,ixi,IXI068-Guys-0756-MRA_IXI-Guys,44,80,160,0,39,37,9,21,9
radius_1p5x_c095,ixi,IXI068-Guys-0756-MRA_IXI-Guys,45,80,160,36,52,49,10,31,11
radius_1p5x_c095,ixi,IXI068-Guys-0756-MRA_IXI-Guys,46,80,200,0,65,66,21,26,18
radius_1p5x_c095,ixi,IXI068-Guys-0756-MRA_IXI-Guys,47,80,200,36,83,86,27,42,14
radius_1p5x_c095,ixi,IXI068-Guys-0756-MRA_IXI-Guys,48,80,240,0,138,149,50,57,31
radius_1p5x_c095,ixi,IXI068-Guys-0756-MRA_IXI-Guys,49,80,240,36,151,156,43,75,33
radius_1p5x_c095,ixi,IXI068-Guys-0756-MRA_IXI-Guys,50,80,280,0,78,77,15,45,18
radius_1p5x_c095,ixi,IXI068-Guys-0756-MRA_IXI-Guys,51,80,280,36,120,115,21,75,24
radius_1p5x_c095,ixi,IXI068-Guys-0756-MRA_IXI-Guys,52,80,308,0,43,39,3,31,9
radius_1p5x_c095,ixi,IXI068-Guys-0756-MRA_IXI-Guys,53,80,308,36,73,65,11,51,11
radius_1p5x_c095,ixi,IXI068-Guys-0756-MRA_IXI-Guys,54,120,0,0,14,13,2,10,2
radius_1p5x_c095,ixi,IXI068-Guys-0756-MRA_IXI-Guys,55,120,0,36,14,13,3,10,1
radius_1p5x_c095,ixi,IXI068-Guys-0756-MRA_IXI-Guys,56,120,40,0,35,34,2,29,4
radius_1p5x_c095,ixi,IXI068-Guys-0756-MRA_IXI-Guys,57,120,40,36,33,31,2,25,6
radius_1p5x_c095,ixi,IXI068-Guys-0756-MRA_IXI-Guys,58,120,80,0,52,49,6,35,11
radius_1p5x_c095,ixi,IXI068-Guys-0756-MRA_IXI-Guys,59,120,80,36,29,24,5,17,7
radius_1p5x_c095,ixi,IXI068-Guys-0756-MRA_IXI-Guys,60,120,120,0,79,78,19,48,12
radius_1p5x_c095,ixi,IXI068-Guys-0756-MRA_IXI-Guys,61,120,120,36,50,48,10,36,4
radius_1p5x_c095,ixi,IXI068-Guys-0756-MRA_IXI-Guys,62,120,160,0,51,47,15,23,13
radius_1p5x_c095,ixi,IXI068-Guys-0756-MRA_IXI-Guys,63,120,160,36,74,71,12,51,11
radius_1p5x_c095,ixi,IXI068-Guys-0756-MRA_IXI-Guys,64,120,200,0,78,75,24,31,23
radius_1p5x_c095,ixi,IXI068-Guys-0756-MRA_IXI-Guys,65,120,200,36,90,95,27,53,10
radius_1p5x_c095,ixi,IXI068-Guys-0756-MRA_IXI-Guys,66,120,240,0,138,162,56,63,19
radius_1p5x_c095,ixi,IXI068-Guys-0756-MRA_IXI-Guys,67,120,240,36,157,173,47,94,16
radius_1p5x_c095,ixi,IXI068-Guys-0756-MRA_IXI-Guys,68,120,280,0,85,90,18,55,12
radius_1p5x_c095,ixi,IXI068-Guys-0756-MRA_IXI-Guys,69,120,280,36,132,134,25,90,17
radius_1p5x_c095,ixi,IXI068-Guys-0756-MRA_IXI-Guys,70,120,308,0,49,45,4,37,8
radius_1p5x_c095,ixi,IXI068-Guys-0756-MRA_IXI-Guys,71,120,308,36,81,74,12,59,10
radius_1p5x_c095,ixi,IXI068-Guys-0756-MRA_IXI-Guys,72,160,0,0,11,9,0,7,4
radius_1p5x_c095,ixi,IXI068-Guys-0756-MRA_IXI-Guys,73,160,0,36,11,9,1,7,3
radius_1p5x_c095,ixi,IXI068-Guys-0756-MRA_IXI-Guys,74,160,40,0,21,18,1,13,7
radius_1p5x_c095,ixi,IXI068-Guys-0756-MRA_IXI-Guys,75,160,40,36,29,25,2,19,8
radius_1p5x_c095,ixi,IXI068-Guys-0756-MRA_IXI-Guys,76,160,80,0,26,24,6,16,4
radius_1p5x_c095,ixi,IXI068-Guys-0756-MRA_IXI-Guys,77,160,80,36,13,10,2,5,6
radius_1p5x_c095,ixi,IXI068-Guys-0756-MRA_IXI-Guys,78,160,120,0,58,55,14,35,9
radius_1p5x_c095,ixi,IXI068-Guys-0756-MRA_IXI-Guys,79,160,120,36,30,26,1,22,7
radius_1p5x_c095,ixi,IXI068-Guys-0756-MRA_IXI-Guys,80,160,160,0,86,78,17,49,20
radius_1p5x_c095,ixi,IXI068-Guys-0756-MRA_IXI-Guys,81,160,160,36,60,54,5,41,14
radius_1p5x_c095,ixi,IXI068-Guys-0756-MRA_IXI-Guys,82,160,200,0,104,94,21,49,34
radius_1p5x_c095,ixi,IXI068-Guys-0756-MRA_IXI-Guys,83,160,200,36,39,35,3,26,10
radius_1p5x_c095,ixi,IXI068-Guys-0756-MRA_IXI-Guys,84,160,240,0,103,106,28,55,20
radius_1p5x_c095,ixi,IXI068-Guys-0756-MRA_IXI-Guys,85,160,240,36,40,37,5,28,7
radius_1p5x_c095,ixi,IXI068-Guys-0756-MRA_IXI-Guys,86,160,280,0,14,12,3,8,3
radius_1p5x_c095,ixi,IXI068-Guys-0756-MRA_IXI-Guys,87,160,280,36,22,19,3,14,5
radius_1p5x_c095,ixi,IXI068-Guys-0756-MRA_IXI-Guys,88,160,308,0,0,0,0,0,0
radius_1p5x_c095,ixi,IXI068-Guys-0756-MRA_IXI-Guys,89,160,308,36,6,5,1,4,1
radius_1p5x_c095,ixi,IXI068-Guys-0756-MRA_IXI-Guys,90,200,0,0,0,0,0,0,0
radius_1p5x_c095,ixi,IXI068-Guys-0756-MRA_IXI-Guys,91,200,0,36,0,0,0,0,0
radius_1p5x_c095,ixi,IXI068-Guys-0756-MRA_IXI-Guys,92,200,40,0,3,2,1,1,1
radius_1p5x_c095,ixi,IXI068-Guys-0756-MRA_IXI-Guys,93,200,40,36,17,15,2,13,2
radius_1p5x_c095,ixi,IXI068-Guys-0756-MRA_IXI-Guys,94,200,80,0,16,14,1,12,3
radius_1p5x_c095,ixi,IXI068-Guys-0756-MRA_IXI-Guys,95,200,80,36,32,29,3,24,5
radius_1p5x_c095,ixi,IXI068-Guys-0756-MRA_IXI-Guys,96,200,120,0,40,36,1,32,7
radius_1p5x_c095,ixi,IXI068-Guys-0756-MRA_IXI-Guys,97,200,120,36,112,106,10,86,16
radius_1p5x_c095,ixi,IXI068-Guys-0756-MRA_IXI-Guys,98,200,160,0,84,86,15,58,11
radius_1p5x_c095,ixi,IXI068-Guys-0756-MRA_IXI-Guys,99,200,160,36,184,186,26,141,17
radius_1p5x_c095,ixi,IXI068-Guys-0756-MRA_IXI-Guys,100,200,200,0,174,189,39,115,20
radius_1p5x_c095,ixi,IXI068-Guys-0756-MRA_IXI-Guys,101,200,200,36,164,154,24,117,23
radius_1p5x_c095,ixi,IXI068-Guys-0756-MRA_IXI-Guys,102,200,240,0,111,116,33,68,10
radius_1p5x_c095,ixi,IXI068-Guys-0756-MRA_IXI-Guys,103,200,240,36,84,78,17,57,10
radius_1p5x_c095,ixi,IXI068-Guys-0756-MRA_IXI-Guys,104,200,280,0,17,14,5,9,3
radius_1p5x_c095,ixi,IXI068-Guys-0756-MRA_IXI-Guys,105,200,280,36,12,11,3,8,1
radius_1p5x_c095,ixi,IXI068-Guys-0756-MRA_IXI-Guys,106,200,308,0,0,0,0,0,0
radius_1p5x_c095,ixi,IXI068-Guys-0756-MRA_IXI-Guys,107,200,308,36,0,0,0,0,0
radius_1p5x_c095,ixi,IXI068-Guys-0756-MRA_IXI-Guys,108,215,0,0,0,0,0,0,0
radius_1p5x_c095,ixi,IXI068-Guys-0756-MRA_IXI-Guys,109,215,0,36,0,0,0,0,0
radius_1p5x_c095,ixi,IXI068-Guys-0756-MRA_IXI-Guys,110,215,40,0,3,2,1,1,1
radius_1p5x_c095,ixi,IXI068-Guys-0756-MRA_IXI-Guys,111,215,40,36,16,14,1,12,3
radius_1p5x_c095,ixi,IXI068-Guys-0756-MRA_IXI-Guys,112,215,80,0,20,18,2,16,2
radius_1p5x_c095,ixi,IXI068-Guys-0756-MRA_IXI-Guys,113,215,80,36,35,33,4,29,2
radius_1p5x_c095,ixi,IXI068-Guys-0756-MRA_IXI-Guys,114,215,120,0,54,47,3,40,11
radius_1p5x_c095,ixi,IXI068-Guys-0756-MRA_IXI-Guys,115,215,120,36,122,118,16,92,14
radius_1p5x_c095,ixi,IXI068-Guys-0756-MRA_IXI-Guys,116,215,160,0,90,89,15,58,17
radius_1p5x_c095,ixi,IXI068-Guys-0756-MRA_IXI-Guys,117,215,160,36,184,187,29,135,20
radius_1p5x_c095,ixi,IXI068-Guys-0756-MRA_IXI-Guys,118,215,200,0,164,178,36,109,19
radius_1p5x_c095,ixi,IXI068-Guys-0756-MRA_IXI-Guys,119,215,200,36,155,145,22,110,23
radius_1p5x_c095,ixi,IXI068-Guys-0756-MRA_IXI-Guys,120,215,240,0,96,95,28,49,19
radius_1p5x_c095,ixi,IXI068-Guys-0756-MRA_IXI-Guys,121,215,240,36,76,66,16,43,17
radius_1p5x_c095,ixi,IXI068-Guys-0756-MRA_IXI-Guys,122,215,280,0,11,9,4,5,2
radius_1p5x_c095,ixi,IXI068-Guys-0756-MRA_IXI-Guys,123,215,280,36,8,7,3,4,1
radius_1p5x_c095,ixi,IXI068-Guys-0756-MRA_IXI-Guys,124,215,308,0,0,0,0,0,0
radius_1p5x_c095,ixi,IXI068-Guys-0756-MRA_IXI-Guys,125,215,308,36,0,0,0,0,0
radius_2x_c095,ixi,IXI068-Guys-0756-MRA_IXI-Guys,0,0,0,0,0,0,0,0,0
radius_2x_c095,ixi,IXI068-Guys-0756-MRA_IXI-Guys,1,0,0,36,0,0,0,0,0
radius_2x_c095,ixi,IXI068-Guys-0756-MRA_IXI-Guys,2,0,40,0,12,9,2,6,4
radius_2x_c095,ixi,IXI068-Guys-0756-MRA_IXI-Guys,3,0,40,36,23,19,4,15,4
radius_2x_c095,ixi,IXI068-Guys-0756-MRA_IXI-Guys,4,0,80,0,36,35,6,28,2
radius_2x_c095,ixi,IXI068-Guys-0756-MRA_IXI-Guys,5,0,80,36,86,81,15,65,6
radius_2x_c095,ixi,IXI068-Guys-0756-MRA_IXI-Guys,6,0,120,0,43,39,5,29,9
radius_2x_c095,ixi,IXI068-Guys-0756-MRA_IXI-Guys,7,0,120,36,114,110,19,85,10
radius_2x_c095,ixi,IXI068-Guys-0756-MRA_IXI-Guys,8,0,160,0,96,93,18,62,16
radius_2x_c095,ixi,IXI068-Guys-0756-MRA_IXI-Guys,9,0,160,36,164,159,28,118,18
radius_2x_c095,ixi,IXI068-Guys-0756-MRA_IXI-Guys,10,0,200,0,121,123,33,68,20
radius_2x_c095,ixi,IXI068-Guys-0756-MRA_IXI-Guys,11,0,200,36,127,118,21,84,22
radius_2x_c095,ixi,IXI068-Guys-0756-MRA_IXI-Guys,12,0,240,0,88,91,26,49,13
radius_2x_c095,ixi,IXI068-Guys-0756-MRA_IXI-Guys,13,0,240,36,70,67,16,44,10
radius_2x_c095,ixi,IXI068-Guys-0756-MRA_IXI-Guys,14,0,280,0,20,14,5,8,7
radius_2x_c095,ixi,IXI068-Guys-0756-MRA_IXI-Guys,15,0,280,36,25,20,6,15,4
radius_2x_c095,ixi,IXI068-Guys-0756-MRA_IXI-Guys,16,0,308,0,8,7,0,6,2
radius_2x_c095,ixi,IXI068-Guys-0756-MRA_IXI-Guys,17,0,308,36,9,8,1,7,1
radius_2x_c095,ixi,IXI068-Guys-0756-MRA_IXI-Guys,18,40,0,0,0,0,0,0,0
radius_2x_c095,ixi,IXI068-Guys-0756-MRA_IXI-Guys,19,40,0,36,0,0,0,0,0
radius_2x_c095,ixi,IXI068-Guys-0756-MRA_IXI-Guys,20,40,40,0,14,12,2,8,4
radius_2x_c095,ixi,IXI068-Guys-0756-MRA_IXI-Guys,21,40,40,36,24,19,4,12,8
radius_2x_c095,ixi,IXI068-Guys-0756-MRA_IXI-Guys,22,40,80,0,19,16,2,11,6
radius_2x_c095,ixi,IXI068-Guys-0756-MRA_IXI-Guys,23,40,80,36,39,32,6,21,12
radius_2x_c095,ixi,IXI068-Guys-0756-MRA_IXI-Guys,24,40,120,0,30,28,3,22,5
radius_2x_c095,ixi,IXI068-Guys-0756-MRA_IXI-Guys,25,40,120,36,45,39,7,29,9
radius_2x_c095,ixi,IXI068-Guys-0756-MRA_IXI-Guys,26,40,160,0,68,67,13,42,13
radius_2x_c095,ixi,IXI068-Guys-0756-MRA_IXI-Guys,27,40,160,36,98,92,17,64,17
radius_2x_c095,ixi,IXI068-Guys-0756-MRA_IXI-Guys,28,40,200,0,118,123,33,64,21
radius_2x_c095,ixi,IXI068-Guys-0756-MRA_IXI-Guys,29,40,200,36,95,88,16,58,21
radius_2x_c095,ixi,IXI068-Guys-0756-MRA_IXI-Guys,30,40,240,0,121,136,36,78,7
radius_2x_c095,ixi,IXI068-Guys-0756-MRA_IXI-Guys,31,40,240,36,72,70,14,48,10
radius_2x_c095,ixi,IXI068-Guys-0756-MRA_IXI-Guys,32,40,280,0,17,13,2,9,6
radius_2x_c095,ixi,IXI068-Guys-0756-MRA_IXI-Guys,33,40,280,36,20,17,4,14,2
radius_2x_c095,ixi,IXI068-Guys-0756-MRA_IXI-Guys,34,40,308,0,8,7,0,6,2
radius_2x_c095,ixi,IXI068-Guys-0756-MRA_IXI-Guys,35,40,308,36,9,8,1,7,1
radius_2x_c095,ixi,IXI068-Guys-0756-MRA_IXI-Guys,36,80,0,0,6,5,2,4,0
radius_2x_c095,ixi,IXI068-Guys-0756-MRA_IXI-Guys,37,80,0,36,6,5,2,4,0
radius_2x_c095,ixi,IXI068-Guys-0756-MRA_IXI-Guys,38,80,40,0,28,25,6,18,4
radius_2x_c095,ixi,IXI068-Guys-0756-MRA_IXI-Guys,39,80,40,36,24,22,4,18,2
radius_2x_c095,ixi,IXI068-Guys-0756-MRA_IXI-Guys,40,80,80,0,39,38,8,26,5
radius_2x_c095,ixi,IXI068-Guys-0756-MRA_IXI-Guys,41,80,80,36,29,24,5,17,7
radius_2x_c095,ixi,IXI068-Guys-0756-MRA_IXI-Guys,42,80,120,0,45,40,7,30,8
radius_2x_c095,ixi,IXI068-Guys-0756-MRA_IXI-Guys,43,80,120,36,41,37,9,25,7
radius_2x_c095,ixi,IXI068-Guys-0756-MRA_IXI-Guys,44,80,160,0,40,38,9,22,9
radius_2x_c095,ixi,IXI068-Guys-0756-MRA_IXI-Guys,45,80,160,36,50,47,10,29,11
radius_2x_c095,ixi,IXI068-Guys-0756-MRA_IXI-Guys,46,80,200,0,64,65,21,25,18
radius_2x_c095,ixi,IXI068-Guys-0756-MRA_IXI-Guys,47,80,200,36,82,85,27,41,14
radius_2x_c095,ixi,IXI068-Guys-0756-MRA_IXI-Guys,48,80,240,0,137,148,50,56,31
radius_2x_c095,ixi,IXI068-Guys-0756-MRA_IXI-Guys,49,80,240,36,151,156,43,75,33
radius_2x_c095,ixi,IXI068-Guys-0756-MRA_IXI-Guys,50,80,280,0,77,76,15,44,18
radius_2x_c095,ixi,IXI068-Guys-0756-MRA_IXI-Guys,51,80,280,36,119,114,21,74,24
radius_2x_c095,ixi,IXI068-Guys-0756-MRA_IXI-Guys,52,80,308,0,42,38,3,30,9
radius_2x_c095,ixi,IXI068-Guys-0756-MRA_IXI-Guys,53,80,308,36,72,64,11,50,11
radius_2x_c095,ixi,IXI068-Guys-0756-MRA_IXI-Guys,54,120,0,0,14,13,2,10,2
radius_2x_c095,ixi,IXI068-Guys-0756-MRA_IXI-Guys,55,120,0,36,14,13,3,10,1
radius_2x_c095,ixi,IXI068-Guys-0756-MRA_IXI-Guys,56,120,40,0,34,33,2,28,4
radius_2x_c095,ixi,IXI068-Guys-0756-MRA_IXI-Guys,57,120,40,36,32,30,2,24,6
radius_2x_c095,ixi,IXI068-Guys-0756-MRA_IXI-Guys,58,120,80,0,51,48,6,34,11
radius_2x_c095,ixi,IXI068-Guys-0756-MRA_IXI-Guys,59,120,80,36,28,23,5,16,7
radius_2x_c095,ixi,IXI068-Guys-0756-MRA_IXI-Guys,60,120,120,0,79,78,19,48,12
radius_2x_c095,ixi,IXI068-Guys-0756-MRA_IXI-Guys,61,120,120,36,50,48,10,36,4
radius_2x_c095,ixi,IXI068-Guys-0756-MRA_IXI-Guys,62,120,160,0,49,45,15,21,13
radius_2x_c095,ixi,IXI068-Guys-0756-MRA_IXI-Guys,63,120,160,36,72,69,12,49,11
radius_2x_c095,ixi,IXI068-Guys-0756-MRA_IXI-Guys,64,120,200,0,76,73,24,29,23
radius_2x_c095,ixi,IXI068-Guys-0756-MRA_IXI-Guys,65,120,200,36,88,93,27,51,10
radius_2x_c095,ixi,IXI068-Guys-0756-MRA_IXI-Guys,66,120,240,0,135,159,56,60,19
radius_2x_c095,ixi,IXI068-Guys-0756-MRA_IXI-Guys,67,120,240,36,156,172,47,93,16
radius_2x_c095,ixi,IXI068-Guys-0756-MRA_IXI-Guys,68,120,280,0,82,87,18,52,12
radius_2x_c095,ixi,IXI068-Guys-0756-MRA_IXI-Guys,69,120,280,36,130,132,25,88,17
radius_2x_c095,ixi,IXI068-Guys-0756-MRA_IXI-Guys,70,120,308,0,47,43,4,35,8
radius_2x_c095,ixi,IXI068-Guys-0756-MRA_IXI-Guys,71,120,308,36,79,72,12,57,10
radius_2x_c095,ixi,IXI068-Guys-0756-MRA_IXI-Guys,72,160,0,0,11,9,0,7,4
radius_2x_c095,ixi,IXI068-Guys-0756-MRA_IXI-Guys,73,160,0,36,11,9,1,7,3
radius_2x_c095,ixi,IXI068-Guys-0756-MRA_IXI-Guys,74,160,40,0,20,17,1,12,7
radius_2x_c095,ixi,IXI068-Guys-0756-MRA_IXI-Guys,75,160,40,36,28,24,2,18,8
radius_2x_c095,ixi,IXI068-Guys-0756-MRA_IXI-Guys,76,160,80,0,25,23,6,15,4
radius_2x_c095,ixi,IXI068-Guys-0756-MRA_IXI-Guys,77,160,80,36,12,9,2,4,6
radius_2x_c095,ixi,IXI068-Guys-0756-MRA_IXI-Guys,78,160,120,0,58,55,14,35,9
radius_2x_c095,ixi,IXI068-Guys-0756-MRA_IXI-Guys,79,160,120,36,30,26,1,22,7
radius_2x_c095,ixi,IXI068-Guys-0756-MRA_IXI-Guys,80,160,160,0,85,77,17,48,20
radius_2x_c095,ixi,IXI068-Guys-0756-MRA_IXI-Guys,81,160,160,36,60,54,5,41,14
radius_2x_c095,ixi,IXI068-Guys-0756-MRA_IXI-Guys,82,160,200,0,103,93,21,48,34
radius_2x_c095,ixi,IXI068-Guys-0756-MRA_IXI-Guys,83,160,200,36,38,34,3,25,10
radius_2x_c095,ixi,IXI068-Guys-0756-MRA_IXI-Guys,84,160,240,0,100,103,28,52,20
radius_2x_c095,ixi,IXI068-Guys-0756-MRA_IXI-Guys,85,160,240,36,39,36,5,27,7
radius_2x_c095,ixi,IXI068-Guys-0756-MRA_IXI-Guys,86,160,280,0,14,12,3,8,3
radius_2x_c095,ixi,IXI068-Guys-0756-MRA_IXI-Guys,87,160,280,36,22,19,3,14,5
radius_2x_c095,ixi,IXI068-Guys-0756-MRA_IXI-Guys,88,160,308,0,0,0,0,0,0
radius_2x_c095,ixi,IXI068-Guys-0756-MRA_IXI-Guys,89,160,308,36,6,5,1,4,1
radius_2x_c095,ixi,IXI068-Guys-0756-MRA_IXI-Guys,90,200,0,0,0,0,0,0,0
radius_2x_c095,ixi,IXI068-Guys-0756-MRA_IXI-Guys,91,200,0,36,0,0,0,0,0
radius_2x_c095,ixi,IXI068-Guys-0756-MRA_IXI-Guys,92,200,40,0,3,2,1,1,1
radius_2x_c095,ixi,IXI068-Guys-0756-MRA_IXI-Guys,93,200,40,36,17,15,2,13,2
radius_2x_c095,ixi,IXI068-Guys-0756-MRA_IXI-Guys,94,200,80,0,16,14,1,12,3
radius_2x_c095,ixi,IXI068-Guys-0756-MRA_IXI-Guys,95,200,80,36,32,29,3,24,5
radius_2x_c095,ixi,IXI068-Guys-0756-MRA_IXI-Guys,96,200,120,0,40,36,1,32,7
radius_2x_c095,ixi,IXI068-Guys-0756-MRA_IXI-Guys,97,200,120,36,112,106,10,86,16
radius_2x_c095,ixi,IXI068-Guys-0756-MRA_IXI-Guys,98,200,160,0,84,86,15,58,11
radius_2x_c095,ixi,IXI068-Guys-0756-MRA_IXI-Guys,99,200,160,36,184,186,26,141,17
radius_2x_c095,ixi,IXI068-Guys-0756-MRA_IXI-Guys,100,200,200,0,173,188,39,114,20
radius_2x_c095,ixi,IXI068-Guys-0756-MRA_IXI-Guys,101,200,200,36,163,153,24,116,23
radius_2x_c095,ixi,IXI068-Guys-0756-MRA_IXI-Guys,102,200,240,0,110,115,33,67,10
radius_2x_c095,ixi,IXI068-Guys-0756-MRA_IXI-Guys,103,200,240,36,83,77,17,56,10
radius_2x_c095,ixi,IXI068-Guys-0756-MRA_IXI-Guys,104,200,280,0,17,14,5,9,3
radius_2x_c095,ixi,IXI068-Guys-0756-MRA_IXI-Guys,105,200,280,36,12,11,3,8,1
radius_2x_c095,ixi,IXI068-Guys-0756-MRA_IXI-Guys,106,200,308,0,0,0,0,0,0
radius_2x_c095,ixi,IXI068-Guys-0756-MRA_IXI-Guys,107,200,308,36,0,0,0,0,0
radius_2x_c095,ixi,IXI068-Guys-0756-MRA_IXI-Guys,108,215,0,0,0,0,0,0,0
radius_2x_c095,ixi,IXI068-Guys-0756-MRA_IXI-Guys,109,215,0,36,0,0,0,0,0
radius_2x_c095,ixi,IXI068-Guys-0756-MRA_IXI-Guys,110,215,40,0,3,2,1,1,1
radius_2x_c095,ixi,IXI068-Guys-0756-MRA_IXI-Guys,111,215,40,36,16,14,1,12,3
radius_2x_c095,ixi,IXI068-Guys-0756-MRA_IXI-Guys,112,215,80,0,20,18,2,16,2
radius_2x_c095,ixi,IXI068-Guys-0756-MRA_IXI-Guys,113,215,80,36,35,33,4,29,2
radius_2x_c095,ixi,IXI068-Guys-0756-MRA_IXI-Guys,114,215,120,0,54,47,3,40,11
radius_2x_c095,ixi,IXI068-Guys-0756-MRA_IXI-Guys,115,215,120,36,122,118,16,92,14
radius_2x_c095,ixi,IXI068-Guys-0756-MRA_IXI-Guys,116,215,160,0,90,89,15,58,17
radius_2x_c095,ixi,IXI068-Guys-0756-MRA_IXI-Guys,117,215,160,36,184,187,29,135,20
radius_2x_c095,ixi,IXI068-Guys-0756-MRA_IXI-Guys,118,215,200,0,163,177,36,108,19
radius_2x_c095,ixi,IXI068-Guys-0756-MRA_IXI-Guys,119,215,200,36,154,144,22,109,23
radius_2x_c095,ixi,IXI068-Guys-0756-MRA_IXI-Guys,120,215,240,0,95,94,28,48,19
radius_2x_c095,ixi,IXI068-Guys-0756-MRA_IXI-Guys,121,215,240,36,75,65,16,42,17
radius_2x_c095,ixi,IXI068-Guys-0756-MRA_IXI-Guys,122,215,280,0,11,9,4,5,2
radius_2x_c095,ixi,IXI068-Guys-0756-MRA_IXI-Guys,123,215,280,36,8,7,3,4,1
radius_2x_c095,ixi,IXI068-Guys-0756-MRA_IXI-Guys,124,215,308,0,0,0,0,0,0
radius_2x_c095,ixi,IXI068-Guys-0756-MRA_IXI-Guys,125,215,308,36,0,0,0,0,0
radius_1p5x_c095,ixi,IXI077-Guys-0752-MRA_IXI-Guys,0,0,0,0,0,0,0,0,0
radius_1p5x_c095,ixi,IXI077-Guys-0752-MRA_IXI-Guys,1,0,0,36,0,0,0,0,0
radius_1p5x_c095,ixi,IXI077-Guys-0752-MRA_IXI-Guys,2,0,40,0,0,0,0,0,0
radius_1p5x_c095,ixi,IXI077-Guys-0752-MRA_IXI-Guys,3,0,40,36,0,0,0,0,0
radius_1p5x_c095,ixi,IXI077-Guys-0752-MRA_IXI-Guys,4,0,80,0,19,15,2,11,6
radius_1p5x_c095,ixi,IXI077-Guys-0752-MRA_IXI-Guys,5,0,80,36,67,65,12,49,6
radius_1p5x_c095,ixi,IXI077-Guys-0752-MRA_IXI-Guys,6,0,120,0,58,55,10,37,11
radius_1p5x_c095,ixi,IXI077-Guys-0752-MRA_IXI-Guys,7,0,120,36,130,130,23,96,11
radius_1p5x_c095,ixi,IXI077-Guys-0752-MRA_IXI-Guys,8,0,160,0,78,76,13,53,12
radius_1p5x_c095,ixi,IXI077-Guys-0752-MRA_IXI-Guys,9,0,160,36,137,134,23,103,11
radius_1p5x_c095,ixi,IXI077-Guys-0752-MRA_IXI-Guys,10,0,200,0,106,100,21,64,21
radius_1p5x_c095,ixi,IXI077-Guys-0752-MRA_IXI-Guys,11,0,200,36,150,139,25,97,28
radius_1p5x_c095,ixi,IXI077-Guys-0752-MRA_IXI-Guys,12,0,240,0,46,41,10,25,11
radius_1p5x_c095,ixi,IXI077-Guys-0752-MRA_IXI-Guys,13,0,240,36,62,57,13,39,10
radius_1p5x_c095,ixi,IXI077-Guys-0752-MRA_IXI-Guys,14,0,279,0,0,0,0,0,0
radius_1p5x_c095,ixi,IXI077-Guys-0752-MRA_IXI-Guys,15,0,279,36,0,0,0,0,0
radius_1p5x_c095,ixi,IXI077-Guys-0752-MRA_IXI-Guys,16,40,0,0,0,0,0,0,0
radius_1p5x_c095,ixi,IXI077-Guys-0752-MRA_IXI-Guys,17,40,0,36,0,0,0,0,0
radius_1p5x_c095,ixi,IXI077-Guys-0752-MRA_IXI-Guys,18,40,40,0,8,6,1,4,3
radius_1p5x_c095,ixi,IXI077-Guys-0752-MRA_IXI-Guys,19,40,40,36,11,9,2,5,4
radius_1p5x_c095,ixi,IXI077-Guys-0752-MRA_IXI-Guys,20,40,80,0,16,12,4,8,4
radius_1p5x_c095,ixi,IXI077-Guys-0752-MRA_IXI-Guys,21,40,80,36,23,18,5,13,5
radius_1p5x_c095,ixi,IXI077-Guys-0752-MRA_IXI-Guys,22,40,120,0,54,46,11,27,16
radius_1p5x_c095,ixi,IXI077-Guys-0752-MRA_IXI-Guys,23,40,120,36,54,48,7,33,14
radius_1p5x_c095,ixi,IXI077-Guys-0752-MRA_IXI-Guys,24,40,160,0,75,72,16,42,17
radius_1p5x_c095,ixi,IXI077-Guys-0752-MRA_IXI-Guys,25,40,160,36,74,72,12,49,13
radius_1p5x_c095,ixi,IXI077-Guys-0752-MRA_IXI-Guys,26,40,200,0,103,105,20,69,14
radius_1p5x_c095,ixi,IXI077-Guys-0752-MRA_IXI-Guys,27,40,200,36,103,100,17,70,16
radius_1p5x_c095,ixi,IXI077-Guys-0752-MRA_IXI-Guys,28,40,240,0,54,52,8,37,9
radius_1p5x_c095,ixi,IXI077-Guys-0752-MRA_IXI-Guys,29,40,240,36,53,51,9,36,8
radius_1p5x_c095,ixi,IXI077-Guys-0752-MRA_IXI-Guys,30,40,279,0,0,0,0,0,0
radius_1p5x_c095,ixi,IXI077-Guys-0752-MRA_IXI-Guys,31,40,279,36,2,1,1,0,1
radius_1p5x_c095,ixi,IXI077-Guys-0752-MRA_IXI-Guys,32,80,0,0,5,4,0,3,2
radius_1p5x_c095,ixi,IXI077-Guys-0752-MRA_IXI-Guys,33,80,0,36,18,17,4,10,4
radius_1p5x_c095,ixi,IXI077-Guys-0752-MRA_IXI-Guys,34,80,40,0,29,26,1,23,5
radius_1p5x_c095,ixi,IXI077-Guys-0752-MRA_IXI-Guys,35,80,40,36,43,42,5,33,5
radius_1p5x_c095,ixi,IXI077-Guys-0752-MRA_IXI-Guys,36,80,80,0,44,39,7,30,7
radius_1p5x_c095,ixi,IXI077-Guys-0752-MRA_IXI-Guys,37,80,80,36,53,47,8,37,8
radius_1p5x_c095,ixi,IXI077-Guys-0752-MRA_IXI-Guys,38,80,120,0,42,37,12,23,7
radius_1p5x_c095,ixi,IXI077-Guys-0752-MRA_IXI-Guys,39,80,120,36,51,44,7,33,11
radius_1p5x_c095,ixi,IXI077-Guys-0752-MRA_IXI-Guys,40,80,160,0,64,59,17,33,14
radius_1p5x_c095,ixi,IXI077-Guys-0752-MRA_IXI-Guys,41,80,160,36,65,64,11,42,12
radius_1p5x_c095,ixi,IXI077-Guys-0752-MRA_IXI-Guys,42,80,200,0,81,87,22,49,10
radius_1p5x_c095,ixi,IXI077-Guys-0752-MRA_IXI-Guys,43,80,200,36,120,132,35,73,12
radius_1p5x_c095,ixi,IXI077-Guys-0752-MRA_IXI-Guys,44,80,240,0,71,76,20,41,10
radius_1p5x_c095,ixi,IXI077-Guys-0752-MRA_IXI-Guys,45,80,240,36,117,123,30,74,13
radius_1p5x_c095,ixi,IXI077-Guys-0752-MRA_IXI-Guys,46,80,279,0,17,13,2,7,8
radius_1p5x_c095,ixi,IXI077-Guys-0752-MRA_IXI-Guys,47,80,279,36,79,72,11,59,9
radius_1p5x_c095,ixi,IXI077-Guys-0752-MRA_IXI-Guys,48,120,0,0,6,5,1,4,1
radius_1p5x_c095,ixi,IXI077-Guys-0752-MRA_IXI-Guys,49,120,0,36,11,9,2,7,2
radius_1p5x_c095,ixi,IXI077-Guys-0752-MRA_IXI-Guys,50,120,40,0,29,28,4,23,2
radius_1p5x_c095,ixi,IXI077-Guys-0752-MRA_IXI-Guys,51,120,40,36,34,32,4,26,4
radius_1p5x_c095,ixi,IXI077-Guys-0752-MRA_IXI-Guys,52,120,80,0,54,51,12,37,5
radius_1p5x_c095,ixi,IXI077-Guys-0752-MRA_IXI-Guys,53,120,80,36,55,52,11,38,6
radius_1p5x_c095,ixi,IXI077-Guys-0752-MRA_IXI-Guys,54,120,120,0,41,35,11,22,8
radius_1p5x_c095,ixi,IXI077-Guys-0752-MRA_IXI-Guys,55,120,120,36,49,42,10,28,11
radius_1p5x_c095,ixi,IXI077-Guys-0752-MRA_IXI-Guys,56,120,160,0,72,72,21,40,11
radius_1p5x_c095,ixi,IXI077-Guys-0752-MRA_IXI-Guys,57,120,160,36,65,64,13,42,10
radius_1p5x_c095,ixi,IXI077-Guys-0752-MRA_IXI-Guys,58,120,200,0,72,78,22,41,9
radius_1p5x_c095,ixi,IXI077-Guys-0752-MRA_IXI-Guys,59,120,200,36,119,130,35,70,14
radius_1p5x_c095,ixi,IXI077-Guys-0752-MRA_IXI-Guys,60,120,240,0,71,77,21,41,9
radius_1p5x_c095,ixi,IXI077-Guys-0752-MRA_IXI-Guys,61,120,240,36,121,129,31,80,10
radius_1p5x_c095,ixi,IXI077-Guys-0752-MRA_IXI-Guys,62,120,279,0,22,19,3,12,7
radius_1p5x_c095,ixi,IXI077-Guys-0752-MRA_IXI-Guys,63,120,279,36,77,71,10,57,10
radius_1p5x_c095,ixi,IXI077-Guys-0752-MRA_IXI-Guys,64,160,0,0,0,0,0,0,0
radius_1p5x_c095,ixi,IXI077-Guys-0752-MRA_IXI-Guys,65,160,0,36,10,8,2,6,2
radius_1p5x_c095,ixi,IXI077-Guys-0752-MRA_IXI-Guys,66,160,40,0,7,6,2,3,2
radius_1p5x_c095,ixi,IXI077-Guys-0752-MRA_IXI-Guys,67,160,40,36,26,20,7,12,7
radius_1p5x_c095,ixi,IXI077-Guys-0752-MRA_IXI-Guys,68,160,80,0,23,19,3,13,7
radius_1p5x_c095,ixi,IXI077-Guys-0752-MRA_IXI-Guys,69,160,80,36,25,20,4,13,8
radius_1p5x_c095,ixi,IXI077-Guys-0752-MRA_IXI-Guys,70,160,120,0,51,45,8,31,12
radius_1p5x_c095,ixi,IXI077-Guys-0752-MRA_IXI-Guys,71,160,120,36,50,46,6,34,10
radius_1p5x_c095,ixi,IXI077-Guys-0752-MRA_IXI-Guys,72,160,160,0,103,103,29,60,14
radius_1p5x_c095,ixi,IXI077-Guys-0752-MRA_IXI-Guys,73,160,160,36,106,105,26,63,17
radius_1p5x_c095,ixi,IXI077-Guys-0752-MRA_IXI-Guys,74,160,200,0,96,96,22,64,10
radius_1p5x_c095,ixi,IXI077-Guys-0752-MRA_IXI-Guys,75,160,200,36,95,91,19,63,13
radius_1p5x_c095,ixi,IXI077-Guys-0752-MRA_IXI-Guys,76,160,240,0,35,33,6,26,3
radius_1p5x_c095,ixi,IXI077-Guys-0752-MRA_IXI-Guys,77,160,240,36,41,39,6,32,3
radius_1p5x_c095,ixi,IXI077-Guys-0752-MRA_IXI-Guys,78,160,279,0,0,0,0,0,0
radius_1p5x_c095,ixi,IXI077-Guys-0752-MRA_IXI-Guys,79,160,279,36,0,0,0,0,0
radius_1p5x_c095,ixi,IXI077-Guys-0752-MRA_IXI-Guys,80,200,0,0,0,0,0,0,0
radius_1p5x_c095,ixi,IXI077-Guys-0752-MRA_IXI-Guys,81,200,0,36,14,12,2,10,2
radius_1p5x_c095,ixi,IXI077-Guys-0752-MRA_IXI-Guys,82,200,40,0,6,5,0,4,2
radius_1p5x_c095,ixi,IXI077-Guys-0752-MRA_IXI-Guys,83,200,40,36,37,33,7,27,3
radius_1p5x_c095,ixi,IXI077-Guys-0752-MRA_IXI-Guys,84,200,80,0,50,51,10,36,4
radius_1p5x_c095,ixi,IXI077-Guys-0752-MRA_IXI-Guys,85,200,80,36,85,85,16,65,4
radius_1p5x_c095,ixi,IXI077-Guys-0752-MRA_IXI-Guys,86,200,120,0,60,61,15,38,7
radius_1p5x_c095,ixi,IXI077-Guys-0752-MRA_IXI-Guys,87,200,120,36,109,105,19,77,13
radius_1p5x_c095,ixi,IXI077-Guys-0752-MRA_IXI-Guys,88,200,160,0,101,104,26,64,11
radius_1p5x_c095,ixi,IXI077-Guys-0752-MRA_IXI-Guys,89,200,160,36,155,153,33,106,16
radius_1p5x_c095,ixi,IXI077-Guys-0752-MRA_IXI-Guys,90,200,200,0,62,57,12,33,17
radius_1p5x_c095,ixi,IXI077-Guys-0752-MRA_IXI-Guys,91,200,200,36,91,84,15,56,20
radius_1p5x_c095,ixi,IXI077-Guys-0752-MRA_IXI-Guys,92,200,240,0,11,7,2,3,6
radius_1p5x_c095,ixi,IXI077-Guys-0752-MRA_IXI-Guys,93,200,240,36,17,13,2,9,6
radius_1p5x_c095,ixi,IXI077-Guys-0752-MRA_IXI-Guys,94,200,279,0,0,0,0,0,0
radius_1p5x_c095,ixi,IXI077-Guys-0752-MRA_IXI-Guys,95,200,279,36,0,0,0,0,0
radius_2x_c095,ixi,IXI077-Guys-0752-MRA_IXI-Guys,0,0,0,0,0,0,0,0,0
radius_2x_c095,ixi,IXI077-Guys-0752-MRA_IXI-Guys,1,0,0,36,0,0,0,0,0
radius_2x_c095,ixi,IXI077-Guys-0752-MRA_IXI-Guys,2,0,40,0,0,0,0,0,0
radius_2x_c095,ixi,IXI077-Guys-0752-MRA_IXI-Guys,3,0,40,36,0,0,0,0,0
radius_2x_c095,ixi,IXI077-Guys-0752-MRA_IXI-Guys,4,0,80,0,19,15,2,11,6
radius_2x_c095,ixi,IXI077-Guys-0752-MRA_IXI-Guys,5,0,80,36,67,65,12,49,6
radius_2x_c095,ixi,IXI077-Guys-0752-MRA_IXI-Guys,6,0,120,0,58,55,10,37,11
radius_2x_c095,ixi,IXI077-Guys-0752-MRA_IXI-Guys,7,0,120,36,130,130,23,96,11
radius_2x_c095,ixi,IXI077-Guys-0752-MRA_IXI-Guys,8,0,160,0,76,74,13,51,12
radius_2x_c095,ixi,IXI077-Guys-0752-MRA_IXI-Guys,9,0,160,36,134,131,23,100,11
radius_2x_c095,ixi,IXI077-Guys-0752-MRA_IXI-Guys,10,0,200,0,105,99,21,63,21
radius_2x_c095,ixi,IXI077-Guys-0752-MRA_IXI-Guys,11,0,200,36,148,137,25,95,28
radius_2x_c095,ixi,IXI077-Guys-0752-MRA_IXI-Guys,12,0,240,0,47,42,10,26,11
radius_2x_c095,ixi,IXI077-Guys-0752-MRA_IXI-Guys,13,0,240,36,63,58,13,40,10
radius_2x_c095,ixi,IXI077-Guys-0752-MRA_IXI-Guys,14,0,279,0,0,0,0,0,0
radius_2x_c095,ixi,IXI077-Guys-0752-MRA_IXI-Guys,15,0,279,36,0,0,0,0,0
radius_2x_c095,ixi,IXI077-Guys-0752-MRA_IXI-Guys,16,40,0,0,0,0,0,0,0
radius_2x_c095,ixi,IXI077-Guys-0752-MRA_IXI-Guys,17,40,0,36,0,0,0,0,0
radius_2x_c095,ixi,IXI077-Guys-0752-MRA_IXI-Guys,18,40,40,0,8,6,1,4,3
radius_2x_c095,ixi,IXI077-Guys-0752-MRA_IXI-Guys,19,40,40,36,11,9,2,5,4
radius_2x_c095,ixi,IXI077-Guys-0752-MRA_IXI-Guys,20,40,80,0,16,12,4,8,4
radius_2x_c095,ixi,IXI077-Guys-0752-MRA_IXI-Guys,21,40,80,36,23,18,5,13,5
radius_2x_c095,ixi,IXI077-Guys-0752-MRA_IXI-Guys,22,40,120,0,54,46,11,27,16
radius_2x_c095,ixi,IXI077-Guys-0752-MRA_IXI-Guys,23,40,120,36,54,48,7,33,14
radius_2x_c095,ixi,IXI077-Guys-0752-MRA_IXI-Guys,24,40,160,0,72,69,16,39,17
radius_2x_c095,ixi,IXI077-Guys-0752-MRA_IXI-Guys,25,40,160,36,70,68,12,45,13
radius_2x_c095,ixi,IXI077-Guys-0752-MRA_IXI-Guys,26,40,200,0,103,105,20,69,14
radius_2x_c095,ixi,IXI077-Guys-0752-MRA_IXI-Guys,27,40,200,36,101,98,17,68,16
radius_2x_c095,ixi,IXI077-Guys-0752-MRA_IXI-Guys,28,40,240,0,56,54,8,39,9
radius_2x_c095,ixi,IXI077-Guys-0752-MRA_IXI-Guys,29,40,240,36,54,52,9,37,8
radius_2x_c095,ixi,IXI077-Guys-0752-MRA_IXI-Guys,30,40,279,0,0,0,0,0,0
radius_2x_c095,ixi,IXI077-Guys-0752-MRA_IXI-Guys,31,40,279,36,2,1,1,0,1
radius_2x_c095,ixi,IXI077-Guys-0752-MRA_IXI-Guys,32,80,0,0,5,4,0,3,2
radius_2x_c095,ixi,IXI077-Guys-0752-MRA_IXI-Guys,33,80,0,36,18,17,4,10,4
radius_2x_c095,ixi,IXI077-Guys-0752-MRA_IXI-Guys,34,80,40,0,29,26,1,23,5
radius_2x_c095,ixi,IXI077-Guys-0752-MRA_IXI-Guys,35,80,40,36,43,42,5,33,5
radius_2x_c095,ixi,IXI077-Guys-0752-MRA_IXI-Guys,36,80,80,0,44,39,7,30,7
radius_2x_c095,ixi,IXI077-Guys-0752-MRA_IXI-Guys,37,80,80,36,53,47,8,37,8
radius_2x_c095,ixi,IXI077-Guys-0752-MRA_IXI-Guys,38,80,120,0,42,37,12,23,7
radius_2x_c095,ixi,IXI077-Guys-0752-MRA_IXI-Guys,39,80,120,36,51,44,7,33,11
radius_2x_c095,ixi,IXI077-Guys-0752-MRA_IXI-Guys,40,80,160,0,65,60,17,34,14
radius_2x_c095,ixi,IXI077-Guys-0752-MRA_IXI-Guys,41,80,160,36,64,63,11,41,12
radius_2x_c095,ixi,IXI077-Guys-0752-MRA_IXI-Guys,42,80,200,0,81,87,22,49,10
radius_2x_c095,ixi,IXI077-Guys-0752-MRA_IXI-Guys,43,80,200,36,117,129,35,70,12
radius_2x_c095,ixi,IXI077-Guys-0752-MRA_IXI-Guys,44,80,240,0,72,77,20,42,10
radius_2x_c095,ixi,IXI077-Guys-0752-MRA_IXI-Guys,45,80,240,36,118,124,30,75,13
radius_2x_c095,ixi,IXI077-Guys-0752-MRA_IXI-Guys,46,80,279,0,17,13,2,7,8
radius_2x_c095,ixi,IXI077-Guys-0752-MRA_IXI-Guys,47,80,279,36,81,74,11,61,9
radius_2x_c095,ixi,IXI077-Guys-0752-MRA_IXI-Guys,48,120,0,0,6,5,1,4,1
radius_2x_c095,ixi,IXI077-Guys-0752-MRA_IXI-Guys,49,120,0,36,11,9,2,7,2
radius_2x_c095,ixi,IXI077-Guys-0752-MRA_IXI-Guys,50,120,40,0,29,28,4,23,2
radius_2x_c095,ixi,IXI077-Guys-0752-MRA_IXI-Guys,51,120,40,36,34,32,4,26,4
radius_2x_c095,ixi,IXI077-Guys-0752-MRA_IXI-Guys,52,120,80,0,54,51,12,37,5
radius_2x_c095,ixi,IXI077-Guys-0752-MRA_IXI-Guys,53,120,80,36,55,52,11,38,6
radius_2x_c095,ixi,IXI077-Guys-0752-MRA_IXI-Guys,54,120,120,0,41,35,11,22,8
radius_2x_c095,ixi,IXI077-Guys-0752-MRA_IXI-Guys,55,120,120,36,49,42,10,28,11
radius_2x_c095,ixi,IXI077-Guys-0752-MRA_IXI-Guys,56,120,160,0,73,73,21,41,11
radius_2x_c095,ixi,IXI077-Guys-0752-MRA_IXI-Guys,57,120,160,36,65,64,13,42,10
radius_2x_c095,ixi,IXI077-Guys-0752-MRA_IXI-Guys,58,120,200,0,71,77,22,40,9
radius_2x_c095,ixi,IXI077-Guys-0752-MRA_IXI-Guys,59,120,200,36,117,128,35,68,14
radius_2x_c095,ixi,IXI077-Guys-0752-MRA_IXI-Guys,60,120,240,0,71,77,21,41,9
radius_2x_c095,ixi,IXI077-Guys-0752-MRA_IXI-Guys,61,120,240,36,122,130,31,81,10
radius_2x_c095,ixi,IXI077-Guys-0752-MRA_IXI-Guys,62,120,279,0,22,19,3,12,7
radius_2x_c095,ixi,IXI077-Guys-0752-MRA_IXI-Guys,63,120,279,36,79,73,10,59,10
radius_2x_c095,ixi,IXI077-Guys-0752-MRA_IXI-Guys,64,160,0,0,0,0,0,0,0
radius_2x_c095,ixi,IXI077-Guys-0752-MRA_IXI-Guys,65,160,0,36,10,8,2,6,2
radius_2x_c095,ixi,IXI077-Guys-0752-MRA_IXI-Guys,66,160,40,0,7,6,2,3,2
radius_2x_c095,ixi,IXI077-Guys-0752-MRA_IXI-Guys,67,160,40,36,26,20,7,12,7
radius_2x_c095,ixi,IXI077-Guys-0752-MRA_IXI-Guys,68,160,80,0,23,19,3,13,7
radius_2x_c095,ixi,IXI077-Guys-0752-MRA_IXI-Guys,69,160,80,36,25,20,4,13,8
radius_2x_c095,ixi,IXI077-Guys-0752-MRA_IXI-Guys,70,160,120,0,51,45,8,31,12
radius_2x_c095,ixi,IXI077-Guys-0752-MRA_IXI-Guys,71,160,120,36,50,46,6,34,10
radius_2x_c095,ixi,IXI077-Guys-0752-MRA_IXI-Guys,72,160,160,0,101,101,29,58,14
radius_2x_c095,ixi,IXI077-Guys-0752-MRA_IXI-Guys,73,160,160,36,104,103,26,61,17
radius_2x_c095,ixi,IXI077-Guys-0752-MRA_IXI-Guys,74,160,200,0,96,96,22,64,10
radius_2x_c095,ixi,IXI077-Guys-0752-MRA_IXI-Guys,75,160,200,36,94,90,19,62,13
radius_2x_c095,ixi,IXI077-Guys-0752-MRA_IXI-Guys,76,160,240,0,35,33,6,26,3
radius_2x_c095,ixi,IXI077-Guys-0752-MRA_IXI-Guys,77,160,240,36,40,38,6,31,3
radius_2x_c095,ixi,IXI077-Guys-0752-MRA_IXI-Guys,78,160,279,0,0,0,0,0,0
radius_2x_c095,ixi,IXI077-Guys-0752-MRA_IXI-Guys,79,160,279,36,0,0,0,0,0
radius_2x_c095,ixi,IXI077-Guys-0752-MRA_IXI-Guys,80,200,0,0,0,0,0,0,0
radius_2x_c095,ixi,IXI077-Guys-0752-MRA_IXI-Guys,81,200,0,36,14,12,2,10,2
radius_2x_c095,ixi,IXI077-Guys-0752-MRA_IXI-Guys,82,200,40,0,6,5,0,4,2
radius_2x_c095,ixi,IXI077-Guys-0752-MRA_IXI-Guys,83,200,40,36,37,33,7,27,3
radius_2x_c095,ixi,IXI077-Guys-0752-MRA_IXI-Guys,84,200,80,0,50,51,10,36,4
radius_2x_c095,ixi,IXI077-Guys-0752-MRA_IXI-Guys,85,200,80,36,85,85,16,65,4
radius_2x_c095,ixi,IXI077-Guys-0752-MRA_IXI-Guys,86,200,120,0,60,61,15,38,7
radius_2x_c095,ixi,IXI077-Guys-0752-MRA_IXI-Guys,87,200,120,36,109,105,19,77,13
radius_2x_c095,ixi,IXI077-Guys-0752-MRA_IXI-Guys,88,200,160,0,99,102,26,62,11
radius_2x_c095,ixi,IXI077-Guys-0752-MRA_IXI-Guys,89,200,160,36,153,151,33,104,16
radius_2x_c095,ixi,IXI077-Guys-0752-MRA_IXI-Guys,90,200,200,0,62,57,12,33,17
radius_2x_c095,ixi,IXI077-Guys-0752-MRA_IXI-Guys,91,200,200,36,90,83,15,55,20
radius_2x_c095,ixi,IXI077-Guys-0752-MRA_IXI-Guys,92,200,240,0,11,7,2,3,6
radius_2x_c095,ixi,IXI077-Guys-0752-MRA_IXI-Guys,93,200,240,36,16,12,2,8,6
radius_2x_c095,ixi,IXI077-Guys-0752-MRA_IXI-Guys,94,200,279,0,0,0,0,0,0
radius_2x_c095,ixi,IXI077-Guys-0752-MRA_IXI-Guys,95,200,279,36,0,0,0,0,0
radius_1p5x_c095,ixi,IXI106-Guys-0760-MRA_IXI-Guys,0,0,0,0,0,0,0,0,0
radius_1p5x_c095,ixi,IXI106-Guys-0760-MRA_IXI-Guys,1,0,0,36,9,7,2,5,2
radius_1p5x_c095,ixi,IXI106-Guys-0760-MRA_IXI-Guys,2,0,40,0,5,4,2,3,0
radius_1p5x_c095,ixi,IXI106-Guys-0760-MRA_IXI-Guys,3,0,40,36,42,39,8,30,4
radius_1p5x_c095,ixi,IXI106-Guys-0760-MRA_IXI-Guys,4,0,80,0,3,2,1,1,1
radius_1p5x_c095,ixi,IXI106-Guys-0760-MRA_IXI-Guys,5,0,80,36,44,40,11,28,5
radius_1p5x_c095,ixi,IXI106-Guys-0760-MRA_IXI-Guys,6,0,120,0,10,7,2,4,4
radius_1p5x_c095,ixi,IXI106-Guys-0760-MRA_IXI-Guys,7,0,120,36,84,84,22,56,6
radius_1p5x_c095,ixi,IXI106-Guys-0760-MRA_IXI-Guys,8,0,160,0,45,42,12,22,11
radius_1p5x_c095,ixi,IXI106-Guys-0760-MRA_IXI-Guys,9,0,160,36,122,124,28,85,9
radius_1p5x_c095,ixi,IXI106-Guys-0760-MRA_IXI-Guys,10,0,200,0,104,104,30,52,22
radius_1p5x_c095,ixi,IXI106-Guys-0760-MRA_IXI-Guys,11,0,200,36,127,124,28,81,18
radius_1p5x_c095,ixi,IXI106-Guys-0760-MRA_IXI-Guys,12,0,240,0,109,115,36,58,15
radius_1p5x_c095,ixi,IXI106-Guys-0760-MRA_IXI-Guys,13,0,240,36,102,102,28,60,14
radius_1p5x_c095,ixi,IXI106-Guys-0760-MRA_IXI-Guys,14,0,280,0,0,0,0,0,0
radius_1p5x_c095,ixi,IXI106-Guys-0760-MRA_IXI-Guys,15,0,280,36,0,0,0,0,0
radius_1p5x_c095,ixi,IXI106-Guys-0760-MRA_IXI-Guys,16,0,320,0,0,0,0,0,0
radius_1p5x_c095,ixi,IXI106-Guys-0760-MRA_IXI-Guys,17,0,320,36,0,0,0,0,0
radius_1p5x_c095,ixi,IXI106-Guys-0760-MRA_IXI-Guys,18,0,334,0,0,0,0,0,0
radius_1p5x_c095,ixi,IXI106-Guys-0760-MRA_IXI-Guys,19,0,334,36,0,0,0,0,0
radius_1p5x_c095,ixi,IXI106-Guys-0760-MRA_IXI-Guys,20,40,0,0,0,0,0,0,0
radius_1p5x_c095,ixi,IXI106-Guys-0760-MRA_IXI-Guys,21,40,0,36,14,11,3,8,3
radius_1p5x_c095,ixi,IXI106-Guys-0760-MRA_IXI-Guys,22,40,40,0,7,5,1,3,3
radius_1p5x_c095,ixi,IXI106-Guys-0760-MRA_IXI-Guys,23,40,40,36,28,24,6,18,4
radius_1p5x_c095,ixi,IXI106-Guys-0760-MRA_IXI-Guys,24,40,80,0,9,8,0,7,2
radius_1p5x_c095,ixi,IXI106-Guys-0760-MRA_IXI-Guys,25,40,80,36,8,5,1,2,5
radius_1p5x_c095,ixi,IXI106-Guys-0760-MRA_IXI-Guys,26,40,120,0,12,10,0,8,4
radius_1p5x_c095,ixi,IXI106-Guys-0760-MRA_IXI-Guys,27,40,120,36,18,17,2,12,4
radius_1p5x_c095,ixi,IXI106-Guys-0760-MRA_IXI-Guys,28,40,160,0,41,38,11,20,10
radius_1p5x_c095,ixi,IXI106-Guys-0760-MRA_IXI-Guys,29,40,160,36,62,59,15,37,10
radius_1p5x_c095,ixi,IXI106-Guys-0760-MRA_IXI-Guys,30,40,200,0,80,81,19,43,18
radius_1p5x_c095,ixi,IXI106-Guys-0760-MRA_IXI-Guys,31,40,200,36,72,67,12,43,17
radius_1p5x_c095,ixi,IXI106-Guys-0760-MRA_IXI-Guys,32,40,240,0,109,118,31,71,7
radius_1p5x_c095,ixi,IXI106-Guys-0760-MRA_IXI-Guys,33,40,240,36,81,78,17,50,14
radius_1p5x_c095,ixi,IXI106-Guys-0760-MRA_IXI-Guys,34,40,280,0,15,13,2,9,4
radius_1p5x_c095,ixi,IXI106-Guys-0760-MRA_IXI-Guys,35,40,280,36,14,12,2,8,4
radius_1p5x_c095,ixi,IXI106-Guys-0760-MRA_IXI-Guys,36,40,320,0,0,0,0,0,0
radius_1p5x_c095,ixi,IXI106-Guys-0760-MRA_IXI-Guys,37,40,320,36,0,0,0,0,0
radius_1p5x_c095,ixi,IXI106-Guys-0760-MRA_IXI-Guys,38,40,334,0,0,0,0,0,0
radius_1p5x_c095,ixi,IXI106-Guys-0760-MRA_IXI-Guys,39,40,334,36,0,0,0,0,0
radius_1p5x_c095,ixi,IXI106-Guys-0760-MRA_IXI-Guys,40,80,0,0,4,3,1,2,1
radius_1p5x_c095,ixi,IXI106-Guys-0760-MRA_IXI-Guys,41,80,0,36,9,7,3,5,1
radius_1p5x_c095,ixi,IXI106-Guys-0760-MRA_IXI-Guys,42,80,40,0,21,17,5,13,3
radius_1p5x_c095,ixi,IXI106-Guys-0760-MRA_IXI-Guys,43,80,40,36,21,17,6,13,2
radius_1p5x_c095,ixi,IXI106-Guys-0760-MRA_IXI-Guys,44,80,80,0,32,28,5,22,5
radius_1p5x_c095,ixi,IXI106-Guys-0760-MRA_IXI-Guys,45,80,80,36,22,19,4,14,4
radius_1p5x_c095,ixi,IXI106-Guys-0760-MRA_IXI-Guys,46,80,120,0,40,36,5,26,9
radius_1p5x_c095,ixi,IXI106-Guys-0760-MRA_IXI-Guys,47,80,120,36,20,16,1,12,7
radius_1p5x_c095,ixi,IXI106-Guys-0760-MRA_IXI-Guys,48,80,160,0,38,34,8,20,10
radius_1p5x_c095,ixi,IXI106-Guys-0760-MRA_IXI-Guys,49,80,160,36,15,12,0,9,6
radius_1p5x_c095,ixi,IXI106-Guys-0760-MRA_IXI-Guys,50,80,200,0,35,31,8,15,12
radius_1p5x_c095,ixi,IXI106-Guys-0760-MRA_IXI-Guys,51,80,200,36,20,20,3,14,3
radius_1p5x_c095,ixi,IXI106-Guys-0760-MRA_IXI-Guys,52,80,240,0,56,50,12,24,20
radius_1p5x_c095,ixi,IXI106-Guys-0760-MRA_IXI-Guys,53,80,240,36,58,63,17,30,11
radius_1p5x_c095,ixi,IXI106-Guys-0760-MRA_IXI-Guys,54,80,280,0,41,39,10,16,15
radius_1p5x_c095,ixi,IXI106-Guys-0760-MRA_IXI-Guys,55,80,280,36,78,82,21,42,15
radius_1p5x_c095,ixi,IXI106-Guys-0760-MRA_IXI-Guys,56,80,320,0,11,9,0,7,4
radius_1p5x_c095,ixi,IXI106-Guys-0760-MRA_IXI-Guys,57,80,320,36,45,41,7,31,7
radius_1p5x_c095,ixi,IXI106-Guys-0760-MRA_IXI-Guys,58,80,334,0,8,7,0,6,2
radius_1p5x_c095,ixi,IXI106-Guys-0760-MRA_IXI-Guys,59,80,334,36,37,33,6,25,6
radius_1p5x_c095,ixi,IXI106-Guys-0760-MRA_IXI-Guys,60,120,0,0,4,3,1,2,1
radius_1p5x_c095,ixi,IXI106-Guys-0760-MRA_IXI-Guys,61,120,0,36,11,9,3,7,1
radius_1p5x_c095,ixi,IXI106-Guys-0760-MRA_IXI-Guys,62,120,40,0,25,17,5,9,11
radius_1p5x_c095,ixi,IXI106-Guys-0760-MRA_IXI-Guys,63,120,40,36,32,26,6,20,6
radius_1p5x_c095,ixi,IXI106-Guys-0760-MRA_IXI-Guys,64,120,80,0,52,44,8,30,14
radius_1p5x_c095,ixi,IXI106-Guys-0760-MRA_IXI-Guys,65,120,80,36,39,31,4,23,12
radius_1p5x_c095,ixi,IXI106-Guys-0760-MRA_IXI-Guys,66,120,120,0,73,70,11,53,9
radius_1p5x_c095,ixi,IXI106-Guys-0760-MRA_IXI-Guys,67,120,120,36,43,38,2,33,8
radius_1p5x_c095,ixi,IXI106-Guys-0760-MRA_IXI-Guys,68,120,160,0,47,43,7,26,14
radius_1p5x_c095,ixi,IXI106-Guys-0760-MRA_IXI-Guys,69,120,160,36,46,45,6,35,5
radius_1p5x_c095,ixi,IXI106-Guys-0760-MRA_IXI-Guys,70,120,200,0,53,49,13,26,14
radius_1p5x_c095,ixi,IXI106-Guys-0760-MRA_IXI-Guys,71,120,200,36,46,47,12,27,7
radius_1p5x_c095,ixi,IXI106-Guys-0760-MRA_IXI-Guys,72,120,240,0,90,89,23,46,21
radius_1p5x_c095,ixi,IXI106-Guys-0760-MRA_IXI-Guys,73,120,240,36,95,109,33,53,9
radius_1p5x_c095,ixi,IXI106-Guys-0760-MRA_IXI-Guys,74,120,280,0,67,71,20,35,12
radius_1p5x_c095,ixi,IXI106-Guys-0760-MRA_IXI-Guys,75,120,280,36,130,140,33,83,14
radius_1p5x_c095,ixi,IXI106-Guys-0760-MRA_IXI-Guys,76,120,320,0,17,14,0,11,6
radius_1p5x_c095,ixi,IXI106-Guys-0760-MRA_IXI-Guys,77,120,320,36,87,83,10,69,8
radius_1p5x_c095,ixi,IXI106-Guys-0760-MRA_IXI-Guys,78,120,334,0,13,11,0,9,4
radius_1p5x_c095,ixi,IXI106-Guys-0760-MRA_IXI-Guys,79,120,334,36,71,67,8,55,8
radius_1p5x_c095,ixi,IXI106-Guys-0760-MRA_IXI-Guys,80,160,0,0,0,0,0,0,0
radius_1p5x_c095,ixi,IXI106-Guys-0760-MRA_IXI-Guys,81,160,0,36,4,3,1,2,1
radius_1p5x_c095,ixi,IXI106-Guys-0760-MRA_IXI-Guys,82,160,40,0,30,26,4,20,6
radius_1p5x_c095,ixi,IXI106-Guys-0760-MRA_IXI-Guys,83,160,40,36,31,29,4,25,2
radius_1p5x_c095,ixi,IXI106-Guys-0760-MRA_IXI-Guys,84,160,80,0,50,47,8,38,4
radius_1p5x_c095,ixi,IXI106-Guys-0760-MRA_IXI-Guys,85,160,80,36,37,34,5,29,3
radius_1p5x_c095,ixi,IXI106-Guys-0760-MRA_IXI-Guys,86,160,120,0,53,47,6,33,14
radius_1p5x_c095,ixi,IXI106-Guys-0760-MRA_IXI-Guys,87,160,120,36,29,24,1,19,9
radius_1p5x_c095,ixi,IXI106-Guys-0760-MRA_IXI-Guys,88,160,160,0,40,33,2,24,14
radius_1p5x_c095,ixi,IXI106-Guys-0760-MRA_IXI-Guys,89,160,160,36,28,22,1,16,11
radius_1p5x_c095,ixi,IXI106-Guys-0760-MRA_IXI-Guys,90,160,200,0,58,50,12,25,21
radius_1p5x_c095,ixi,IXI106-Guys-0760-MRA_IXI-Guys,91,160,200,36,14,11,3,6,5
radius_1p5x_c095,ixi,IXI106-Guys-0760-MRA_IXI-Guys,92,160,240,0,77,71,16,42,19
radius_1p5x_c095,ixi,IXI106-Guys-0760-MRA_IXI-Guys,93,160,240,36,42,40,8,30,4
radius_1p5x_c095,ixi,IXI106-Guys-0760-MRA_IXI-Guys,94,160,280,0,25,21,3,15,7
radius_1p5x_c095,ixi,IXI106-Guys-0760-MRA_IXI-Guys,95,160,280,36,39,35,4,27,8
radius_1p5x_c095,ixi,IXI106-Guys-0760-MRA_IXI-Guys,96,160,320,0,0,0,0,0,0
radius_1p5x_c095,ixi,IXI106-Guys-0760-MRA_IXI-Guys,97,160,320,36,23,20,2,17,4
radius_1p5x_c095,ixi,IXI106-Guys-0760-MRA_IXI-Guys,98,160,334,0,0,0,0,0,0
radius_1p5x_c095,ixi,IXI106-Guys-0760-MRA_IXI-Guys,99,160,334,36,21,18,1,15,5
radius_1p5x_c095,ixi,IXI106-Guys-0760-MRA_IXI-Guys,100,200,0,0,0,0,0,0,0
radius_1p5x_c095,ixi,IXI106-Guys-0760-MRA_IXI-Guys,101,200,0,36,2,1,1,0,1
radius_1p5x_c095,ixi,IXI106-Guys-0760-MRA_IXI-Guys,102,200,40,0,6,4,1,2,3
radius_1p5x_c095,ixi,IXI106-Guys-0760-MRA_IXI-Guys,103,200,40,36,14,9,4,4,6
radius_1p5x_c095,ixi,IXI106-Guys-0760-MRA_IXI-Guys,104,200,80,0,6,4,1,2,3
radius_1p5x_c095,ixi,IXI106-Guys-0760-MRA_IXI-Guys,105,200,80,36,24,18,4,12,8
radius_1p5x_c095,ixi,IXI106-Guys-0760-MRA_IXI-Guys,106,200,120,0,10,7,2,4,4
radius_1p5x_c095,ixi,IXI106-Guys-0760-MRA_IXI-Guys,107,200,120,36,14,12,4,8,2
radius_1p5x_c095,ixi,IXI106-Guys-0760-MRA_IXI-Guys,108,200,160,0,54,47,9,31,14
radius_1p5x_c095,ixi,IXI106-Guys-0760-MRA_IXI-Guys,109,200,160,36,77,69,13,50,14
radius_1p5x_c095,ixi,IXI106-Guys-0760-MRA_IXI-Guys,110,200,200,0,108,120,35,57,16
radius_1p5x_c095,ixi,IXI106-Guys-0760-MRA_IXI-Guys,111,200,200,36,102,98,26,58,18
radius_1p5x_c095,ixi,IXI106-Guys-0760-MRA_IXI-Guys,112,200,240,0,112,113,34,64,14
radius_1p5x_c095,ixi,IXI106-Guys-0760-MRA_IXI-Guys,113,200,240,36,109,100,23,75,11
radius_1p5x_c095,ixi,IXI106-Guys-0760-MRA_IXI-Guys,114,200,280,0,34,27,7,18,9
radius_1p5x_c095,ixi,IXI106-Guys-0760-MRA_IXI-Guys,115,200,280,36,57,52,8,43,6
radius_1p5x_c095,ixi,IXI106-Guys-0760-MRA_IXI-Guys,116,200,320,0,0,0,0,0,0
radius_1p5x_c095,ixi,IXI106-Guys-0760-MRA_IXI-Guys,117,200,320,36,2,1,1,0,1
radius_1p5x_c095,ixi,IXI106-Guys-0760-MRA_IXI-Guys,118,200,334,0,0,0,0,0,0
radius_1p5x_c095,ixi,IXI106-Guys-0760-MRA_IXI-Guys,119,200,334,36,2,1,1,0,1
radius_1p5x_c095,ixi,IXI106-Guys-0760-MRA_IXI-Guys,120,235,0,0,0,0,0,0,0
radius_1p5x_c095,ixi,IXI106-Guys-0760-MRA_IXI-Guys,121,235,0,36,2,1,1,0,1
radius_1p5x_c095,ixi,IXI106-Guys-0760-MRA_IXI-Guys,122,235,40,0,2,1,1,0,1
radius_1p5x_c095,ixi,IXI106-Guys-0760-MRA_IXI-Guys,123,235,40,36,13,9,4,5,4
radius_1p5x_c095,ixi,IXI106-Guys-0760-MRA_IXI-Guys,124,235,80,0,7,4,3,1,3
radius_1p5x_c095,ixi,IXI106-Guys-0760-MRA_IXI-Guys,125,235,80,36,30,26,7,20,3
radius_1p5x_c095,ixi,IXI106-Guys-0760-MRA_IXI-Guys,126,235,120,0,25,18,6,11,8
radius_1p5x_c095,ixi,IXI106-Guys-0760-MRA_IXI-Guys,127,235,120,36,60,54,15,38,7
radius_1p5x_c095,ixi,IXI106-Guys-0760-MRA_IXI-Guys,128,235,160,0,59,49,11,32,16
radius_1p5x_c095,ixi,IXI106-Guys-0760-MRA_IXI-Guys,129,235,160,36,106,96,20,70,16
radius_1p5x_c095,ixi,IXI106-Guys-0760-MRA_IXI-Guys,130,235,200,0,74,71,16,40,18
radius_1p5x_c095,ixi,IXI106-Guys-0760-MRA_IXI-Guys,131,235,200,36,123,123,29,80,14
radius_1p5x_c095,ixi,IXI106-Guys-0760-MRA_IXI-Guys,132,235,240,0,38,31,8,20,10
radius_1p5x_c095,ixi,IXI106-Guys-0760-MRA_IXI-Guys,133,235,240,36,69,61,13,47,9
radius_1p5x_c095,ixi,IXI106-Guys-0760-MRA_IXI-Guys,134,235,280,0,8,5,3,2,3
radius_1p5x_c095,ixi,IXI106-Guys-0760-MRA_IXI-Guys,135,235,280,36,28,25,4,22,2
radius_1p5x_c095,ixi,IXI106-Guys-0760-MRA_IXI-Guys,136,235,320,0,0,0,0,0,0
radius_1p5x_c095,ixi,IXI106-Guys-0760-MRA_IXI-Guys,137,235,320,36,0,0,0,0,0
radius_1p5x_c095,ixi,IXI106-Guys-0760-MRA_IXI-Guys,138,235,334,0,0,0,0,0,0
radius_1p5x_c095,ixi,IXI106-Guys-0760-MRA_IXI-Guys,139,235,334,36,0,0,0,0,0
radius_2x_c095,ixi,IXI106-Guys-0760-MRA_IXI-Guys,0,0,0,0,0,0,0,0,0
radius_2x_c095,ixi,IXI106-Guys-0760-MRA_IXI-Guys,1,0,0,36,9,7,2,5,2
radius_2x_c095,ixi,IXI106-Guys-0760-MRA_IXI-Guys,2,0,40,0,5,4,2,3,0
radius_2x_c095,ixi,IXI106-Guys-0760-MRA_IXI-Guys,3,0,40,36,42,39,8,30,4
radius_2x_c095,ixi,IXI106-Guys-0760-MRA_IXI-Guys,4,0,80,0,3,2,1,1,1
radius_2x_c095,ixi,IXI106-Guys-0760-MRA_IXI-Guys,5,0,80,36,44,40,11,28,5
radius_2x_c095,ixi,IXI106-Guys-0760-MRA_IXI-Guys,6,0,120,0,9,6,2,3,4
radius_2x_c095,ixi,IXI106-Guys-0760-MRA_IXI-Guys,7,0,120,36,84,84,22,56,6
radius_2x_c095,ixi,IXI106-Guys-0760-MRA_IXI-Guys,8,0,160,0,44,41,12,21,11
radius_2x_c095,ixi,IXI106-Guys-0760-MRA_IXI-Guys,9,0,160,36,121,123,28,84,9
radius_2x_c095,ixi,IXI106-Guys-0760-MRA_IXI-Guys,10,0,200,0,104,104,30,52,22
radius_2x_c095,ixi,IXI106-Guys-0760-MRA_IXI-Guys,11,0,200,36,126,123,28,80,18
radius_2x_c095,ixi,IXI106-Guys-0760-MRA_IXI-Guys,12,0,240,0,109,115,36,58,15
radius_2x_c095,ixi,IXI106-Guys-0760-MRA_IXI-Guys,13,0,240,36,101,101,28,59,14
radius_2x_c095,ixi,IXI106-Guys-0760-MRA_IXI-Guys,14,0,280,0,0,0,0,0,0
radius_2x_c095,ixi,IXI106-Guys-0760-MRA_IXI-Guys,15,0,280,36,0,0,0,0,0
radius_2x_c095,ixi,IXI106-Guys-0760-MRA_IXI-Guys,16,0,320,0,0,0,0,0,0
radius_2x_c095,ixi,IXI106-Guys-0760-MRA_IXI-Guys,17,0,320,36,0,0,0,0,0
radius_2x_c095,ixi,IXI106-Guys-0760-MRA_IXI-Guys,18,0,334,0,0,0,0,0,0
radius_2x_c095,ixi,IXI106-Guys-0760-MRA_IXI-Guys,19,0,334,36,0,0,0,0,0
radius_2x_c095,ixi,IXI106-Guys-0760-MRA_IXI-Guys,20,40,0,0,0,0,0,0,0
radius_2x_c095,ixi,IXI106-Guys-0760-MRA_IXI-Guys,21,40,0,36,14,11,3,8,3
radius_2x_c095,ixi,IXI106-Guys-0760-MRA_IXI-Guys,22,40,40,0,6,4,1,2,3
radius_2x_c095,ixi,IXI106-Guys-0760-MRA_IXI-Guys,23,40,40,36,28,24,6,18,4
radius_2x_c095,ixi,IXI106-Guys-0760-MRA_IXI-Guys,24,40,80,0,8,7,0,6,2
radius_2x_c095,ixi,IXI106-Guys-0760-MRA_IXI-Guys,25,40,80,36,8,5,1,2,5
radius_2x_c095,ixi,IXI106-Guys-0760-MRA_IXI-Guys,26,40,120,0,12,10,0,8,4
radius_2x_c095,ixi,IXI106-Guys-0760-MRA_IXI-Guys,27,40,120,36,18,17,2,12,4
radius_2x_c095,ixi,IXI106-Guys-0760-MRA_IXI-Guys,28,40,160,0,41,38,11,20,10
radius_2x_c095,ixi,IXI106-Guys-0760-MRA_IXI-Guys,29,40,160,36,62,59,15,37,10
radius_2x_c095,ixi,IXI106-Guys-0760-MRA_IXI-Guys,30,40,200,0,80,81,19,43,18
radius_2x_c095,ixi,IXI106-Guys-0760-MRA_IXI-Guys,31,40,200,36,72,67,12,43,17
radius_2x_c095,ixi,IXI106-Guys-0760-MRA_IXI-Guys,32,40,240,0,109,118,31,71,7
radius_2x_c095,ixi,IXI106-Guys-0760-MRA_IXI-Guys,33,40,240,36,81,78,17,50,14
radius_2x_c095,ixi,IXI106-Guys-0760-MRA_IXI-Guys,34,40,280,0,15,13,2,9,4
radius_2x_c095,ixi,IXI106-Guys-0760-MRA_IXI-Guys,35,40,280,36,14,12,2,8,4
radius_2x_c095,ixi,IXI106-Guys-0760-MRA_IXI-Guys,36,40,320,0,0,0,0,0,0
radius_2x_c095,ixi,IXI106-Guys-0760-MRA_IXI-Guys,37,40,320,36,0,0,0,0,0
radius_2x_c095,ixi,IXI106-Guys-0760-MRA_IXI-Guys,38,40,334,0,0,0,0,0,0
radius_2x_c095,ixi,IXI106-Guys-0760-MRA_IXI-Guys,39,40,334,36,0,0,0,0,0
radius_2x_c095,ixi,IXI106-Guys-0760-MRA_IXI-Guys,40,80,0,0,4,3,1,2,1
radius_2x_c095,ixi,IXI106-Guys-0760-MRA_IXI-Guys,41,80,0,36,9,7,3,5,1
radius_2x_c095,ixi,IXI106-Guys-0760-MRA_IXI-Guys,42,80,40,0,21,17,5,13,3
radius_2x_c095,ixi,IXI106-Guys-0760-MRA_IXI-Guys,43,80,40,36,21,17,6,13,2
radius_2x_c095,ixi,IXI106-Guys-0760-MRA_IXI-Guys,44,80,80,0,32,28,5,22,5
radius_2x_c095,ixi,IXI106-Guys-0760-MRA_IXI-Guys,45,80,80,36,22,19,4,14,4
radius_2x_c095,ixi,IXI106-Guys-0760-MRA_IXI-Guys,46,80,120,0,39,35,5,25,9
radius_2x_c095,ixi,IXI106-Guys-0760-MRA_IXI-Guys,47,80,120,36,18,14,1,10,7
radius_2x_c095,ixi,IXI106-Guys-0760-MRA_IXI-Guys,48,80,160,0,38,34,8,20,10
radius_2x_c095,ixi,IXI106-Guys-0760-MRA_IXI-Guys,49,80,160,36,15,12,0,9,6
radius_2x_c095,ixi,IXI106-Guys-0760-MRA_IXI-Guys,50,80,200,0,35,31,8,15,12
radius_2x_c095,ixi,IXI106-Guys-0760-MRA_IXI-Guys,51,80,200,36,20,20,3,14,3
radius_2x_c095,ixi,IXI106-Guys-0760-MRA_IXI-Guys,52,80,240,0,56,50,12,24,20
radius_2x_c095,ixi,IXI106-Guys-0760-MRA_IXI-Guys,53,80,240,36,58,63,17,30,11
radius_2x_c095,ixi,IXI106-Guys-0760-MRA_IXI-Guys,54,80,280,0,41,39,10,16,15
radius_2x_c095,ixi,IXI106-Guys-0760-MRA_IXI-Guys,55,80,280,36,78,82,21,42,15
radius_2x_c095,ixi,IXI106-Guys-0760-MRA_IXI-Guys,56,80,320,0,11,9,0,7,4
radius_2x_c095,ixi,IXI106-Guys-0760-MRA_IXI-Guys,57,80,320,36,45,41,7,31,7
radius_2x_c095,ixi,IXI106-Guys-0760-MRA_IXI-Guys,58,80,334,0,8,7,0,6,2
radius_2x_c095,ixi,IXI106-Guys-0760-MRA_IXI-Guys,59,80,334,36,37,33,6,25,6
radius_2x_c095,ixi,IXI106-Guys-0760-MRA_IXI-Guys,60,120,0,0,4,3,1,2,1
radius_2x_c095,ixi,IXI106-Guys-0760-MRA_IXI-Guys,61,120,0,36,11,9,3,7,1
radius_2x_c095,ixi,IXI106-Guys-0760-MRA_IXI-Guys,62,120,40,0,25,17,5,9,11
radius_2x_c095,ixi,IXI106-Guys-0760-MRA_IXI-Guys,63,120,40,36,32,26,6,20,6
radius_2x_c095,ixi,IXI106-Guys-0760-MRA_IXI-Guys,64,120,80,0,52,44,8,30,14
radius_2x_c095,ixi,IXI106-Guys-0760-MRA_IXI-Guys,65,120,80,36,39,31,4,23,12
radius_2x_c095,ixi,IXI106-Guys-0760-MRA_IXI-Guys,66,120,120,0,72,69,11,52,9
radius_2x_c095,ixi,IXI106-Guys-0760-MRA_IXI-Guys,67,120,120,36,41,36,2,31,8
radius_2x_c095,ixi,IXI106-Guys-0760-MRA_IXI-Guys,68,120,160,0,47,43,7,26,14
radius_2x_c095,ixi,IXI106-Guys-0760-MRA_IXI-Guys,69,120,160,36,46,45,6,35,5
radius_2x_c095,ixi,IXI106-Guys-0760-MRA_IXI-Guys,70,120,200,0,53,49,13,26,14
radius_2x_c095,ixi,IXI106-Guys-0760-MRA_IXI-Guys,71,120,200,36,45,46,12,26,7
radius_2x_c095,ixi,IXI106-Guys-0760-MRA_IXI-Guys,72,120,240,0,89,88,23,45,21
radius_2x_c095,ixi,IXI106-Guys-0760-MRA_IXI-Guys,73,120,240,36,95,109,33,53,9
radius_2x_c095,ixi,IXI106-Guys-0760-MRA_IXI-Guys,74,120,280,0,65,69,20,33,12
radius_2x_c095,ixi,IXI106-Guys-0760-MRA_IXI-Guys,75,120,280,36,129,139,33,82,14
radius_2x_c095,ixi,IXI106-Guys-0760-MRA_IXI-Guys,76,120,320,0,16,13,0,10,6
radius_2x_c095,ixi,IXI106-Guys-0760-MRA_IXI-Guys,77,120,320,36,86,82,10,68,8
radius_2x_c095,ixi,IXI106-Guys-0760-MRA_IXI-Guys,78,120,334,0,12,10,0,8,4
radius_2x_c095,ixi,IXI106-Guys-0760-MRA_IXI-Guys,79,120,334,36,70,66,8,54,8
radius_2x_c095,ixi,IXI106-Guys-0760-MRA_IXI-Guys,80,160,0,0,0,0,0,0,0
radius_2x_c095,ixi,IXI106-Guys-0760-MRA_IXI-Guys,81,160,0,36,4,3,1,2,1
radius_2x_c095,ixi,IXI106-Guys-0760-MRA_IXI-Guys,82,160,40,0,30,26,4,20,6
radius_2x_c095,ixi,IXI106-Guys-0760-MRA_IXI-Guys,83,160,40,36,31,29,4,25,2
radius_2x_c095,ixi,IXI106-Guys-0760-MRA_IXI-Guys,84,160,80,0,50,47,8,38,4
radius_2x_c095,ixi,IXI106-Guys-0760-MRA_IXI-Guys,85,160,80,36,37,34,5,29,3
radius_2x_c095,ixi,IXI106-Guys-0760-MRA_IXI-Guys,86,160,120,0,53,47,6,33,14
radius_2x_c095,ixi,IXI106-Guys-0760-MRA_IXI-Guys,87,160,120,36,29,24,1,19,9
radius_2x_c095,ixi,IXI106-Guys-0760-MRA_IXI-Guys,88,160,160,0,40,33,2,24,14
radius_2x_c095,ixi,IXI106-Guys-0760-MRA_IXI-Guys,89,160,160,36,28,22,1,16,11
radius_2x_c095,ixi,IXI106-Guys-0760-MRA_IXI-Guys,90,160,200,0,58,50,12,25,21
radius_2x_c095,ixi,IXI106-Guys-0760-MRA_IXI-Guys,91,160,200,36,14,11,3,6,5
radius_2x_c095,ixi,IXI106-Guys-0760-MRA_IXI-Guys,92,160,240,0,77,71,16,42,19
radius_2x_c095,ixi,IXI106-Guys-0760-MRA_IXI-Guys,93,160,240,36,42,40,8,30,4
radius_2x_c095,ixi,IXI106-Guys-0760-MRA_IXI-Guys,94,160,280,0,25,21,3,15,7
radius_2x_c095,ixi,IXI106-Guys-0760-MRA_IXI-Guys,95,160,280,36,39,35,4,27,8
radius_2x_c095,ixi,IXI106-Guys-0760-MRA_IXI-Guys,96,160,320,0,0,0,0,0,0
radius_2x_c095,ixi,IXI106-Guys-0760-MRA_IXI-Guys,97,160,320,36,23,20,2,17,4
radius_2x_c095,ixi,IXI106-Guys-0760-MRA_IXI-Guys,98,160,334,0,0,0,0,0,0
radius_2x_c095,ixi,IXI106-Guys-0760-MRA_IXI-Guys,99,160,334,36,21,18,1,15,5
radius_2x_c095,ixi,IXI106-Guys-0760-MRA_IXI-Guys,100,200,0,0,0,0,0,0,0
radius_2x_c095,ixi,IXI106-Guys-0760-MRA_IXI-Guys,101,200,0,36,2,1,1,0,1
radius_2x_c095,ixi,IXI106-Guys-0760-MRA_IXI-Guys,102,200,40,0,6,4,1,2,3
radius_2x_c095,ixi,IXI106-Guys-0760-MRA_IXI-Guys,103,200,40,36,14,9,4,4,6
radius_2x_c095,ixi,IXI106-Guys-0760-MRA_IXI-Guys,104,200,80,0,6,4,1,2,3
radius_2x_c095,ixi,IXI106-Guys-0760-MRA_IXI-Guys,105,200,80,36,24,18,4,12,8
radius_2x_c095,ixi,IXI106-Guys-0760-MRA_IXI-Guys,106,200,120,0,10,7,2,4,4
radius_2x_c095,ixi,IXI106-Guys-0760-MRA_IXI-Guys,107,200,120,36,14,12,4,8,2
radius_2x_c095,ixi,IXI106-Guys-0760-MRA_IXI-Guys,108,200,160,0,54,47,9,31,14
radius_2x_c095,ixi,IXI106-Guys-0760-MRA_IXI-Guys,109,200,160,36,77,69,13,50,14
radius_2x_c095,ixi,IXI106-Guys-0760-MRA_IXI-Guys,110,200,200,0,108,120,35,57,16
radius_2x_c095,ixi,IXI106-Guys-0760-MRA_IXI-Guys,111,200,200,36,102,98,26,58,18
radius_2x_c095,ixi,IXI106-Guys-0760-MRA_IXI-Guys,112,200,240,0,112,113,34,64,14
radius_2x_c095,ixi,IXI106-Guys-0760-MRA_IXI-Guys,113,200,240,36,109,100,23,75,11
radius_2x_c095,ixi,IXI106-Guys-0760-MRA_IXI-Guys,114,200,280,0,34,27,7,18,9
radius_2x_c095,ixi,IXI106-Guys-0760-MRA_IXI-Guys,115,200,280,36,57,52,8,43,6
radius_2x_c095,ixi,IXI106-Guys-0760-MRA_IXI-Guys,116,200,320,0,0,0,0,0,0
radius_2x_c095,ixi,IXI106-Guys-0760-MRA_IXI-Guys,117,200,320,36,2,1,1,0,1
radius_2x_c095,ixi,IXI106-Guys-0760-MRA_IXI-Guys,118,200,334,0,0,0,0,0,0
radius_2x_c095,ixi,IXI106-Guys-0760-MRA_IXI-Guys,119,200,334,36,2,1,1,0,1
radius_2x_c095,ixi,IXI106-Guys-0760-MRA_IXI-Guys,120,235,0,0,0,0,0,0,0
radius_2x_c095,ixi,IXI106-Guys-0760-MRA_IXI-Guys,121,235,0,36,2,1,1,0,1
radius_2x_c095,ixi,IXI106-Guys-0760-MRA_IXI-Guys,122,235,40,0,2,1,1,0,1
radius_2x_c095,ixi,IXI106-Guys-0760-MRA_IXI-Guys,123,235,40,36,14,10,4,6,4
radius_2x_c095,ixi,IXI106-Guys-0760-MRA_IXI-Guys,124,235,80,0,7,4,3,1,3
radius_2x_c095,ixi,IXI106-Guys-0760-MRA_IXI-Guys,125,235,80,36,30,26,7,20,3
radius_2x_c095,ixi,IXI106-Guys-0760-MRA_IXI-Guys,126,235,120,0,25,18,6,11,8
radius_2x_c095,ixi,IXI106-Guys-0760-MRA_IXI-Guys,127,235,120,36,59,53,15,37,7
radius_2x_c095,ixi,IXI106-Guys-0760-MRA_IXI-Guys,128,235,160,0,59,49,11,32,16
radius_2x_c095,ixi,IXI106-Guys-0760-MRA_IXI-Guys,129,235,160,36,106,96,20,70,16
radius_2x_c095,ixi,IXI106-Guys-0760-MRA_IXI-Guys,130,235,200,0,74,71,16,40,18
radius_2x_c095,ixi,IXI106-Guys-0760-MRA_IXI-Guys,131,235,200,36,123,123,29,80,14
radius_2x_c095,ixi,IXI106-Guys-0760-MRA_IXI-Guys,132,235,240,0,38,31,8,20,10
radius_2x_c095,ixi,IXI106-Guys-0760-MRA_IXI-Guys,133,235,240,36,69,61,13,47,9
radius_2x_c095,ixi,IXI106-Guys-0760-MRA_IXI-Guys,134,235,280,0,8,5,3,2,3
radius_2x_c095,ixi,IXI106-Guys-0760-MRA_IXI-Guys,135,235,280,36,28,25,4,22,2
radius_2x_c095,ixi,IXI106-Guys-0760-MRA_IXI-Guys,136,235,320,0,0,0,0,0,0
radius_2x_c095,ixi,IXI106-Guys-0760-MRA_IXI-Guys,137,235,320,36,0,0,0,0,0
radius_2x_c095,ixi,IXI106-Guys-0760-MRA_IXI-Guys,138,235,334,0,0,0,0,0,0
radius_2x_c095,ixi,IXI106-Guys-0760-MRA_IXI-Guys,139,235,334,36,0,0,0,0,0
radius_1p5x_c095,ixi,IXI148-HH-1453-MRA_IXI-HH,0,0,0,0,0,0,0,0,0
radius_1p5x_c095,ixi,IXI148-HH-1453-MRA_IXI-HH,1,0,0,36,7,5,1,3,3
radius_1p5x_c095,ixi,IXI148-HH-1453-MRA_IXI-HH,2,0,40,0,3,2,1,1,1
radius_1p5x_c095,ixi,IXI148-HH-1453-MRA_IXI-HH,3,0,40,36,45,39,6,31,8
radius_1p5x_c095,ixi,IXI148-HH-1453-MRA_IXI-HH,4,0,80,0,15,11,1,7,7
radius_1p5x_c095,ixi,IXI148-HH-1453-MRA_IXI-HH,5,0,80,36,69,61,10,49,10
radius_1p5x_c095,ixi,IXI148-HH-1453-MRA_IXI-HH,6,0,120,0,44,36,1,28,15
radius_1p5x_c095,ixi,IXI148-HH-1453-MRA_IXI-HH,7,0,120,36,105,100,14,79,12
radius_1p5x_c095,ixi,IXI148-HH-1453-MRA_IXI-HH,8,0,160,0,52,47,4,34,14
radius_1p5x_c095,ixi,IXI148-HH-1453-MRA_IXI-HH,9,0,160,36,113,106,12,80,21
radius_1p5x_c095,ixi,IXI148-HH-1453-MRA_IXI-HH,10,0,200,0,75,69,11,45,19
radius_1p5x_c095,ixi,IXI148-HH-1453-MRA_IXI-HH,11,0,200,36,108,102,15,72,21
radius_1p5x_c095,ixi,IXI148-HH-1453-MRA_IXI-HH,12,0,240,0,39,32,5,25,9
radius_1p5x_c095,ixi,IXI148-HH-1453-MRA_IXI-HH,13,0,240,36,87,75,10,59,18
radius_1p5x_c095,ixi,IXI148-HH-1453-MRA_IXI-HH,14,0,280,0,15,13,2,11,2
radius_1p5x_c095,ixi,IXI148-HH-1453-MRA_IXI-HH,15,0,280,36,38,34,4,30,4
radius_1p5x_c095,ixi,IXI148-HH-1453-MRA_IXI-HH,16,0,315,0,0,0,0,0,0
radius_1p5x_c095,ixi,IXI148-HH-1453-MRA_IXI-HH,17,0,315,36,0,0,0,0,0
radius_1p5x_c095,ixi,IXI148-HH-1453-MRA_IXI-HH,18,40,0,0,0,0,0,0,0
radius_1p5x_c095,ixi,IXI148-HH-1453-MRA_IXI-HH,19,40,0,36,7,5,2,3,2
radius_1p5x_c095,ixi,IXI148-HH-1453-MRA_IXI-HH,20,40,40,0,3,2,1,1,1
radius_1p5x_c095,ixi,IXI148-HH-1453-MRA_IXI-HH,21,40,40,36,36,30,4,24,8
radius_1p5x_c095,ixi,IXI148-HH-1453-MRA_IXI-HH,22,40,80,0,7,4,1,1,5
radius_1p5x_c095,ixi,IXI148-HH-1453-MRA_IXI-HH,23,40,80,36,41,34,5,25,11
radius_1p5x_c095,ixi,IXI148-HH-1453-MRA_IXI-HH,24,40,120,0,32,27,1,19,12
radius_1p5x_c095,ixi,IXI148-HH-1453-MRA_IXI-HH,25,40,120,36,71,66,8,45,18
radius_1p5x_c095,ixi,IXI148-HH-1453-MRA_IXI-HH,26,40,160,0,56,48,9,25,22
radius_1p5x_c095,ixi,IXI148-HH-1453-MRA_IXI-HH,27,40,160,36,104,96,16,64,24
radius_1p5x_c095,ixi,IXI148-HH-1453-MRA_IXI-HH,28,40,200,0,129,131,31,72,26
radius_1p5x_c095,ixi,IXI148-HH-1453-MRA_IXI-HH,29,40,200,36,155,151,28,97,30
radius_1p5x_c095,ixi,IXI148-HH-1453-MRA_IXI-HH,30,40,240,0,93,96,23,57,13
radius_1p5x_c095,ixi,IXI148-HH-1453-MRA_IXI-HH,31,40,240,36,139,133,19,96,24
radius_1p5x_c095,ixi,IXI148-HH-1453-MRA_IXI-HH,32,40,280,0,13,11,1,9,3
radius_1p5x_c095,ixi,IXI148-HH-1453-MRA_IXI-HH,33,40,280,36,44,41,3,38,3
radius_1p5x_c095,ixi,IXI148-HH-1453-MRA_IXI-HH,34,40,315,0,0,0,0,0,0
radius_1p5x_c095,ixi,IXI148-HH-1453-MRA_IXI-HH,35,40,315,36,4,3,1,2,1
radius_1p5x_c095,ixi,IXI148-HH-1453-MRA_IXI-HH,36,80,0,0,0,0,0,0,0
radius_1p5x_c095,ixi,IXI148-HH-1453-MRA_IXI-HH,37,80,0,36,0,0,0,0,0
radius_1p5x_c095,ixi,IXI148-HH-1453-MRA_IXI-HH,38,80,40,0,20,17,1,14,5
radius_1p5x_c095,ixi,IXI148-HH-1453-MRA_IXI-HH,39,80,40,36,26,23,2,20,4
radius_1p5x_c095,ixi,IXI148-HH-1453-MRA_IXI-HH,40,80,80,0,73,68,11,51,11
radius_1p5x_c095,ixi,IXI148-HH-1453-MRA_IXI-HH,41,80,80,36,71,67,10,51,10
radius_1p5x_c095,ixi,IXI148-HH-1453-MRA_IXI-HH,42,80,120,0,91,92,17,68,6
radius_1p5x_c095,ixi,IXI148-HH-1453-MRA_IXI-HH,43,80,120,36,70,70,13,51,6
radius_1p5x_c095,ixi,IXI148-HH-1453-MRA_IXI-HH,44,80,160,0,56,52,10,33,13
radius_1p5x_c095,ixi,IXI148-HH-1453-MRA_IXI-HH,45,80,160,36,49,44,8,26,15
radius_1p5x_c095,ixi,IXI148-HH-1453-MRA_IXI-HH,46,80,200,0,82,84,23,44,15
radius_1p5x_c095,ixi,IXI148-HH-1453-MRA_IXI-HH,47,80,200,36,78,69,12,43,23
radius_1p5x_c095,ixi,IXI148-HH-1453-MRA_IXI-HH,48,80,240,0,49,49,14,23,12
radius_1p5x_c095,ixi,IXI148-HH-1453-MRA_IXI-HH,49,80,240,36,48,40,4,27,17
radius_1p5x_c095,ixi,IXI148-HH-1453-MRA_IXI-HH,50,80,280,0,3,2,0,1,2
radius_1p5x_c095,ixi,IXI148-HH-1453-MRA_IXI-HH,51,80,280,36,23,21,2,17,4
radius_1p5x_c095,ixi,IXI148-HH-1453-MRA_IXI-HH,52,80,315,0,3,2,0,1,2
radius_1p5x_c095,ixi,IXI148-HH-1453-MRA_IXI-HH,53,80,315,36,34,32,5,26,3
radius_1p5x_c095,ixi,IXI148-HH-1453-MRA_IXI-HH,54,120,0,0,0,0,0,0,0
radius_1p5x_c095,ixi,IXI148-HH-1453-MRA_IXI-HH,55,120,0,36,12,11,1,10,1
radius_1p5x_c095,ixi,IXI148-HH-1453-MRA_IXI-HH,56,120,40,0,17,13,1,9,7
radius_1p5x_c095,ixi,IXI148-HH-1453-MRA_IXI-HH,57,120,40,36,37,31,3,25,9
radius_1p5x_c095,ixi,IXI148-HH-1453-MRA_IXI-HH,58,120,80,0,75,68,12,49,14
radius_1p5x_c095,ixi,IXI148-HH-1453-MRA_IXI-HH,59,120,80,36,77,69,11,49,17
radius_1p5x_c095,ixi,IXI148-HH-1453-MRA_IXI-HH,60,120,120,0,116,111,23,78,15
radius_1p5x_c095,ixi,IXI148-HH-1453-MRA_IXI-HH,61,120,120,36,84,78,17,54,13
radius_1p5x_c095,ixi,IXI148-HH-1453-MRA_IXI-HH,62,120,160,0,109,108,27,54,28
radius_1p5x_c095,ixi,IXI148-HH-1453-MRA_IXI-HH,63,120,160,36,45,36,7,17,21
radius_1p5x_c095,ixi,IXI148-HH-1453-MRA_IXI-HH,64,120,200,0,85,86,24,38,23
radius_1p5x_c095,ixi,IXI148-HH-1453-MRA_IXI-HH,65,120,200,36,61,55,13,25,23
radius_1p5x_c095,ixi,IXI148-HH-1453-MRA_IXI-HH,66,120,240,0,73,81,24,37,12
radius_1p5x_c095,ixi,IXI148-HH-1453-MRA_IXI-HH,67,120,240,36,107,125,34,66,7
radius_1p5x_c095,ixi,IXI148-HH-1453-MRA_IXI-HH,68,120,280,0,33,33,6,17,10
radius_1p5x_c095,ixi,IXI148-HH-1453-MRA_IXI-HH,69,120,280,36,102,109,24,66,12
radius_1p5x_c095,ixi,IXI148-HH-1453-MRA_IXI-HH,70,120,315,0,8,6,0,4,4
radius_1p5x_c095,ixi,IXI148-HH-1453-MRA_IXI-HH,71,120,315,36,72,67,10,54,8
radius_1p5x_c095,ixi,IXI148-HH-1453-MRA_IXI-HH,72,160,0,0,0,0,0,0,0
radius_1p5x_c095,ixi,IXI148-HH-1453-MRA_IXI-HH,73,160,0,36,12,11,1,10,1
radius_1p5x_c095,ixi,IXI148-HH-1453-MRA_IXI-HH,74,160,40,0,31,29,4,21,6
radius_1p5x_c095,ixi,IXI148-HH-1453-MRA_IXI-HH,75,160,40,36,49,47,6,39,4
radius_1p5x_c095,ixi,IXI148-HH-1453-MRA_IXI-HH,76,160,80,0,60,58,10,44,6
radius_1p5x_c095,ixi,IXI148-HH-1453-MRA_IXI-HH,77,160,80,36,60,57,10,44,6
radius_1p5x_c095,ixi,IXI148-HH-1453-MRA_IXI-HH,78,160,120,0,78,74,20,51,7
radius_1p5x_c095,ixi,IXI148-HH-1453-MRA_IXI-HH,79,160,120,36,40,37,9,25,6
radius_1p5x_c095,ixi,IXI148-HH-1453-MRA_IXI-HH,80,160,160,0,106,110,31,62,13
radius_1p5x_c095,ixi,IXI148-HH-1453-MRA_IXI-HH,81,160,160,36,36,31,6,19,11
radius_1p5x_c095,ixi,IXI148-HH-1453-MRA_IXI-HH,82,160,200,0,128,132,33,69,26
radius_1p5x_c095,ixi,IXI148-HH-1453-MRA_IXI-HH,83,160,200,36,70,61,9,36,25
radius_1p5x_c095,ixi,IXI148-HH-1453-MRA_IXI-HH,84,160,240,0,78,76,19,37,22
radius_1p5x_c095,ixi,IXI148-HH-1453-MRA_IXI-HH,85,160,240,36,52,45,6,28,18
radius_1p5x_c095,ixi,IXI148-HH-1453-MRA_IXI-HH,86,160,280,0,2,1,0,0,2
radius_1p5x_c095,ixi,IXI148-HH-1453-MRA_IXI-HH,87,160,280,36,18,15,1,10,7
radius_1p5x_c095,ixi,IXI148-HH-1453-MRA_IXI-HH,88,160,315,0,2,1,0,0,2
radius_1p5x_c095,ixi,IXI148-HH-1453-MRA_IXI-HH,89,160,315,36,18,14,2,10,6
radius_1p5x_c095,ixi,IXI148-HH-1453-MRA_IXI-HH,90,200,0,0,0,0,0,0,0
radius_1p5x_c095,ixi,IXI148-HH-1453-MRA_IXI-HH,91,200,0,36,4,3,1,2,1
radius_1p5x_c095,ixi,IXI148-HH-1453-MRA_IXI-HH,92,200,40,0,12,9,0,6,6
radius_1p5x_c095,ixi,IXI148-HH-1453-MRA_IXI-HH,93,200,40,36,29,25,3,21,5
radius_1p5x_c095,ixi,IXI148-HH-1453-MRA_IXI-HH,94,200,80,0,28,24,2,18,8
radius_1p5x_c095,ixi,IXI148-HH-1453-MRA_IXI-HH,95,200,80,36,41,36,4,29,8
radius_1p5x_c095,ixi,IXI148-HH-1453-MRA_IXI-HH,96,200,120,0,50,43,7,26,17
radius_1p5x_c095,ixi,IXI148-HH-1453-MRA_IXI-HH,97,200,120,36,67,61,9,41,17
radius_1p5x_c095,ixi,IXI148-HH-1453-MRA_IXI-HH,98,200,160,0,69,61,15,31,23
radius_1p5x_c095,ixi,IXI148-HH-1453-MRA_IXI-HH,99,200,160,36,104,100,20,64,20
radius_1p5x_c095,ixi,IXI148-HH-1453-MRA_IXI-HH,100,200,200,0,167,181,52,87,28
radius_1p5x_c095,ixi,IXI148-HH-1453-MRA_IXI-HH,101,200,200,36,178,179,37,106,35
radius_1p5x_c095,ixi,IXI148-HH-1453-MRA_IXI-HH,102,200,240,0,114,119,34,60,20
radius_1p5x_c095,ixi,IXI148-HH-1453-MRA_IXI-HH,103,200,240,36,126,128,28,85,13
radius_1p5x_c095,ixi,IXI148-HH-1453-MRA_IXI-HH,104,200,280,0,10,8,2,6,2
radius_1p5x_c095,ixi,IXI148-HH-1453-MRA_IXI-HH,105,200,280,36,19,17,4,13,2
radius_1p5x_c095,ixi,IXI148-HH-1453-MRA_IXI-HH,106,200,315,0,0,0,0,0,0
radius_1p5x_c095,ixi,IXI148-HH-1453-MRA_IXI-HH,107,200,315,36,0,0,0,0,0
radius_1p5x_c095,ixi,IXI148-HH-1453-MRA_IXI-HH,108,240,0,0,0,0,0,0,0
radius_1p5x_c095,ixi,IXI148-HH-1453-MRA_IXI-HH,109,240,0,36,4,3,1,2,1
radius_1p5x_c095,ixi,IXI148-HH-1453-MRA_IXI-HH,110,240,40,0,10,8,1,6,3
radius_1p5x_c095,ixi,IXI148-HH-1453-MRA_IXI-HH,111,240,40,36,19,15,4,11,4
radius_1p5x_c095,ixi,IXI148-HH-1453-MRA_IXI-HH,112,240,80,0,33,32,3,25,5
radius_1p5x_c095,ixi,IXI148-HH-1453-MRA_IXI-HH,113,240,80,36,45,41,6,31,8
radius_1p5x_c095,ixi,IXI148-HH-1453-MRA_IXI-HH,114,240,120,0,63,60,8,39,16
radius_1p5x_c095,ixi,IXI148-HH-1453-MRA_IXI-HH,115,240,120,36,91,88,15,63,13
radius_1p5x_c095,ixi,IXI148-HH-1453-MRA_IXI-HH,116,240,160,0,72,70,18,38,16
radius_1p5x_c095,ixi,IXI148-HH-1453-MRA_IXI-HH,117,240,160,36,121,118,28,73,20
radius_1p5x_c095,ixi,IXI148-HH-1453-MRA_IXI-HH,118,240,200,0,96,103,29,51,16
radius_1p5x_c095,ixi,IXI148-HH-1453-MRA_IXI-HH,119,240,200,36,142,147,32,89,21
radius_1p5x_c095,ixi,IXI148-HH-1453-MRA_IXI-HH,120,240,240,0,59,58,15,29,15
radius_1p5x_c095,ixi,IXI148-HH-1453-MRA_IXI-HH,121,240,240,36,87,85,18,53,16
radius_1p5x_c095,ixi,IXI148-HH-1453-MRA_IXI-HH,122,240,280,0,8,6,2,4,2
radius_1p5x_c095,ixi,IXI148-HH-1453-MRA_IXI-HH,123,240,280,36,8,6,2,4,2
radius_1p5x_c095,ixi,IXI148-HH-1453-MRA_IXI-HH,124,240,315,0,0,0,0,0,0
radius_1p5x_c095,ixi,IXI148-HH-1453-MRA_IXI-HH,125,240,315,36,0,0,0,0,0
radius_1p5x_c095,ixi,IXI148-HH-1453-MRA_IXI-HH,126,241,0,0,0,0,0,0,0
radius_1p5x_c095,ixi,IXI148-HH-1453-MRA_IXI-HH,127,241,0,36,4,3,1,2,1
radius_1p5x_c095,ixi,IXI148-HH-1453-MRA_IXI-HH,128,241,40,0,10,8,1,6,3
radius_1p5x_c095,ixi,IXI148-HH-1453-MRA_IXI-HH,129,241,40,36,19,15,4,11,4
radius_1p5x_c095,ixi,IXI148-HH-1453-MRA_IXI-HH,130,241,80,0,33,32,3,25,5
radius_1p5x_c095,ixi,IXI148-HH-1453-MRA_IXI-HH,131,241,80,36,45,41,6,31,8
radius_1p5x_c095,ixi,IXI148-HH-1453-MRA_IXI-HH,132,241,120,0,63,60,8,39,16
radius_1p5x_c095,ixi,IXI148-HH-1453-MRA_IXI-HH,133,241,120,36,91,88,15,63,13
radius_1p5x_c095,ixi,IXI148-HH-1453-MRA_IXI-HH,134,241,160,0,72,70,18,38,16
radius_1p5x_c095,ixi,IXI148-HH-1453-MRA_IXI-HH,135,241,160,36,119,116,28,71,20
radius_1p5x_c095,ixi,IXI148-HH-1453-MRA_IXI-HH,136,241,200,0,96,101,28,51,17
radius_1p5x_c095,ixi,IXI148-HH-1453-MRA_IXI-HH,137,241,200,36,141,144,31,88,22
radius_1p5x_c095,ixi,IXI148-HH-1453-MRA_IXI-HH,138,241,240,0,56,54,14,28,14
radius_1p5x_c095,ixi,IXI148-HH-1453-MRA_IXI-HH,139,241,240,36,84,81,17,52,15
radius_1p5x_c095,ixi,IXI148-HH-1453-MRA_IXI-HH,140,241,280,0,7,5,2,3,2
radius_1p5x_c095,ixi,IXI148-HH-1453-MRA_IXI-HH,141,241,280,36,7,5,2,3,2
radius_1p5x_c095,ixi,IXI148-HH-1453-MRA_IXI-HH,142,241,315,0,0,0,0,0,0
radius_1p5x_c095,ixi,IXI148-HH-1453-MRA_IXI-HH,143,241,315,36,0,0,0,0,0
radius_2x_c095,ixi,IXI148-HH-1453-MRA_IXI-HH,0,0,0,0,0,0,0,0,0
radius_2x_c095,ixi,IXI148-HH-1453-MRA_IXI-HH,1,0,0,36,7,5,1,3,3
radius_2x_c095,ixi,IXI148-HH-1453-MRA_IXI-HH,2,0,40,0,2,1,1,0,1
radius_2x_c095,ixi,IXI148-HH-1453-MRA_IXI-HH,3,0,40,36,44,38,6,30,8
radius_2x_c095,ixi,IXI148-HH-1453-MRA_IXI-HH,4,0,80,0,14,10,1,6,7
radius_2x_c095,ixi,IXI148-HH-1453-MRA_IXI-HH,5,0,80,36,68,60,10,48,10
radius_2x_c095,ixi,IXI148-HH-1453-MRA_IXI-HH,6,0,120,0,43,35,1,27,15
radius_2x_c095,ixi,IXI148-HH-1453-MRA_IXI-HH,7,0,120,36,103,98,14,77,12
radius_2x_c095,ixi,IXI148-HH-1453-MRA_IXI-HH,8,0,160,0,52,47,4,34,14
radius_2x_c095,ixi,IXI148-HH-1453-MRA_IXI-HH,9,0,160,36,110,103,12,77,21
radius_2x_c095,ixi,IXI148-HH-1453-MRA_IXI-HH,10,0,200,0,75,69,11,45,19
radius_2x_c095,ixi,IXI148-HH-1453-MRA_IXI-HH,11,0,200,36,106,100,15,70,21
radius_2x_c095,ixi,IXI148-HH-1453-MRA_IXI-HH,12,0,240,0,38,31,5,24,9
radius_2x_c095,ixi,IXI148-HH-1453-MRA_IXI-HH,13,0,240,36,86,74,10,58,18
radius_2x_c095,ixi,IXI148-HH-1453-MRA_IXI-HH,14,0,280,0,14,12,2,10,2
radius_2x_c095,ixi,IXI148-HH-1453-MRA_IXI-HH,15,0,280,36,37,33,4,29,4
radius_2x_c095,ixi,IXI148-HH-1453-MRA_IXI-HH,16,0,315,0,0,0,0,0,0
radius_2x_c095,ixi,IXI148-HH-1453-MRA_IXI-HH,17,0,315,36,0,0,0,0,0
radius_2x_c095,ixi,IXI148-HH-1453-MRA_IXI-HH,18,40,0,0,0,0,0,0,0
radius_2x_c095,ixi,IXI148-HH-1453-MRA_IXI-HH,19,40,0,36,7,5,2,3,2
radius_2x_c095,ixi,IXI148-HH-1453-MRA_IXI-HH,20,40,40,0,2,1,1,0,1
radius_2x_c095,ixi,IXI148-HH-1453-MRA_IXI-HH,21,40,40,36,35,29,4,23,8
radius_2x_c095,ixi,IXI148-HH-1453-MRA_IXI-HH,22,40,80,0,6,3,1,0,5
radius_2x_c095,ixi,IXI148-HH-1453-MRA_IXI-HH,23,40,80,36,40,33,5,24,11
radius_2x_c095,ixi,IXI148-HH-1453-MRA_IXI-HH,24,40,120,0,31,26,1,18,12
radius_2x_c095,ixi,IXI148-HH-1453-MRA_IXI-HH,25,40,120,36,69,64,8,43,18
radius_2x_c095,ixi,IXI148-HH-1453-MRA_IXI-HH,26,40,160,0,57,49,9,26,22
radius_2x_c095,ixi,IXI148-HH-1453-MRA_IXI-HH,27,40,160,36,102,94,16,62,24
radius_2x_c095,ixi,IXI148-HH-1453-MRA_IXI-HH,28,40,200,0,129,131,31,72,26
radius_2x_c095,ixi,IXI148-HH-1453-MRA_IXI-HH,29,40,200,36,153,149,28,95,30
radius_2x_c095,ixi,IXI148-HH-1453-MRA_IXI-HH,30,40,240,0,92,95,23,56,13
radius_2x_c095,ixi,IXI148-HH-1453-MRA_IXI-HH,31,40,240,36,137,131,19,94,24
radius_2x_c095,ixi,IXI148-HH-1453-MRA_IXI-HH,32,40,280,0,12,10,1,8,3
radius_2x_c095,ixi,IXI148-HH-1453-MRA_IXI-HH,33,40,280,36,43,40,3,37,3
radius_2x_c095,ixi,IXI148-HH-1453-MRA_IXI-HH,34,40,315,0,0,0,0,0,0
radius_2x_c095,ixi,IXI148-HH-1453-MRA_IXI-HH,35,40,315,36,4,3,1,2,1
radius_2x_c095,ixi,IXI148-HH-1453-MRA_IXI-HH,36,80,0,0,0,0,0,0,0
radius_2x_c095,ixi,IXI148-HH-1453-MRA_IXI-HH,37,80,0,36,0,0,0,0,0
radius_2x_c095,ixi,IXI148-HH-1453-MRA_IXI-HH,38,80,40,0,20,17,1,14,5
radius_2x_c095,ixi,IXI148-HH-1453-MRA_IXI-HH,39,80,40,36,26,23,2,20,4
radius_2x_c095,ixi,IXI148-HH-1453-MRA_IXI-HH,40,80,80,0,77,72,11,55,11
radius_2x_c095,ixi,IXI148-HH-1453-MRA_IXI-HH,41,80,80,36,75,71,10,55,10
radius_2x_c095,ixi,IXI148-HH-1453-MRA_IXI-HH,42,80,120,0,94,95,17,71,6
radius_2x_c095,ixi,IXI148-HH-1453-MRA_IXI-HH,43,80,120,36,74,74,13,55,6
radius_2x_c095,ixi,IXI148-HH-1453-MRA_IXI-HH,44,80,160,0,55,51,10,32,13
radius_2x_c095,ixi,IXI148-HH-1453-MRA_IXI-HH,45,80,160,36,50,45,8,27,15
radius_2x_c095,ixi,IXI148-HH-1453-MRA_IXI-HH,46,80,200,0,83,85,23,45,15
radius_2x_c095,ixi,IXI148-HH-1453-MRA_IXI-HH,47,80,200,36,80,71,12,45,23
radius_2x_c095,ixi,IXI148-HH-1453-MRA_IXI-HH,48,80,240,0,49,49,14,23,12
radius_2x_c095,ixi,IXI148-HH-1453-MRA_IXI-HH,49,80,240,36,48,40,4,27,17
radius_2x_c095,ixi,IXI148-HH-1453-MRA_IXI-HH,50,80,280,0,3,2,0,1,2
radius_2x_c095,ixi,IXI148-HH-1453-MRA_IXI-HH,51,80,280,36,23,21,2,17,4
radius_2x_c095,ixi,IXI148-HH-1453-MRA_IXI-HH,52,80,315,0,3,2,0,1,2
radius_2x_c095,ixi,IXI148-HH-1453-MRA_IXI-HH,53,80,315,36,34,32,5,26,3
radius_2x_c095,ixi,IXI148-HH-1453-MRA_IXI-HH,54,120,0,0,0,0,0,0,0
radius_2x_c095,ixi,IXI148-HH-1453-MRA_IXI-HH,55,120,0,36,12,11,1,10,1
radius_2x_c095,ixi,IXI148-HH-1453-MRA_IXI-HH,56,120,40,0,17,13,1,9,7
radius_2x_c095,ixi,IXI148-HH-1453-MRA_IXI-HH,57,120,40,36,37,31,3,25,9
radius_2x_c095,ixi,IXI148-HH-1453-MRA_IXI-HH,58,120,80,0,79,72,12,53,14
radius_2x_c095,ixi,IXI148-HH-1453-MRA_IXI-HH,59,120,80,36,81,73,11,53,17
radius_2x_c095,ixi,IXI148-HH-1453-MRA_IXI-HH,60,120,120,0,118,113,23,80,15
radius_2x_c095,ixi,IXI148-HH-1453-MRA_IXI-HH,61,120,120,36,87,81,17,57,13
radius_2x_c095,ixi,IXI148-HH-1453-MRA_IXI-HH,62,120,160,0,107,106,27,52,28
radius_2x_c095,ixi,IXI148-HH-1453-MRA_IXI-HH,63,120,160,36,45,36,7,17,21
radius_2x_c095,ixi,IXI148-HH-1453-MRA_IXI-HH,64,120,200,0,84,85,24,37,23
radius_2x_c095,ixi,IXI148-HH-1453-MRA_IXI-HH,65,120,200,36,61,55,13,25,23
radius_2x_c095,ixi,IXI148-HH-1453-MRA_IXI-HH,66,120,240,0,72,80,24,36,12
radius_2x_c095,ixi,IXI148-HH-1453-MRA_IXI-HH,67,120,240,36,103,121,34,62,7
radius_2x_c095,ixi,IXI148-HH-1453-MRA_IXI-HH,68,120,280,0,33,33,6,17,10
radius_2x_c095,ixi,IXI148-HH-1453-MRA_IXI-HH,69,120,280,36,99,106,24,63,12
radius_2x_c095,ixi,IXI148-HH-1453-MRA_IXI-HH,70,120,315,0,8,6,0,4,4
radius_2x_c095,ixi,IXI148-HH-1453-MRA_IXI-HH,71,120,315,36,72,67,10,54,8
radius_2x_c095,ixi,IXI148-HH-1453-MRA_IXI-HH,72,160,0,0,0,0,0,0,0
radius_2x_c095,ixi,IXI148-HH-1453-MRA_IXI-HH,73,160,0,36,12,11,1,10,1
radius_2x_c095,ixi,IXI148-HH-1453-MRA_IXI-HH,74,160,40,0,31,29,4,21,6
radius_2x_c095,ixi,IXI148-HH-1453-MRA_IXI-HH,75,160,40,36,49,47,6,39,4
radius_2x_c095,ixi,IXI148-HH-1453-MRA_IXI-HH,76,160,80,0,60,58,10,44,6
radius_2x_c095,ixi,IXI148-HH-1453-MRA_IXI-HH,77,160,80,36,58,55,10,42,6
radius_2x_c095,ixi,IXI148-HH-1453-MRA_IXI-HH,78,160,120,0,77,73,20,50,7
radius_2x_c095,ixi,IXI148-HH-1453-MRA_IXI-HH,79,160,120,36,38,35,9,23,6
radius_2x_c095,ixi,IXI148-HH-1453-MRA_IXI-HH,80,160,160,0,106,110,31,62,13
radius_2x_c095,ixi,IXI148-HH-1453-MRA_IXI-HH,81,160,160,36,36,31,6,19,11
radius_2x_c095,ixi,IXI148-HH-1453-MRA_IXI-HH,82,160,200,0,128,132,33,69,26
radius_2x_c095,ixi,IXI148-HH-1453-MRA_IXI-HH,83,160,200,36,70,61,9,36,25
radius_2x_c095,ixi,IXI148-HH-1453-MRA_IXI-HH,84,160,240,0,78,76,19,37,22
radius_2x_c095,ixi,IXI148-HH-1453-MRA_IXI-HH,85,160,240,36,52,45,6,28,18
radius_2x_c095,ixi,IXI148-HH-1453-MRA_IXI-HH,86,160,280,0,2,1,0,0,2
radius_2x_c095,ixi,IXI148-HH-1453-MRA_IXI-HH,87,160,280,36,18,15,1,10,7
radius_2x_c095,ixi,IXI148-HH-1453-MRA_IXI-HH,88,160,315,0,2,1,0,0,2
radius_2x_c095,ixi,IXI148-HH-1453-MRA_IXI-HH,89,160,315,36,18,14,2,10,6
radius_2x_c095,ixi,IXI148-HH-1453-MRA_IXI-HH,90,200,0,0,0,0,0,0,0
radius_2x_c095,ixi,IXI148-HH-1453-MRA_IXI-HH,91,200,0,36,4,3,1,2,1
radius_2x_c095,ixi,IXI148-HH-1453-MRA_IXI-HH,92,200,40,0,12,9,0,6,6
radius_2x_c095,ixi,IXI148-HH-1453-MRA_IXI-HH,93,200,40,36,29,25,3,21,5
radius_2x_c095,ixi,IXI148-HH-1453-MRA_IXI-HH,94,200,80,0,28,24,2,18,8
radius_2x_c095,ixi,IXI148-HH-1453-MRA_IXI-HH,95,200,80,36,39,34,4,27,8
radius_2x_c095,ixi,IXI148-HH-1453-MRA_IXI-HH,96,200,120,0,50,43,7,26,17
radius_2x_c095,ixi,IXI148-HH-1453-MRA_IXI-HH,97,200,120,36,65,59,9,39,17
radius_2x_c095,ixi,IXI148-HH-1453-MRA_IXI-HH,98,200,160,0,69,61,15,31,23
radius_2x_c095,ixi,IXI148-HH-1453-MRA_IXI-HH,99,200,160,36,104,100,20,64,20
radius_2x_c095,ixi,IXI148-HH-1453-MRA_IXI-HH,100,200,200,0,166,180,52,86,28
radius_2x_c095,ixi,IXI148-HH-1453-MRA_IXI-HH,101,200,200,36,177,178,37,105,35
radius_2x_c095,ixi,IXI148-HH-1453-MRA_IXI-HH,102,200,240,0,113,118,34,59,20
radius_2x_c095,ixi,IXI148-HH-1453-MRA_IXI-HH,103,200,240,36,125,127,28,84,13
radius_2x_c095,ixi,IXI148-HH-1453-MRA_IXI-HH,104,200,280,0,8,6,2,4,2
radius_2x_c095,ixi,IXI148-HH-1453-MRA_IXI-HH,105,200,280,36,17,15,4,11,2
radius_2x_c095,ixi,IXI148-HH-1453-MRA_IXI-HH,106,200,315,0,0,0,0,0,0
radius_2x_c095,ixi,IXI148-HH-1453-MRA_IXI-HH,107,200,315,36,0,0,0,0,0
radius_2x_c095,ixi,IXI148-HH-1453-MRA_IXI-HH,108,240,0,0,0,0,0,0,0
radius_2x_c095,ixi,IXI148-HH-1453-MRA_IXI-HH,109,240,0,36,4,3,1,2,1
radius_2x_c095,ixi,IXI148-HH-1453-MRA_IXI-HH,110,240,40,0,10,8,1,6,3
radius_2x_c095,ixi,IXI148-HH-1453-MRA_IXI-HH,111,240,40,36,19,15,4,11,4
radius_2x_c095,ixi,IXI148-HH-1453-MRA_IXI-HH,112,240,80,0,33,32,3,25,5
radius_2x_c095,ixi,IXI148-HH-1453-MRA_IXI-HH,113,240,80,36,45,41,6,31,8
radius_2x_c095,ixi,IXI148-HH-1453-MRA_IXI-HH,114,240,120,0,63,60,8,39,16
radius_2x_c095,ixi,IXI148-HH-1453-MRA_IXI-HH,115,240,120,36,91,88,15,63,13
radius_2x_c095,ixi,IXI148-HH-1453-MRA_IXI-HH,116,240,160,0,72,70,18,38,16
radius_2x_c095,ixi,IXI148-HH-1453-MRA_IXI-HH,117,240,160,36,121,118,28,73,20
radius_2x_c095,ixi,IXI148-HH-1453-MRA_IXI-HH,118,240,200,0,95,102,29,50,16
radius_2x_c095,ixi,IXI148-HH-1453-MRA_IXI-HH,119,240,200,36,141,146,32,88,21
radius_2x_c095,ixi,IXI148-HH-1453-MRA_IXI-HH,120,240,240,0,58,57,15,28,15
radius_2x_c095,ixi,IXI148-HH-1453-MRA_IXI-HH,121,240,240,36,86,84,18,52,16
radius_2x_c095,ixi,IXI148-HH-1453-MRA_IXI-HH,122,240,280,0,7,5,2,3,2
radius_2x_c095,ixi,IXI148-HH-1453-MRA_IXI-HH,123,240,280,36,7,5,2,3,2
radius_2x_c095,ixi,IXI148-HH-1453-MRA_IXI-HH,124,240,315,0,0,0,0,0,0
radius_2x_c095,ixi,IXI148-HH-1453-MRA_IXI-HH,125,240,315,36,0,0,0,0,0
radius_2x_c095,ixi,IXI148-HH-1453-MRA_IXI-HH,126,241,0,0,0,0,0,0,0
radius_2x_c095,ixi,IXI148-HH-1453-MRA_IXI-HH,127,241,0,36,4,3,1,2,1
radius_2x_c095,ixi,IXI148-HH-1453-MRA_IXI-HH,128,241,40,0,10,8,1,6,3
radius_2x_c095,ixi,IXI148-HH-1453-MRA_IXI-HH,129,241,40,36,19,15,4,11,4
radius_2x_c095,ixi,IXI148-HH-1453-MRA_IXI-HH,130,241,80,0,33,32,3,25,5
radius_2x_c095,ixi,IXI148-HH-1453-MRA_IXI-HH,131,241,80,36,45,41,6,31,8
radius_2x_c095,ixi,IXI148-HH-1453-MRA_IXI-HH,132,241,120,0,63,60,8,39,16
radius_2x_c095,ixi,IXI148-HH-1453-MRA_IXI-HH,133,241,120,36,91,88,15,63,13
radius_2x_c095,ixi,IXI148-HH-1453-MRA_IXI-HH,134,241,160,0,72,70,18,38,16
radius_2x_c095,ixi,IXI148-HH-1453-MRA_IXI-HH,135,241,160,36,119,116,28,71,20
radius_2x_c095,ixi,IXI148-HH-1453-MRA_IXI-HH,136,241,200,0,95,100,28,50,17
radius_2x_c095,ixi,IXI148-HH-1453-MRA_IXI-HH,137,241,200,36,140,143,31,87,22
radius_2x_c095,ixi,IXI148-HH-1453-MRA_IXI-HH,138,241,240,0,55,53,14,27,14
radius_2x_c095,ixi,IXI148-HH-1453-MRA_IXI-HH,139,241,240,36,83,80,17,51,15
radius_2x_c095,ixi,IXI148-HH-1453-MRA_IXI-HH,140,241,280,0,7,5,2,3,2
radius_2x_c095,ixi,IXI148-HH-1453-MRA_IXI-HH,141,241,280,36,7,5,2,3,2
radius_2x_c095,ixi,IXI148-HH-1453-MRA_IXI-HH,142,241,315,0,0,0,0,0,0
radius_2x_c095,ixi,IXI148-HH-1453-MRA_IXI-HH,143,241,315,36,0,0,0,0,0
radius_1p5x_c095,ixi,IXI425-IOP-0988-MRA_IXI-IOP,0,0,0,0,0,0,0,0,0
radius_1p5x_c095,ixi,IXI425-IOP-0988-MRA_IXI-IOP,1,0,0,28,7,6,1,5,1
radius_1p5x_c095,ixi,IXI425-IOP-0988-MRA_IXI-IOP,2,0,40,0,23,21,2,17,4
radius_1p5x_c095,ixi,IXI425-IOP-0988-MRA_IXI-IOP,3,0,40,28,36,34,8,26,2
radius_1p5x_c095,ixi,IXI425-IOP-0988-MRA_IXI-IOP,4,0,80,0,35,31,5,23,7
radius_1p5x_c095,ixi,IXI425-IOP-0988-MRA_IXI-IOP,5,0,80,28,45,42,10,29,6
radius_1p5x_c095,ixi,IXI425-IOP-0988-MRA_IXI-IOP,6,0,120,0,74,79,20,45,9
radius_1p5x_c095,ixi,IXI425-IOP-0988-MRA_IXI-IOP,7,0,120,28,90,95,24,59,7
radius_1p5x_c095,ixi,IXI425-IOP-0988-MRA_IXI-IOP,8,0,160,0,113,124,28,67,18
radius_1p5x_c095,ixi,IXI425-IOP-0988-MRA_IXI-IOP,9,0,160,28,131,140,30,81,20
radius_1p5x_c095,ixi,IXI425-IOP-0988-MRA_IXI-IOP,10,0,200,0,120,127,27,71,22
radius_1p5x_c095,ixi,IXI425-IOP-0988-MRA_IXI-IOP,11,0,200,28,130,134,25,80,25
radius_1p5x_c095,ixi,IXI425-IOP-0988-MRA_IXI-IOP,12,0,240,0,57,52,6,39,12
radius_1p5x_c095,ixi,IXI425-IOP-0988-MRA_IXI-IOP,13,0,240,28,61,56,7,43,11
radius_1p5x_c095,ixi,IXI425-IOP-0988-MRA_IXI-IOP,14,0,280,0,11,9,1,7,3
radius_1p5x_c095,ixi,IXI425-IOP-0988-MRA_IXI-IOP,15,0,280,28,11,9,1,7,3
radius_1p5x_c095,ixi,IXI425-IOP-0988-MRA_IXI-IOP,16,0,287,0,0,0,0,0,0
radius_1p5x_c095,ixi,IXI425-IOP-0988-MRA_IXI-IOP,17,0,287,28,0,0,0,0,0
radius_1p5x_c095,ixi,IXI425-IOP-0988-MRA_IXI-IOP,18,40,0,0,7,6,1,5,1
radius_1p5x_c095,ixi,IXI425-IOP-0988-MRA_IXI-IOP,19,40,0,28,11,9,1,7,3
radius_1p5x_c095,ixi,IXI425-IOP-0988-MRA_IXI-IOP,20,40,40,0,54,50,8,36,10
radius_1p5x_c095,ixi,IXI425-IOP-0988-MRA_IXI-IOP,21,40,40,28,41,36,6,25,10
radius_1p5x_c095,ixi,IXI425-IOP-0988-MRA_IXI-IOP,22,40,80,0,67,60,8,45,14
radius_1p5x_c095,ixi,IXI425-IOP-0988-MRA_IXI-IOP,23,40,80,28,31,25,3,17,11
radius_1p5x_c095,ixi,IXI425-IOP-0988-MRA_IXI-IOP,24,40,120,0,69,65,16,33,20
radius_1p5x_c095,ixi,IXI425-IOP-0988-MRA_IXI-IOP,25,40,120,28,54,52,13,28,13
radius_1p5x_c095,ixi,IXI425-IOP-0988-MRA_IXI-IOP,26,40,160,0,102,109,32,47,23
radius_1p5x_c095,ixi,IXI425-IOP-0988-MRA_IXI-IOP,27,40,160,28,105,109,28,52,25
radius_1p5x_c095,ixi,IXI425-IOP-0988-MRA_IXI-IOP,28,40,200,0,146,168,46,88,12
radius_1p5x_c095,ixi,IXI425-IOP-0988-MRA_IXI-IOP,29,40,200,28,133,136,30,73,30
radius_1p5x_c095,ixi,IXI425-IOP-0988-MRA_IXI-IOP,30,40,240,0,67,62,13,37,17
radius_1p5x_c095,ixi,IXI425-IOP-0988-MRA_IXI-IOP,31,40,240,28,54,49,10,28,16
radius_1p5x_c095,ixi,IXI425-IOP-0988-MRA_IXI-IOP,32,40,280,0,5,3,1,1,3
radius_1p5x_c095,ixi,IXI425-IOP-0988-MRA_IXI-IOP,33,40,280,28,7,4,2,1,4
radius_1p5x_c095,ixi,IXI425-IOP-0988-MRA_IXI-IOP,34,40,287,0,0,0,0,0,0
radius_1p5x_c095,ixi,IXI425-IOP-0988-MRA_IXI-IOP,35,40,287,28,2,1,1,0,1
radius_1p5x_c095,ixi,IXI425-IOP-0988-MRA_IXI-IOP,36,80,0,0,14,11,3,8,3
radius_1p5x_c095,ixi,IXI425-IOP-0988-MRA_IXI-IOP,37,80,0,28,11,8,2,5,4
radius_1p5x_c095,ixi,IXI425-IOP-0988-MRA_IXI-IOP,38,80,40,0,98,97,14,75,9
radius_1p5x_c095,ixi,IXI425-IOP-0988-MRA_IXI-IOP,39,80,40,28,77,74,10,54,13
radius_1p5x_c095,ixi,IXI425-IOP-0988-MRA_IXI-IOP,40,80,80,0,114,118,21,81,12
radius_1p5x_c095,ixi,IXI425-IOP-0988-MRA_IXI-IOP,41,80,80,28,75,75,14,49,12
radius_1p5x_c095,ixi,IXI425-IOP-0988-MRA_IXI-IOP,42,80,120,0,79,87,26,43,10
radius_1p5x_c095,ixi,IXI425-IOP-0988-MRA_IXI-IOP,43,80,120,28,39,34,8,16,15
radius_1p5x_c095,ixi,IXI425-IOP-0988-MRA_IXI-IOP,44,80,160,0,54,54,19,21,14
radius_1p5x_c095,ixi,IXI425-IOP-0988-MRA_IXI-IOP,45,80,160,28,37,33,7,17,13
radius_1p5x_c095,ixi,IXI425-IOP-0988-MRA_IXI-IOP,46,80,200,0,66,70,23,29,14
radius_1p5x_c095,ixi,IXI425-IOP-0988-MRA_IXI-IOP,47,80,200,28,72,71,19,36,17
radius_1p5x_c095,ixi,IXI425-IOP-0988-MRA_IXI-IOP,48,80,240,0,143,156,40,77,26
radius_1p5x_c095,ixi,IXI425-IOP-0988-MRA_IXI-IOP,49,80,240,28,171,194,52,105,14
radius_1p5x_c095,ixi,IXI425-IOP-0988-MRA_IXI-IOP,50,80,280,0,87,84,15,56,16
radius_1p5x_c095,ixi,IXI425-IOP-0988-MRA_IXI-IOP,51,80,280,28,125,121,21,85,19
radius_1p5x_c095,ixi,IXI425-IOP-0988-MRA_IXI-IOP,52,80,287,0,70,65,10,47,13
radius_1p5x_c095,ixi,IXI425-IOP-0988-MRA_IXI-IOP,53,80,287,28,97,91,14,70,13
radius_1p5x_c095,ixi,IXI425-IOP-0988-MRA_IXI-IOP,54,120,0,0,12,10,2,8,2
radius_1p5x_c095,ixi,IXI425-IOP-0988-MRA_IXI-IOP,55,120,0,28,12,10,2,8,2
radius_1p5x_c095,ixi,IXI425-IOP-0988-MRA_IXI-IOP,56,120,40,0,81,69,7,55,19
radius_1p5x_c095,ixi,IXI425-IOP-0988-MRA_IXI-IOP,57,120,40,28,74,64,5,52,17
radius_1p5x_c095,ixi,IXI425-IOP-0988-MRA_IXI-IOP,58,120,80,0,124,124,27,78,19
radius_1p5x_c095,ixi,IXI425-IOP-0988-MRA_IXI-IOP,59,120,80,28,83,74,12,51,20
radius_1p5x_c095,ixi,IXI425-IOP-0988-MRA_IXI-IOP,60,120,120,0,99,101,25,60,14
radius_1p5x_c095,ixi,IXI425-IOP-0988-MRA_IXI-IOP,61,120,120,28,47,38,5,27,15
radius_1p5x_c095,ixi,IXI425-IOP-0988-MRA_IXI-IOP,62,120,160,0,55,54,17,24,14
radius_1p5x_c095,ixi,IXI425-IOP-0988-MRA_IXI-IOP,63,120,160,28,33,30,7,15,11
radius_1p5x_c095,ixi,IXI425-IOP-0988-MRA_IXI-IOP,64,120,200,0,70,76,23,36,11
radius_1p5x_c095,ixi,IXI425-IOP-0988-MRA_IXI-IOP,65,120,200,28,64,64,18,30,16
radius_1p5x_c095,ixi,IXI425-IOP-0988-MRA_IXI-IOP,66,120,240,0,143,158,40,79,24
radius_1p5x_c095,ixi,IXI425-IOP-0988-MRA_IXI-IOP,67,120,240,28,161,184,50,95,16
radius_1p5x_c095,ixi,IXI425-IOP-0988-MRA_IXI-IOP,68,120,280,0,88,85,15,57,16
radius_1p5x_c095,ixi,IXI425-IOP-0988-MRA_IXI-IOP,69,120,280,28,119,115,20,79,20
radius_1p5x_c095,ixi,IXI425-IOP-0988-MRA_IXI-IOP,70,120,287,0,71,66,10,48,13
radius_1p5x_c095,ixi,IXI425-IOP-0988-MRA_IXI-IOP,71,120,287,28,91,85,13,64,14
radius_1p5x_c095,ixi,IXI425-IOP-0988-MRA_IXI-IOP,72,160,0,0,14,10,5,4,5
radius_1p5x_c095,ixi,IXI425-IOP-0988-MRA_IXI-IOP,73,160,0,28,5,3,2,1,2
radius_1p5x_c095,ixi,IXI425-IOP-0988-MRA_IXI-IOP,74,160,40,0,53,45,9,35,9
radius_1p5x_c095,ixi,IXI425-IOP-0988-MRA_IXI-IOP,75,160,40,28,35,30,4,25,6
radius_1p5x_c095,ixi,IXI425-IOP-0988-MRA_IXI-IOP,76,160,80,0,68,69,16,41,11
radius_1p5x_c095,ixi,IXI425-IOP-0988-MRA_IXI-IOP,77,160,80,28,42,38,7,24,11
radius_1p5x_c095,ixi,IXI425-IOP-0988-MRA_IXI-IOP,78,160,120,0,74,75,19,42,13
radius_1p5x_c095,ixi,IXI425-IOP-0988-MRA_IXI-IOP,79,160,120,28,34,28,5,16,13
radius_1p5x_c095,ixi,IXI425-IOP-0988-MRA_IXI-IOP,80,160,160,0,61,58,14,26,21
radius_1p5x_c095,ixi,IXI425-IOP-0988-MRA_IXI-IOP,81,160,160,28,53,50,11,25,17
radius_1p5x_c095,ixi,IXI425-IOP-0988-MRA_IXI-IOP,82,160,200,0,163,190,52,94,17
radius_1p5x_c095,ixi,IXI425-IOP-0988-MRA_IXI-IOP,83,160,200,28,136,142,34,71,31
radius_1p5x_c095,ixi,IXI425-IOP-0988-MRA_IXI-IOP,84,160,240,0,87,89,19,55,13
radius_1p5x_c095,ixi,IXI425-IOP-0988-MRA_IXI-IOP,85,160,240,28,69,68,14,41,14
radius_1p5x_c095,ixi,IXI425-IOP-0988-MRA_IXI-IOP,86,160,280,0,4,3,0,2,2
radius_1p5x_c095,ixi,IXI425-IOP-0988-MRA_IXI-IOP,87,160,280,28,7,5,0,3,4
radius_1p5x_c095,ixi,IXI425-IOP-0988-MRA_IXI-IOP,88,160,287,0,0,0,0,0,0
radius_1p5x_c095,ixi,IXI425-IOP-0988-MRA_IXI-IOP,89,160,287,28,0,0,0,0,0
radius_1p5x_c095,ixi,IXI425-IOP-0988-MRA_IXI-IOP,90,200,0,0,12,9,4,4,4
radius_1p5x_c095,ixi,IXI425-IOP-0988-MRA_IXI-IOP,91,200,0,28,2,1,1,0,1
radius_1p5x_c095,ixi,IXI425-IOP-0988-MRA_IXI-IOP,92,200,40,0,34,31,5,26,3
radius_1p5x_c095,ixi,IXI425-IOP-0988-MRA_IXI-IOP,93,200,40,28,25,23,4,19,2
radius_1p5x_c095,ixi,IXI425-IOP-0988-MRA_IXI-IOP,94,200,80,0,25,22,0,19,6
radius_1p5x_c095,ixi,IXI425-IOP-0988-MRA_IXI-IOP,95,200,80,28,24,22,2,18,4
radius_1p5x_c095,ixi,IXI425-IOP-0988-MRA_IXI-IOP,96,200,120,0,35,31,4,18,13
radius_1p5x_c095,ixi,IXI425-IOP-0988-MRA_IXI-IOP,97,200,120,28,51,47,7,32,12
radius_1p5x_c095,ixi,IXI425-IOP-0988-MRA_IXI-IOP,98,200,160,0,81,81,13,52,16
radius_1p5x_c095,ixi,IXI425-IOP-0988-MRA_IXI-IOP,99,200,160,28,111,106,16,72,23
radius_1p5x_c095,ixi,IXI425-IOP-0988-MRA_IXI-IOP,100,200,200,0,165,187,47,98,20
radius_1p5x_c095,ixi,IXI425-IOP-0988-MRA_IXI-IOP,101,200,200,28,186,196,42,114,30
radius_1p5x_c095,ixi,IXI425-IOP-0988-MRA_IXI-IOP,102,200,240,0,57,57,14,32,11
radius_1p5x_c095,ixi,IXI425-IOP-0988-MRA_IXI-IOP,103,200,240,28,70,69,15,43,12
radius_1p5x_c095,ixi,IXI425-IOP-0988-MRA_IXI-IOP,104,200,280,0,4,3,1,2,1
radius_1p5x_c095,ixi,IXI425-IOP-0988-MRA_IXI-IOP,105,200,280,28,7,5,1,3,3
radius_1p5x_c095,ixi,IXI425-IOP-0988-MRA_IXI-IOP,106,200,287,0,0,0,0,0,0
radius_1p5x_c095,ixi,IXI425-IOP-0988-MRA_IXI-IOP,107,200,287,28,0,0,0,0,0
radius_1p5x_c095,ixi,IXI425-IOP-0988-MRA_IXI-IOP,108,213,0,0,9,6,3,3,3
radius_1p5x_c095,ixi,IXI425-IOP-0988-MRA_IXI-IOP,109,213,0,28,2,1,1,0,1
radius_1p5x_c095,ixi,IXI425-IOP-0988-MRA_IXI-IOP,110,213,40,0,33,29,4,25,4
radius_1p5x_c095,ixi,IXI425-IOP-0988-MRA_IXI-IOP,111,213,40,28,25,23,4,19,2
radius_1p5x_c095,ixi,IXI425-IOP-0988-MRA_IXI-IOP,112,213,80,0,25,22,0,19,6
radius_1p5x_c095,ixi,IXI425-IOP-0988-MRA_IXI-IOP,113,213,80,28,25,23,2,19,4
radius_1p5x_c095,ixi,IXI425-IOP-0988-MRA_IXI-IOP,114,213,120,0,33,31,5,20,8
radius_1p5x_c095,ixi,IXI425-IOP-0988-MRA_IXI-IOP,115,213,120,28,52,49,9,35,8
radius_1p5x_c095,ixi,IXI425-IOP-0988-MRA_IXI-IOP,116,213,160,0,78,77,13,49,16
radius_1p5x_c095,ixi,IXI425-IOP-0988-MRA_IXI-IOP,117,213,160,28,104,98,15,65,24
radius_1p5x_c095,ixi,IXI425-IOP-0988-MRA_IXI-IOP,118,213,200,0,97,102,24,53,20
radius_1p5x_c095,ixi,IXI425-IOP-0988-MRA_IXI-IOP,119,213,200,28,122,125,25,74,23
radius_1p5x_c095,ixi,IXI425-IOP-0988-MRA_IXI-IOP,120,213,240,0,26,24,6,14,6
radius_1p5x_c095,ixi,IXI425-IOP-0988-MRA_IXI-IOP,121,213,240,28,39,35,7,23,9
radius_1p5x_c095,ixi,IXI425-IOP-0988-MRA_IXI-IOP,122,213,280,0,4,3,1,2,1
radius_1p5x_c095,ixi,IXI425-IOP-0988-MRA_IXI-IOP,123,213,280,28,7,5,1,3,3
radius_1p5x_c095,ixi,IXI425-IOP-0988-MRA_IXI-IOP,124,213,287,0,0,0,0,0,0
radius_1p5x_c095,ixi,IXI425-IOP-0988-MRA_IXI-IOP,125,213,287,28,0,0,0,0,0
radius_2x_c095,ixi,IXI425-IOP-0988-MRA_IXI-IOP,0,0,0,0,0,0,0,0,0
radius_2x_c095,ixi,IXI425-IOP-0988-MRA_IXI-IOP,1,0,0,28,7,6,1,5,1
radius_2x_c095,ixi,IXI425-IOP-0988-MRA_IXI-IOP,2,0,40,0,22,20,2,16,4
radius_2x_c095,ixi,IXI425-IOP-0988-MRA_IXI-IOP,3,0,40,28,35,33,8,25,2
radius_2x_c095,ixi,IXI425-IOP-0988-MRA_IXI-IOP,4,0,80,0,35,31,5,23,7
radius_2x_c095,ixi,IXI425-IOP-0988-MRA_IXI-IOP,5,0,80,28,45,42,10,29,6
radius_2x_c095,ixi,IXI425-IOP-0988-MRA_IXI-IOP,6,0,120,0,70,75,20,41,9
radius_2x_c095,ixi,IXI425-IOP-0988-MRA_IXI-IOP,7,0,120,28,86,91,24,55,7
radius_2x_c095,ixi,IXI425-IOP-0988-MRA_IXI-IOP,8,0,160,0,109,120,28,63,18
radius_2x_c095,ixi,IXI425-IOP-0988-MRA_IXI-IOP,9,0,160,28,127,136,30,77,20
radius_2x_c095,ixi,IXI425-IOP-0988-MRA_IXI-IOP,10,0,200,0,120,127,27,71,22
radius_2x_c095,ixi,IXI425-IOP-0988-MRA_IXI-IOP,11,0,200,28,130,134,25,80,25
radius_2x_c095,ixi,IXI425-IOP-0988-MRA_IXI-IOP,12,0,240,0,57,52,6,39,12
radius_2x_c095,ixi,IXI425-IOP-0988-MRA_IXI-IOP,13,0,240,28,61,56,7,43,11
radius_2x_c095,ixi,IXI425-IOP-0988-MRA_IXI-IOP,14,0,280,0,11,9,1,7,3
radius_2x_c095,ixi,IXI425-IOP-0988-MRA_IXI-IOP,15,0,280,28,11,9,1,7,3
radius_2x_c095,ixi,IXI425-IOP-0988-MRA_IXI-IOP,16,0,287,0,0,0,0,0,0
radius_2x_c095,ixi,IXI425-IOP-0988-MRA_IXI-IOP,17,0,287,28,0,0,0,0,0
radius_2x_c095,ixi,IXI425-IOP-0988-MRA_IXI-IOP,18,40,0,0,7,6,1,5,1
radius_2x_c095,ixi,IXI425-IOP-0988-MRA_IXI-IOP,19,40,0,28,11,9,1,7,3
radius_2x_c095,ixi,IXI425-IOP-0988-MRA_IXI-IOP,20,40,40,0,54,50,8,36,10
radius_2x_c095,ixi,IXI425-IOP-0988-MRA_IXI-IOP,21,40,40,28,41,36,6,25,10
radius_2x_c095,ixi,IXI425-IOP-0988-MRA_IXI-IOP,22,40,80,0,68,61,8,46,14
radius_2x_c095,ixi,IXI425-IOP-0988-MRA_IXI-IOP,23,40,80,28,31,25,3,17,11
radius_2x_c095,ixi,IXI425-IOP-0988-MRA_IXI-IOP,24,40,120,0,68,64,16,32,20
radius_2x_c095,ixi,IXI425-IOP-0988-MRA_IXI-IOP,25,40,120,28,53,51,13,27,13
radius_2x_c095,ixi,IXI425-IOP-0988-MRA_IXI-IOP,26,40,160,0,100,107,32,45,23
radius_2x_c095,ixi,IXI425-IOP-0988-MRA_IXI-IOP,27,40,160,28,104,108,28,51,25
radius_2x_c095,ixi,IXI425-IOP-0988-MRA_IXI-IOP,28,40,200,0,144,166,46,86,12
radius_2x_c095,ixi,IXI425-IOP-0988-MRA_IXI-IOP,29,40,200,28,132,135,30,72,30
radius_2x_c095,ixi,IXI425-IOP-0988-MRA_IXI-IOP,30,40,240,0,66,61,13,36,17
radius_2x_c095,ixi,IXI425-IOP-0988-MRA_IXI-IOP,31,40,240,28,53,48,10,27,16
radius_2x_c095,ixi,IXI425-IOP-0988-MRA_IXI-IOP,32,40,280,0,5,3,1,1,3
radius_2x_c095,ixi,IXI425-IOP-0988-MRA_IXI-IOP,33,40,280,28,7,4,2,1,4
radius_2x_c095,ixi,IXI425-IOP-0988-MRA_IXI-IOP,34,40,287,0,0,0,0,0,0
radius_2x_c095,ixi,IXI425-IOP-0988-MRA_IXI-IOP,35,40,287,28,2,1,1,0,1
radius_2x_c095,ixi,IXI425-IOP-0988-MRA_IXI-IOP,36,80,0,0,14,11,3,8,3
radius_2x_c095,ixi,IXI425-IOP-0988-MRA_IXI-IOP,37,80,0,28,11,8,2,5,4
radius_2x_c095,ixi,IXI425-IOP-0988-MRA_IXI-IOP,38,80,40,0,98,97,14,75,9
radius_2x_c095,ixi,IXI425-IOP-0988-MRA_IXI-IOP,39,80,40,28,77,74,10,54,13
radius_2x_c095,ixi,IXI425-IOP-0988-MRA_IXI-IOP,40,80,80,0,115,119,21,82,12
radius_2x_c095,ixi,IXI425-IOP-0988-MRA_IXI-IOP,41,80,80,28,76,76,14,50,12
radius_2x_c095,ixi,IXI425-IOP-0988-MRA_IXI-IOP,42,80,120,0,78,86,26,42,10
radius_2x_c095,ixi,IXI425-IOP-0988-MRA_IXI-IOP,43,80,120,28,39,34,8,16,15
radius_2x_c095,ixi,IXI425-IOP-0988-MRA_IXI-IOP,44,80,160,0,51,51,19,18,14
radius_2x_c095,ixi,IXI425-IOP-0988-MRA_IXI-IOP,45,80,160,28,37,33,7,17,13
radius_2x_c095,ixi,IXI425-IOP-0988-MRA_IXI-IOP,46,80,200,0,64,68,23,27,14
radius_2x_c095,ixi,IXI425-IOP-0988-MRA_IXI-IOP,47,80,200,28,71,70,19,35,17
radius_2x_c095,ixi,IXI425-IOP-0988-MRA_IXI-IOP,48,80,240,0,141,154,40,75,26
radius_2x_c095,ixi,IXI425-IOP-0988-MRA_IXI-IOP,49,80,240,28,168,191,52,102,14
radius_2x_c095,ixi,IXI425-IOP-0988-MRA_IXI-IOP,50,80,280,0,85,82,15,54,16
radius_2x_c095,ixi,IXI425-IOP-0988-MRA_IXI-IOP,51,80,280,28,123,119,21,83,19
radius_2x_c095,ixi,IXI425-IOP-0988-MRA_IXI-IOP,52,80,287,0,69,64,10,46,13
radius_2x_c095,ixi,IXI425-IOP-0988-MRA_IXI-IOP,53,80,287,28,96,90,14,69,13
radius_2x_c095,ixi,IXI425-IOP-0988-MRA_IXI-IOP,54,120,0,0,12,10,2,8,2
radius_2x_c095,ixi,IXI425-IOP-0988-MRA_IXI-IOP,55,120,0,28,12,10,2,8,2
radius_2x_c095,ixi,IXI425-IOP-0988-MRA_IXI-IOP,56,120,40,0,81,69,7,55,19
radius_2x_c095,ixi,IXI425-IOP-0988-MRA_IXI-IOP,57,120,40,28,74,64,5,52,17
radius_2x_c095,ixi,IXI425-IOP-0988-MRA_IXI-IOP,58,120,80,0,125,125,27,79,19
radius_2x_c095,ixi,IXI425-IOP-0988-MRA_IXI-IOP,59,120,80,28,84,75,12,52,20
radius_2x_c095,ixi,IXI425-IOP-0988-MRA_IXI-IOP,60,120,120,0,99,101,25,60,14
radius_2x_c095,ixi,IXI425-IOP-0988-MRA_IXI-IOP,61,120,120,28,47,38,5,27,15
radius_2x_c095,ixi,IXI425-IOP-0988-MRA_IXI-IOP,62,120,160,0,54,53,17,23,14
radius_2x_c095,ixi,IXI425-IOP-0988-MRA_IXI-IOP,63,120,160,28,32,29,7,14,11
radius_2x_c095,ixi,IXI425-IOP-0988-MRA_IXI-IOP,64,120,200,0,70,76,23,36,11
radius_2x_c095,ixi,IXI425-IOP-0988-MRA_IXI-IOP,65,120,200,28,63,63,18,29,16
radius_2x_c095,ixi,IXI425-IOP-0988-MRA_IXI-IOP,66,120,240,0,141,156,40,77,24
radius_2x_c095,ixi,IXI425-IOP-0988-MRA_IXI-IOP,67,120,240,28,158,181,50,92,16
radius_2x_c095,ixi,IXI425-IOP-0988-MRA_IXI-IOP,68,120,280,0,86,83,15,55,16
radius_2x_c095,ixi,IXI425-IOP-0988-MRA_IXI-IOP,69,120,280,28,117,113,20,77,20
radius_2x_c095,ixi,IXI425-IOP-0988-MRA_IXI-IOP,70,120,287,0,70,65,10,47,13
radius_2x_c095,ixi,IXI425-IOP-0988-MRA_IXI-IOP,71,120,287,28,90,84,13,63,14
radius_2x_c095,ixi,IXI425-IOP-0988-MRA_IXI-IOP,72,160,0,0,14,10,5,4,5
radius_2x_c095,ixi,IXI425-IOP-0988-MRA_IXI-IOP,73,160,0,28,5,3,2,1,2
radius_2x_c095,ixi,IXI425-IOP-0988-MRA_IXI-IOP,74,160,40,0,53,45,9,35,9
radius_2x_c095,ixi,IXI425-IOP-0988-MRA_IXI-IOP,75,160,40,28,35,30,4,25,6
radius_2x_c095,ixi,IXI425-IOP-0988-MRA_IXI-IOP,76,160,80,0,68,69,16,41,11
radius_2x_c095,ixi,IXI425-IOP-0988-MRA_IXI-IOP,77,160,80,28,42,38,7,24,11
radius_2x_c095,ixi,IXI425-IOP-0988-MRA_IXI-IOP,78,160,120,0,74,75,19,42,13
radius_2x_c095,ixi,IXI425-IOP-0988-MRA_IXI-IOP,79,160,120,28,34,28,5,16,13
radius_2x_c095,ixi,IXI425-IOP-0988-MRA_IXI-IOP,80,160,160,0,60,57,14,25,21
radius_2x_c095,ixi,IXI425-IOP-0988-MRA_IXI-IOP,81,160,160,28,52,49,11,24,17
radius_2x_c095,ixi,IXI425-IOP-0988-MRA_IXI-IOP,82,160,200,0,161,188,52,92,17
radius_2x_c095,ixi,IXI425-IOP-0988-MRA_IXI-IOP,83,160,200,28,135,141,34,70,31
radius_2x_c095,ixi,IXI425-IOP-0988-MRA_IXI-IOP,84,160,240,0,86,88,19,54,13
radius_2x_c095,ixi,IXI425-IOP-0988-MRA_IXI-IOP,85,160,240,28,68,67,14,40,14
radius_2x_c095,ixi,IXI425-IOP-0988-MRA_IXI-IOP,86,160,280,0,4,3,0,2,2
radius_2x_c095,ixi,IXI425-IOP-0988-MRA_IXI-IOP,87,160,280,28,7,5,0,3,4
radius_2x_c095,ixi,IXI425-IOP-0988-MRA_IXI-IOP,88,160,287,0,0,0,0,0,0
radius_2x_c095,ixi,IXI425-IOP-0988-MRA_IXI-IOP,89,160,287,28,0,0,0,0,0
radius_2x_c095,ixi,IXI425-IOP-0988-MRA_IXI-IOP,90,200,0,0,12,9,4,4,4
radius_2x_c095,ixi,IXI425-IOP-0988-MRA_IXI-IOP,91,200,0,28,2,1,1,0,1
radius_2x_c095,ixi,IXI425-IOP-0988-MRA_IXI-IOP,92,200,40,0,34,31,5,26,3
radius_2x_c095,ixi,IXI425-IOP-0988-MRA_IXI-IOP,93,200,40,28,25,23,4,19,2
radius_2x_c095,ixi,IXI425-IOP-0988-MRA_IXI-IOP,94,200,80,0,25,22,0,19,6
radius_2x_c095,ixi,IXI425-IOP-0988-MRA_IXI-IOP,95,200,80,28,24,22,2,18,4
radius_2x_c095,ixi,IXI425-IOP-0988-MRA_IXI-IOP,96,200,120,0,35,31,4,18,13
radius_2x_c095,ixi,IXI425-IOP-0988-MRA_IXI-IOP,97,200,120,28,50,46,7,31,12
radius_2x_c095,ixi,IXI425-IOP-0988-MRA_IXI-IOP,98,200,160,0,81,81,13,52,16
radius_2x_c095,ixi,IXI425-IOP-0988-MRA_IXI-IOP,99,200,160,28,111,106,16,72,23
radius_2x_c095,ixi,IXI425-IOP-0988-MRA_IXI-IOP,100,200,200,0,165,187,47,98,20
radius_2x_c095,ixi,IXI425-IOP-0988-MRA_IXI-IOP,101,200,200,28,186,196,42,114,30
radius_2x_c095,ixi,IXI425-IOP-0988-MRA_IXI-IOP,102,200,240,0,56,56,14,31,11
radius_2x_c095,ixi,IXI425-IOP-0988-MRA_IXI-IOP,103,200,240,28,69,68,15,42,12
radius_2x_c095,ixi,IXI425-IOP-0988-MRA_IXI-IOP,104,200,280,0,4,3,1,2,1
radius_2x_c095,ixi,IXI425-IOP-0988-MRA_IXI-IOP,105,200,280,28,7,5,1,3,3
radius_2x_c095,ixi,IXI425-IOP-0988-MRA_IXI-IOP,106,200,287,0,0,0,0,0,0
radius_2x_c095,ixi,IXI425-IOP-0988-MRA_IXI-IOP,107,200,287,28,0,0,0,0,0
radius_2x_c095,ixi,IXI425-IOP-0988-MRA_IXI-IOP,108,213,0,0,9,6,3,3,3
radius_2x_c095,ixi,IXI425-IOP-0988-MRA_IXI-IOP,109,213,0,28,2,1,1,0,1
radius_2x_c095,ixi,IXI425-IOP-0988-MRA_IXI-IOP,110,213,40,0,33,29,4,25,4
radius_2x_c095,ixi,IXI425-IOP-0988-MRA_IXI-IOP,111,213,40,28,25,23,4,19,2
radius_2x_c095,ixi,IXI425-IOP-0988-MRA_IXI-IOP,112,213,80,0,25,22,0,19,6
radius_2x_c095,ixi,IXI425-IOP-0988-MRA_IXI-IOP,113,213,80,28,25,23,2,19,4
radius_2x_c095,ixi,IXI425-IOP-0988-MRA_IXI-IOP,114,213,120,0,33,31,5,20,8
radius_2x_c095,ixi,IXI425-IOP-0988-MRA_IXI-IOP,115,213,120,28,51,48,9,34,8
radius_2x_c095,ixi,IXI425-IOP-0988-MRA_IXI-IOP,116,213,160,0,78,77,13,49,16
radius_2x_c095,ixi,IXI425-IOP-0988-MRA_IXI-IOP,117,213,160,28,104,98,15,65,24
radius_2x_c095,ixi,IXI425-IOP-0988-MRA_IXI-IOP,118,213,200,0,98,103,24,54,20
radius_2x_c095,ixi,IXI425-IOP-0988-MRA_IXI-IOP,119,213,200,28,123,126,25,75,23
radius_2x_c095,ixi,IXI425-IOP-0988-MRA_IXI-IOP,120,213,240,0,26,24,6,14,6
radius_2x_c095,ixi,IXI425-IOP-0988-MRA_IXI-IOP,121,213,240,28,39,35,7,23,9
radius_2x_c095,ixi,IXI425-IOP-0988-MRA_IXI-IOP,122,213,280,0,4,3,1,2,1
radius_2x_c095,ixi,IXI425-IOP-0988-MRA_IXI-IOP,123,213,280,28,7,5,1,3,3
radius_2x_c095,ixi,IXI425-IOP-0988-MRA_IXI-IOP,124,213,287,0,0,0,0,0,0
radius_2x_c095,ixi,IXI425-IOP-0988-MRA_IXI-IOP,125,213,287,28,0,0,0,0,0
radius_1p5x_c095,ixi,IXI542-IOP-1147-MRA_IXI-IOP,0,0,0,0,0,0,0,0,0
radius_1p5x_c095,ixi,IXI542-IOP-1147-MRA_IXI-IOP,1,0,0,28,0,0,0,0,0
radius_1p5x_c095,ixi,IXI542-IOP-1147-MRA_IXI-IOP,2,0,40,0,18,15,2,12,4
radius_1p5x_c095,ixi,IXI542-IOP-1147-MRA_IXI-IOP,3,0,40,28,3,2,0,1,2
radius_1p5x_c095,ixi,IXI542-IOP-1147-MRA_IXI-IOP,4,0,80,0,43,41,5,34,4
radius_1p5x_c095,ixi,IXI542-IOP-1147-MRA_IXI-IOP,5,0,80,28,22,20,3,15,4
radius_1p5x_c095,ixi,IXI542-IOP-1147-MRA_IXI-IOP,6,0,120,0,108,106,15,80,13
radius_1p5x_c095,ixi,IXI542-IOP-1147-MRA_IXI-IOP,7,0,120,28,99,97,15,71,13
radius_1p5x_c095,ixi,IXI542-IOP-1147-MRA_IXI-IOP,8,0,160,0,161,161,25,112,24
radius_1p5x_c095,ixi,IXI542-IOP-1147-MRA_IXI-IOP,9,0,160,28,139,134,20,94,25
radius_1p5x_c095,ixi,IXI542-IOP-1147-MRA_IXI-IOP,10,0,200,0,97,92,17,59,21
radius_1p5x_c095,ixi,IXI542-IOP-1147-MRA_IXI-IOP,11,0,200,28,73,69,13,46,14
radius_1p5x_c095,ixi,IXI542-IOP-1147-MRA_IXI-IOP,12,0,240,0,9,7,2,5,2
radius_1p5x_c095,ixi,IXI542-IOP-1147-MRA_IXI-IOP,13,0,240,28,9,7,2,5,2
radius_1p5x_c095,ixi,IXI542-IOP-1147-MRA_IXI-IOP,14,0,264,0,0,0,0,0,0
radius_1p5x_c095,ixi,IXI542-IOP-1147-MRA_IXI-IOP,15,0,264,28,0,0,0,0,0
radius_1p5x_c095,ixi,IXI542-IOP-1147-MRA_IXI-IOP,16,40,0,0,2,1,1,0,1
radius_1p5x_c095,ixi,IXI542-IOP-1147-MRA_IXI-IOP,17,40,0,28,0,0,0,0,0
radius_1p5x_c095,ixi,IXI542-IOP-1147-MRA_IXI-IOP,18,40,40,0,37,32,4,23,10
radius_1p5x_c095,ixi,IXI542-IOP-1147-MRA_IXI-IOP,19,40,40,28,3,2,0,1,2
radius_1p5x_c095,ixi,IXI542-IOP-1147-MRA_IXI-IOP,20,40,80,0,46,41,4,30,12
radius_1p5x_c095,ixi,IXI542-IOP-1147-MRA_IXI-IOP,21,40,80,28,15,13,0,11,4
radius_1p5x_c095,ixi,IXI542-IOP-1147-MRA_IXI-IOP,22,40,120,0,63,58,10,39,14
radius_1p5x_c095,ixi,IXI542-IOP-1147-MRA_IXI-IOP,23,40,120,28,41,39,7,25,9
radius_1p5x_c095,ixi,IXI542-IOP-1147-MRA_IXI-IOP,24,40,160,0,131,131,24,82,25
radius_1p5x_c095,ixi,IXI542-IOP-1147-MRA_IXI-IOP,25,40,160,28,108,104,15,73,20
radius_1p5x_c095,ixi,IXI542-IOP-1147-MRA_IXI-IOP,26,40,200,0,109,117,37,58,14
radius_1p5x_c095,ixi,IXI542-IOP-1147-MRA_IXI-IOP,27,40,200,28,68,64,15,37,16
radius_1p5x_c095,ixi,IXI542-IOP-1147-MRA_IXI-IOP,28,40,240,0,40,36,13,17,10
radius_1p5x_c095,ixi,IXI542-IOP-1147-MRA_IXI-IOP,29,40,240,28,15,11,5,5,5
radius_1p5x_c095,ixi,IXI542-IOP-1147-MRA_IXI-IOP,30,40,264,0,2,1,1,0,1
radius_1p5x_c095,ixi,IXI542-IOP-1147-MRA_IXI-IOP,31,40,264,28,0,0,0,0,0
radius_1p5x_c095,ixi,IXI542-IOP-1147-MRA_IXI-IOP,32,80,0,0,2,1,1,0,1
radius_1p5x_c095,ixi,IXI542-IOP-1147-MRA_IXI-IOP,33,80,0,28,0,0,0,0,0
radius_1p5x_c095,ixi,IXI542-IOP-1147-MRA_IXI-IOP,34,80,40,0,47,45,10,35,2
radius_1p5x_c095,ixi,IXI542-IOP-1147-MRA_IXI-IOP,35,80,40,28,0,0,0,0,0
radius_1p5x_c095,ixi,IXI542-IOP-1147-MRA_IXI-IOP,36,80,80,0,79,74,15,55,9
radius_1p5x_c095,ixi,IXI542-IOP-1147-MRA_IXI-IOP,37,80,80,28,20,17,2,14,4
radius_1p5x_c095,ixi,IXI542-IOP-1147-MRA_IXI-IOP,38,80,120,0,64,60,10,46,8
radius_1p5x_c095,ixi,IXI542-IOP-1147-MRA_IXI-IOP,39,80,120,28,29,28,2,23,4
radius_1p5x_c095,ixi,IXI542-IOP-1147-MRA_IXI-IOP,40,80,160,0,51,46,11,24,16
radius_1p5x_c095,ixi,IXI542-IOP-1147-MRA_IXI-IOP,41,80,160,28,23,18,5,7,11
radius_1p5x_c095,ixi,IXI542-IOP-1147-MRA_IXI-IOP,42,80,200,0,104,102,27,43,34
radius_1p5x_c095,ixi,IXI542-IOP-1147-MRA_IXI-IOP,43,80,200,28,93,90,21,44,28
radius_1p5x_c095,ixi,IXI542-IOP-1147-MRA_IXI-IOP,44,80,240,0,77,72,14,35,28
radius_1p5x_c095,ixi,IXI542-IOP-1147-MRA_IXI-IOP,45,80,240,28,74,71,12,42,20
radius_1p5x_c095,ixi,IXI542-IOP-1147-MRA_IXI-IOP,46,80,264,0,16,13,1,10,5
radius_1p5x_c095,ixi,IXI542-IOP-1147-MRA_IXI-IOP,47,80,264,28,16,14,1,12,3
radius_1p5x_c095,ixi,IXI542-IOP-1147-MRA_IXI-IOP,48,120,0,0,2,1,1,0,1
radius_1p5x_c095,ixi,IXI542-IOP-1147-MRA_IXI-IOP,49,120,0,28,0,0,0,0,0
radius_1p5x_c095,ixi,IXI542-IOP-1147-MRA_IXI-IOP,50,120,40,0,46,46,15,27,4
radius_1p5x_c095,ixi,IXI542-IOP-1147-MRA_IXI-IOP,51,120,40,28,0,0,0,0,0
radius_1p5x_c095,ixi,IXI542-IOP-1147-MRA_IXI-IOP,52,120,80,0,99,95,23,64,12
radius_1p5x_c095,ixi,IXI542-IOP-1147-MRA_IXI-IOP,53,120,80,28,27,24,3,21,3
radius_1p5x_c095,ixi,IXI542-IOP-1147-MRA_IXI-IOP,54,120,120,0,72,64,10,48,14
radius_1p5x_c095,ixi,IXI542-IOP-1147-MRA_IXI-IOP,55,120,120,28,43,40,4,33,6
radius_1p5x_c095,ixi,IXI542-IOP-1147-MRA_IXI-IOP,56,120,160,0,74,73,20,36,18
radius_1p5x_c095,ixi,IXI542-IOP-1147-MRA_IXI-IOP,57,120,160,28,48,47,14,26,8
radius_1p5x_c095,ixi,IXI542-IOP-1147-MRA_IXI-IOP,58,120,200,0,138,149,40,75,23
radius_1p5x_c095,ixi,IXI542-IOP-1147-MRA_IXI-IOP,59,120,200,28,142,152,39,88,15
radius_1p5x_c095,ixi,IXI542-IOP-1147-MRA_IXI-IOP,60,120,240,0,92,92,17,59,16
radius_1p5x_c095,ixi,IXI542-IOP-1147-MRA_IXI-IOP,61,120,240,28,103,105,20,74,9
radius_1p5x_c095,ixi,IXI542-IOP-1147-MRA_IXI-IOP,62,120,264,0,28,24,4,20,4
radius_1p5x_c095,ixi,IXI542-IOP-1147-MRA_IXI-IOP,63,120,264,28,30,26,5,22,3
radius_1p5x_c095,ixi,IXI542-IOP-1147-MRA_IXI-IOP,64,160,0,0,4,2,2,0,2
radius_1p5x_c095,ixi,IXI542-IOP-1147-MRA_IXI-IOP,65,160,0,28,0,0,0,0,0
radius_1p5x_c095,ixi,IXI542-IOP-1147-MRA_IXI-IOP,66,160,40,0,36,38,12,21,3
radius_1p5x_c095,ixi,IXI542-IOP-1147-MRA_IXI-IOP,67,160,40,28,0,0,0,0,0
radius_1p5x_c095,ixi,IXI542-IOP-1147-MRA_IXI-IOP,68,160,80,0,71,69,17,42,12
radius_1p5x_c095,ixi,IXI542-IOP-1147-MRA_IXI-IOP,69,160,80,28,18,15,2,12,4
radius_1p5x_c095,ixi,IXI542-IOP-1147-MRA_IXI-IOP,70,160,120,0,88,79,15,58,15
radius_1p5x_c095,ixi,IXI542-IOP-1147-MRA_IXI-IOP,71,160,120,28,45,39,6,27,12
radius_1p5x_c095,ixi,IXI542-IOP-1147-MRA_IXI-IOP,72,160,160,0,106,100,23,54,29
radius_1p5x_c095,ixi,IXI542-IOP-1147-MRA_IXI-IOP,73,160,160,28,37,33,5,23,9
radius_1p5x_c095,ixi,IXI542-IOP-1147-MRA_IXI-IOP,74,160,200,0,114,124,37,62,15
radius_1p5x_c095,ixi,IXI542-IOP-1147-MRA_IXI-IOP,75,160,200,28,32,30,7,22,3
radius_1p5x_c095,ixi,IXI542-IOP-1147-MRA_IXI-IOP,76,160,240,0,29,25,6,16,7
radius_1p5x_c095,ixi,IXI542-IOP-1147-MRA_IXI-IOP,77,160,240,28,13,10,3,7,3
radius_1p5x_c095,ixi,IXI542-IOP-1147-MRA_IXI-IOP,78,160,264,0,7,5,2,3,2
radius_1p5x_c095,ixi,IXI542-IOP-1147-MRA_IXI-IOP,79,160,264,28,7,5,2,3,2
radius_1p5x_c095,ixi,IXI542-IOP-1147-MRA_IXI-IOP,80,200,0,0,2,1,1,0,1
radius_1p5x_c095,ixi,IXI542-IOP-1147-MRA_IXI-IOP,81,200,0,28,0,0,0,0,0
radius_1p5x_c095,ixi,IXI542-IOP-1147-MRA_IXI-IOP,82,200,40,0,27,23,3,19,5
radius_1p5x_c095,ixi,IXI542-IOP-1147-MRA_IXI-IOP,83,200,40,28,6,4,1,2,3
radius_1p5x_c095,ixi,IXI542-IOP-1147-MRA_IXI-IOP,84,200,80,0,76,68,5,60,11
radius_1p5x_c095,ixi,IXI542-IOP-1147-MRA_IXI-IOP,85,200,80,28,36,31,3,26,7
radius_1p5x_c095,ixi,IXI542-IOP-1147-MRA_IXI-IOP,86,200,120,0,141,138,17,107,17
radius_1p5x_c095,ixi,IXI542-IOP-1147-MRA_IXI-IOP,87,200,120,28,95,90,12,66,17
radius_1p5x_c095,ixi,IXI542-IOP-1147-MRA_IXI-IOP,88,200,160,0,143,148,32,93,18
radius_1p5x_c095,ixi,IXI542-IOP-1147-MRA_IXI-IOP,89,200,160,28,90,83,10,63,17
radius_1p5x_c095,ixi,IXI542-IOP-1147-MRA_IXI-IOP,90,200,200,0,116,130,37,71,8
radius_1p5x_c095,ixi,IXI542-IOP-1147-MRA_IXI-IOP,91,200,200,28,48,45,7,36,5
radius_1p5x_c095,ixi,IXI542-IOP-1147-MRA_IXI-IOP,92,200,240,0,18,17,3,11,4
radius_1p5x_c095,ixi,IXI542-IOP-1147-MRA_IXI-IOP,93,200,240,28,6,5,1,4,1
radius_1p5x_c095,ixi,IXI542-IOP-1147-MRA_IXI-IOP,94,200,264,0,0,0,0,0,0
radius_1p5x_c095,ixi,IXI542-IOP-1147-MRA_IXI-IOP,95,200,264,28,0,0,0,0,0
radius_1p5x_c095,ixi,IXI542-IOP-1147-MRA_IXI-IOP,96,214,0,0,0,0,0,0,0
radius_1p5x_c095,ixi,IXI542-IOP-1147-MRA_IXI-IOP,97,214,0,28,0,0,0,0,0
radius_1p5x_c095,ixi,IXI542-IOP-1147-MRA_IXI-IOP,98,214,40,0,26,23,2,20,4
radius_1p5x_c095,ixi,IXI542-IOP-1147-MRA_IXI-IOP,99,214,40,28,9,7,1,5,3
radius_1p5x_c095,ixi,IXI542-IOP-1147-MRA_IXI-IOP,100,214,80,0,76,70,4,64,8
radius_1p5x_c095,ixi,IXI542-IOP-1147-MRA_IXI-IOP,101,214,80,28,32,27,2,22,8
radius_1p5x_c095,ixi,IXI542-IOP-1147-MRA_IXI-IOP,102,214,120,0,133,131,13,105,15
radius_1p5x_c095,ixi,IXI542-IOP-1147-MRA_IXI-IOP,103,214,120,28,86,81,9,61,16
radius_1p5x_c095,ixi,IXI542-IOP-1147-MRA_IXI-IOP,104,214,160,0,132,136,30,84,18
radius_1p5x_c095,ixi,IXI542-IOP-1147-MRA_IXI-IOP,105,214,160,28,81,72,8,54,19
radius_1p5x_c095,ixi,IXI542-IOP-1147-MRA_IXI-IOP,106,214,200,0,89,90,28,41,20
radius_1p5x_c095,ixi,IXI542-IOP-1147-MRA_IXI-IOP,107,214,200,28,33,26,4,19,10
radius_1p5x_c095,ixi,IXI542-IOP-1147-MRA_IXI-IOP,108,214,240,0,7,5,1,3,3
radius_1p5x_c095,ixi,IXI542-IOP-1147-MRA_IXI-IOP,109,214,240,28,5,4,1,3,1
radius_1p5x_c095,ixi,IXI542-IOP-1147-MRA_IXI-IOP,110,214,264,0,0,0,0,0,0
radius_1p5x_c095,ixi,IXI542-IOP-1147-MRA_IXI-IOP,111,214,264,28,0,0,0,0,0
radius_2x_c095,ixi,IXI542-IOP-1147-MRA_IXI-IOP,0,0,0,0,0,0,0,0,0
radius_2x_c095,ixi,IXI542-IOP-1147-MRA_IXI-IOP,1,0,0,28,0,0,0,0,0
radius_2x_c095,ixi,IXI542-IOP-1147-MRA_IXI-IOP,2,0,40,0,18,15,2,12,4
radius_2x_c095,ixi,IXI542-IOP-1147-MRA_IXI-IOP,3,0,40,28,3,2,0,1,2
radius_2x_c095,ixi,IXI542-IOP-1147-MRA_IXI-IOP,4,0,80,0,44,42,5,35,4
radius_2x_c095,ixi,IXI542-IOP-1147-MRA_IXI-IOP,5,0,80,28,22,20,3,15,4
radius_2x_c095,ixi,IXI542-IOP-1147-MRA_IXI-IOP,6,0,120,0,107,105,15,79,13
radius_2x_c095,ixi,IXI542-IOP-1147-MRA_IXI-IOP,7,0,120,28,98,96,15,70,13
radius_2x_c095,ixi,IXI542-IOP-1147-MRA_IXI-IOP,8,0,160,0,160,160,25,111,24
radius_2x_c095,ixi,IXI542-IOP-1147-MRA_IXI-IOP,9,0,160,28,138,133,20,93,25
radius_2x_c095,ixi,IXI542-IOP-1147-MRA_IXI-IOP,10,0,200,0,97,92,17,59,21
radius_2x_c095,ixi,IXI542-IOP-1147-MRA_IXI-IOP,11,0,200,28,73,69,13,46,14
radius_2x_c095,ixi,IXI542-IOP-1147-MRA_IXI-IOP,12,0,240,0,9,7,2,5,2
radius_2x_c095,ixi,IXI542-IOP-1147-MRA_IXI-IOP,13,0,240,28,9,7,2,5,2
radius_2x_c095,ixi,IXI542-IOP-1147-MRA_IXI-IOP,14,0,264,0,0,0,0,0,0
radius_2x_c095,ixi,IXI542-IOP-1147-MRA_IXI-IOP,15,0,264,28,0,0,0,0,0
radius_2x_c095,ixi,IXI542-IOP-1147-MRA_IXI-IOP,16,40,0,0,2,1,1,0,1
radius_2x_c095,ixi,IXI542-IOP-1147-MRA_IXI-IOP,17,40,0,28,0,0,0,0,0
radius_2x_c095,ixi,IXI542-IOP-1147-MRA_IXI-IOP,18,40,40,0,37,32,4,23,10
radius_2x_c095,ixi,IXI542-IOP-1147-MRA_IXI-IOP,19,40,40,28,3,2,0,1,2
radius_2x_c095,ixi,IXI542-IOP-1147-MRA_IXI-IOP,20,40,80,0,46,41,4,30,12
radius_2x_c095,ixi,IXI542-IOP-1147-MRA_IXI-IOP,21,40,80,28,15,13,0,11,4
radius_2x_c095,ixi,IXI542-IOP-1147-MRA_IXI-IOP,22,40,120,0,62,57,10,38,14
radius_2x_c095,ixi,IXI542-IOP-1147-MRA_IXI-IOP,23,40,120,28,40,38,7,24,9
radius_2x_c095,ixi,IXI542-IOP-1147-MRA_IXI-IOP,24,40,160,0,130,130,24,81,25
radius_2x_c095,ixi,IXI542-IOP-1147-MRA_IXI-IOP,25,40,160,28,106,102,15,71,20
radius_2x_c095,ixi,IXI542-IOP-1147-MRA_IXI-IOP,26,40,200,0,109,117,37,58,14
radius_2x_c095,ixi,IXI542-IOP-1147-MRA_IXI-IOP,27,40,200,28,67,63,15,36,16
radius_2x_c095,ixi,IXI542-IOP-1147-MRA_IXI-IOP,28,40,240,0,40,36,13,17,10
radius_2x_c095,ixi,IXI542-IOP-1147-MRA_IXI-IOP,29,40,240,28,15,11,5,5,5
radius_2x_c095,ixi,IXI542-IOP-1147-MRA_IXI-IOP,30,40,264,0,2,1,1,0,1
radius_2x_c095,ixi,IXI542-IOP-1147-MRA_IXI-IOP,31,40,264,28,0,0,0,0,0
radius_2x_c095,ixi,IXI542-IOP-1147-MRA_IXI-IOP,32,80,0,0,2,1,1,0,1
radius_2x_c095,ixi,IXI542-IOP-1147-MRA_IXI-IOP,33,80,0,28,0,0,0,0,0
radius_2x_c095,ixi,IXI542-IOP-1147-MRA_IXI-IOP,34,80,40,0,47,45,10,35,2
radius_2x_c095,ixi,IXI542-IOP-1147-MRA_IXI-IOP,35,80,40,28,0,0,0,0,0
radius_2x_c095,ixi,IXI542-IOP-1147-MRA_IXI-IOP,36,80,80,0,80,75,15,56,9
radius_2x_c095,ixi,IXI542-IOP-1147-MRA_IXI-IOP,37,80,80,28,20,17,2,14,4
radius_2x_c095,ixi,IXI542-IOP-1147-MRA_IXI-IOP,38,80,120,0,63,59,10,45,8
radius_2x_c095,ixi,IXI542-IOP-1147-MRA_IXI-IOP,39,80,120,28,27,26,2,21,4
radius_2x_c095,ixi,IXI542-IOP-1147-MRA_IXI-IOP,40,80,160,0,51,46,11,24,16
radius_2x_c095,ixi,IXI542-IOP-1147-MRA_IXI-IOP,41,80,160,28,23,18,5,7,11
radius_2x_c095,ixi,IXI542-IOP-1147-MRA_IXI-IOP,42,80,200,0,103,101,27,42,34
radius_2x_c095,ixi,IXI542-IOP-1147-MRA_IXI-IOP,43,80,200,28,92,89,21,43,28
radius_2x_c095,ixi,IXI542-IOP-1147-MRA_IXI-IOP,44,80,240,0,77,72,14,35,28
radius_2x_c095,ixi,IXI542-IOP-1147-MRA_IXI-IOP,45,80,240,28,74,71,12,42,20
radius_2x_c095,ixi,IXI542-IOP-1147-MRA_IXI-IOP,46,80,264,0,16,13,1,10,5
radius_2x_c095,ixi,IXI542-IOP-1147-MRA_IXI-IOP,47,80,264,28,16,14,1,12,3
radius_2x_c095,ixi,IXI542-IOP-1147-MRA_IXI-IOP,48,120,0,0,2,1,1,0,1
radius_2x_c095,ixi,IXI542-IOP-1147-MRA_IXI-IOP,49,120,0,28,0,0,0,0,0
radius_2x_c095,ixi,IXI542-IOP-1147-MRA_IXI-IOP,50,120,40,0,46,46,15,27,4
radius_2x_c095,ixi,IXI542-IOP-1147-MRA_IXI-IOP,51,120,40,28,0,0,0,0,0
radius_2x_c095,ixi,IXI542-IOP-1147-MRA_IXI-IOP,52,120,80,0,100,96,23,65,12
radius_2x_c095,ixi,IXI542-IOP-1147-MRA_IXI-IOP,53,120,80,28,27,24,3,21,3
radius_2x_c095,ixi,IXI542-IOP-1147-MRA_IXI-IOP,54,120,120,0,71,63,10,47,14
radius_2x_c095,ixi,IXI542-IOP-1147-MRA_IXI-IOP,55,120,120,28,41,38,4,31,6
radius_2x_c095,ixi,IXI542-IOP-1147-MRA_IXI-IOP,56,120,160,0,74,73,20,36,18
radius_2x_c095,ixi,IXI542-IOP-1147-MRA_IXI-IOP,57,120,160,28,48,47,14,26,8
radius_2x_c095,ixi,IXI542-IOP-1147-MRA_IXI-IOP,58,120,200,0,135,146,40,72,23
radius_2x_c095,ixi,IXI542-IOP-1147-MRA_IXI-IOP,59,120,200,28,139,149,39,85,15
radius_2x_c095,ixi,IXI542-IOP-1147-MRA_IXI-IOP,60,120,240,0,91,91,17,58,16
radius_2x_c095,ixi,IXI542-IOP-1147-MRA_IXI-IOP,61,120,240,28,102,104,20,73,9
radius_2x_c095,ixi,IXI542-IOP-1147-MRA_IXI-IOP,62,120,264,0,28,24,4,20,4
radius_2x_c095,ixi,IXI542-IOP-1147-MRA_IXI-IOP,63,120,264,28,30,26,5,22,3
radius_2x_c095,ixi,IXI542-IOP-1147-MRA_IXI-IOP,64,160,0,0,4,2,2,0,2
radius_2x_c095,ixi,IXI542-IOP-1147-MRA_IXI-IOP,65,160,0,28,0,0,0,0,0
radius_2x_c095,ixi,IXI542-IOP-1147-MRA_IXI-IOP,66,160,40,0,36,38,12,21,3
radius_2x_c095,ixi,IXI542-IOP-1147-MRA_IXI-IOP,67,160,40,28,0,0,0,0,0
radius_2x_c095,ixi,IXI542-IOP-1147-MRA_IXI-IOP,68,160,80,0,71,69,17,42,12
radius_2x_c095,ixi,IXI542-IOP-1147-MRA_IXI-IOP,69,160,80,28,18,15,2,12,4
radius_2x_c095,ixi,IXI542-IOP-1147-MRA_IXI-IOP,70,160,120,0,87,78,15,57,15
radius_2x_c095,ixi,IXI542-IOP-1147-MRA_IXI-IOP,71,160,120,28,45,39,6,27,12
radius_2x_c095,ixi,IXI542-IOP-1147-MRA_IXI-IOP,72,160,160,0,104,98,23,52,29
radius_2x_c095,ixi,IXI542-IOP-1147-MRA_IXI-IOP,73,160,160,28,37,33,5,23,9
radius_2x_c095,ixi,IXI542-IOP-1147-MRA_IXI-IOP,74,160,200,0,113,123,37,61,15
radius_2x_c095,ixi,IXI542-IOP-1147-MRA_IXI-IOP,75,160,200,28,32,30,7,22,3
radius_2x_c095,ixi,IXI542-IOP-1147-MRA_IXI-IOP,76,160,240,0,29,25,6,16,7
radius_2x_c095,ixi,IXI542-IOP-1147-MRA_IXI-IOP,77,160,240,28,13,10,3,7,3
radius_2x_c095,ixi,IXI542-IOP-1147-MRA_IXI-IOP,78,160,264,0,7,5,2,3,2
radius_2x_c095,ixi,IXI542-IOP-1147-MRA_IXI-IOP,79,160,264,28,7,5,2,3,2
radius_2x_c095,ixi,IXI542-IOP-1147-MRA_IXI-IOP,80,200,0,0,2,1,1,0,1
radius_2x_c095,ixi,IXI542-IOP-1147-MRA_IXI-IOP,81,200,0,28,0,0,0,0,0
radius_2x_c095,ixi,IXI542-IOP-1147-MRA_IXI-IOP,82,200,40,0,27,23,3,19,5
radius_2x_c095,ixi,IXI542-IOP-1147-MRA_IXI-IOP,83,200,40,28,6,4,1,2,3
radius_2x_c095,ixi,IXI542-IOP-1147-MRA_IXI-IOP,84,200,80,0,76,68,5,60,11
radius_2x_c095,ixi,IXI542-IOP-1147-MRA_IXI-IOP,85,200,80,28,37,32,3,27,7
radius_2x_c095,ixi,IXI542-IOP-1147-MRA_IXI-IOP,86,200,120,0,140,137,17,106,17
radius_2x_c095,ixi,IXI542-IOP-1147-MRA_IXI-IOP,87,200,120,28,95,90,12,66,17
radius_2x_c095,ixi,IXI542-IOP-1147-MRA_IXI-IOP,88,200,160,0,140,145,32,90,18
radius_2x_c095,ixi,IXI542-IOP-1147-MRA_IXI-IOP,89,200,160,28,90,83,10,63,17
radius_2x_c095,ixi,IXI542-IOP-1147-MRA_IXI-IOP,90,200,200,0,115,129,37,70,8
radius_2x_c095,ixi,IXI542-IOP-1147-MRA_IXI-IOP,91,200,200,28,48,45,7,36,5
radius_2x_c095,ixi,IXI542-IOP-1147-MRA_IXI-IOP,92,200,240,0,18,17,3,11,4
radius_2x_c095,ixi,IXI542-IOP-1147-MRA_IXI-IOP,93,200,240,28,6,5,1,4,1
radius_2x_c095,ixi,IXI542-IOP-1147-MRA_IXI-IOP,94,200,264,0,0,0,0,0,0
radius_2x_c095,ixi,IXI542-IOP-1147-MRA_IXI-IOP,95,200,264,28,0,0,0,0,0
radius_2x_c095,ixi,IXI542-IOP-1147-MRA_IXI-IOP,96,214,0,0,0,0,0,0,0
radius_2x_c095,ixi,IXI542-IOP-1147-MRA_IXI-IOP,97,214,0,28,0,0,0,0,0
radius_2x_c095,ixi,IXI542-IOP-1147-MRA_IXI-IOP,98,214,40,0,26,23,2,20,4
radius_2x_c095,ixi,IXI542-IOP-1147-MRA_IXI-IOP,99,214,40,28,9,7,1,5,3
radius_2x_c095,ixi,IXI542-IOP-1147-MRA_IXI-IOP,100,214,80,0,76,70,4,64,8
radius_2x_c095,ixi,IXI542-IOP-1147-MRA_IXI-IOP,101,214,80,28,33,28,2,23,8
radius_2x_c095,ixi,IXI542-IOP-1147-MRA_IXI-IOP,102,214,120,0,132,130,13,104,15
radius_2x_c095,ixi,IXI542-IOP-1147-MRA_IXI-IOP,103,214,120,28,86,81,9,61,16
radius_2x_c095,ixi,IXI542-IOP-1147-MRA_IXI-IOP,104,214,160,0,130,134,30,82,18
radius_2x_c095,ixi,IXI542-IOP-1147-MRA_IXI-IOP,105,214,160,28,81,72,8,54,19
radius_2x_c095,ixi,IXI542-IOP-1147-MRA_IXI-IOP,106,214,200,0,89,90,28,41,20
radius_2x_c095,ixi,IXI542-IOP-1147-MRA_IXI-IOP,107,214,200,28,33,26,4,19,10
radius_2x_c095,ixi,IXI542-IOP-1147-MRA_IXI-IOP,108,214,240,0,7,5,1,3,3
radius_2x_c095,ixi,IXI542-IOP-1147-MRA_IXI-IOP,109,214,240,28,5,4,1,3,1
radius_2x_c095,ixi,IXI542-IOP-1147-MRA_IXI-IOP,110,214,264,0,0,0,0,0,0
radius_2x_c095,ixi,IXI542-IOP-1147-MRA_IXI-IOP,111,214,264,28,0,0,0,0,0
radius_1p5x_c095,topbrain,topcow_ct_021,0,0,0,0,0,0,0,0,0
radius_1p5x_c095,topbrain,topcow_ct_021,1,0,0,40,0,0,0,0,0
radius_1p5x_c095,topbrain,topcow_ct_021,2,0,0,80,0,0,0,0,0
radius_1p5x_c095,topbrain,topcow_ct_021,3,0,0,120,0,0,0,0,0
radius_1p5x_c095,topbrain,topcow_ct_021,4,0,0,141,0,0,0,0,0
radius_1p5x_c095,topbrain,topcow_ct_021,5,0,40,0,0,0,0,0,0
radius_1p5x_c095,topbrain,topcow_ct_021,6,0,40,40,2,1,0,0,2
radius_1p5x_c095,topbrain,topcow_ct_021,7,0,40,80,0,0,0,0,0
radius_1p5x_c095,topbrain,topcow_ct_021,8,0,40,120,0,0,0,0,0
radius_1p5x_c095,topbrain,topcow_ct_021,9,0,40,141,0,0,0,0,0
radius_1p5x_c095,topbrain,topcow_ct_021,10,0,80,0,22,18,4,8,10
radius_1p5x_c095,topbrain,topcow_ct_021,11,0,80,40,72,62,20,36,16
radius_1p5x_c095,topbrain,topcow_ct_021,12,0,80,80,32,25,9,14,9
radius_1p5x_c095,topbrain,topcow_ct_021,13,0,80,120,0,0,0,0,0
radius_1p5x_c095,topbrain,topcow_ct_021,14,0,80,141,0,0,0,0,0
radius_1p5x_c095,topbrain,topcow_ct_021,15,0,120,0,21,19,4,9,8
radius_1p5x_c095,topbrain,topcow_ct_021,16,0,120,40,112,116,32,69,11
radius_1p5x_c095,topbrain,topcow_ct_021,17,0,120,80,79,77,18,46,15
radius_1p5x_c095,topbrain,topcow_ct_021,18,0,120,120,0,0,0,0,0
radius_1p5x_c095,topbrain,topcow_ct_021,19,0,120,141,0,0,0,0,0
radius_1p5x_c095,topbrain,topcow_ct_021,20,0,160,0,0,0,0,0,0
radius_1p5x_c095,topbrain,topcow_ct_021,21,0,160,40,63,61,14,39,10
radius_1p5x_c095,topbrain,topcow_ct_021,22,0,160,80,66,65,15,44,7
radius_1p5x_c095,topbrain,topcow_ct_021,23,0,160,120,0,0,0,0,0
radius_1p5x_c095,topbrain,topcow_ct_021,24,0,160,141,0,0,0,0,0
radius_1p5x_c095,topbrain,topcow_ct_021,25,0,200,0,0,0,0,0,0
radius_1p5x_c095,topbrain,topcow_ct_021,26,0,200,40,11,9,3,3,5
radius_1p5x_c095,topbrain,topcow_ct_021,27,0,200,80,13,11,4,5,4
radius_1p5x_c095,topbrain,topcow_ct_021,28,0,200,120,0,0,0,0,0
radius_1p5x_c095,topbrain,topcow_ct_021,29,0,200,141,0,0,0,0,0
radius_1p5x_c095,topbrain,topcow_ct_021,30,0,240,0,0,0,0,0,0
radius_1p5x_c095,topbrain,topcow_ct_021,31,0,240,40,0,0,0,0,0
radius_1p5x_c095,topbrain,topcow_ct_021,32,0,240,80,0,0,0,0,0
radius_1p5x_c095,topbrain,topcow_ct_021,33,0,240,120,0,0,0,0,0
radius_1p5x_c095,topbrain,topcow_ct_021,34,0,240,141,0,0,0,0,0
radius_1p5x_c095,topbrain,topcow_ct_021,35,0,280,0,0,0,0,0,0
radius_1p5x_c095,topbrain,topcow_ct_021,36,0,280,40,0,0,0,0,0
radius_1p5x_c095,topbrain,topcow_ct_021,37,0,280,80,0,0,0,0,0
radius_1p5x_c095,topbrain,topcow_ct_021,38,0,280,120,0,0,0,0,0
radius_1p5x_c095,topbrain,topcow_ct_021,39,0,280,141,0,0,0,0,0
radius_1p5x_c095,topbrain,topcow_ct_021,40,0,281,0,0,0,0,0,0
radius_1p5x_c095,topbrain,topcow_ct_021,41,0,281,40,0,0,0,0,0
radius_1p5x_c095,topbrain,topcow_ct_021,42,0,281,80,0,0,0,0,0
radius_1p5x_c095,topbrain,topcow_ct_021,43,0,281,120,0,0,0,0,0
radius_1p5x_c095,topbrain,topcow_ct_021,44,0,281,141,0,0,0,0,0
radius_1p5x_c095,topbrain,topcow_ct_021,45,40,0,0,0,0,0,0,0
radius_1p5x_c095,topbrain,topcow_ct_021,46,40,0,40,0,0,0,0,0
radius_1p5x_c095,topbrain,topcow_ct_021,47,40,0,80,0,0,0,0,0
radius_1p5x_c095,topbrain,topcow_ct_021,48,40,0,120,0,0,0,0,0
radius_1p5x_c095,topbrain,topcow_ct_021,49,40,0,141,0,0,0,0,0
radius_1p5x_c095,topbrain,topcow_ct_021,50,40,40,0,0,0,0,0,0
radius_1p5x_c095,topbrain,topcow_ct_021,51,40,40,40,16,15,1,12,3
radius_1p5x_c095,topbrain,topcow_ct_021,52,40,40,80,8,6,0,4,4
radius_1p5x_c095,topbrain,topcow_ct_021,53,40,40,120,0,0,0,0,0
radius_1p5x_c095,topbrain,topcow_ct_021,54,40,40,141,0,0,0,0,0
radius_1p5x_c095,topbrain,topcow_ct_021,55,40,80,0,27,25,6,13,8
radius_1p5x_c095,topbrain,topcow_ct_021,56,40,80,40,92,89,21,60,11
radius_1p5x_c095,topbrain,topcow_ct_021,57,40,80,80,43,38,8,25,10
radius_1p5x_c095,topbrain,topcow_ct_021,58,40,80,120,0,0,0,0,0
radius_1p5x_c095,topbrain,topcow_ct_021,59,40,80,141,0,0,0,0,0
radius_1p5x_c095,topbrain,topcow_ct_021,60,40,120,0,27,26,6,13,8
radius_1p5x_c095,topbrain,topcow_ct_021,61,40,120,40,114,122,29,73,12
radius_1p5x_c095,topbrain,topcow_ct_021,62,40,120,80,65,67,12,43,10
radius_1p5x_c095,topbrain,topcow_ct_021,63,40,120,120,0,0,0,0,0
radius_1p5x_c095,topbrain,topcow_ct_021,64,40,120,141,0,0,0,0,0
radius_1p5x_c095,topbrain,topcow_ct_021,65,40,160,0,0,0,0,0,0
radius_1p5x_c095,topbrain,topcow_ct_021,66,40,160,40,54,52,8,33,13
radius_1p5x_c095,topbrain,topcow_ct_021,67,40,160,80,51,51,9,34,8
radius_1p5x_c095,topbrain,topcow_ct_021,68,40,160,120,0,0,0,0,0
radius_1p5x_c095,topbrain,topcow_ct_021,69,40,160,141,0,0,0,0,0
radius_1p5x_c095,topbrain,topcow_ct_021,70,40,200,0,0,0,0,0,0
radius_1p5x_c095,topbrain,topcow_ct_021,71,40,200,40,16,13,2,6,8
radius_1p5x_c095,topbrain,topcow_ct_021,72,40,200,80,21,17,4,9,8
radius_1p5x_c095,topbrain,topcow_ct_021,73,40,200,120,0,0,0,0,0
radius_1p5x_c095,topbrain,topcow_ct_021,74,40,200,141,0,0,0,0,0
radius_1p5x_c095,topbrain,topcow_ct_021,75,40,240,0,0,0,0,0,0
radius_1p5x_c095,topbrain,topcow_ct_021,76,40,240,40,14,12,0,10,4
radius_1p5x_c095,topbrain,topcow_ct_021,77,40,240,80,18,15,1,12,5
radius_1p5x_c095,topbrain,topcow_ct_021,78,40,240,120,0,0,0,0,0
radius_1p5x_c095,topbrain,topcow_ct_021,79,40,240,141,0,0,0,0,0
radius_1p5x_c095,topbrain,topcow_ct_021,80,40,280,0,0,0,0,0,0
radius_1p5x_c095,topbrain,topcow_ct_021,81,40,280,40,6,5,0,4,2
radius_1p5x_c095,topbrain,topcow_ct_021,82,40,280,80,6,5,0,4,2
radius_1p5x_c095,topbrain,topcow_ct_021,83,40,280,120,0,0,0,0,0
radius_1p5x_c095,topbrain,topcow_ct_021,84,40,280,141,0,0,0,0,0
radius_1p5x_c095,topbrain,topcow_ct_021,85,40,281,0,0,0,0,0,0
radius_1p5x_c095,topbrain,topcow_ct_021,86,40,281,40,5,4,0,3,2
radius_1p5x_c095,topbrain,topcow_ct_021,87,40,281,80,5,4,0,3,2
radius_1p5x_c095,topbrain,topcow_ct_021,88,40,281,120,0,0,0,0,0
radius_1p5x_c095,topbrain,topcow_ct_021,89,40,281,141,0,0,0,0,0
radius_1p5x_c095,topbrain,topcow_ct_021,90,80,0,0,0,0,0,0,0
radius_1p5x_c095,topbrain,topcow_ct_021,91,80,0,40,2,1,1,0,1
radius_1p5x_c095,topbrain,topcow_ct_021,92,80,0,80,4,3,1,2,1
radius_1p5x_c095,topbrain,topcow_ct_021,93,80,0,120,4,3,0,2,2
radius_1p5x_c095,topbrain,topcow_ct_021,94,80,0,141,3,2,0,1,2
radius_1p5x_c095,topbrain,topcow_ct_021,95,80,40,0,10,9,1,8,1
radius_1p5x_c095,topbrain,topcow_ct_021,96,80,40,40,22,20,4,12,6
radius_1p5x_c095,topbrain,topcow_ct_021,97,80,40,80,16,16,5,10,1
radius_1p5x_c095,topbrain,topcow_ct_021,98,80,40,120,3,2,0,1,2
radius_1p5x_c095,topbrain,topcow_ct_021,99,80,40,141,3,2,0,1,2
radius_1p5x_c095,topbrain,topcow_ct_021,100,80,80,0,19,16,3,13,3
radius_1p5x_c095,topbrain,topcow_ct_021,101,80,80,40,35,31,9,15,11
radius_1p5x_c095,topbrain,topcow_ct_021,102,80,80,80,15,12,4,5,6
radius_1p5x_c095,topbrain,topcow_ct_021,103,80,80,120,5,3,0,1,4
radius_1p5x_c095,topbrain,topcow_ct_021,104,80,80,141,3,2,0,1,2
radius_1p5x_c095,topbrain,topcow_ct_021,105,80,120,0,21,16,3,7,11
radius_1p5x_c095,topbrain,topcow_ct_021,106,80,120,40,47,46,11,23,13
radius_1p5x_c095,topbrain,topcow_ct_021,107,80,120,80,13,10,2,7,4
radius_1p5x_c095,topbrain,topcow_ct_021,108,80,120,120,4,2,0,0,4
radius_1p5x_c095,topbrain,topcow_ct_021,109,80,120,141,2,1,0,0,2
radius_1p5x_c095,topbrain,topcow_ct_021,110,80,160,0,34,31,6,24,4
radius_1p5x_c095,topbrain,topcow_ct_021,111,80,160,40,69,69,12,44,13
radius_1p5x_c095,topbrain,topcow_ct_021,112,80,160,80,41,42,9,25,7
radius_1p5x_c095,topbrain,topcow_ct_021,113,80,160,120,0,0,0,0,0
radius_1p5x_c095,topbrain,topcow_ct_021,114,80,160,141,3,2,0,1,2
radius_1p5x_c095,topbrain,topcow_ct_021,115,80,200,0,16,13,3,10,3
radius_1p5x_c095,topbrain,topcow_ct_021,116,80,200,40,64,63,11,36,17
radius_1p5x_c095,topbrain,topcow_ct_021,117,80,200,80,62,63,14,36,12
radius_1p5x_c095,topbrain,topcow_ct_021,118,80,200,120,2,1,0,0,2
radius_1p5x_c095,topbrain,topcow_ct_021,119,80,200,141,3,2,0,1,2
radius_1p5x_c095,topbrain,topcow_ct_021,120,80,240,0,3,2,1,1,1
radius_1p5x_c095,topbrain,topcow_ct_021,121,80,240,40,40,38,3,32,5
radius_1p5x_c095,topbrain,topcow_ct_021,122,80,240,80,46,44,5,36,5
radius_1p5x_c095,topbrain,topcow_ct_021,123,80,240,120,3,2,0,1,2
radius_1p5x_c095,topbrain,topcow_ct_021,124,80,240,141,3,2,0,1,2
radius_1p5x_c095,topbrain,topcow_ct_021,125,80,280,0,0,0,0,0,0
radius_1p5x_c095,topbrain,topcow_ct_021,126,80,280,40,24,23,1,22,1
radius_1p5x_c095,topbrain,topcow_ct_021,127,80,280,80,26,24,1,22,3
radius_1p5x_c095,topbrain,topcow_ct_021,128,80,280,120,3,2,0,1,2
radius_1p5x_c095,topbrain,topcow_ct_021,129,80,280,141,3,2,0,1,2
radius_1p5x_c095,topbrain,topcow_ct_021,130,80,281,0,0,0,0,0,0
radius_1p5x_c095,topbrain,topcow_ct_021,131,80,281,40,23,22,1,21,1
radius_1p5x_c095,topbrain,topcow_ct_021,132,80,281,80,25,23,1,21,3
radius_1p5x_c095,topbrain,topcow_ct_021,133,80,281,120,3,2,0,1,2
radius_1p5x_c095,topbrain,topcow_ct_021,134,80,281,141,3,2,0,1,2
radius_1p5x_c095,topbrain,topcow_ct_021,135,120,0,0,0,0,0,0,0
radius_1p5x_c095,topbrain,topcow_ct_021,136,120,0,40,2,1,1,0,1
radius_1p5x_c095,topbrain,topcow_ct_021,137,120,0,80,4,3,1,2,1
radius_1p5x_c095,topbrain,topcow_ct_021,138,120,0,120,3,2,0,1,2
radius_1p5x_c095,topbrain,topcow_ct_021,139,120,0,141,2,1,0,0,2
radius_1p5x_c095,topbrain,topcow_ct_021,140,120,40,0,0,0,0,0,0
radius_1p5x_c095,topbrain,topcow_ct_021,141,120,40,40,15,15,3,9,3
radius_1p5x_c095,topbrain,topcow_ct_021,142,120,40,80,16,16,5,10,1
radius_1p5x_c095,topbrain,topcow_ct_021,143,120,40,120,0,0,0,0,0
radius_1p5x_c095,topbrain,topcow_ct_021,144,120,40,141,0,0,0,0,0
radius_1p5x_c095,topbrain,topcow_ct_021,145,120,80,0,4,2,2,0,2
radius_1p5x_c095,topbrain,topcow_ct_021,146,120,80,40,26,22,8,8,10
radius_1p5x_c095,topbrain,topcow_ct_021,147,120,80,80,21,15,4,5,12
radius_1p5x_c095,topbrain,topcow_ct_021,148,120,80,120,0,0,0,0,0
radius_1p5x_c095,topbrain,topcow_ct_021,149,120,80,141,0,0,0,0,0
radius_1p5x_c095,topbrain,topcow_ct_021,150,120,120,0,16,13,3,6,7
radius_1p5x_c095,topbrain,topcow_ct_021,151,120,120,40,54,53,17,23,14
radius_1p5x_c095,topbrain,topcow_ct_021,152,120,120,80,38,34,10,14,14
radius_1p5x_c095,topbrain,topcow_ct_021,153,120,120,120,0,0,0,0,0
radius_1p5x_c095,topbrain,topcow_ct_021,154,120,120,141,0,0,0,0,0
radius_1p5x_c095,topbrain,topcow_ct_021,155,120,160,0,46,42,5,32,9
radius_1p5x_c095,topbrain,topcow_ct_021,156,120,160,40,86,83,13,51,22
radius_1p5x_c095,topbrain,topcow_ct_021,157,120,160,80,66,64,11,40,15
radius_1p5x_c095,topbrain,topcow_ct_021,158,120,160,120,0,0,0,0,0
radius_1p5x_c095,topbrain,topcow_ct_021,159,120,160,141,0,0,0,0,0
radius_1p5x_c095,topbrain,topcow_ct_021,160,120,200,0,28,23,3,18,7
radius_1p5x_c095,topbrain,topcow_ct_021,161,120,200,40,76,74,10,48,18
radius_1p5x_c095,topbrain,topcow_ct_021,162,120,200,80,72,72,13,46,13
radius_1p5x_c095,topbrain,topcow_ct_021,163,120,200,120,2,1,1,0,1
radius_1p5x_c095,topbrain,topcow_ct_021,164,120,200,141,0,0,0,0,0
radius_1p5x_c095,topbrain,topcow_ct_021,165,120,240,0,3,2,1,1,1
radius_1p5x_c095,topbrain,topcow_ct_021,166,120,240,40,34,28,0,22,12
radius_1p5x_c095,topbrain,topcow_ct_021,167,120,240,80,41,35,2,27,12
radius_1p5x_c095,topbrain,topcow_ct_021,168,120,240,120,5,3,1,1,3
radius_1p5x_c095,topbrain,topcow_ct_021,169,120,240,141,3,2,0,1,2
radius_1p5x_c095,topbrain,topcow_ct_021,170,120,280,0,0,0,0,0,0
radius_1p5x_c095,topbrain,topcow_ct_021,171,120,280,40,17,14,2,11,4
radius_1p5x_c095,topbrain,topcow_ct_021,172,120,280,80,18,14,2,10,6
radius_1p5x_c095,topbrain,topcow_ct_021,173,120,280,120,3,2,0,1,2
radius_1p5x_c095,topbrain,topcow_ct_021,174,120,280,141,3,2,0,1,2
radius_1p5x_c095,topbrain,topcow_ct_021,175,120,281,0,0,0,0,0,0
radius_1p5x_c095,topbrain,topcow_ct_021,176,120,281,40,17,14,2,11,4
radius_1p5x_c095,topbrain,topcow_ct_021,177,120,281,80,18,14,2,10,6
radius_1p5x_c095,topbrain,topcow_ct_021,178,120,281,120,3,2,0,1,2
radius_1p5x_c095,topbrain,topcow_ct_021,179,120,281,141,3,2,0,1,2
radius_1p5x_c095,topbrain,topcow_ct_021,180,160,0,0,0,0,0,0,0
radius_1p5x_c095,topbrain,topcow_ct_021,181,160,0,40,0,0,0,0,0
radius_1p5x_c095,topbrain,topcow_ct_021,182,160,0,80,0,0,0,0,0
radius_1p5x_c095,topbrain,topcow_ct_021,183,160,0,120,0,0,0,0,0
radius_1p5x_c095,topbrain,topcow_ct_021,184,160,0,141,0,0,0,0,0
radius_1p5x_c095,topbrain,topcow_ct_021,185,160,40,0,8,7,1,6,1
radius_1p5x_c095,topbrain,topcow_ct_021,186,160,40,40,22,18,4,14,4
radius_1p5x_c095,topbrain,topcow_ct_021,187,160,40,80,19,16,3,13,3
radius_1p5x_c095,topbrain,topcow_ct_021,188,160,40,120,0,0,0,0,0
radius_1p5x_c095,topbrain,topcow_ct_021,189,160,40,141,0,0,0,0,0
radius_1p5x_c095,topbrain,topcow_ct_021,190,160,80,0,5,4,1,3,1
radius_1p5x_c095,topbrain,topcow_ct_021,191,160,80,40,43,36,8,22,13
radius_1p5x_c095,topbrain,topcow_ct_021,192,160,80,80,44,39,6,26,12
radius_1p5x_c095,topbrain,topcow_ct_021,193,160,80,120,0,0,0,0,0
radius_1p5x_c095,topbrain,topcow_ct_021,194,160,80,141,0,0,0,0,0
radius_1p5x_c095,topbrain,topcow_ct_021,195,160,120,0,0,0,0,0,0
radius_1p5x_c095,topbrain,topcow_ct_021,196,160,120,40,38,35,9,18,11
radius_1p5x_c095,topbrain,topcow_ct_021,197,160,120,80,54,51,9,29,16
radius_1p5x_c095,topbrain,topcow_ct_021,198,160,120,120,6,5,0,4,2
radius_1p5x_c095,topbrain,topcow_ct_021,199,160,120,141,0,0,0,0,0
radius_1p5x_c095,topbrain,topcow_ct_021,200,160,160,0,13,11,0,9,4
radius_1p5x_c095,topbrain,topcow_ct_021,201,160,160,40,28,25,0,22,6
radius_1p5x_c095,topbrain,topcow_ct_021,202,160,160,80,42,37,1,30,11
radius_1p5x_c095,topbrain,topcow_ct_021,203,160,160,120,14,11,0,8,6
radius_1p5x_c095,topbrain,topcow_ct_021,204,160,160,141,0,0,0,0,0
radius_1p5x_c095,topbrain,topcow_ct_021,205,160,200,0,16,14,1,12,3
radius_1p5x_c095,topbrain,topcow_ct_021,206,160,200,40,19,16,0,13,6
radius_1p5x_c095,topbrain,topcow_ct_021,207,160,200,80,20,16,1,12,7
radius_1p5x_c095,topbrain,topcow_ct_021,208,160,200,120,5,3,1,1,3
radius_1p5x_c095,topbrain,topcow_ct_021,209,160,200,141,0,0,0,0,0
radius_1p5x_c095,topbrain,topcow_ct_021,210,160,240,0,3,2,0,1,2
radius_1p5x_c095,topbrain,topcow_ct_021,211,160,240,40,12,10,0,8,4
radius_1p5x_c095,topbrain,topcow_ct_021,212,160,240,80,14,12,1,10,3
radius_1p5x_c095,topbrain,topcow_ct_021,213,160,240,120,2,1,1,0,1
radius_1p5x_c095,topbrain,topcow_ct_021,214,160,240,141,0,0,0,0,0
radius_1p5x_c095,topbrain,topcow_ct_021,215,160,280,0,0,0,0,0,0
radius_1p5x_c095,topbrain,topcow_ct_021,216,160,280,40,3,2,1,1,1
radius_1p5x_c095,topbrain,topcow_ct_021,217,160,280,80,0,0,0,0,0
radius_1p5x_c095,topbrain,topcow_ct_021,218,160,280,120,0,0,0,0,0
radius_1p5x_c095,topbrain,topcow_ct_021,219,160,280,141,0,0,0,0,0
radius_1p5x_c095,topbrain,topcow_ct_021,220,160,281,0,0,0,0,0,0
radius_1p5x_c095,topbrain,topcow_ct_021,221,160,281,40,3,2,1,1,1
radius_1p5x_c095,topbrain,topcow_ct_021,222,160,281,80,0,0,0,0,0
radius_1p5x_c095,topbrain,topcow_ct_021,223,160,281,120,0,0,0,0,0
radius_1p5x_c095,topbrain,topcow_ct_021,224,160,281,141,0,0,0,0,0
radius_1p5x_c095,topbrain,topcow_ct_021,225,200,0,0,0,0,0,0,0
radius_1p5x_c095,topbrain,topcow_ct_021,226,200,0,40,0,0,0,0,0
radius_1p5x_c095,topbrain,topcow_ct_021,227,200,0,80,0,0,0,0,0
radius_1p5x_c095,topbrain,topcow_ct_021,228,200,0,120,0,0,0,0,0
radius_1p5x_c095,topbrain,topcow_ct_021,229,200,0,141,0,0,0,0,0
radius_1p5x_c095,topbrain,topcow_ct_021,230,200,40,0,0,0,0,0,0
radius_1p5x_c095,topbrain,topcow_ct_021,231,200,40,40,24,19,3,12,9
radius_1p5x_c095,topbrain,topcow_ct_021,232,200,40,80,29,24,4,17,8
radius_1p5x_c095,topbrain,topcow_ct_021,233,200,40,120,0,0,0,0,0
radius_1p5x_c095,topbrain,topcow_ct_021,234,200,40,141,0,0,0,0,0
radius_1p5x_c095,topbrain,topcow_ct_021,235,200,80,0,0,0,0,0,0
radius_1p5x_c095,topbrain,topcow_ct_021,236,200,80,40,72,72,18,41,13
radius_1p5x_c095,topbrain,topcow_ct_021,237,200,80,80,78,78,19,48,11
radius_1p5x_c095,topbrain,topcow_ct_021,238,200,80,120,2,1,1,0,1
radius_1p5x_c095,topbrain,topcow_ct_021,239,200,80,141,0,0,0,0,0
radius_1p5x_c095,topbrain,topcow_ct_021,240,200,120,0,0,0,0,0,0
radius_1p5x_c095,topbrain,topcow_ct_021,241,200,120,40,39,37,10,15,14
radius_1p5x_c095,topbrain,topcow_ct_021,242,200,120,80,81,83,17,54,10
radius_1p5x_c095,topbrain,topcow_ct_021,243,200,120,120,13,10,2,7,4
radius_1p5x_c095,topbrain,topcow_ct_021,244,200,120,141,0,0,0,0,0
radius_1p5x_c095,topbrain,topcow_ct_021,245,200,160,0,2,1,1,0,1
radius_1p5x_c095,topbrain,topcow_ct_021,246,200,160,40,7,5,1,1,5
radius_1p5x_c095,topbrain,topcow_ct_021,247,200,160,80,43,38,7,24,12
radius_1p5x_c095,topbrain,topcow_ct_021,248,200,160,120,21,17,3,13,5
radius_1p5x_c095,topbrain,topcow_ct_021,249,200,160,141,0,0,0,0,0
radius_1p5x_c095,topbrain,topcow_ct_021,250,200,200,0,5,4,1,3,1
radius_1p5x_c095,topbrain,topcow_ct_021,251,200,200,40,0,0,0,0,0
radius_1p5x_c095,topbrain,topcow_ct_021,252,200,200,80,4,3,0,2,2
radius_1p5x_c095,topbrain,topcow_ct_021,253,200,200,120,4,3,0,2,2
radius_1p5x_c095,topbrain,topcow_ct_021,254,200,200,141,0,0,0,0,0
radius_1p5x_c095,topbrain,topcow_ct_021,255,200,240,0,4,3,0,2,2
radius_1p5x_c095,topbrain,topcow_ct_021,256,200,240,40,0,0,0,0,0
radius_1p5x_c095,topbrain,topcow_ct_021,257,200,240,80,0,0,0,0,0
radius_1p5x_c095,topbrain,topcow_ct_021,258,200,240,120,0,0,0,0,0
radius_1p5x_c095,topbrain,topcow_ct_021,259,200,240,141,0,0,0,0,0
radius_1p5x_c095,topbrain,topcow_ct_021,260,200,280,0,0,0,0,0,0
radius_1p5x_c095,topbrain,topcow_ct_021,261,200,280,40,0,0,0,0,0
radius_1p5x_c095,topbrain,topcow_ct_021,262,200,280,80,0,0,0,0,0
radius_1p5x_c095,topbrain,topcow_ct_021,263,200,280,120,0,0,0,0,0
radius_1p5x_c095,topbrain,topcow_ct_021,264,200,280,141,0,0,0,0,0
radius_1p5x_c095,topbrain,topcow_ct_021,265,200,281,0,0,0,0,0,0
radius_1p5x_c095,topbrain,topcow_ct_021,266,200,281,40,0,0,0,0,0
radius_1p5x_c095,topbrain,topcow_ct_021,267,200,281,80,0,0,0,0,0
radius_1p5x_c095,topbrain,topcow_ct_021,268,200,281,120,0,0,0,0,0
radius_1p5x_c095,topbrain,topcow_ct_021,269,200,281,141,0,0,0,0,0
radius_1p5x_c095,topbrain,topcow_ct_021,270,211,0,0,0,0,0,0,0
radius_1p5x_c095,topbrain,topcow_ct_021,271,211,0,40,0,0,0,0,0
radius_1p5x_c095,topbrain,topcow_ct_021,272,211,0,80,0,0,0,0,0
radius_1p5x_c095,topbrain,topcow_ct_021,273,211,0,120,0,0,0,0,0
radius_1p5x_c095,topbrain,topcow_ct_021,274,211,0,141,0,0,0,0,0
radius_1p5x_c095,topbrain,topcow_ct_021,275,211,40,0,0,0,0,0,0
radius_1p5x_c095,topbrain,topcow_ct_021,276,211,40,40,16,12,2,6,8
radius_1p5x_c095,topbrain,topcow_ct_021,277,211,40,80,19,15,3,9,7
radius_1p5x_c095,topbrain,topcow_ct_021,278,211,40,120,0,0,0,0,0
radius_1p5x_c095,topbrain,topcow_ct_021,279,211,40,141,0,0,0,0,0
radius_1p5x_c095,topbrain,topcow_ct_021,280,211,80,0,0,0,0,0,0
radius_1p5x_c095,topbrain,topcow_ct_021,281,211,80,40,63,63,17,32,14
radius_1p5x_c095,topbrain,topcow_ct_021,282,211,80,80,68,68,18,38,12
radius_1p5x_c095,topbrain,topcow_ct_021,283,211,80,120,2,1,1,0,1
radius_1p5x_c095,topbrain,topcow_ct_021,284,211,80,141,0,0,0,0,0
radius_1p5x_c095,topbrain,topcow_ct_021,285,211,120,0,0,0,0,0,0
radius_1p5x_c095,topbrain,topcow_ct_021,286,211,120,40,36,35,10,14,12
radius_1p5x_c095,topbrain,topcow_ct_021,287,211,120,80,78,78,16,49,13
radius_1p5x_c095,topbrain,topcow_ct_021,288,211,120,120,11,8,2,5,4
radius_1p5x_c095,topbrain,topcow_ct_021,289,211,120,141,0,0,0,0,0
radius_1p5x_c095,topbrain,topcow_ct_021,290,211,160,0,2,1,1,0,1
radius_1p5x_c095,topbrain,topcow_ct_021,291,211,160,40,7,5,1,1,5
radius_1p5x_c095,topbrain,topcow_ct_021,292,211,160,80,39,33,6,20,13
radius_1p5x_c095,topbrain,topcow_ct_021,293,211,160,120,18,14,3,10,5
radius_1p5x_c095,topbrain,topcow_ct_021,294,211,160,141,0,0,0,0,0
radius_1p5x_c095,topbrain,topcow_ct_021,295,211,200,0,4,3,1,2,1
radius_1p5x_c095,topbrain,topcow_ct_021,296,211,200,40,0,0,0,0,0
radius_1p5x_c095,topbrain,topcow_ct_021,297,211,200,80,4,3,0,2,2
radius_1p5x_c095,topbrain,topcow_ct_021,298,211,200,120,4,3,0,2,2
radius_1p5x_c095,topbrain,topcow_ct_021,299,211,200,141,0,0,0,0,0
radius_1p5x_c095,topbrain,topcow_ct_021,300,211,240,0,3,2,0,1,2
radius_1p5x_c095,topbrain,topcow_ct_021,301,211,240,40,0,0,0,0,0
radius_1p5x_c095,topbrain,topcow_ct_021,302,211,240,80,0,0,0,0,0
radius_1p5x_c095,topbrain,topcow_ct_021,303,211,240,120,0,0,0,0,0
radius_1p5x_c095,topbrain,topcow_ct_021,304,211,240,141,0,0,0,0,0
radius_1p5x_c095,topbrain,topcow_ct_021,305,211,280,0,0,0,0,0,0
radius_1p5x_c095,topbrain,topcow_ct_021,306,211,280,40,0,0,0,0,0
radius_1p5x_c095,topbrain,topcow_ct_021,307,211,280,80,0,0,0,0,0
radius_1p5x_c095,topbrain,topcow_ct_021,308,211,280,120,0,0,0,0,0
radius_1p5x_c095,topbrain,topcow_ct_021,309,211,280,141,0,0,0,0,0
radius_1p5x_c095,topbrain,topcow_ct_021,310,211,281,0,0,0,0,0,0
radius_1p5x_c095,topbrain,topcow_ct_021,311,211,281,40,0,0,0,0,0
radius_1p5x_c095,topbrain,topcow_ct_021,312,211,281,80,0,0,0,0,0
radius_1p5x_c095,topbrain,topcow_ct_021,313,211,281,120,0,0,0,0,0
radius_1p5x_c095,topbrain,topcow_ct_021,314,211,281,141,0,0,0,0,0
radius_2x_c095,topbrain,topcow_ct_021,0,0,0,0,0,0,0,0,0
radius_2x_c095,topbrain,topcow_ct_021,1,0,0,40,0,0,0,0,0
radius_2x_c095,topbrain,topcow_ct_021,2,0,0,80,0,0,0,0,0
radius_2x_c095,topbrain,topcow_ct_021,3,0,0,120,0,0,0,0,0
radius_2x_c095,topbrain,topcow_ct_021,4,0,0,141,0,0,0,0,0
radius_2x_c095,topbrain,topcow_ct_021,5,0,40,0,0,0,0,0,0
radius_2x_c095,topbrain,topcow_ct_021,6,0,40,40,2,1,0,0,2
radius_2x_c095,topbrain,topcow_ct_021,7,0,40,80,0,0,0,0,0
radius_2x_c095,topbrain,topcow_ct_021,8,0,40,120,0,0,0,0,0
radius_2x_c095,topbrain,topcow_ct_021,9,0,40,141,0,0,0,0,0
radius_2x_c095,topbrain,topcow_ct_021,10,0,80,0,22,18,4,8,10
radius_2x_c095,topbrain,topcow_ct_021,11,0,80,40,72,62,20,36,16
radius_2x_c095,topbrain,topcow_ct_021,12,0,80,80,32,25,9,14,9
radius_2x_c095,topbrain,topcow_ct_021,13,0,80,120,0,0,0,0,0
radius_2x_c095,topbrain,topcow_ct_021,14,0,80,141,0,0,0,0,0
radius_2x_c095,topbrain,topcow_ct_021,15,0,120,0,21,19,4,9,8
radius_2x_c095,topbrain,topcow_ct_021,16,0,120,40,109,113,32,66,11
radius_2x_c095,topbrain,topcow_ct_021,17,0,120,80,77,75,18,44,15
radius_2x_c095,topbrain,topcow_ct_021,18,0,120,120,0,0,0,0,0
radius_2x_c095,topbrain,topcow_ct_021,19,0,120,141,0,0,0,0,0
radius_2x_c095,topbrain,topcow_ct_021,20,0,160,0,0,0,0,0,0
radius_2x_c095,topbrain,topcow_ct_021,21,0,160,40,61,59,14,37,10
radius_2x_c095,topbrain,topcow_ct_021,22,0,160,80,64,63,15,42,7
radius_2x_c095,topbrain,topcow_ct_021,23,0,160,120,0,0,0,0,0
radius_2x_c095,topbrain,topcow_ct_021,24,0,160,141,0,0,0,0,0
radius_2x_c095,topbrain,topcow_ct_021,25,0,200,0,0,0,0,0,0
radius_2x_c095,topbrain,topcow_ct_021,26,0,200,40,10,8,3,2,5
radius_2x_c095,topbrain,topcow_ct_021,27,0,200,80,12,10,4,4,4
radius_2x_c095,topbrain,topcow_ct_021,28,0,200,120,0,0,0,0,0
radius_2x_c095,topbrain,topcow_ct_021,29,0,200,141,0,0,0,0,0
radius_2x_c095,topbrain,topcow_ct_021,30,0,240,0,0,0,0,0,0
radius_2x_c095,topbrain,topcow_ct_021,31,0,240,40,0,0,0,0,0
radius_2x_c095,topbrain,topcow_ct_021,32,0,240,80,0,0,0,0,0
radius_2x_c095,topbrain,topcow_ct_021,33,0,240,120,0,0,0,0,0
radius_2x_c095,topbrain,topcow_ct_021,34,0,240,141,0,0,0,0,0
radius_2x_c095,topbrain,topcow_ct_021,35,0,280,0,0,0,0,0,0
radius_2x_c095,topbrain,topcow_ct_021,36,0,280,40,0,0,0,0,0
radius_2x_c095,topbrain,topcow_ct_021,37,0,280,80,0,0,0,0,0
radius_2x_c095,topbrain,topcow_ct_021,38,0,280,120,0,0,0,0,0
radius_2x_c095,topbrain,topcow_ct_021,39,0,280,141,0,0,0,0,0
radius_2x_c095,topbrain,topcow_ct_021,40,0,281,0,0,0,0,0,0
radius_2x_c095,topbrain,topcow_ct_021,41,0,281,40,0,0,0,0,0
radius_2x_c095,topbrain,topcow_ct_021,42,0,281,80,0,0,0,0,0
radius_2x_c095,topbrain,topcow_ct_021,43,0,281,120,0,0,0,0,0
radius_2x_c095,topbrain,topcow_ct_021,44,0,281,141,0,0,0,0,0
radius_2x_c095,topbrain,topcow_ct_021,45,40,0,0,0,0,0,0,0
radius_2x_c095,topbrain,topcow_ct_021,46,40,0,40,0,0,0,0,0
radius_2x_c095,topbrain,topcow_ct_021,47,40,0,80,0,0,0,0,0
radius_2x_c095,topbrain,topcow_ct_021,48,40,0,120,0,0,0,0,0
radius_2x_c095,topbrain,topcow_ct_021,49,40,0,141,0,0,0,0,0
radius_2x_c095,topbrain,topcow_ct_021,50,40,40,0,0,0,0,0,0
radius_2x_c095,topbrain,topcow_ct_021,51,40,40,40,16,15,1,12,3
radius_2x_c095,topbrain,topcow_ct_021,52,40,40,80,8,6,0,4,4
radius_2x_c095,topbrain,topcow_ct_021,53,40,40,120,0,0,0,0,0
radius_2x_c095,topbrain,topcow_ct_021,54,40,40,141,0,0,0,0,0
radius_2x_c095,topbrain,topcow_ct_021,55,40,80,0,27,25,6,13,8
radius_2x_c095,topbrain,topcow_ct_021,56,40,80,40,92,89,21,60,11
radius_2x_c095,topbrain,topcow_ct_021,57,40,80,80,43,38,8,25,10
radius_2x_c095,topbrain,topcow_ct_021,58,40,80,120,0,0,0,0,0
radius_2x_c095,topbrain,topcow_ct_021,59,40,80,141,0,0,0,0,0
radius_2x_c095,topbrain,topcow_ct_021,60,40,120,0,27,26,6,13,8
radius_2x_c095,topbrain,topcow_ct_021,61,40,120,40,111,119,29,70,12
radius_2x_c095,topbrain,topcow_ct_021,62,40,120,80,63,65,12,41,10
radius_2x_c095,topbrain,topcow_ct_021,63,40,120,120,0,0,0,0,0
radius_2x_c095,topbrain,topcow_ct_021,64,40,120,141,0,0,0,0,0
radius_2x_c095,topbrain,topcow_ct_021,65,40,160,0,0,0,0,0,0
radius_2x_c095,topbrain,topcow_ct_021,66,40,160,40,53,51,8,32,13
radius_2x_c095,topbrain,topcow_ct_021,67,40,160,80,50,50,9,33,8
radius_2x_c095,topbrain,topcow_ct_021,68,40,160,120,0,0,0,0,0
radius_2x_c095,topbrain,topcow_ct_021,69,40,160,141,0,0,0,0,0
radius_2x_c095,topbrain,topcow_ct_021,70,40,200,0,0,0,0,0,0
radius_2x_c095,topbrain,topcow_ct_021,71,40,200,40,16,13,2,6,8
radius_2x_c095,topbrain,topcow_ct_021,72,40,200,80,21,17,4,9,8
radius_2x_c095,topbrain,topcow_ct_021,73,40,200,120,0,0,0,0,0
radius_2x_c095,topbrain,topcow_ct_021,74,40,200,141,0,0,0,0,0
radius_2x_c095,topbrain,topcow_ct_021,75,40,240,0,0,0,0,0,0
radius_2x_c095,topbrain,topcow_ct_021,76,40,240,40,14,12,0,10,4
radius_2x_c095,topbrain,topcow_ct_021,77,40,240,80,18,15,1,12,5
radius_2x_c095,topbrain,topcow_ct_021,78,40,240,120,0,0,0,0,0
radius_2x_c095,topbrain,topcow_ct_021,79,40,240,141,0,0,0,0,0
radius_2x_c095,topbrain,topcow_ct_021,80,40,280,0,0,0,0,0,0
radius_2x_c095,topbrain,topcow_ct_021,81,40,280,40,6,5,0,4,2
radius_2x_c095,topbrain,topcow_ct_021,82,40,280,80,6,5,0,4,2
radius_2x_c095,topbrain,topcow_ct_021,83,40,280,120,0,0,0,0,0
radius_2x_c095,topbrain,topcow_ct_021,84,40,280,141,0,0,0,0,0
radius_2x_c095,topbrain,topcow_ct_021,85,40,281,0,0,0,0,0,0
radius_2x_c095,topbrain,topcow_ct_021,86,40,281,40,5,4,0,3,2
radius_2x_c095,topbrain,topcow_ct_021,87,40,281,80,5,4,0,3,2
radius_2x_c095,topbrain,topcow_ct_021,88,40,281,120,0,0,0,0,0
radius_2x_c095,topbrain,topcow_ct_021,89,40,281,141,0,0,0,0,0
radius_2x_c095,topbrain,topcow_ct_021,90,80,0,0,0,0,0,0,0
radius_2x_c095,topbrain,topcow_ct_021,91,80,0,40,2,1,1,0,1
radius_2x_c095,topbrain,topcow_ct_021,92,80,0,80,4,3,1,2,1
radius_2x_c095,topbrain,topcow_ct_021,93,80,0,120,4,3,0,2,2
radius_2x_c095,topbrain,topcow_ct_021,94,80,0,141,3,2,0,1,2
radius_2x_c095,topbrain,topcow_ct_021,95,80,40,0,10,9,1,8,1
radius_2x_c095,topbrain,topcow_ct_021,96,80,40,40,22,20,4,12,6
radius_2x_c095,topbrain,topcow_ct_021,97,80,40,80,16,16,5,10,1
radius_2x_c095,topbrain,topcow_ct_021,98,80,40,120,3,2,0,1,2
radius_2x_c095,topbrain,topcow_ct_021,99,80,40,141,3,2,0,1,2
radius_2x_c095,topbrain,topcow_ct_021,100,80,80,0,19,16,3,13,3
radius_2x_c095,topbrain,topcow_ct_021,101,80,80,40,35,31,9,15,11
radius_2x_c095,topbrain,topcow_ct_021,102,80,80,80,15,12,4,5,6
radius_2x_c095,topbrain,topcow_ct_021,103,80,80,120,5,3,0,1,4
radius_2x_c095,topbrain,topcow_ct_021,104,80,80,141,3,2,0,1,2
radius_2x_c095,topbrain,topcow_ct_021,105,80,120,0,21,16,3,7,11
radius_2x_c095,topbrain,topcow_ct_021,106,80,120,40,47,46,11,23,13
radius_2x_c095,topbrain,topcow_ct_021,107,80,120,80,13,10,2,7,4
radius_2x_c095,topbrain,topcow_ct_021,108,80,120,120,4,2,0,0,4
radius_2x_c095,topbrain,topcow_ct_021,109,80,120,141,2,1,0,0,2
radius_2x_c095,topbrain,topcow_ct_021,110,80,160,0,34,31,6,24,4
radius_2x_c095,topbrain,topcow_ct_021,111,80,160,40,69,69,12,44,13
radius_2x_c095,topbrain,topcow_ct_021,112,80,160,80,41,42,9,25,7
radius_2x_c095,topbrain,topcow_ct_021,113,80,160,120,0,0,0,0,0
radius_2x_c095,topbrain,topcow_ct_021,114,80,160,141,3,2,0,1,2
radius_2x_c095,topbrain,topcow_ct_021,115,80,200,0,16,13,3,10,3
radius_2x_c095,topbrain,topcow_ct_021,116,80,200,40,63,62,11,35,17
radius_2x_c095,topbrain,topcow_ct_021,117,80,200,80,61,62,14,35,12
radius_2x_c095,topbrain,topcow_ct_021,118,80,200,120,2,1,0,0,2
radius_2x_c095,topbrain,topcow_ct_021,119,80,200,141,3,2,0,1,2
radius_2x_c095,topbrain,topcow_ct_021,120,80,240,0,3,2,1,1,1
radius_2x_c095,topbrain,topcow_ct_021,121,80,240,40,40,38,3,32,5
radius_2x_c095,topbrain,topcow_ct_021,122,80,240,80,46,44,5,36,5
radius_2x_c095,topbrain,topcow_ct_021,123,80,240,120,3,2,0,1,2
radius_2x_c095,topbrain,topcow_ct_021,124,80,240,141,3,2,0,1,2
radius_2x_c095,topbrain,topcow_ct_021,125,80,280,0,0,0,0,0,0
radius_2x_c095,topbrain,topcow_ct_021,126,80,280,40,24,23,1,22,1
radius_2x_c095,topbrain,topcow_ct_021,127,80,280,80,26,24,1,22,3
radius_2x_c095,topbrain,topcow_ct_021,128,80,280,120,3,2,0,1,2
radius_2x_c095,topbrain,topcow_ct_021,129,80,280,141,3,2,0,1,2
radius_2x_c095,topbrain,topcow_ct_021,130,80,281,0,0,0,0,0,0
radius_2x_c095,topbrain,topcow_ct_021,131,80,281,40,23,22,1,21,1
radius_2x_c095,topbrain,topcow_ct_021,132,80,281,80,25,23,1,21,3
radius_2x_c095,topbrain,topcow_ct_021,133,80,281,120,3,2,0,1,2
radius_2x_c095,topbrain,topcow_ct_021,134,80,281,141,3,2,0,1,2
radius_2x_c095,topbrain,topcow_ct_021,135,120,0,0,0,0,0,0,0
radius_2x_c095,topbrain,topcow_ct_021,136,120,0,40,2,1,1,0,1
radius_2x_c095,topbrain,topcow_ct_021,137,120,0,80,4,3,1,2,1
radius_2x_c095,topbrain,topcow_ct_021,138,120,0,120,3,2,0,1,2
radius_2x_c095,topbrain,topcow_ct_021,139,120,0,141,2,1,0,0,2
radius_2x_c095,topbrain,topcow_ct_021,140,120,40,0,0,0,0,0,0
radius_2x_c095,topbrain,topcow_ct_021,141,120,40,40,15,15,3,9,3
radius_2x_c095,topbrain,topcow_ct_021,142,120,40,80,16,16,5,10,1
radius_2x_c095,topbrain,topcow_ct_021,143,120,40,120,0,0,0,0,0
radius_2x_c095,topbrain,topcow_ct_021,144,120,40,141,0,0,0,0,0
radius_2x_c095,topbrain,topcow_ct_021,145,120,80,0,4,2,2,0,2
radius_2x_c095,topbrain,topcow_ct_021,146,120,80,40,26,22,8,8,10
radius_2x_c095,topbrain,topcow_ct_021,147,120,80,80,21,15,4,5,12
radius_2x_c095,topbrain,topcow_ct_021,148,120,80,120,0,0,0,0,0
radius_2x_c095,topbrain,topcow_ct_021,149,120,80,141,0,0,0,0,0
radius_2x_c095,topbrain,topcow_ct_021,150,120,120,0,16,13,3,6,7
radius_2x_c095,topbrain,topcow_ct_021,151,120,120,40,54,53,17,23,14
radius_2x_c095,topbrain,topcow_ct_021,152,120,120,80,38,34,10,14,14
radius_2x_c095,topbrain,topcow_ct_021,153,120,120,120,0,0,0,0,0
radius_2x_c095,topbrain,topcow_ct_021,154,120,120,141,0,0,0,0,0
radius_2x_c095,topbrain,topcow_ct_021,155,120,160,0,46,42,5,32,9
radius_2x_c095,topbrain,topcow_ct_021,156,120,160,40,86,83,13,51,22
radius_2x_c095,topbrain,topcow_ct_021,157,120,160,80,66,64,11,40,15
radius_2x_c095,topbrain,topcow_ct_021,158,120,160,120,0,0,0,0,0
radius_2x_c095,topbrain,topcow_ct_021,159,120,160,141,0,0,0,0,0
radius_2x_c095,topbrain,topcow_ct_021,160,120,200,0,28,23,3,18,7
radius_2x_c095,topbrain,topcow_ct_021,161,120,200,40,75,73,10,47,18
radius_2x_c095,topbrain,topcow_ct_021,162,120,200,80,71,71,13,45,13
radius_2x_c095,topbrain,topcow_ct_021,163,120,200,120,2,1,1,0,1
radius_2x_c095,topbrain,topcow_ct_021,164,120,200,141,0,0,0,0,0
radius_2x_c095,topbrain,topcow_ct_021,165,120,240,0,3,2,1,1,1
radius_2x_c095,topbrain,topcow_ct_021,166,120,240,40,34,28,0,22,12
radius_2x_c095,topbrain,topcow_ct_021,167,120,240,80,41,35,2,27,12
radius_2x_c095,topbrain,topcow_ct_021,168,120,240,120,5,3,1,1,3
radius_2x_c095,topbrain,topcow_ct_021,169,120,240,141,3,2,0,1,2
radius_2x_c095,topbrain,topcow_ct_021,170,120,280,0,0,0,0,0,0
radius_2x_c095,topbrain,topcow_ct_021,171,120,280,40,17,14,2,11,4
radius_2x_c095,topbrain,topcow_ct_021,172,120,280,80,18,14,2,10,6
radius_2x_c095,topbrain,topcow_ct_021,173,120,280,120,3,2,0,1,2
radius_2x_c095,topbrain,topcow_ct_021,174,120,280,141,3,2,0,1,2
radius_2x_c095,topbrain,topcow_ct_021,175,120,281,0,0,0,0,0,0
radius_2x_c095,topbrain,topcow_ct_021,176,120,281,40,17,14,2,11,4
radius_2x_c095,topbrain,topcow_ct_021,177,120,281,80,18,14,2,10,6
radius_2x_c095,topbrain,topcow_ct_021,178,120,281,120,3,2,0,1,2
radius_2x_c095,topbrain,topcow_ct_021,179,120,281,141,3,2,0,1,2
radius_2x_c095,topbrain,topcow_ct_021,180,160,0,0,0,0,0,0,0
radius_2x_c095,topbrain,topcow_ct_021,181,160,0,40,0,0,0,0,0
radius_2x_c095,topbrain,topcow_ct_021,182,160,0,80,0,0,0,0,0
radius_2x_c095,topbrain,topcow_ct_021,183,160,0,120,0,0,0,0,0
radius_2x_c095,topbrain,topcow_ct_021,184,160,0,141,0,0,0,0,0
radius_2x_c095,topbrain,topcow_ct_021,185,160,40,0,8,7,1,6,1
radius_2x_c095,topbrain,topcow_ct_021,186,160,40,40,22,18,4,14,4
radius_2x_c095,topbrain,topcow_ct_021,187,160,40,80,19,16,3,13,3
radius_2x_c095,topbrain,topcow_ct_021,188,160,40,120,0,0,0,0,0
radius_2x_c095,topbrain,topcow_ct_021,189,160,40,141,0,0,0,0,0
radius_2x_c095,topbrain,topcow_ct_021,190,160,80,0,5,4,1,3,1
radius_2x_c095,topbrain,topcow_ct_021,191,160,80,40,43,36,8,22,13
radius_2x_c095,topbrain,topcow_ct_021,192,160,80,80,44,39,6,26,12
radius_2x_c095,topbrain,topcow_ct_021,193,160,80,120,0,0,0,0,0
radius_2x_c095,topbrain,topcow_ct_021,194,160,80,141,0,0,0,0,0
radius_2x_c095,topbrain,topcow_ct_021,195,160,120,0,0,0,0,0,0
radius_2x_c095,topbrain,topcow_ct_021,196,160,120,40,37,34,9,17,11
radius_2x_c095,topbrain,topcow_ct_021,197,160,120,80,54,51,9,29,16
radius_2x_c095,topbrain,topcow_ct_021,198,160,120,120,6,5,0,4,2
radius_2x_c095,topbrain,topcow_ct_021,199,160,120,141,0,0,0,0,0
radius_2x_c095,topbrain,topcow_ct_021,200,160,160,0,13,11,0,9,4
radius_2x_c095,topbrain,topcow_ct_021,201,160,160,40,27,24,0,21,6
radius_2x_c095,topbrain,topcow_ct_021,202,160,160,80,42,37,1,30,11
radius_2x_c095,topbrain,topcow_ct_021,203,160,160,120,14,11,0,8,6
radius_2x_c095,topbrain,topcow_ct_021,204,160,160,141,0,0,0,0,0
radius_2x_c095,topbrain,topcow_ct_021,205,160,200,0,16,14,1,12,3
radius_2x_c095,topbrain,topcow_ct_021,206,160,200,40,19,16,0,13,6
radius_2x_c095,topbrain,topcow_ct_021,207,160,200,80,20,16,1,12,7
radius_2x_c095,topbrain,topcow_ct_021,208,160,200,120,5,3,1,1,3
radius_2x_c095,topbrain,topcow_ct_021,209,160,200,141,0,0,0,0,0
radius_2x_c095,topbrain,topcow_ct_021,210,160,240,0,3,2,0,1,2
radius_2x_c095,topbrain,topcow_ct_021,211,160,240,40,12,10,0,8,4
radius_2x_c095,topbrain,topcow_ct_021,212,160,240,80,14,12,1,10,3
radius_2x_c095,topbrain,topcow_ct_021,213,160,240,120,2,1,1,0,1
radius_2x_c095,topbrain,topcow_ct_021,214,160,240,141,0,0,0,0,0
radius_2x_c095,topbrain,topcow_ct_021,215,160,280,0,0,0,0,0,0
radius_2x_c095,topbrain,topcow_ct_021,216,160,280,40,3,2,1,1,1
radius_2x_c095,topbrain,topcow_ct_021,217,160,280,80,0,0,0,0,0
radius_2x_c095,topbrain,topcow_ct_021,218,160,280,120,0,0,0,0,0
radius_2x_c095,topbrain,topcow_ct_021,219,160,280,141,0,0,0,0,0
radius_2x_c095,topbrain,topcow_ct_021,220,160,281,0,0,0,0,0,0
radius_2x_c095,topbrain,topcow_ct_021,221,160,281,40,3,2,1,1,1
radius_2x_c095,topbrain,topcow_ct_021,222,160,281,80,0,0,0,0,0
radius_2x_c095,topbrain,topcow_ct_021,223,160,281,120,0,0,0,0,0
radius_2x_c095,topbrain,topcow_ct_021,224,160,281,141,0,0,0,0,0
radius_2x_c095,topbrain,topcow_ct_021,225,200,0,0,0,0,0,0,0
radius_2x_c095,topbrain,topcow_ct_021,226,200,0,40,0,0,0,0,0
radius_2x_c095,topbrain,topcow_ct_021,227,200,0,80,0,0,0,0,0
radius_2x_c095,topbrain,topcow_ct_021,228,200,0,120,0,0,0,0,0
radius_2x_c095,topbrain,topcow_ct_021,229,200,0,141,0,0,0,0,0
radius_2x_c095,topbrain,topcow_ct_021,230,200,40,0,0,0,0,0,0
radius_2x_c095,topbrain,topcow_ct_021,231,200,40,40,24,19,3,12,9
radius_2x_c095,topbrain,topcow_ct_021,232,200,40,80,29,24,4,17,8
radius_2x_c095,topbrain,topcow_ct_021,233,200,40,120,0,0,0,0,0
radius_2x_c095,topbrain,topcow_ct_021,234,200,40,141,0,0,0,0,0
radius_2x_c095,topbrain,topcow_ct_021,235,200,80,0,0,0,0,0,0
radius_2x_c095,topbrain,topcow_ct_021,236,200,80,40,72,72,18,41,13
radius_2x_c095,topbrain,topcow_ct_021,237,200,80,80,78,78,19,48,11
radius_2x_c095,topbrain,topcow_ct_021,238,200,80,120,2,1,1,0,1
radius_2x_c095,topbrain,topcow_ct_021,239,200,80,141,0,0,0,0,0
radius_2x_c095,topbrain,topcow_ct_021,240,200,120,0,0,0,0,0,0
radius_2x_c095,topbrain,topcow_ct_021,241,200,120,40,39,37,10,15,14
radius_2x_c095,topbrain,topcow_ct_021,242,200,120,80,80,82,17,53,10
radius_2x_c095,topbrain,topcow_ct_021,243,200,120,120,13,10,2,7,4
radius_2x_c095,topbrain,topcow_ct_021,244,200,120,141,0,0,0,0,0
radius_2x_c095,topbrain,topcow_ct_021,245,200,160,0,2,1,1,0,1
radius_2x_c095,topbrain,topcow_ct_021,246,200,160,40,7,5,1,1,5
radius_2x_c095,topbrain,topcow_ct_021,247,200,160,80,42,37,7,23,12
radius_2x_c095,topbrain,topcow_ct_021,248,200,160,120,21,17,3,13,5
radius_2x_c095,topbrain,topcow_ct_021,249,200,160,141,0,0,0,0,0
radius_2x_c095,topbrain,topcow_ct_021,250,200,200,0,5,4,1,3,1
radius_2x_c095,topbrain,topcow_ct_021,251,200,200,40,0,0,0,0,0
radius_2x_c095,topbrain,topcow_ct_021,252,200,200,80,4,3,0,2,2
radius_2x_c095,topbrain,topcow_ct_021,253,200,200,120,4,3,0,2,2
radius_2x_c095,topbrain,topcow_ct_021,254,200,200,141,0,0,0,0,0
radius_2x_c095,topbrain,topcow_ct_021,255,200,240,0,4,3,0,2,2
radius_2x_c095,topbrain,topcow_ct_021,256,200,240,40,0,0,0,0,0
radius_2x_c095,topbrain,topcow_ct_021,257,200,240,80,0,0,0,0,0
radius_2x_c095,topbrain,topcow_ct_021,258,200,240,120,0,0,0,0,0
radius_2x_c095,topbrain,topcow_ct_021,259,200,240,141,0,0,0,0,0
radius_2x_c095,topbrain,topcow_ct_021,260,200,280,0,0,0,0,0,0
radius_2x_c095,topbrain,topcow_ct_021,261,200,280,40,0,0,0,0,0
radius_2x_c095,topbrain,topcow_ct_021,262,200,280,80,0,0,0,0,0
radius_2x_c095,topbrain,topcow_ct_021,263,200,280,120,0,0,0,0,0
radius_2x_c095,topbrain,topcow_ct_021,264,200,280,141,0,0,0,0,0
radius_2x_c095,topbrain,topcow_ct_021,265,200,281,0,0,0,0,0,0
radius_2x_c095,topbrain,topcow_ct_021,266,200,281,40,0,0,0,0,0
radius_2x_c095,topbrain,topcow_ct_021,267,200,281,80,0,0,0,0,0
radius_2x_c095,topbrain,topcow_ct_021,268,200,281,120,0,0,0,0,0
radius_2x_c095,topbrain,topcow_ct_021,269,200,281,141,0,0,0,0,0
radius_2x_c095,topbrain,topcow_ct_021,270,211,0,0,0,0,0,0,0
radius_2x_c095,topbrain,topcow_ct_021,271,211,0,40,0,0,0,0,0
radius_2x_c095,topbrain,topcow_ct_021,272,211,0,80,0,0,0,0,0
radius_2x_c095,topbrain,topcow_ct_021,273,211,0,120,0,0,0,0,0
radius_2x_c095,topbrain,topcow_ct_021,274,211,0,141,0,0,0,0,0
radius_2x_c095,topbrain,topcow_ct_021,275,211,40,0,0,0,0,0,0
radius_2x_c095,topbrain,topcow_ct_021,276,211,40,40,16,12,2,6,8
radius_2x_c095,topbrain,topcow_ct_021,277,211,40,80,19,15,3,9,7
radius_2x_c095,topbrain,topcow_ct_021,278,211,40,120,0,0,0,0,0
radius_2x_c095,topbrain,topcow_ct_021,279,211,40,141,0,0,0,0,0
radius_2x_c095,topbrain,topcow_ct_021,280,211,80,0,0,0,0,0,0
radius_2x_c095,topbrain,topcow_ct_021,281,211,80,40,63,63,17,32,14
radius_2x_c095,topbrain,topcow_ct_021,282,211,80,80,68,68,18,38,12
radius_2x_c095,topbrain,topcow_ct_021,283,211,80,120,2,1,1,0,1
radius_2x_c095,topbrain,topcow_ct_021,284,211,80,141,0,0,0,0,0
radius_2x_c095,topbrain,topcow_ct_021,285,211,120,0,0,0,0,0,0
radius_2x_c095,topbrain,topcow_ct_021,286,211,120,40,36,35,10,14,12
radius_2x_c095,topbrain,topcow_ct_021,287,211,120,80,77,77,16,48,13
radius_2x_c095,topbrain,topcow_ct_021,288,211,120,120,11,8,2,5,4
radius_2x_c095,topbrain,topcow_ct_021,289,211,120,141,0,0,0,0,0
radius_2x_c095,topbrain,topcow_ct_021,290,211,160,0,2,1,1,0,1
radius_2x_c095,topbrain,topcow_ct_021,291,211,160,40,7,5,1,1,5
radius_2x_c095,topbrain,topcow_ct_021,292,211,160,80,38,32,6,19,13
radius_2x_c095,topbrain,topcow_ct_021,293,211,160,120,18,14,3,10,5
radius_2x_c095,topbrain,topcow_ct_021,294,211,160,141,0,0,0,0,0
radius_2x_c095,topbrain,topcow_ct_021,295,211,200,0,4,3,1,2,1
radius_2x_c095,topbrain,topcow_ct_021,296,211,200,40,0,0,0,0,0
radius_2x_c095,topbrain,topcow_ct_021,297,211,200,80,4,3,0,2,2
radius_2x_c095,topbrain,topcow_ct_021,298,211,200,120,4,3,0,2,2
radius_2x_c095,topbrain,topcow_ct_021,299,211,200,141,0,0,0,0,0
radius_2x_c095,topbrain,topcow_ct_021,300,211,240,0,3,2,0,1,2
radius_2x_c095,topbrain,topcow_ct_021,301,211,240,40,0,0,0,0,0
radius_2x_c095,topbrain,topcow_ct_021,302,211,240,80,0,0,0,0,0
radius_2x_c095,topbrain,topcow_ct_021,303,211,240,120,0,0,0,0,0
radius_2x_c095,topbrain,topcow_ct_021,304,211,240,141,0,0,0,0,0
radius_2x_c095,topbrain,topcow_ct_021,305,211,280,0,0,0,0,0,0
radius_2x_c095,topbrain,topcow_ct_021,306,211,280,40,0,0,0,0,0
radius_2x_c095,topbrain,topcow_ct_021,307,211,280,80,0,0,0,0,0
radius_2x_c095,topbrain,topcow_ct_021,308,211,280,120,0,0,0,0,0
radius_2x_c095,topbrain,topcow_ct_021,309,211,280,141,0,0,0,0,0
radius_2x_c095,topbrain,topcow_ct_021,310,211,281,0,0,0,0,0,0
radius_2x_c095,topbrain,topcow_ct_021,311,211,281,40,0,0,0,0,0
radius_2x_c095,topbrain,topcow_ct_021,312,211,281,80,0,0,0,0,0
radius_2x_c095,topbrain,topcow_ct_021,313,211,281,120,0,0,0,0,0
radius_2x_c095,topbrain,topcow_ct_021,314,211,281,141,0,0,0,0,0
radius_1p5x_c095,topbrain,topcow_ct_023,0,0,0,0,0,0,0,0,0
radius_1p5x_c095,topbrain,topcow_ct_023,1,0,0,40,0,0,0,0,0
radius_1p5x_c095,topbrain,topcow_ct_023,2,0,0,80,0,0,0,0,0
radius_1p5x_c095,topbrain,topcow_ct_023,3,0,0,120,0,0,0,0,0
radius_1p5x_c095,topbrain,topcow_ct_023,4,0,0,140,0,0,0,0,0
radius_1p5x_c095,topbrain,topcow_ct_023,5,0,40,0,0,0,0,0,0
radius_1p5x_c095,topbrain,topcow_ct_023,6,0,40,40,0,0,0,0,0
radius_1p5x_c095,topbrain,topcow_ct_023,7,0,40,80,0,0,0,0,0
radius_1p5x_c095,topbrain,topcow_ct_023,8,0,40,120,0,0,0,0,0
radius_1p5x_c095,topbrain,topcow_ct_023,9,0,40,140,0,0,0,0,0
radius_1p5x_c095,topbrain,topcow_ct_023,10,0,80,0,0,0,0,0,0
radius_1p5x_c095,topbrain,topcow_ct_023,11,0,80,40,4,3,1,2,1
radius_1p5x_c095,topbrain,topcow_ct_023,12,0,80,80,4,3,1,2,1
radius_1p5x_c095,topbrain,topcow_ct_023,13,0,80,120,0,0,0,0,0
radius_1p5x_c095,topbrain,topcow_ct_023,14,0,80,140,0,0,0,0,0
radius_1p5x_c095,topbrain,topcow_ct_023,15,0,120,0,0,0,0,0,0
radius_1p5x_c095,topbrain,topcow_ct_023,16,0,120,40,7,5,1,3,3
radius_1p5x_c095,topbrain,topcow_ct_023,17,0,120,80,8,6,1,4,3
radius_1p5x_c095,topbrain,topcow_ct_023,18,0,120,120,0,0,0,0,0
radius_1p5x_c095,topbrain,topcow_ct_023,19,0,120,140,0,0,0,0,0
radius_1p5x_c095,topbrain,topcow_ct_023,20,0,160,0,0,0,0,0,0
radius_1p5x_c095,topbrain,topcow_ct_023,21,0,160,40,12,10,1,8,3
radius_1p5x_c095,topbrain,topcow_ct_023,22,0,160,80,31,27,2,23,6
radius_1p5x_c095,topbrain,topcow_ct_023,23,0,160,120,10,8,1,6,3
radius_1p5x_c095,topbrain,topcow_ct_023,24,0,160,140,2,1,1,0,1
radius_1p5x_c095,topbrain,topcow_ct_023,25,0,200,0,0,0,0,0,0
radius_1p5x_c095,topbrain,topcow_ct_023,26,0,200,40,0,0,0,0,0
radius_1p5x_c095,topbrain,topcow_ct_023,27,0,200,80,20,17,1,14,5
radius_1p5x_c095,topbrain,topcow_ct_023,28,0,200,120,10,8,2,6,2
radius_1p5x_c095,topbrain,topcow_ct_023,29,0,200,140,2,1,1,0,1
radius_1p5x_c095,topbrain,topcow_ct_023,30,0,240,0,0,0,0,0,0
radius_1p5x_c095,topbrain,topcow_ct_023,31,0,240,40,0,0,0,0,0
radius_1p5x_c095,topbrain,topcow_ct_023,32,0,240,80,0,0,0,0,0
radius_1p5x_c095,topbrain,topcow_ct_023,33,0,240,120,0,0,0,0,0
radius_1p5x_c095,topbrain,topcow_ct_023,34,0,240,140,0,0,0,0,0
radius_1p5x_c095,topbrain,topcow_ct_023,35,0,280,0,0,0,0,0,0
radius_1p5x_c095,topbrain,topcow_ct_023,36,0,280,40,0,0,0,0,0
radius_1p5x_c095,topbrain,topcow_ct_023,37,0,280,80,0,0,0,0,0
radius_1p5x_c095,topbrain,topcow_ct_023,38,0,280,120,0,0,0,0,0
radius_1p5x_c095,topbrain,topcow_ct_023,39,0,280,140,0,0,0,0,0
radius_1p5x_c095,topbrain,topcow_ct_023,40,0,320,0,0,0,0,0,0
radius_1p5x_c095,topbrain,topcow_ct_023,41,0,320,40,0,0,0,0,0
radius_1p5x_c095,topbrain,topcow_ct_023,42,0,320,80,0,0,0,0,0
radius_1p5x_c095,topbrain,topcow_ct_023,43,0,320,120,0,0,0,0,0
radius_1p5x_c095,topbrain,topcow_ct_023,44,0,320,140,0,0,0,0,0
radius_1p5x_c095,topbrain,topcow_ct_023,45,0,332,0,0,0,0,0,0
radius_1p5x_c095,topbrain,topcow_ct_023,46,0,332,40,0,0,0,0,0
radius_1p5x_c095,topbrain,topcow_ct_023,47,0,332,80,0,0,0,0,0
radius_1p5x_c095,topbrain,topcow_ct_023,48,0,332,120,0,0,0,0,0
radius_1p5x_c095,topbrain,topcow_ct_023,49,0,332,140,0,0,0,0,0
radius_1p5x_c095,topbrain,topcow_ct_023,50,40,0,0,0,0,0,0,0
radius_1p5x_c095,topbrain,topcow_ct_023,51,40,0,40,0,0,0,0,0
radius_1p5x_c095,topbrain,topcow_ct_023,52,40,0,80,0,0,0,0,0
radius_1p5x_c095,topbrain,topcow_ct_023,53,40,0,120,0,0,0,0,0
radius_1p5x_c095,topbrain,topcow_ct_023,54,40,0,140,0,0,0,0,0
radius_1p5x_c095,topbrain,topcow_ct_023,55,40,40,0,0,0,0,0,0
radius_1p5x_c095,topbrain,topcow_ct_023,56,40,40,40,0,0,0,0,0
radius_1p5x_c095,topbrain,topcow_ct_023,57,40,40,80,0,0,0,0,0
radius_1p5x_c095,topbrain,topcow_ct_023,58,40,40,120,0,0,0,0,0
radius_1p5x_c095,topbrain,topcow_ct_023,59,40,40,140,0,0,0,0,0
radius_1p5x_c095,topbrain,topcow_ct_023,60,40,80,0,17,14,2,9,6
radius_1p5x_c095,topbrain,topcow_ct_023,61,40,80,40,56,54,8,43,5
radius_1p5x_c095,topbrain,topcow_ct_023,62,40,80,80,32,31,3,27,2
radius_1p5x_c095,topbrain,topcow_ct_023,63,40,80,120,0,0,0,0,0
radius_1p5x_c095,topbrain,topcow_ct_023,64,40,80,140,0,0,0,0,0
radius_1p5x_c095,topbrain,topcow_ct_023,65,40,120,0,29,25,4,15,10
radius_1p5x_c095,topbrain,topcow_ct_023,66,40,120,40,78,79,15,55,8
radius_1p5x_c095,topbrain,topcow_ct_023,67,40,120,80,34,33,4,25,5
radius_1p5x_c095,topbrain,topcow_ct_023,68,40,120,120,0,0,0,0,0
radius_1p5x_c095,topbrain,topcow_ct_023,69,40,120,140,0,0,0,0,0
radius_1p5x_c095,topbrain,topcow_ct_023,70,40,160,0,0,0,0,0,0
radius_1p5x_c095,topbrain,topcow_ct_023,71,40,160,40,37,34,4,23,10
radius_1p5x_c095,topbrain,topcow_ct_023,72,40,160,80,53,51,5,39,9
radius_1p5x_c095,topbrain,topcow_ct_023,73,40,160,120,8,6,0,4,4
radius_1p5x_c095,topbrain,topcow_ct_023,74,40,160,140,2,1,0,0,2
radius_1p5x_c095,topbrain,topcow_ct_023,75,40,200,0,0,0,0,0,0
radius_1p5x_c095,topbrain,topcow_ct_023,76,40,200,40,3,2,0,1,2
radius_1p5x_c095,topbrain,topcow_ct_023,77,40,200,80,30,28,2,22,6
radius_1p5x_c095,topbrain,topcow_ct_023,78,40,200,120,8,6,0,4,4
radius_1p5x_c095,topbrain,topcow_ct_023,79,40,200,140,2,1,0,0,2
radius_1p5x_c095,topbrain,topcow_ct_023,80,40,240,0,0,0,0,0,0
radius_1p5x_c095,topbrain,topcow_ct_023,81,40,240,40,0,0,0,0,0
radius_1p5x_c095,topbrain,topcow_ct_023,82,40,240,80,0,0,0,0,0
radius_1p5x_c095,topbrain,topcow_ct_023,83,40,240,120,0,0,0,0,0
radius_1p5x_c095,topbrain,topcow_ct_023,84,40,240,140,0,0,0,0,0
radius_1p5x_c095,topbrain,topcow_ct_023,85,40,280,0,0,0,0,0,0
radius_1p5x_c095,topbrain,topcow_ct_023,86,40,280,40,0,0,0,0,0
radius_1p5x_c095,topbrain,topcow_ct_023,87,40,280,80,0,0,0,0,0
radius_1p5x_c095,topbrain,topcow_ct_023,88,40,280,120,0,0,0,0,0
radius_1p5x_c095,topbrain,topcow_ct_023,89,40,280,140,0,0,0,0,0
radius_1p5x_c095,topbrain,topcow_ct_023,90,40,320,0,0,0,0,0,0
radius_1p5x_c095,topbrain,topcow_ct_023,91,40,320,40,0,0,0,0,0
radius_1p5x_c095,topbrain,topcow_ct_023,92,40,320,80,0,0,0,0,0
radius_1p5x_c095,topbrain,topcow_ct_023,93,40,320,120,0,0,0,0,0
radius_1p5x_c095,topbrain,topcow_ct_023,94,40,320,140,0,0,0,0,0
radius_1p5x_c095,topbrain,topcow_ct_023,95,40,332,0,0,0,0,0,0
radius_1p5x_c095,topbrain,topcow_ct_023,96,40,332,40,0,0,0,0,0
radius_1p5x_c095,topbrain,topcow_ct_023,97,40,332,80,0,0,0,0,0
radius_1p5x_c095,topbrain,topcow_ct_023,98,40,332,120,0,0,0,0,0
radius_1p5x_c095,topbrain,topcow_ct_023,99,40,332,140,0,0,0,0,0
radius_1p5x_c095,topbrain,topcow_ct_023,100,80,0,0,0,0,0,0,0
radius_1p5x_c095,topbrain,topcow_ct_023,101,80,0,40,0,0,0,0,0
radius_1p5x_c095,topbrain,topcow_ct_023,102,80,0,80,0,0,0,0,0
radius_1p5x_c095,topbrain,topcow_ct_023,103,80,0,120,0,0,0,0,0
radius_1p5x_c095,topbrain,topcow_ct_023,104,80,0,140,0,0,0,0,0
radius_1p5x_c095,topbrain,topcow_ct_023,105,80,40,0,6,5,1,4,1
radius_1p5x_c095,topbrain,topcow_ct_023,106,80,40,40,6,5,1,4,1
radius_1p5x_c095,topbrain,topcow_ct_023,107,80,40,80,0,0,0,0,0
radius_1p5x_c095,topbrain,topcow_ct_023,108,80,40,120,0,0,0,0,0
radius_1p5x_c095,topbrain,topcow_ct_023,109,80,40,140,0,0,0,0,0
radius_1p5x_c095,topbrain,topcow_ct_023,110,80,80,0,30,26,4,20,6
radius_1p5x_c095,topbrain,topcow_ct_023,111,80,80,40,52,46,6,36,10
radius_1p5x_c095,topbrain,topcow_ct_023,112,80,80,80,18,16,0,14,4
radius_1p5x_c095,topbrain,topcow_ct_023,113,80,80,120,0,0,0,0,0
radius_1p5x_c095,topbrain,topcow_ct_023,114,80,80,140,0,0,0,0,0
radius_1p5x_c095,topbrain,topcow_ct_023,115,80,120,0,25,23,5,15,5
radius_1p5x_c095,topbrain,topcow_ct_023,116,80,120,40,39,37,9,23,7
radius_1p5x_c095,topbrain,topcow_ct_023,117,80,120,80,8,7,0,6,2
radius_1p5x_c095,topbrain,topcow_ct_023,118,80,120,120,0,0,0,0,0
radius_1p5x_c095,topbrain,topcow_ct_023,119,80,120,140,0,0,0,0,0
radius_1p5x_c095,topbrain,topcow_ct_023,120,80,160,0,0,0,0,0,0
radius_1p5x_c095,topbrain,topcow_ct_023,121,80,160,40,19,15,1,11,7
radius_1p5x_c095,topbrain,topcow_ct_023,122,80,160,80,13,10,0,7,6
radius_1p5x_c095,topbrain,topcow_ct_023,123,80,160,120,0,0,0,0,0
radius_1p5x_c095,topbrain,topcow_ct_023,124,80,160,140,0,0,0,0,0
radius_1p5x_c095,topbrain,topcow_ct_023,125,80,200,0,0,0,0,0,0
radius_1p5x_c095,topbrain,topcow_ct_023,126,80,200,40,21,20,4,13,4
radius_1p5x_c095,topbrain,topcow_ct_023,127,80,200,80,19,17,3,9,7
radius_1p5x_c095,topbrain,topcow_ct_023,128,80,200,120,0,0,0,0,0
radius_1p5x_c095,topbrain,topcow_ct_023,129,80,200,140,0,0,0,0,0
radius_1p5x_c095,topbrain,topcow_ct_023,130,80,240,0,8,6,1,4,3
radius_1p5x_c095,topbrain,topcow_ct_023,131,80,240,40,5,4,0,3,2
radius_1p5x_c095,topbrain,topcow_ct_023,132,80,240,80,14,13,0,12,2
radius_1p5x_c095,topbrain,topcow_ct_023,133,80,240,120,2,1,0,0,2
radius_1p5x_c095,topbrain,topcow_ct_023,134,80,240,140,0,0,0,0,0
radius_1p5x_c095,topbrain,topcow_ct_023,135,80,280,0,9,6,2,3,4
radius_1p5x_c095,topbrain,topcow_ct_023,136,80,280,40,4,3,0,2,2
radius_1p5x_c095,topbrain,topcow_ct_023,137,80,280,80,14,13,1,12,1
radius_1p5x_c095,topbrain,topcow_ct_023,138,80,280,120,3,2,1,1,1
radius_1p5x_c095,topbrain,topcow_ct_023,139,80,280,140,0,0,0,0,0
radius_1p5x_c095,topbrain,topcow_ct_023,140,80,320,0,0,0,0,0,0
radius_1p5x_c095,topbrain,topcow_ct_023,141,80,320,40,0,0,0,0,0
radius_1p5x_c095,topbrain,topcow_ct_023,142,80,320,80,0,0,0,0,0
radius_1p5x_c095,topbrain,topcow_ct_023,143,80,320,120,0,0,0,0,0
radius_1p5x_c095,topbrain,topcow_ct_023,144,80,320,140,0,0,0,0,0
radius_1p5x_c095,topbrain,topcow_ct_023,145,80,332,0,0,0,0,0,0
radius_1p5x_c095,topbrain,topcow_ct_023,146,80,332,40,0,0,0,0,0
radius_1p5x_c095,topbrain,topcow_ct_023,147,80,332,80,0,0,0,0,0
radius_1p5x_c095,topbrain,topcow_ct_023,148,80,332,120,0,0,0,0,0
radius_1p5x_c095,topbrain,topcow_ct_023,149,80,332,140,0,0,0,0,0
radius_1p5x_c095,topbrain,topcow_ct_023,150,120,0,0,0,0,0,0,0
radius_1p5x_c095,topbrain,topcow_ct_023,151,120,0,40,3,2,1,1,1
radius_1p5x_c095,topbrain,topcow_ct_023,152,120,0,80,5,4,0,3,2
radius_1p5x_c095,topbrain,topcow_ct_023,153,120,0,120,4,3,0,2,2
radius_1p5x_c095,topbrain,topcow_ct_023,154,120,0,140,3,2,0,1,2
radius_1p5x_c095,topbrain,topcow_ct_023,155,120,40,0,6,5,1,4,1
radius_1p5x_c095,topbrain,topcow_ct_023,156,120,40,40,19,20,7,8,4
radius_1p5x_c095,topbrain,topcow_ct_023,157,120,40,80,14,16,8,5,1
radius_1p5x_c095,topbrain,topcow_ct_023,158,120,40,120,3,2,0,1,2
radius_1p5x_c095,topbrain,topcow_ct_023,159,120,40,140,3,2,0,1,2
radius_1p5x_c095,topbrain,topcow_ct_023,160,120,80,0,13,12,2,11,0
radius_1p5x_c095,topbrain,topcow_ct_023,161,120,80,40,35,33,8,18,9
radius_1p5x_c095,topbrain,topcow_ct_023,162,120,80,80,21,20,8,6,7
radius_1p5x_c095,topbrain,topcow_ct_023,163,120,80,120,2,1,0,0,2
radius_1p5x_c095,topbrain,topcow_ct_023,164,120,80,140,2,1,0,0,2
radius_1p5x_c095,topbrain,topcow_ct_023,165,120,120,0,10,7,2,4,4
radius_1p5x_c095,topbrain,topcow_ct_023,166,120,120,40,20,18,5,10,5
radius_1p5x_c095,topbrain,topcow_ct_023,167,120,120,80,5,3,0,1,4
radius_1p5x_c095,topbrain,topcow_ct_023,168,120,120,120,2,1,0,0,2
radius_1p5x_c095,topbrain,topcow_ct_023,169,120,120,140,3,2,0,1,2
radius_1p5x_c095,topbrain,topcow_ct_023,170,120,160,0,18,15,3,8,7
radius_1p5x_c095,topbrain,topcow_ct_023,171,120,160,40,36,31,5,20,11
radius_1p5x_c095,topbrain,topcow_ct_023,172,120,160,80,18,16,2,12,4
radius_1p5x_c095,topbrain,topcow_ct_023,173,120,160,120,0,0,0,0,0
radius_1p5x_c095,topbrain,topcow_ct_023,174,120,160,140,4,3,0,2,2
radius_1p5x_c095,topbrain,topcow_ct_023,175,120,200,0,13,10,3,3,7
radius_1p5x_c095,topbrain,topcow_ct_023,176,120,200,40,63,61,15,35,13
radius_1p5x_c095,topbrain,topcow_ct_023,177,120,200,80,52,54,13,32,7
radius_1p5x_c095,topbrain,topcow_ct_023,178,120,200,120,0,0,0,0,0
radius_1p5x_c095,topbrain,topcow_ct_023,179,120,200,140,4,3,0,2,2
radius_1p5x_c095,topbrain,topcow_ct_023,180,120,240,0,42,41,5,31,6
radius_1p5x_c095,topbrain,topcow_ct_023,181,120,240,40,46,43,10,22,14
radius_1p5x_c095,topbrain,topcow_ct_023,182,120,240,80,51,51,10,33,8
radius_1p5x_c095,topbrain,topcow_ct_023,183,120,240,120,4,2,0,0,4
radius_1p5x_c095,topbrain,topcow_ct_023,184,120,240,140,3,2,0,1,2
radius_1p5x_c095,topbrain,topcow_ct_023,185,120,280,0,39,37,5,28,6
radius_1p5x_c095,topbrain,topcow_ct_023,186,120,280,40,18,13,2,8,8
radius_1p5x_c095,topbrain,topcow_ct_023,187,120,280,80,26,22,3,18,5
radius_1p5x_c095,topbrain,topcow_ct_023,188,120,280,120,6,4,1,2,3
radius_1p5x_c095,topbrain,topcow_ct_023,189,120,280,140,3,2,0,1,2
radius_1p5x_c095,topbrain,topcow_ct_023,190,120,320,0,0,0,0,0,0
radius_1p5x_c095,topbrain,topcow_ct_023,191,120,320,40,2,1,1,0,1
radius_1p5x_c095,topbrain,topcow_ct_023,192,120,320,80,4,2,2,0,2
radius_1p5x_c095,topbrain,topcow_ct_023,193,120,320,120,2,1,1,0,1
radius_1p5x_c095,topbrain,topcow_ct_023,194,120,320,140,2,1,0,0,2
radius_1p5x_c095,topbrain,topcow_ct_023,195,120,332,0,0,0,0,0,0
radius_1p5x_c095,topbrain,topcow_ct_023,196,120,332,40,2,1,1,0,1
radius_1p5x_c095,topbrain,topcow_ct_023,197,120,332,80,4,2,2,0,2
radius_1p5x_c095,topbrain,topcow_ct_023,198,120,332,120,2,1,1,0,1
radius_1p5x_c095,topbrain,topcow_ct_023,199,120,332,140,2,1,0,0,2
radius_1p5x_c095,topbrain,topcow_ct_023,200,160,0,0,0,0,0,0,0
radius_1p5x_c095,topbrain,topcow_ct_023,201,160,0,40,3,2,1,1,1
radius_1p5x_c095,topbrain,topcow_ct_023,202,160,0,80,5,4,0,3,2
radius_1p5x_c095,topbrain,topcow_ct_023,203,160,0,120,4,3,0,2,2
radius_1p5x_c095,topbrain,topcow_ct_023,204,160,0,140,3,2,0,1,2
radius_1p5x_c095,topbrain,topcow_ct_023,205,160,40,0,0,0,0,0,0
radius_1p5x_c095,topbrain,topcow_ct_023,206,160,40,40,13,15,6,4,3
radius_1p5x_c095,topbrain,topcow_ct_023,207,160,40,80,14,16,8,5,1
radius_1p5x_c095,topbrain,topcow_ct_023,208,160,40,120,3,2,0,1,2
radius_1p5x_c095,topbrain,topcow_ct_023,209,160,40,140,3,2,0,1,2
radius_1p5x_c095,topbrain,topcow_ct_023,210,160,80,0,3,2,1,1,1
radius_1p5x_c095,topbrain,topcow_ct_023,211,160,80,40,25,23,7,8,10
radius_1p5x_c095,topbrain,topcow_ct_023,212,160,80,80,21,20,8,6,7
radius_1p5x_c095,topbrain,topcow_ct_023,213,160,80,120,2,1,0,0,2
radius_1p5x_c095,topbrain,topcow_ct_023,214,160,80,140,2,1,0,0,2
radius_1p5x_c095,topbrain,topcow_ct_023,215,160,120,0,5,3,2,1,2
radius_1p5x_c095,topbrain,topcow_ct_023,216,160,120,40,14,11,3,6,5
radius_1p5x_c095,topbrain,topcow_ct_023,217,160,120,80,5,3,0,1,4
radius_1p5x_c095,topbrain,topcow_ct_023,218,160,120,120,2,1,0,0,2
radius_1p5x_c095,topbrain,topcow_ct_023,219,160,120,140,3,2,0,1,2
radius_1p5x_c095,topbrain,topcow_ct_023,220,160,160,0,14,13,3,8,3
radius_1p5x_c095,topbrain,topcow_ct_023,221,160,160,40,24,21,3,14,7
radius_1p5x_c095,topbrain,topcow_ct_023,222,160,160,80,14,13,2,10,2
radius_1p5x_c095,topbrain,topcow_ct_023,223,160,160,120,0,0,0,0,0
radius_1p5x_c095,topbrain,topcow_ct_023,224,160,160,140,4,3,0,2,2
radius_1p5x_c095,topbrain,topcow_ct_023,225,160,200,0,14,12,3,4,7
radius_1p5x_c095,topbrain,topcow_ct_023,226,160,200,40,57,55,11,30,16
radius_1p5x_c095,topbrain,topcow_ct_023,227,160,200,80,52,53,11,31,10
radius_1p5x_c095,topbrain,topcow_ct_023,228,160,200,120,0,0,0,0,0
radius_1p5x_c095,topbrain,topcow_ct_023,229,160,200,140,4,3,0,2,2
radius_1p5x_c095,topbrain,topcow_ct_023,230,160,240,0,46,46,7,31,8
radius_1p5x_c095,topbrain,topcow_ct_023,231,160,240,40,49,44,6,26,17
radius_1p5x_c095,topbrain,topcow_ct_023,232,160,240,80,45,43,7,28,10
radius_1p5x_c095,topbrain,topcow_ct_023,233,160,240,120,4,2,0,0,4
radius_1p5x_c095,topbrain,topcow_ct_023,234,160,240,140,5,3,0,1,4
radius_1p5x_c095,topbrain,topcow_ct_023,235,160,280,0,37,37,6,24,7
radius_1p5x_c095,topbrain,topcow_ct_023,236,160,280,40,30,25,5,16,9
radius_1p5x_c095,topbrain,topcow_ct_023,237,160,280,80,33,30,7,23,3
radius_1p5x_c095,topbrain,topcow_ct_023,238,160,280,120,3,2,0,1,2
radius_1p5x_c095,topbrain,topcow_ct_023,239,160,280,140,3,2,0,1,2
radius_1p5x_c095,topbrain,topcow_ct_023,240,160,320,0,0,0,0,0,0
radius_1p5x_c095,topbrain,topcow_ct_023,241,160,320,40,2,1,1,0,1
radius_1p5x_c095,topbrain,topcow_ct_023,242,160,320,80,2,1,1,0,1
radius_1p5x_c095,topbrain,topcow_ct_023,243,160,320,120,2,1,0,0,2
radius_1p5x_c095,topbrain,topcow_ct_023,244,160,320,140,2,1,0,0,2
radius_1p5x_c095,topbrain,topcow_ct_023,245,160,332,0,0,0,0,0,0
radius_1p5x_c095,topbrain,topcow_ct_023,246,160,332,40,2,1,1,0,1
radius_1p5x_c095,topbrain,topcow_ct_023,247,160,332,80,2,1,1,0,1
radius_1p5x_c095,topbrain,topcow_ct_023,248,160,332,120,2,1,0,0,2
radius_1p5x_c095,topbrain,topcow_ct_023,249,160,332,140,2,1,0,0,2
radius_1p5x_c095,topbrain,topcow_ct_023,250,200,0,0,0,0,0,0,0
radius_1p5x_c095,topbrain,topcow_ct_023,251,200,0,40,0,0,0,0,0
radius_1p5x_c095,topbrain,topcow_ct_023,252,200,0,80,0,0,0,0,0
radius_1p5x_c095,topbrain,topcow_ct_023,253,200,0,120,0,0,0,0,0
radius_1p5x_c095,topbrain,topcow_ct_023,254,200,0,140,0,0,0,0,0
radius_1p5x_c095,topbrain,topcow_ct_023,255,200,40,0,3,2,1,1,1
radius_1p5x_c095,topbrain,topcow_ct_023,256,200,40,40,3,2,1,1,1
radius_1p5x_c095,topbrain,topcow_ct_023,257,200,40,80,0,0,0,0,0
radius_1p5x_c095,topbrain,topcow_ct_023,258,200,40,120,0,0,0,0,0
radius_1p5x_c095,topbrain,topcow_ct_023,259,200,40,140,0,0,0,0,0
radius_1p5x_c095,topbrain,topcow_ct_023,260,200,80,0,17,14,3,9,5
radius_1p5x_c095,topbrain,topcow_ct_023,261,200,80,40,33,28,5,19,9
radius_1p5x_c095,topbrain,topcow_ct_023,262,200,80,80,15,14,1,11,3
radius_1p5x_c095,topbrain,topcow_ct_023,263,200,80,120,0,0,0,0,0
radius_1p5x_c095,topbrain,topcow_ct_023,264,200,80,140,0,0,0,0,0
radius_1p5x_c095,topbrain,topcow_ct_023,265,200,120,0,14,10,2,4,8
radius_1p5x_c095,topbrain,topcow_ct_023,266,200,120,40,44,39,6,24,14
radius_1p5x_c095,topbrain,topcow_ct_023,267,200,120,80,17,15,1,11,5
radius_1p5x_c095,topbrain,topcow_ct_023,268,200,120,120,0,0,0,0,0
radius_1p5x_c095,topbrain,topcow_ct_023,269,200,120,140,0,0,0,0,0
radius_1p5x_c095,topbrain,topcow_ct_023,270,200,160,0,0,0,0,0,0
radius_1p5x_c095,topbrain,topcow_ct_023,271,200,160,40,15,11,1,5,9
radius_1p5x_c095,topbrain,topcow_ct_023,272,200,160,80,28,26,2,19,7
radius_1p5x_c095,topbrain,topcow_ct_023,273,200,160,120,0,0,0,0,0
radius_1p5x_c095,topbrain,topcow_ct_023,274,200,160,140,0,0,0,0,0
radius_1p5x_c095,topbrain,topcow_ct_023,275,200,200,0,0,0,0,0,0
radius_1p5x_c095,topbrain,topcow_ct_023,276,200,200,40,25,23,4,12,9
radius_1p5x_c095,topbrain,topcow_ct_023,277,200,200,80,43,39,4,26,13
radius_1p5x_c095,topbrain,topcow_ct_023,278,200,200,120,0,0,0,0,0
radius_1p5x_c095,topbrain,topcow_ct_023,279,200,200,140,0,0,0,0,0
radius_1p5x_c095,topbrain,topcow_ct_023,280,200,240,0,15,12,2,9,4
radius_1p5x_c095,topbrain,topcow_ct_023,281,200,240,40,11,9,1,5,5
radius_1p5x_c095,topbrain,topcow_ct_023,282,200,240,80,15,12,1,7,7
radius_1p5x_c095,topbrain,topcow_ct_023,283,200,240,120,0,0,0,0,0
radius_1p5x_c095,topbrain,topcow_ct_023,284,200,240,140,0,0,0,0,0
radius_1p5x_c095,topbrain,topcow_ct_023,285,200,280,0,10,8,1,6,3
radius_1p5x_c095,topbrain,topcow_ct_023,286,200,280,40,13,12,2,7,4
radius_1p5x_c095,topbrain,topcow_ct_023,287,200,280,80,20,19,3,14,3
radius_1p5x_c095,topbrain,topcow_ct_023,288,200,280,120,0,0,0,0,0
radius_1p5x_c095,topbrain,topcow_ct_023,289,200,280,140,0,0,0,0,0
radius_1p5x_c095,topbrain,topcow_ct_023,290,200,320,0,0,0,0,0,0
radius_1p5x_c095,topbrain,topcow_ct_023,291,200,320,40,0,0,0,0,0
radius_1p5x_c095,topbrain,topcow_ct_023,292,200,320,80,0,0,0,0,0
radius_1p5x_c095,topbrain,topcow_ct_023,293,200,320,120,0,0,0,0,0
radius_1p5x_c095,topbrain,topcow_ct_023,294,200,320,140,0,0,0,0,0
radius_1p5x_c095,topbrain,topcow_ct_023,295,200,332,0,0,0,0,0,0
radius_1p5x_c095,topbrain,topcow_ct_023,296,200,332,40,0,0,0,0,0
radius_1p5x_c095,topbrain,topcow_ct_023,297,200,332,80,0,0,0,0,0
radius_1p5x_c095,topbrain,topcow_ct_023,298,200,332,120,0,0,0,0,0
radius_1p5x_c095,topbrain,topcow_ct_023,299,200,332,140,0,0,0,0,0
radius_1p5x_c095,topbrain,topcow_ct_023,300,240,0,0,0,0,0,0,0
radius_1p5x_c095,topbrain,topcow_ct_023,301,240,0,40,0,0,0,0,0
radius_1p5x_c095,topbrain,topcow_ct_023,302,240,0,80,0,0,0,0,0
radius_1p5x_c095,topbrain,topcow_ct_023,303,240,0,120,0,0,0,0,0
radius_1p5x_c095,topbrain,topcow_ct_023,304,240,0,140,0,0,0,0,0
radius_1p5x_c095,topbrain,topcow_ct_023,305,240,40,0,0,0,0,0,0
radius_1p5x_c095,topbrain,topcow_ct_023,306,240,40,40,0,0,0,0,0
radius_1p5x_c095,topbrain,topcow_ct_023,307,240,40,80,0,0,0,0,0
radius_1p5x_c095,topbrain,topcow_ct_023,308,240,40,120,0,0,0,0,0
radius_1p5x_c095,topbrain,topcow_ct_023,309,240,40,140,0,0,0,0,0
radius_1p5x_c095,topbrain,topcow_ct_023,310,240,80,0,8,6,1,2,5
radius_1p5x_c095,topbrain,topcow_ct_023,311,240,80,40,31,27,5,17,9
radius_1p5x_c095,topbrain,topcow_ct_023,312,240,80,80,18,17,2,14,2
radius_1p5x_c095,topbrain,topcow_ct_023,313,240,80,120,0,0,0,0,0
radius_1p5x_c095,topbrain,topcow_ct_023,314,240,80,140,0,0,0,0,0
radius_1p5x_c095,topbrain,topcow_ct_023,315,240,120,0,8,6,1,2,5
radius_1p5x_c095,topbrain,topcow_ct_023,316,240,120,40,63,63,12,41,10
radius_1p5x_c095,topbrain,topcow_ct_023,317,240,120,80,43,39,6,27,10
radius_1p5x_c095,topbrain,topcow_ct_023,318,240,120,120,0,0,0,0,0
radius_1p5x_c095,topbrain,topcow_ct_023,319,240,120,140,0,0,0,0,0
radius_1p5x_c095,topbrain,topcow_ct_023,320,240,160,0,0,0,0,0,0
radius_1p5x_c095,topbrain,topcow_ct_023,321,240,160,40,37,36,8,21,8
radius_1p5x_c095,topbrain,topcow_ct_023,322,240,160,80,70,70,11,54,5
radius_1p5x_c095,topbrain,topcow_ct_023,323,240,160,120,0,0,0,0,0
radius_1p5x_c095,topbrain,topcow_ct_023,324,240,160,140,0,0,0,0,0
radius_1p5x_c095,topbrain,topcow_ct_023,325,240,200,0,0,0,0,0,0
radius_1p5x_c095,topbrain,topcow_ct_023,326,240,200,40,8,7,2,4,2
radius_1p5x_c095,topbrain,topcow_ct_023,327,240,200,80,43,41,4,35,4
radius_1p5x_c095,topbrain,topcow_ct_023,328,240,200,120,8,7,0,6,2
radius_1p5x_c095,topbrain,topcow_ct_023,329,240,200,140,0,0,0,0,0
radius_1p5x_c095,topbrain,topcow_ct_023,330,240,240,0,4,3,1,2,1
radius_1p5x_c095,topbrain,topcow_ct_023,331,240,240,40,0,0,0,0,0
radius_1p5x_c095,topbrain,topcow_ct_023,332,240,240,80,12,11,0,10,2
radius_1p5x_c095,topbrain,topcow_ct_023,333,240,240,120,8,7,0,6,2
radius_1p5x_c095,topbrain,topcow_ct_023,334,240,240,140,0,0,0,0,0
radius_1p5x_c095,topbrain,topcow_ct_023,335,240,280,0,4,3,0,2,2
radius_1p5x_c095,topbrain,topcow_ct_023,336,240,280,40,0,0,0,0,0
radius_1p5x_c095,topbrain,topcow_ct_023,337,240,280,80,0,0,0,0,0
radius_1p5x_c095,topbrain,topcow_ct_023,338,240,280,120,0,0,0,0,0
radius_1p5x_c095,topbrain,topcow_ct_023,339,240,280,140,0,0,0,0,0
radius_1p5x_c095,topbrain,topcow_ct_023,340,240,320,0,0,0,0,0,0
radius_1p5x_c095,topbrain,topcow_ct_023,341,240,320,40,0,0,0,0,0
radius_1p5x_c095,topbrain,topcow_ct_023,342,240,320,80,0,0,0,0,0
radius_1p5x_c095,topbrain,topcow_ct_023,343,240,320,120,0,0,0,0,0
radius_1p5x_c095,topbrain,topcow_ct_023,344,240,320,140,0,0,0,0,0
radius_1p5x_c095,topbrain,topcow_ct_023,345,240,332,0,0,0,0,0,0
radius_1p5x_c095,topbrain,topcow_ct_023,346,240,332,40,0,0,0,0,0
radius_1p5x_c095,topbrain,topcow_ct_023,347,240,332,80,0,0,0,0,0
radius_1p5x_c095,topbrain,topcow_ct_023,348,240,332,120,0,0,0,0,0
radius_1p5x_c095,topbrain,topcow_ct_023,349,240,332,140,0,0,0,0,0
radius_1p5x_c095,topbrain,topcow_ct_023,350,274,0,0,0,0,0,0,0
radius_1p5x_c095,topbrain,topcow_ct_023,351,274,0,40,0,0,0,0,0
radius_1p5x_c095,topbrain,topcow_ct_023,352,274,0,80,0,0,0,0,0
radius_1p5x_c095,topbrain,topcow_ct_023,353,274,0,120,0,0,0,0,0
radius_1p5x_c095,topbrain,topcow_ct_023,354,274,0,140,0,0,0,0,0
radius_1p5x_c095,topbrain,topcow_ct_023,355,274,40,0,0,0,0,0,0
radius_1p5x_c095,topbrain,topcow_ct_023,356,274,40,40,0,0,0,0,0
radius_1p5x_c095,topbrain,topcow_ct_023,357,274,40,80,0,0,0,0,0
radius_1p5x_c095,topbrain,topcow_ct_023,358,274,40,120,0,0,0,0,0
radius_1p5x_c095,topbrain,topcow_ct_023,359,274,40,140,0,0,0,0,0
radius_1p5x_c095,topbrain,topcow_ct_023,360,274,80,0,0,0,0,0,0
radius_1p5x_c095,topbrain,topcow_ct_023,361,274,80,40,2,1,1,0,1
radius_1p5x_c095,topbrain,topcow_ct_023,362,274,80,80,2,1,1,0,1
radius_1p5x_c095,topbrain,topcow_ct_023,363,274,80,120,0,0,0,0,0
radius_1p5x_c095,topbrain,topcow_ct_023,364,274,80,140,0,0,0,0,0
radius_1p5x_c095,topbrain,topcow_ct_023,365,274,120,0,0,0,0,0,0
radius_1p5x_c095,topbrain,topcow_ct_023,366,274,120,40,18,16,4,6,8
radius_1p5x_c095,topbrain,topcow_ct_023,367,274,120,80,17,14,3,7,7
radius_1p5x_c095,topbrain,topcow_ct_023,368,274,120,120,0,0,0,0,0
radius_1p5x_c095,topbrain,topcow_ct_023,369,274,120,140,0,0,0,0,0
radius_1p5x_c095,topbrain,topcow_ct_023,370,274,160,0,0,0,0,0,0
radius_1p5x_c095,topbrain,topcow_ct_023,371,274,160,40,22,20,4,10,8
radius_1p5x_c095,topbrain,topcow_ct_023,372,274,160,80,36,33,8,21,7
radius_1p5x_c095,topbrain,topcow_ct_023,373,274,160,120,0,0,0,0,0
radius_1p5x_c095,topbrain,topcow_ct_023,374,274,160,140,0,0,0,0,0
radius_1p5x_c095,topbrain,topcow_ct_023,375,274,200,0,0,0,0,0,0
radius_1p5x_c095,topbrain,topcow_ct_023,376,274,200,40,0,0,0,0,0
radius_1p5x_c095,topbrain,topcow_ct_023,377,274,200,80,16,14,3,10,3
radius_1p5x_c095,topbrain,topcow_ct_023,378,274,200,120,8,7,1,6,1
radius_1p5x_c095,topbrain,topcow_ct_023,379,274,200,140,0,0,0,0,0
radius_1p5x_c095,topbrain,topcow_ct_023,380,274,240,0,0,0,0,0,0
radius_1p5x_c095,topbrain,topcow_ct_023,381,274,240,40,0,0,0,0,0
radius_1p5x_c095,topbrain,topcow_ct_023,382,274,240,80,9,8,1,7,1
radius_1p5x_c095,topbrain,topcow_ct_023,383,274,240,120,8,7,1,6,1
radius_1p5x_c095,topbrain,topcow_ct_023,384,274,240,140,0,0,0,0,0
radius_1p5x_c095,topbrain,topcow_ct_023,385,274,280,0,0,0,0,0,0
radius_1p5x_c095,topbrain,topcow_ct_023,386,274,280,40,0,0,0,0,0
radius_1p5x_c095,topbrain,topcow_ct_023,387,274,280,80,0,0,0,0,0
radius_1p5x_c095,topbrain,topcow_ct_023,388,274,280,120,0,0,0,0,0
radius_1p5x_c095,topbrain,topcow_ct_023,389,274,280,140,0,0,0,0,0
radius_1p5x_c095,topbrain,topcow_ct_023,390,274,320,0,0,0,0,0,0
radius_1p5x_c095,topbrain,topcow_ct_023,391,274,320,40,0,0,0,0,0
radius_1p5x_c095,topbrain,topcow_ct_023,392,274,320,80,0,0,0,0,0
radius_1p5x_c095,topbrain,topcow_ct_023,393,274,320,120,0,0,0,0,0
radius_1p5x_c095,topbrain,topcow_ct_023,394,274,320,140,0,0,0,0,0
radius_1p5x_c095,topbrain,topcow_ct_023,395,274,332,0,0,0,0,0,0
radius_1p5x_c095,topbrain,topcow_ct_023,396,274,332,40,0,0,0,0,0
radius_1p5x_c095,topbrain,topcow_ct_023,397,274,332,80,0,0,0,0,0
radius_1p5x_c095,topbrain,topcow_ct_023,398,274,332,120,0,0,0,0,0
radius_1p5x_c095,topbrain,topcow_ct_023,399,274,332,140,0,0,0,0,0
radius_2x_c095,topbrain,topcow_ct_023,0,0,0,0,0,0,0,0,0
radius_2x_c095,topbrain,topcow_ct_023,1,0,0,40,0,0,0,0,0
radius_2x_c095,topbrain,topcow_ct_023,2,0,0,80,0,0,0,0,0
radius_2x_c095,topbrain,topcow_ct_023,3,0,0,120,0,0,0,0,0
radius_2x_c095,topbrain,topcow_ct_023,4,0,0,140,0,0,0,0,0
radius_2x_c095,topbrain,topcow_ct_023,5,0,40,0,0,0,0,0,0
radius_2x_c095,topbrain,topcow_ct_023,6,0,40,40,0,0,0,0,0
radius_2x_c095,topbrain,topcow_ct_023,7,0,40,80,0,0,0,0,0
radius_2x_c095,topbrain,topcow_ct_023,8,0,40,120,0,0,0,0,0
radius_2x_c095,topbrain,topcow_ct_023,9,0,40,140,0,0,0,0,0
radius_2x_c095,topbrain,topcow_ct_023,10,0,80,0,0,0,0,0,0
radius_2x_c095,topbrain,topcow_ct_023,11,0,80,40,4,3,1,2,1
radius_2x_c095,topbrain,topcow_ct_023,12,0,80,80,4,3,1,2,1
radius_2x_c095,topbrain,topcow_ct_023,13,0,80,120,0,0,0,0,0
radius_2x_c095,topbrain,topcow_ct_023,14,0,80,140,0,0,0,0,0
radius_2x_c095,topbrain,topcow_ct_023,15,0,120,0,0,0,0,0,0
radius_2x_c095,topbrain,topcow_ct_023,16,0,120,40,7,5,1,3,3
radius_2x_c095,topbrain,topcow_ct_023,17,0,120,80,8,6,1,4,3
radius_2x_c095,topbrain,topcow_ct_023,18,0,120,120,0,0,0,0,0
radius_2x_c095,topbrain,topcow_ct_023,19,0,120,140,0,0,0,0,0
radius_2x_c095,topbrain,topcow_ct_023,20,0,160,0,0,0,0,0,0
radius_2x_c095,topbrain,topcow_ct_023,21,0,160,40,12,10,1,8,3
radius_2x_c095,topbrain,topcow_ct_023,22,0,160,80,31,27,2,23,6
radius_2x_c095,topbrain,topcow_ct_023,23,0,160,120,10,8,1,6,3
radius_2x_c095,topbrain,topcow_ct_023,24,0,160,140,2,1,1,0,1
radius_2x_c095,topbrain,topcow_ct_023,25,0,200,0,0,0,0,0,0
radius_2x_c095,topbrain,topcow_ct_023,26,0,200,40,0,0,0,0,0
radius_2x_c095,topbrain,topcow_ct_023,27,0,200,80,20,17,1,14,5
radius_2x_c095,topbrain,topcow_ct_023,28,0,200,120,10,8,2,6,2
radius_2x_c095,topbrain,topcow_ct_023,29,0,200,140,2,1,1,0,1
radius_2x_c095,topbrain,topcow_ct_023,30,0,240,0,0,0,0,0,0
radius_2x_c095,topbrain,topcow_ct_023,31,0,240,40,0,0,0,0,0
radius_2x_c095,topbrain,topcow_ct_023,32,0,240,80,0,0,0,0,0
radius_2x_c095,topbrain,topcow_ct_023,33,0,240,120,0,0,0,0,0
radius_2x_c095,topbrain,topcow_ct_023,34,0,240,140,0,0,0,0,0
radius_2x_c095,topbrain,topcow_ct_023,35,0,280,0,0,0,0,0,0
radius_2x_c095,topbrain,topcow_ct_023,36,0,280,40,0,0,0,0,0
radius_2x_c095,topbrain,topcow_ct_023,37,0,280,80,0,0,0,0,0
radius_2x_c095,topbrain,topcow_ct_023,38,0,280,120,0,0,0,0,0
radius_2x_c095,topbrain,topcow_ct_023,39,0,280,140,0,0,0,0,0
radius_2x_c095,topbrain,topcow_ct_023,40,0,320,0,0,0,0,0,0
radius_2x_c095,topbrain,topcow_ct_023,41,0,320,40,0,0,0,0,0
radius_2x_c095,topbrain,topcow_ct_023,42,0,320,80,0,0,0,0,0
radius_2x_c095,topbrain,topcow_ct_023,43,0,320,120,0,0,0,0,0
radius_2x_c095,topbrain,topcow_ct_023,44,0,320,140,0,0,0,0,0
radius_2x_c095,topbrain,topcow_ct_023,45,0,332,0,0,0,0,0,0
radius_2x_c095,topbrain,topcow_ct_023,46,0,332,40,0,0,0,0,0
radius_2x_c095,topbrain,topcow_ct_023,47,0,332,80,0,0,0,0,0
radius_2x_c095,topbrain,topcow_ct_023,48,0,332,120,0,0,0,0,0
radius_2x_c095,topbrain,topcow_ct_023,49,0,332,140,0,0,0,0,0
radius_2x_c095,topbrain,topcow_ct_023,50,40,0,0,0,0,0,0,0
radius_2x_c095,topbrain,topcow_ct_023,51,40,0,40,0,0,0,0,0
radius_2x_c095,topbrain,topcow_ct_023,52,40,0,80,0,0,0,0,0
radius_2x_c095,topbrain,topcow_ct_023,53,40,0,120,0,0,0,0,0
radius_2x_c095,topbrain,topcow_ct_023,54,40,0,140,0,0,0,0,0
radius_2x_c095,topbrain,topcow_ct_023,55,40,40,0,0,0,0,0,0
radius_2x_c095,topbrain,topcow_ct_023,56,40,40,40,0,0,0,0,0
radius_2x_c095,topbrain,topcow_ct_023,57,40,40,80,0,0,0,0,0
radius_2x_c095,topbrain,topcow_ct_023,58,40,40,120,0,0,0,0,0
radius_2x_c095,topbrain,topcow_ct_023,59,40,40,140,0,0,0,0,0
radius_2x_c095,topbrain,topcow_ct_023,60,40,80,0,17,14,2,9,6
radius_2x_c095,topbrain,topcow_ct_023,61,40,80,40,55,53,8,42,5
radius_2x_c095,topbrain,topcow_ct_023,62,40,80,80,31,30,3,26,2
radius_2x_c095,topbrain,topcow_ct_023,63,40,80,120,0,0,0,0,0
radius_2x_c095,topbrain,topcow_ct_023,64,40,80,140,0,0,0,0,0
radius_2x_c095,topbrain,topcow_ct_023,65,40,120,0,29,25,4,15,10
radius_2x_c095,topbrain,topcow_ct_023,66,40,120,40,76,77,15,53,8
radius_2x_c095,topbrain,topcow_ct_023,67,40,120,80,34,33,4,25,5
radius_2x_c095,topbrain,topcow_ct_023,68,40,120,120,0,0,0,0,0
radius_2x_c095,topbrain,topcow_ct_023,69,40,120,140,0,0,0,0,0
radius_2x_c095,topbrain,topcow_ct_023,70,40,160,0,0,0,0,0,0
radius_2x_c095,topbrain,topcow_ct_023,71,40,160,40,35,32,4,21,10
radius_2x_c095,topbrain,topcow_ct_023,72,40,160,80,53,51,5,39,9
radius_2x_c095,topbrain,topcow_ct_023,73,40,160,120,8,6,0,4,4
radius_2x_c095,topbrain,topcow_ct_023,74,40,160,140,2,1,0,0,2
radius_2x_c095,topbrain,topcow_ct_023,75,40,200,0,0,0,0,0,0
radius_2x_c095,topbrain,topcow_ct_023,76,40,200,40,3,2,0,1,2
radius_2x_c095,topbrain,topcow_ct_023,77,40,200,80,30,28,2,22,6
radius_2x_c095,topbrain,topcow_ct_023,78,40,200,120,8,6,0,4,4
radius_2x_c095,topbrain,topcow_ct_023,79,40,200,140,2,1,0,0,2
radius_2x_c095,topbrain,topcow_ct_023,80,40,240,0,0,0,0,0,0
radius_2x_c095,topbrain,topcow_ct_023,81,40,240,40,0,0,0,0,0
radius_2x_c095,topbrain,topcow_ct_023,82,40,240,80,0,0,0,0,0
radius_2x_c095,topbrain,topcow_ct_023,83,40,240,120,0,0,0,0,0
radius_2x_c095,topbrain,topcow_ct_023,84,40,240,140,0,0,0,0,0
radius_2x_c095,topbrain,topcow_ct_023,85,40,280,0,0,0,0,0,0
radius_2x_c095,topbrain,topcow_ct_023,86,40,280,40,0,0,0,0,0
radius_2x_c095,topbrain,topcow_ct_023,87,40,280,80,0,0,0,0,0
radius_2x_c095,topbrain,topcow_ct_023,88,40,280,120,0,0,0,0,0
radius_2x_c095,topbrain,topcow_ct_023,89,40,280,140,0,0,0,0,0
radius_2x_c095,topbrain,topcow_ct_023,90,40,320,0,0,0,0,0,0
radius_2x_c095,topbrain,topcow_ct_023,91,40,320,40,0,0,0,0,0
radius_2x_c095,topbrain,topcow_ct_023,92,40,320,80,0,0,0,0,0
radius_2x_c095,topbrain,topcow_ct_023,93,40,320,120,0,0,0,0,0
radius_2x_c095,topbrain,topcow_ct_023,94,40,320,140,0,0,0,0,0
radius_2x_c095,topbrain,topcow_ct_023,95,40,332,0,0,0,0,0,0
radius_2x_c095,topbrain,topcow_ct_023,96,40,332,40,0,0,0,0,0
radius_2x_c095,topbrain,topcow_ct_023,97,40,332,80,0,0,0,0,0
radius_2x_c095,topbrain,topcow_ct_023,98,40,332,120,0,0,0,0,0
radius_2x_c095,topbrain,topcow_ct_023,99,40,332,140,0,0,0,0,0
radius_2x_c095,topbrain,topcow_ct_023,100,80,0,0,0,0,0,0,0
radius_2x_c095,topbrain,topcow_ct_023,101,80,0,40,0,0,0,0,0
radius_2x_c095,topbrain,topcow_ct_023,102,80,0,80,0,0,0,0,0
radius_2x_c095,topbrain,topcow_ct_023,103,80,0,120,0,0,0,0,0
radius_2x_c095,topbrain,topcow_ct_023,104,80,0,140,0,0,0,0,0
radius_2x_c095,topbrain,topcow_ct_023,105,80,40,0,6,5,1,4,1
radius_2x_c095,topbrain,topcow_ct_023,106,80,40,40,6,5,1,4,1
radius_2x_c095,topbrain,topcow_ct_023,107,80,40,80,0,0,0,0,0
radius_2x_c095,topbrain,topcow_ct_023,108,80,40,120,0,0,0,0,0
radius_2x_c095,topbrain,topcow_ct_023,109,80,40,140,0,0,0,0,0
radius_2x_c095,topbrain,topcow_ct_023,110,80,80,0,30,26,4,20,6
radius_2x_c095,topbrain,topcow_ct_023,111,80,80,40,51,45,6,35,10
radius_2x_c095,topbrain,topcow_ct_023,112,80,80,80,17,15,0,13,4
radius_2x_c095,topbrain,topcow_ct_023,113,80,80,120,0,0,0,0,0
radius_2x_c095,topbrain,topcow_ct_023,114,80,80,140,0,0,0,0,0
radius_2x_c095,topbrain,topcow_ct_023,115,80,120,0,25,23,5,15,5
radius_2x_c095,topbrain,topcow_ct_023,116,80,120,40,39,37,9,23,7
radius_2x_c095,topbrain,topcow_ct_023,117,80,120,80,8,7,0,6,2
radius_2x_c095,topbrain,topcow_ct_023,118,80,120,120,0,0,0,0,0
radius_2x_c095,topbrain,topcow_ct_023,119,80,120,140,0,0,0,0,0
radius_2x_c095,topbrain,topcow_ct_023,120,80,160,0,0,0,0,0,0
radius_2x_c095,topbrain,topcow_ct_023,121,80,160,40,19,15,1,11,7
radius_2x_c095,topbrain,topcow_ct_023,122,80,160,80,13,10,0,7,6
radius_2x_c095,topbrain,topcow_ct_023,123,80,160,120,0,0,0,0,0
radius_2x_c095,topbrain,topcow_ct_023,124,80,160,140,0,0,0,0,0
radius_2x_c095,topbrain,topcow_ct_023,125,80,200,0,0,0,0,0,0
radius_2x_c095,topbrain,topcow_ct_023,126,80,200,40,21,20,4,13,4
radius_2x_c095,topbrain,topcow_ct_023,127,80,200,80,19,17,3,9,7
radius_2x_c095,topbrain,topcow_ct_023,128,80,200,120,0,0,0,0,0
radius_2x_c095,topbrain,topcow_ct_023,129,80,200,140,0,0,0,0,0
radius_2x_c095,topbrain,topcow_ct_023,130,80,240,0,8,6,1,4,3
radius_2x_c095,topbrain,topcow_ct_023,131,80,240,40,5,4,0,3,2
radius_2x_c095,topbrain,topcow_ct_023,132,80,240,80,14,13,0,12,2
radius_2x_c095,topbrain,topcow_ct_023,133,80,240,120,2,1,0,0,2
radius_2x_c095,topbrain,topcow_ct_023,134,80,240,140,0,0,0,0,0
radius_2x_c095,topbrain,topcow_ct_023,135,80,280,0,9,6,2,3,4
radius_2x_c095,topbrain,topcow_ct_023,136,80,280,40,4,3,0,2,2
radius_2x_c095,topbrain,topcow_ct_023,137,80,280,80,14,13,1,12,1
radius_2x_c095,topbrain,topcow_ct_023,138,80,280,120,3,2,1,1,1
radius_2x_c095,topbrain,topcow_ct_023,139,80,280,140,0,0,0,0,0
radius_2x_c095,topbrain,topcow_ct_023,140,80,320,0,0,0,0,0,0
radius_2x_c095,topbrain,topcow_ct_023,141,80,320,40,0,0,0,0,0
radius_2x_c095,topbrain,topcow_ct_023,142,80,320,80,0,0,0,0,0
radius_2x_c095,topbrain,topcow_ct_023,143,80,320,120,0,0,0,0,0
radius_2x_c095,topbrain,topcow_ct_023,144,80,320,140,0,0,0,0,0
radius_2x_c095,topbrain,topcow_ct_023,145,80,332,0,0,0,0,0,0
radius_2x_c095,topbrain,topcow_ct_023,146,80,332,40,0,0,0,0,0
radius_2x_c095,topbrain,topcow_ct_023,147,80,332,80,0,0,0,0,0
radius_2x_c095,topbrain,topcow_ct_023,148,80,332,120,0,0,0,0,0
radius_2x_c095,topbrain,topcow_ct_023,149,80,332,140,0,0,0,0,0
radius_2x_c095,topbrain,topcow_ct_023,150,120,0,0,0,0,0,0,0
radius_2x_c095,topbrain,topcow_ct_023,151,120,0,40,3,2,1,1,1
radius_2x_c095,topbrain,topcow_ct_023,152,120,0,80,5,4,0,3,2
radius_2x_c095,topbrain,topcow_ct_023,153,120,0,120,4,3,0,2,2
radius_2x_c095,topbrain,topcow_ct_023,154,120,0,140,3,2,0,1,2
radius_2x_c095,topbrain,topcow_ct_023,155,120,40,0,6,5,1,4,1
radius_2x_c095,topbrain,topcow_ct_023,156,120,40,40,19,20,7,8,4
radius_2x_c095,topbrain,topcow_ct_023,157,120,40,80,14,16,8,5,1
radius_2x_c095,topbrain,topcow_ct_023,158,120,40,120,3,2,0,1,2
radius_2x_c095,topbrain,topcow_ct_023,159,120,40,140,3,2,0,1,2
radius_2x_c095,topbrain,topcow_ct_023,160,120,80,0,13,12,2,11,0
radius_2x_c095,topbrain,topcow_ct_023,161,120,80,40,35,33,8,18,9
radius_2x_c095,topbrain,topcow_ct_023,162,120,80,80,21,20,8,6,7
radius_2x_c095,topbrain,topcow_ct_023,163,120,80,120,2,1,0,0,2
radius_2x_c095,topbrain,topcow_ct_023,164,120,80,140,2,1,0,0,2
radius_2x_c095,topbrain,topcow_ct_023,165,120,120,0,10,7,2,4,4
radius_2x_c095,topbrain,topcow_ct_023,166,120,120,40,20,18,5,10,5
radius_2x_c095,topbrain,topcow_ct_023,167,120,120,80,5,3,0,1,4
radius_2x_c095,topbrain,topcow_ct_023,168,120,120,120,2,1,0,0,2
radius_2x_c095,topbrain,topcow_ct_023,169,120,120,140,3,2,0,1,2
radius_2x_c095,topbrain,topcow_ct_023,170,120,160,0,18,15,3,8,7
radius_2x_c095,topbrain,topcow_ct_023,171,120,160,40,36,31,5,20,11
radius_2x_c095,topbrain,topcow_ct_023,172,120,160,80,18,16,2,12,4
radius_2x_c095,topbrain,topcow_ct_023,173,120,160,120,0,0,0,0,0
radius_2x_c095,topbrain,topcow_ct_023,174,120,160,140,4,3,0,2,2
radius_2x_c095,topbrain,topcow_ct_023,175,120,200,0,13,10,3,3,7
radius_2x_c095,topbrain,topcow_ct_023,176,120,200,40,62,60,15,34,13
radius_2x_c095,topbrain,topcow_ct_023,177,120,200,80,51,53,13,31,7
radius_2x_c095,topbrain,topcow_ct_023,178,120,200,120,0,0,0,0,0
radius_2x_c095,topbrain,topcow_ct_023,179,120,200,140,4,3,0,2,2
radius_2x_c095,topbrain,topcow_ct_023,180,120,240,0,42,41,5,31,6
radius_2x_c095,topbrain,topcow_ct_023,181,120,240,40,45,42,10,21,14
radius_2x_c095,topbrain,topcow_ct_023,182,120,240,80,50,50,10,32,8
radius_2x_c095,topbrain,topcow_ct_023,183,120,240,120,4,2,0,0,4
radius_2x_c095,topbrain,topcow_ct_023,184,120,240,140,3,2,0,1,2
radius_2x_c095,topbrain,topcow_ct_023,185,120,280,0,39,37,5,28,6
radius_2x_c095,topbrain,topcow_ct_023,186,120,280,40,18,13,2,8,8
radius_2x_c095,topbrain,topcow_ct_023,187,120,280,80,26,22,3,18,5
radius_2x_c095,topbrain,topcow_ct_023,188,120,280,120,6,4,1,2,3
radius_2x_c095,topbrain,topcow_ct_023,189,120,280,140,3,2,0,1,2
radius_2x_c095,topbrain,topcow_ct_023,190,120,320,0,0,0,0,0,0
radius_2x_c095,topbrain,topcow_ct_023,191,120,320,40,2,1,1,0,1
radius_2x_c095,topbrain,topcow_ct_023,192,120,320,80,4,2,2,0,2
radius_2x_c095,topbrain,topcow_ct_023,193,120,320,120,2,1,1,0,1
radius_2x_c095,topbrain,topcow_ct_023,194,120,320,140,2,1,0,0,2
radius_2x_c095,topbrain,topcow_ct_023,195,120,332,0,0,0,0,0,0
radius_2x_c095,topbrain,topcow_ct_023,196,120,332,40,2,1,1,0,1
radius_2x_c095,topbrain,topcow_ct_023,197,120,332,80,4,2,2,0,2
radius_2x_c095,topbrain,topcow_ct_023,198,120,332,120,2,1,1,0,1
radius_2x_c095,topbrain,topcow_ct_023,199,120,332,140,2,1,0,0,2
radius_2x_c095,topbrain,topcow_ct_023,200,160,0,0,0,0,0,0,0
radius_2x_c095,topbrain,topcow_ct_023,201,160,0,40,3,2,1,1,1
radius_2x_c095,topbrain,topcow_ct_023,202,160,0,80,5,4,0,3,2
radius_2x_c095,topbrain,topcow_ct_023,203,160,0,120,4,3,0,2,2
radius_2x_c095,topbrain,topcow_ct_023,204,160,0,140,3,2,0,1,2
radius_2x_c095,topbrain,topcow_ct_023,205,160,40,0,0,0,0,0,0
radius_2x_c095,topbrain,topcow_ct_023,206,160,40,40,13,15,6,4,3
radius_2x_c095,topbrain,topcow_ct_023,207,160,40,80,14,16,8,5,1
radius_2x_c095,topbrain,topcow_ct_023,208,160,40,120,3,2,0,1,2
radius_2x_c095,topbrain,topcow_ct_023,209,160,40,140,3,2,0,1,2
radius_2x_c095,topbrain,topcow_ct_023,210,160,80,0,3,2,1,1,1
radius_2x_c095,topbrain,topcow_ct_023,211,160,80,40,25,23,7,8,10
radius_2x_c095,topbrain,topcow_ct_023,212,160,80,80,21,20,8,6,7
radius_2x_c095,topbrain,topcow_ct_023,213,160,80,120,2,1,0,0,2
radius_2x_c095,topbrain,topcow_ct_023,214,160,80,140,2,1,0,0,2
radius_2x_c095,topbrain,topcow_ct_023,215,160,120,0,5,3,2,1,2
radius_2x_c095,topbrain,topcow_ct_023,216,160,120,40,14,11,3,6,5
radius_2x_c095,topbrain,topcow_ct_023,217,160,120,80,5,3,0,1,4
radius_2x_c095,topbrain,topcow_ct_023,218,160,120,120,2,1,0,0,2
radius_2x_c095,topbrain,topcow_ct_023,219,160,120,140,3,2,0,1,2
radius_2x_c095,topbrain,topcow_ct_023,220,160,160,0,14,13,3,8,3
radius_2x_c095,topbrain,topcow_ct_023,221,160,160,40,24,21,3,14,7
radius_2x_c095,topbrain,topcow_ct_023,222,160,160,80,14,13,2,10,2
radius_2x_c095,topbrain,topcow_ct_023,223,160,160,120,0,0,0,0,0
radius_2x_c095,topbrain,topcow_ct_023,224,160,160,140,4,3,0,2,2
radius_2x_c095,topbrain,topcow_ct_023,225,160,200,0,14,12,3,4,7
radius_2x_c095,topbrain,topcow_ct_023,226,160,200,40,55,53,11,28,16
radius_2x_c095,topbrain,topcow_ct_023,227,160,200,80,50,51,11,29,10
radius_2x_c095,topbrain,topcow_ct_023,228,160,200,120,0,0,0,0,0
radius_2x_c095,topbrain,topcow_ct_023,229,160,200,140,4,3,0,2,2
radius_2x_c095,topbrain,topcow_ct_023,230,160,240,0,45,45,7,30,8
radius_2x_c095,topbrain,topcow_ct_023,231,160,240,40,47,42,6,24,17
radius_2x_c095,topbrain,topcow_ct_023,232,160,240,80,43,41,7,26,10
radius_2x_c095,topbrain,topcow_ct_023,233,160,240,120,4,2,0,0,4
radius_2x_c095,topbrain,topcow_ct_023,234,160,240,140,5,3,0,1,4
radius_2x_c095,topbrain,topcow_ct_023,235,160,280,0,36,36,6,23,7
radius_2x_c095,topbrain,topcow_ct_023,236,160,280,40,30,25,5,16,9
radius_2x_c095,topbrain,topcow_ct_023,237,160,280,80,33,30,7,23,3
radius_2x_c095,topbrain,topcow_ct_023,238,160,280,120,3,2,0,1,2
radius_2x_c095,topbrain,topcow_ct_023,239,160,280,140,3,2,0,1,2
radius_2x_c095,topbrain,topcow_ct_023,240,160,320,0,0,0,0,0,0
radius_2x_c095,topbrain,topcow_ct_023,241,160,320,40,2,1,1,0,1
radius_2x_c095,topbrain,topcow_ct_023,242,160,320,80,2,1,1,0,1
radius_2x_c095,topbrain,topcow_ct_023,243,160,320,120,2,1,0,0,2
radius_2x_c095,topbrain,topcow_ct_023,244,160,320,140,2,1,0,0,2
radius_2x_c095,topbrain,topcow_ct_023,245,160,332,0,0,0,0,0,0
radius_2x_c095,topbrain,topcow_ct_023,246,160,332,40,2,1,1,0,1
radius_2x_c095,topbrain,topcow_ct_023,247,160,332,80,2,1,1,0,1
radius_2x_c095,topbrain,topcow_ct_023,248,160,332,120,2,1,0,0,2
radius_2x_c095,topbrain,topcow_ct_023,249,160,332,140,2,1,0,0,2
radius_2x_c095,topbrain,topcow_ct_023,250,200,0,0,0,0,0,0,0
radius_2x_c095,topbrain,topcow_ct_023,251,200,0,40,0,0,0,0,0
radius_2x_c095,topbrain,topcow_ct_023,252,200,0,80,0,0,0,0,0
radius_2x_c095,topbrain,topcow_ct_023,253,200,0,120,0,0,0,0,0
radius_2x_c095,topbrain,topcow_ct_023,254,200,0,140,0,0,0,0,0
radius_2x_c095,topbrain,topcow_ct_023,255,200,40,0,3,2,1,1,1
radius_2x_c095,topbrain,topcow_ct_023,256,200,40,40,3,2,1,1,1
radius_2x_c095,topbrain,topcow_ct_023,257,200,40,80,0,0,0,0,0
radius_2x_c095,topbrain,topcow_ct_023,258,200,40,120,0,0,0,0,0
radius_2x_c095,topbrain,topcow_ct_023,259,200,40,140,0,0,0,0,0
radius_2x_c095,topbrain,topcow_ct_023,260,200,80,0,19,16,3,11,5
radius_2x_c095,topbrain,topcow_ct_023,261,200,80,40,35,30,5,21,9
radius_2x_c095,topbrain,topcow_ct_023,262,200,80,80,15,14,1,11,3
radius_2x_c095,topbrain,topcow_ct_023,263,200,80,120,0,0,0,0,0
radius_2x_c095,topbrain,topcow_ct_023,264,200,80,140,0,0,0,0,0
radius_2x_c095,topbrain,topcow_ct_023,265,200,120,0,15,11,2,5,8
radius_2x_c095,topbrain,topcow_ct_023,266,200,120,40,45,40,6,25,14
radius_2x_c095,topbrain,topcow_ct_023,267,200,120,80,17,15,1,11,5
radius_2x_c095,topbrain,topcow_ct_023,268,200,120,120,0,0,0,0,0
radius_2x_c095,topbrain,topcow_ct_023,269,200,120,140,0,0,0,0,0
radius_2x_c095,topbrain,topcow_ct_023,270,200,160,0,0,0,0,0,0
radius_2x_c095,topbrain,topcow_ct_023,271,200,160,40,15,11,1,5,9
radius_2x_c095,topbrain,topcow_ct_023,272,200,160,80,28,26,2,19,7
radius_2x_c095,topbrain,topcow_ct_023,273,200,160,120,0,0,0,0,0
radius_2x_c095,topbrain,topcow_ct_023,274,200,160,140,0,0,0,0,0
radius_2x_c095,topbrain,topcow_ct_023,275,200,200,0,0,0,0,0,0
radius_2x_c095,topbrain,topcow_ct_023,276,200,200,40,24,22,4,11,9
radius_2x_c095,topbrain,topcow_ct_023,277,200,200,80,42,38,4,25,13
radius_2x_c095,topbrain,topcow_ct_023,278,200,200,120,0,0,0,0,0
radius_2x_c095,topbrain,topcow_ct_023,279,200,200,140,0,0,0,0,0
radius_2x_c095,topbrain,topcow_ct_023,280,200,240,0,14,11,2,8,4
radius_2x_c095,topbrain,topcow_ct_023,281,200,240,40,10,8,1,4,5
radius_2x_c095,topbrain,topcow_ct_023,282,200,240,80,14,11,1,6,7
radius_2x_c095,topbrain,topcow_ct_023,283,200,240,120,0,0,0,0,0
radius_2x_c095,topbrain,topcow_ct_023,284,200,240,140,0,0,0,0,0
radius_2x_c095,topbrain,topcow_ct_023,285,200,280,0,9,7,1,5,3
radius_2x_c095,topbrain,topcow_ct_023,286,200,280,40,13,12,2,7,4
radius_2x_c095,topbrain,topcow_ct_023,287,200,280,80,20,19,3,14,3
radius_2x_c095,topbrain,topcow_ct_023,288,200,280,120,0,0,0,0,0
radius_2x_c095,topbrain,topcow_ct_023,289,200,280,140,0,0,0,0,0
radius_2x_c095,topbrain,topcow_ct_023,290,200,320,0,0,0,0,0,0
radius_2x_c095,topbrain,topcow_ct_023,291,200,320,40,0,0,0,0,0
radius_2x_c095,topbrain,topcow_ct_023,292,200,320,80,0,0,0,0,0
radius_2x_c095,topbrain,topcow_ct_023,293,200,320,120,0,0,0,0,0
radius_2x_c095,topbrain,topcow_ct_023,294,200,320,140,0,0,0,0,0
radius_2x_c095,topbrain,topcow_ct_023,295,200,332,0,0,0,0,0,0
radius_2x_c095,topbrain,topcow_ct_023,296,200,332,40,0,0,0,0,0
radius_2x_c095,topbrain,topcow_ct_023,297,200,332,80,0,0,0,0,0
radius_2x_c095,topbrain,topcow_ct_023,298,200,332,120,0,0,0,0,0
radius_2x_c095,topbrain,topcow_ct_023,299,200,332,140,0,0,0,0,0
radius_2x_c095,topbrain,topcow_ct_023,300,240,0,0,0,0,0,0,0
radius_2x_c095,topbrain,topcow_ct_023,301,240,0,40,0,0,0,0,0
radius_2x_c095,topbrain,topcow_ct_023,302,240,0,80,0,0,0,0,0
radius_2x_c095,topbrain,topcow_ct_023,303,240,0,120,0,0,0,0,0
radius_2x_c095,topbrain,topcow_ct_023,304,240,0,140,0,0,0,0,0
radius_2x_c095,topbrain,topcow_ct_023,305,240,40,0,0,0,0,0,0
radius_2x_c095,topbrain,topcow_ct_023,306,240,40,40,0,0,0,0,0
radius_2x_c095,topbrain,topcow_ct_023,307,240,40,80,0,0,0,0,0
radius_2x_c095,topbrain,topcow_ct_023,308,240,40,120,0,0,0,0,0
radius_2x_c095,topbrain,topcow_ct_023,309,240,40,140,0,0,0,0,0
radius_2x_c095,topbrain,topcow_ct_023,310,240,80,0,8,6,1,2,5
radius_2x_c095,topbrain,topcow_ct_023,311,240,80,40,30,26,5,16,9
radius_2x_c095,topbrain,topcow_ct_023,312,240,80,80,18,17,2,14,2
radius_2x_c095,topbrain,topcow_ct_023,313,240,80,120,0,0,0,0,0
radius_2x_c095,topbrain,topcow_ct_023,314,240,80,140,0,0,0,0,0
radius_2x_c095,topbrain,topcow_ct_023,315,240,120,0,8,6,1,2,5
radius_2x_c095,topbrain,topcow_ct_023,316,240,120,40,62,62,12,40,10
radius_2x_c095,topbrain,topcow_ct_023,317,240,120,80,43,39,6,27,10
radius_2x_c095,topbrain,topcow_ct_023,318,240,120,120,0,0,0,0,0
radius_2x_c095,topbrain,topcow_ct_023,319,240,120,140,0,0,0,0,0
radius_2x_c095,topbrain,topcow_ct_023,320,240,160,0,0,0,0,0,0
radius_2x_c095,topbrain,topcow_ct_023,321,240,160,40,38,37,8,22,8
radius_2x_c095,topbrain,topcow_ct_023,322,240,160,80,71,71,11,55,5
radius_2x_c095,topbrain,topcow_ct_023,323,240,160,120,0,0,0,0,0
radius_2x_c095,topbrain,topcow_ct_023,324,240,160,140,0,0,0,0,0
radius_2x_c095,topbrain,topcow_ct_023,325,240,200,0,0,0,0,0,0
radius_2x_c095,topbrain,topcow_ct_023,326,240,200,40,9,8,2,5,2
radius_2x_c095,topbrain,topcow_ct_023,327,240,200,80,44,42,4,36,4
radius_2x_c095,topbrain,topcow_ct_023,328,240,200,120,8,7,0,6,2
radius_2x_c095,topbrain,topcow_ct_023,329,240,200,140,0,0,0,0,0
radius_2x_c095,topbrain,topcow_ct_023,330,240,240,0,4,3,1,2,1
radius_2x_c095,topbrain,topcow_ct_023,331,240,240,40,0,0,0,0,0
radius_2x_c095,topbrain,topcow_ct_023,332,240,240,80,12,11,0,10,2
radius_2x_c095,topbrain,topcow_ct_023,333,240,240,120,8,7,0,6,2
radius_2x_c095,topbrain,topcow_ct_023,334,240,240,140,0,0,0,0,0
radius_2x_c095,topbrain,topcow_ct_023,335,240,280,0,4,3,0,2,2
radius_2x_c095,topbrain,topcow_ct_023,336,240,280,40,0,0,0,0,0
radius_2x_c095,topbrain,topcow_ct_023,337,240,280,80,0,0,0,0,0
radius_2x_c095,topbrain,topcow_ct_023,338,240,280,120,0,0,0,0,0
radius_2x_c095,topbrain,topcow_ct_023,339,240,280,140,0,0,0,0,0
radius_2x_c095,topbrain,topcow_ct_023,340,240,320,0,0,0,0,0,0
radius_2x_c095,topbrain,topcow_ct_023,341,240,320,40,0,0,0,0,0
radius_2x_c095,topbrain,topcow_ct_023,342,240,320,80,0,0,0,0,0
radius_2x_c095,topbrain,topcow_ct_023,343,240,320,120,0,0,0,0,0
radius_2x_c095,topbrain,topcow_ct_023,344,240,320,140,0,0,0,0,0
radius_2x_c095,topbrain,topcow_ct_023,345,240,332,0,0,0,0,0,0
radius_2x_c095,topbrain,topcow_ct_023,346,240,332,40,0,0,0,0,0
radius_2x_c095,topbrain,topcow_ct_023,347,240,332,80,0,0,0,0,0
radius_2x_c095,topbrain,topcow_ct_023,348,240,332,120,0,0,0,0,0
radius_2x_c095,topbrain,topcow_ct_023,349,240,332,140,0,0,0,0,0
radius_2x_c095,topbrain,topcow_ct_023,350,274,0,0,0,0,0,0,0
radius_2x_c095,topbrain,topcow_ct_023,351,274,0,40,0,0,0,0,0
radius_2x_c095,topbrain,topcow_ct_023,352,274,0,80,0,0,0,0,0
radius_2x_c095,topbrain,topcow_ct_023,353,274,0,120,0,0,0,0,0
radius_2x_c095,topbrain,topcow_ct_023,354,274,0,140,0,0,0,0,0
radius_2x_c095,topbrain,topcow_ct_023,355,274,40,0,0,0,0,0,0
radius_2x_c095,topbrain,topcow_ct_023,356,274,40,40,0,0,0,0,0
radius_2x_c095,topbrain,topcow_ct_023,357,274,40,80,0,0,0,0,0
radius_2x_c095,topbrain,topcow_ct_023,358,274,40,120,0,0,0,0,0
radius_2x_c095,topbrain,topcow_ct_023,359,274,40,140,0,0,0,0,0
radius_2x_c095,topbrain,topcow_ct_023,360,274,80,0,0,0,0,0,0
radius_2x_c095,topbrain,topcow_ct_023,361,274,80,40,2,1,1,0,1
radius_2x_c095,topbrain,topcow_ct_023,362,274,80,80,2,1,1,0,1
radius_2x_c095,topbrain,topcow_ct_023,363,274,80,120,0,0,0,0,0
radius_2x_c095,topbrain,topcow_ct_023,364,274,80,140,0,0,0,0,0
radius_2x_c095,topbrain,topcow_ct_023,365,274,120,0,0,0,0,0,0
radius_2x_c095,topbrain,topcow_ct_023,366,274,120,40,18,16,4,6,8
radius_2x_c095,topbrain,topcow_ct_023,367,274,120,80,17,14,3,7,7
radius_2x_c095,topbrain,topcow_ct_023,368,274,120,120,0,0,0,0,0
radius_2x_c095,topbrain,topcow_ct_023,369,274,120,140,0,0,0,0,0
radius_2x_c095,topbrain,topcow_ct_023,370,274,160,0,0,0,0,0,0
radius_2x_c095,topbrain,topcow_ct_023,371,274,160,40,22,20,4,10,8
radius_2x_c095,topbrain,topcow_ct_023,372,274,160,80,36,33,8,21,7
radius_2x_c095,topbrain,topcow_ct_023,373,274,160,120,0,0,0,0,0
radius_2x_c095,topbrain,topcow_ct_023,374,274,160,140,0,0,0,0,0
radius_2x_c095,topbrain,topcow_ct_023,375,274,200,0,0,0,0,0,0
radius_2x_c095,topbrain,topcow_ct_023,376,274,200,40,0,0,0,0,0
radius_2x_c095,topbrain,topcow_ct_023,377,274,200,80,16,14,3,10,3
radius_2x_c095,topbrain,topcow_ct_023,378,274,200,120,8,7,1,6,1
radius_2x_c095,topbrain,topcow_ct_023,379,274,200,140,0,0,0,0,0
radius_2x_c095,topbrain,topcow_ct_023,380,274,240,0,0,0,0,0,0
radius_2x_c095,topbrain,topcow_ct_023,381,274,240,40,0,0,0,0,0
radius_2x_c095,topbrain,topcow_ct_023,382,274,240,80,9,8,1,7,1
radius_2x_c095,topbrain,topcow_ct_023,383,274,240,120,8,7,1,6,1
radius_2x_c095,topbrain,topcow_ct_023,384,274,240,140,0,0,0,0,0
radius_2x_c095,topbrain,topcow_ct_023,385,274,280,0,0,0,0,0,0
radius_2x_c095,topbrain,topcow_ct_023,386,274,280,40,0,0,0,0,0
radius_2x_c095,topbrain,topcow_ct_023,387,274,280,80,0,0,0,0,0
radius_2x_c095,topbrain,topcow_ct_023,388,274,280,120,0,0,0,0,0
radius_2x_c095,topbrain,topcow_ct_023,389,274,280,140,0,0,0,0,0
radius_2x_c095,topbrain,topcow_ct_023,390,274,320,0,0,0,0,0,0
radius_2x_c095,topbrain,topcow_ct_023,391,274,320,40,0,0,0,0,0
radius_2x_c095,topbrain,topcow_ct_023,392,274,320,80,0,0,0,0,0
radius_2x_c095,topbrain,topcow_ct_023,393,274,320,120,0,0,0,0,0
radius_2x_c095,topbrain,topcow_ct_023,394,274,320,140,0,0,0,0,0
radius_2x_c095,topbrain,topcow_ct_023,395,274,332,0,0,0,0,0,0
radius_2x_c095,topbrain,topcow_ct_023,396,274,332,40,0,0,0,0,0
radius_2x_c095,topbrain,topcow_ct_023,397,274,332,80,0,0,0,0,0
radius_2x_c095,topbrain,topcow_ct_023,398,274,332,120,0,0,0,0,0
radius_2x_c095,topbrain,topcow_ct_023,399,274,332,140,0,0,0,0,0
radius_1p5x_c095,topbrain,topcow_ct_012,0,0,0,0,0,0,0,0,0
radius_1p5x_c095,topbrain,topcow_ct_012,1,0,0,40,0,0,0,0,0
radius_1p5x_c095,topbrain,topcow_ct_012,2,0,0,80,0,0,0,0,0
radius_1p5x_c095,topbrain,topcow_ct_012,3,0,0,120,0,0,0,0,0
radius_1p5x_c095,topbrain,topcow_ct_012,4,0,0,160,0,0,0,0,0
radius_1p5x_c095,topbrain,topcow_ct_012,5,0,0,200,0,0,0,0,0
radius_1p5x_c095,topbrain,topcow_ct_012,6,0,0,240,0,0,0,0,0
radius_1p5x_c095,topbrain,topcow_ct_012,7,0,0,247,0,0,0,0,0
radius_1p5x_c095,topbrain,topcow_ct_012,8,0,40,0,0,0,0,0,0
radius_1p5x_c095,topbrain,topcow_ct_012,9,0,40,40,0,0,0,0,0
radius_1p5x_c095,topbrain,topcow_ct_012,10,0,40,80,5,4,0,3,2
radius_1p5x_c095,topbrain,topcow_ct_012,11,0,40,120,12,10,1,8,3
radius_1p5x_c095,topbrain,topcow_ct_012,12,0,40,160,5,4,0,3,2
radius_1p5x_c095,topbrain,topcow_ct_012,13,0,40,200,0,0,0,0,0
radius_1p5x_c095,topbrain,topcow_ct_012,14,0,40,240,0,0,0,0,0
radius_1p5x_c095,topbrain,topcow_ct_012,15,0,40,247,0,0,0,0,0
radius_1p5x_c095,topbrain,topcow_ct_012,16,0,80,0,0,0,0,0,0
radius_1p5x_c095,topbrain,topcow_ct_012,17,0,80,40,0,0,0,0,0
radius_1p5x_c095,topbrain,topcow_ct_012,18,0,80,80,33,30,9,17,7
radius_1p5x_c095,topbrain,topcow_ct_012,19,0,80,120,47,42,11,27,9
radius_1p5x_c095,topbrain,topcow_ct_012,20,0,80,160,9,7,0,5,4
radius_1p5x_c095,topbrain,topcow_ct_012,21,0,80,200,0,0,0,0,0
radius_1p5x_c095,topbrain,topcow_ct_012,22,0,80,240,0,0,0,0,0
radius_1p5x_c095,topbrain,topcow_ct_012,23,0,80,247,0,0,0,0,0
radius_1p5x_c095,topbrain,topcow_ct_012,24,0,120,0,0,0,0,0,0
radius_1p5x_c095,topbrain,topcow_ct_012,25,0,120,40,0,0,0,0,0
radius_1p5x_c095,topbrain,topcow_ct_012,26,0,120,80,36,35,8,20,8
radius_1p5x_c095,topbrain,topcow_ct_012,27,0,120,120,60,56,13,34,13
radius_1p5x_c095,topbrain,topcow_ct_012,28,0,120,160,17,12,1,5,11
radius_1p5x_c095,topbrain,topcow_ct_012,29,0,120,200,0,0,0,0,0
radius_1p5x_c095,topbrain,topcow_ct_012,30,0,120,240,0,0,0,0,0
radius_1p5x_c095,topbrain,topcow_ct_012,31,0,120,247,0,0,0,0,0
radius_1p5x_c095,topbrain,topcow_ct_012,32,0,160,0,0,0,0,0,0
radius_1p5x_c095,topbrain,topcow_ct_012,33,0,160,40,0,0,0,0,0
radius_1p5x_c095,topbrain,topcow_ct_012,34,0,160,80,13,12,2,7,4
radius_1p5x_c095,topbrain,topcow_ct_012,35,0,160,120,53,56,14,35,4
radius_1p5x_c095,topbrain,topcow_ct_012,36,0,160,160,38,40,10,24,4
radius_1p5x_c095,topbrain,topcow_ct_012,37,0,160,200,0,0,0,0,0
radius_1p5x_c095,topbrain,topcow_ct_012,38,0,160,240,0,0,0,0,0
radius_1p5x_c095,topbrain,topcow_ct_012,39,0,160,247,0,0,0,0,0
radius_1p5x_c095,topbrain,topcow_ct_012,40,0,200,0,0,0,0,0,0
radius_1p5x_c095,topbrain,topcow_ct_012,41,0,200,40,0,0,0,0,0
radius_1p5x_c095,topbrain,topcow_ct_012,42,0,200,80,0,0,0,0,0
radius_1p5x_c095,topbrain,topcow_ct_012,43,0,200,120,25,26,5,17,3
radius_1p5x_c095,topbrain,topcow_ct_012,44,0,200,160,25,26,5,17,3
radius_1p5x_c095,topbrain,topcow_ct_012,45,0,200,200,0,0,0,0,0
radius_1p5x_c095,topbrain,topcow_ct_012,46,0,200,240,0,0,0,0,0
radius_1p5x_c095,topbrain,topcow_ct_012,47,0,200,247,0,0,0,0,0
radius_1p5x_c095,topbrain,topcow_ct_012,48,0,240,0,0,0,0,0,0
radius_1p5x_c095,topbrain,topcow_ct_012,49,0,240,40,0,0,0,0,0
radius_1p5x_c095,topbrain,topcow_ct_012,50,0,240,80,0,0,0,0,0
radius_1p5x_c095,topbrain,topcow_ct_012,51,0,240,120,0,0,0,0,0
radius_1p5x_c095,topbrain,topcow_ct_012,52,0,240,160,0,0,0,0,0
radius_1p5x_c095,topbrain,topcow_ct_012,53,0,240,200,0,0,0,0,0
radius_1p5x_c095,topbrain,topcow_ct_012,54,0,240,240,0,0,0,0,0
radius_1p5x_c095,topbrain,topcow_ct_012,55,0,240,247,0,0,0,0,0
radius_1p5x_c095,topbrain,topcow_ct_012,56,0,280,0,0,0,0,0,0
radius_1p5x_c095,topbrain,topcow_ct_012,57,0,280,40,0,0,0,0,0
radius_1p5x_c095,topbrain,topcow_ct_012,58,0,280,80,0,0,0,0,0
radius_1p5x_c095,topbrain,topcow_ct_012,59,0,280,120,0,0,0,0,0
radius_1p5x_c095,topbrain,topcow_ct_012,60,0,280,160,0,0,0,0,0
radius_1p5x_c095,topbrain,topcow_ct_012,61,0,280,200,0,0,0,0,0
radius_1p5x_c095,topbrain,topcow_ct_012,62,0,280,240,0,0,0,0,0
radius_1p5x_c095,topbrain,topcow_ct_012,63,0,280,247,0,0,0,0,0
radius_1p5x_c095,topbrain,topcow_ct_012,64,0,307,0,0,0,0,0,0
radius_1p5x_c095,topbrain,topcow_ct_012,65,0,307,40,0,0,0,0,0
radius_1p5x_c095,topbrain,topcow_ct_012,66,0,307,80,0,0,0,0,0
radius_1p5x_c095,topbrain,topcow_ct_012,67,0,307,120,0,0,0,0,0
radius_1p5x_c095,topbrain,topcow_ct_012,68,0,307,160,0,0,0,0,0
radius_1p5x_c095,topbrain,topcow_ct_012,69,0,307,200,0,0,0,0,0
radius_1p5x_c095,topbrain,topcow_ct_012,70,0,307,240,0,0,0,0,0
radius_1p5x_c095,topbrain,topcow_ct_012,71,0,307,247,0,0,0,0,0
radius_1p5x_c095,topbrain,topcow_ct_012,72,40,0,0,0,0,0,0,0
radius_1p5x_c095,topbrain,topcow_ct_012,73,40,0,40,0,0,0,0,0
radius_1p5x_c095,topbrain,topcow_ct_012,74,40,0,80,11,10,1,9,1
radius_1p5x_c095,topbrain,topcow_ct_012,75,40,0,120,0,0,0,0,0
radius_1p5x_c095,topbrain,topcow_ct_012,76,40,0,160,0,0,0,0,0
radius_1p5x_c095,topbrain,topcow_ct_012,77,40,0,200,0,0,0,0,0
radius_1p5x_c095,topbrain,topcow_ct_012,78,40,0,240,0,0,0,0,0
radius_1p5x_c095,topbrain,topcow_ct_012,79,40,0,247,0,0,0,0,0
radius_1p5x_c095,topbrain,topcow_ct_012,80,40,40,0,0,0,0,0,0
radius_1p5x_c095,topbrain,topcow_ct_012,81,40,40,40,6,5,0,4,2
radius_1p5x_c095,topbrain,topcow_ct_012,82,40,40,80,36,32,2,26,8
radius_1p5x_c095,topbrain,topcow_ct_012,83,40,40,120,28,24,2,18,8
radius_1p5x_c095,topbrain,topcow_ct_012,84,40,40,160,7,6,0,5,2
radius_1p5x_c095,topbrain,topcow_ct_012,85,40,40,200,0,0,0,0,0
radius_1p5x_c095,topbrain,topcow_ct_012,86,40,40,240,0,0,0,0,0
radius_1p5x_c095,topbrain,topcow_ct_012,87,40,40,247,0,0,0,0,0
radius_1p5x_c095,topbrain,topcow_ct_012,88,40,80,0,0,0,0,0,0
radius_1p5x_c095,topbrain,topcow_ct_012,89,40,80,40,8,6,0,4,4
radius_1p5x_c095,topbrain,topcow_ct_012,90,40,80,80,89,91,24,55,10
radius_1p5x_c095,topbrain,topcow_ct_012,91,40,80,120,87,83,16,57,14
radius_1p5x_c095,topbrain,topcow_ct_012,92,40,80,160,13,11,0,9,4
radius_1p5x_c095,topbrain,topcow_ct_012,93,40,80,200,0,0,0,0,0
radius_1p5x_c095,topbrain,topcow_ct_012,94,40,80,240,0,0,0,0,0
radius_1p5x_c095,topbrain,topcow_ct_012,95,40,80,247,0,0,0,0,0
radius_1p5x_c095,topbrain,topcow_ct_012,96,40,120,0,0,0,0,0,0
radius_1p5x_c095,topbrain,topcow_ct_012,97,40,120,40,0,0,0,0,0
radius_1p5x_c095,topbrain,topcow_ct_012,98,40,120,80,58,54,15,26,17
radius_1p5x_c095,topbrain,topcow_ct_012,99,40,120,120,63,59,13,33,17
radius_1p5x_c095,topbrain,topcow_ct_012,100,40,120,160,15,11,1,5,9
radius_1p5x_c095,topbrain,topcow_ct_012,101,40,120,200,0,0,0,0,0
radius_1p5x_c095,topbrain,topcow_ct_012,102,40,120,240,0,0,0,0,0
radius_1p5x_c095,topbrain,topcow_ct_012,103,40,120,247,0,0,0,0,0
radius_1p5x_c095,topbrain,topcow_ct_012,104,40,160,0,5,4,1,3,1
radius_1p5x_c095,topbrain,topcow_ct_012,105,40,160,40,4,3,0,2,2
radius_1p5x_c095,topbrain,topcow_ct_012,106,40,160,80,42,42,10,21,11
radius_1p5x_c095,topbrain,topcow_ct_012,107,40,160,120,63,63,13,36,14
radius_1p5x_c095,topbrain,topcow_ct_012,108,40,160,160,26,24,4,14,8
radius_1p5x_c095,topbrain,topcow_ct_012,109,40,160,200,0,0,0,0,0
radius_1p5x_c095,topbrain,topcow_ct_012,110,40,160,240,0,0,0,0,0
radius_1p5x_c095,topbrain,topcow_ct_012,111,40,160,247,0,0,0,0,0
radius_1p5x_c095,topbrain,topcow_ct_012,112,40,200,0,6,5,0,4,2
radius_1p5x_c095,topbrain,topcow_ct_012,113,40,200,40,13,11,1,9,3
radius_1p5x_c095,topbrain,topcow_ct_012,114,40,200,80,26,21,3,12,11
radius_1p5x_c095,topbrain,topcow_ct_012,115,40,200,120,32,26,3,14,15
radius_1p5x_c095,topbrain,topcow_ct_012,116,40,200,160,15,13,1,9,5
radius_1p5x_c095,topbrain,topcow_ct_012,117,40,200,200,0,0,0,0,0
radius_1p5x_c095,topbrain,topcow_ct_012,118,40,200,240,0,0,0,0,0
radius_1p5x_c095,topbrain,topcow_ct_012,119,40,200,247,0,0,0,0,0
radius_1p5x_c095,topbrain,topcow_ct_012,120,40,240,0,0,0,0,0,0
radius_1p5x_c095,topbrain,topcow_ct_012,121,40,240,40,0,0,0,0,0
radius_1p5x_c095,topbrain,topcow_ct_012,122,40,240,80,10,9,0,8,2
radius_1p5x_c095,topbrain,topcow_ct_012,123,40,240,120,22,19,1,16,5
radius_1p5x_c095,topbrain,topcow_ct_012,124,40,240,160,6,4,1,2,3
radius_1p5x_c095,topbrain,topcow_ct_012,125,40,240,200,0,0,0,0,0
radius_1p5x_c095,topbrain,topcow_ct_012,126,40,240,240,0,0,0,0,0
radius_1p5x_c095,topbrain,topcow_ct_012,127,40,240,247,0,0,0,0,0
radius_1p5x_c095,topbrain,topcow_ct_012,128,40,280,0,0,0,0,0,0
radius_1p5x_c095,topbrain,topcow_ct_012,129,40,280,40,0,0,0,0,0
radius_1p5x_c095,topbrain,topcow_ct_012,130,40,280,80,7,6,0,5,2
radius_1p5x_c095,topbrain,topcow_ct_012,131,40,280,120,13,11,1,9,3
radius_1p5x_c095,topbrain,topcow_ct_012,132,40,280,160,2,1,1,0,1
radius_1p5x_c095,topbrain,topcow_ct_012,133,40,280,200,0,0,0,0,0
radius_1p5x_c095,topbrain,topcow_ct_012,134,40,280,240,0,0,0,0,0
radius_1p5x_c095,topbrain,topcow_ct_012,135,40,280,247,0,0,0,0,0
radius_1p5x_c095,topbrain,topcow_ct_012,136,40,307,0,0,0,0,0,0
radius_1p5x_c095,topbrain,topcow_ct_012,137,40,307,40,0,0,0,0,0
radius_1p5x_c095,topbrain,topcow_ct_012,138,40,307,80,0,0,0,0,0
radius_1p5x_c095,topbrain,topcow_ct_012,139,40,307,120,0,0,0,0,0
radius_1p5x_c095,topbrain,topcow_ct_012,140,40,307,160,0,0,0,0,0
radius_1p5x_c095,topbrain,topcow_ct_012,141,40,307,200,0,0,0,0,0
radius_1p5x_c095,topbrain,topcow_ct_012,142,40,307,240,0,0,0,0,0
radius_1p5x_c095,topbrain,topcow_ct_012,143,40,307,247,0,0,0,0,0
radius_1p5x_c095,topbrain,topcow_ct_012,144,80,0,0,0,0,0,0,0
radius_1p5x_c095,topbrain,topcow_ct_012,145,80,0,40,0,0,0,0,0
radius_1p5x_c095,topbrain,topcow_ct_012,146,80,0,80,13,11,2,9,2
radius_1p5x_c095,topbrain,topcow_ct_012,147,80,0,120,3,2,1,1,1
radius_1p5x_c095,topbrain,topcow_ct_012,148,80,0,160,4,3,0,2,2
radius_1p5x_c095,topbrain,topcow_ct_012,149,80,0,200,4,3,0,2,2
radius_1p5x_c095,topbrain,topcow_ct_012,150,80,0,240,3,2,0,1,2
radius_1p5x_c095,topbrain,topcow_ct_012,151,80,0,247,3,2,0,1,2
radius_1p5x_c095,topbrain,topcow_ct_012,152,80,40,0,0,0,0,0,0
radius_1p5x_c095,topbrain,topcow_ct_012,153,80,40,40,6,5,0,4,2
radius_1p5x_c095,topbrain,topcow_ct_012,154,80,40,80,25,23,2,21,2
radius_1p5x_c095,topbrain,topcow_ct_012,155,80,40,120,11,9,1,5,5
radius_1p5x_c095,topbrain,topcow_ct_012,156,80,40,160,7,6,3,3,1
radius_1p5x_c095,topbrain,topcow_ct_012,157,80,40,200,3,2,0,1,2
radius_1p5x_c095,topbrain,topcow_ct_012,158,80,40,240,4,3,0,2,2
radius_1p5x_c095,topbrain,topcow_ct_012,159,80,40,247,4,3,0,2,2
radius_1p5x_c095,topbrain,topcow_ct_012,160,80,80,0,0,0,0,0,0
radius_1p5x_c095,topbrain,topcow_ct_012,161,80,80,40,8,6,0,4,4
radius_1p5x_c095,topbrain,topcow_ct_012,162,80,80,80,54,49,11,28,15
radius_1p5x_c095,topbrain,topcow_ct_012,163,80,80,120,33,30,6,15,12
radius_1p5x_c095,topbrain,topcow_ct_012,164,80,80,160,7,6,3,3,1
radius_1p5x_c095,topbrain,topcow_ct_012,165,80,80,200,0,0,0,0,0
radius_1p5x_c095,topbrain,topcow_ct_012,166,80,80,240,3,2,0,1,2
radius_1p5x_c095,topbrain,topcow_ct_012,167,80,80,247,3,2,0,1,2
radius_1p5x_c095,topbrain,topcow_ct_012,168,80,120,0,0,0,0,0,0
radius_1p5x_c095,topbrain,topcow_ct_012,169,80,120,40,12,10,2,6,4
radius_1p5x_c095,topbrain,topcow_ct_012,170,80,120,80,57,56,17,28,12
radius_1p5x_c095,topbrain,topcow_ct_012,171,80,120,120,27,23,7,9,11
radius_1p5x_c095,topbrain,topcow_ct_012,172,80,120,160,7,6,2,1,4
radius_1p5x_c095,topbrain,topcow_ct_012,173,80,120,200,0,0,0,0,0
radius_1p5x_c095,topbrain,topcow_ct_012,174,80,120,240,3,2,0,1,2
radius_1p5x_c095,topbrain,topcow_ct_012,175,80,120,247,3,2,0,1,2
radius_1p5x_c095,topbrain,topcow_ct_012,176,80,160,0,31,32,9,14,8
radius_1p5x_c095,topbrain,topcow_ct_012,177,80,160,40,21,18,3,11,7
radius_1p5x_c095,topbrain,topcow_ct_012,178,80,160,80,94,105,31,53,10
radius_1p5x_c095,topbrain,topcow_ct_012,179,80,160,120,64,69,20,32,12
radius_1p5x_c095,topbrain,topcow_ct_012,180,80,160,160,8,7,2,2,4
radius_1p5x_c095,topbrain,topcow_ct_012,181,80,160,200,0,0,0,0,0
radius_1p5x_c095,topbrain,topcow_ct_012,182,80,160,240,3,2,0,1,2
radius_1p5x_c095,topbrain,topcow_ct_012,183,80,160,247,3,2,0,1,2
radius_1p5x_c095,topbrain,topcow_ct_012,184,80,200,0,64,66,12,45,7
radius_1p5x_c095,topbrain,topcow_ct_012,185,80,200,40,37,32,2,27,8
radius_1p5x_c095,topbrain,topcow_ct_012,186,80,200,80,87,88,19,52,16
radius_1p5x_c095,topbrain,topcow_ct_012,187,80,200,120,70,72,20,35,15
radius_1p5x_c095,topbrain,topcow_ct_012,188,80,200,160,4,3,0,2,2
radius_1p5x_c095,topbrain,topcow_ct_012,189,80,200,200,0,0,0,0,0
radius_1p5x_c095,topbrain,topcow_ct_012,190,80,200,240,5,4,2,1,2
radius_1p5x_c095,topbrain,topcow_ct_012,191,80,200,247,5,4,2,1,2
radius_1p5x_c095,topbrain,topcow_ct_012,192,80,240,0,3,2,0,1,2
radius_1p5x_c095,topbrain,topcow_ct_012,193,80,240,40,0,0,0,0,0
radius_1p5x_c095,topbrain,topcow_ct_012,194,80,240,80,51,51,11,29,11
radius_1p5x_c095,topbrain,topcow_ct_012,195,80,240,120,61,62,14,39,8
radius_1p5x_c095,topbrain,topcow_ct_012,196,80,240,160,8,6,1,4,3
radius_1p5x_c095,topbrain,topcow_ct_012,197,80,240,200,2,1,0,0,2
radius_1p5x_c095,topbrain,topcow_ct_012,198,80,240,240,12,11,10,0,2
radius_1p5x_c095,topbrain,topcow_ct_012,199,80,240,247,12,11,10,0,2
radius_1p5x_c095,topbrain,topcow_ct_012,200,80,280,0,0,0,0,0,0
radius_1p5x_c095,topbrain,topcow_ct_012,201,80,280,40,5,3,2,1,2
radius_1p5x_c095,topbrain,topcow_ct_012,202,80,280,80,21,18,4,13,4
radius_1p5x_c095,topbrain,topcow_ct_012,203,80,280,120,24,21,3,16,5
radius_1p5x_c095,topbrain,topcow_ct_012,204,80,280,160,4,2,1,0,3
radius_1p5x_c095,topbrain,topcow_ct_012,205,80,280,200,3,2,0,1,2
radius_1p5x_c095,topbrain,topcow_ct_012,206,80,280,240,8,7,5,0,3
radius_1p5x_c095,topbrain,topcow_ct_012,207,80,280,247,8,7,5,0,3
radius_1p5x_c095,topbrain,topcow_ct_012,208,80,307,0,0,0,0,0,0
radius_1p5x_c095,topbrain,topcow_ct_012,209,80,307,40,5,3,2,1,2
radius_1p5x_c095,topbrain,topcow_ct_012,210,80,307,80,6,4,2,2,2
radius_1p5x_c095,topbrain,topcow_ct_012,211,80,307,120,3,2,0,1,2
radius_1p5x_c095,topbrain,topcow_ct_012,212,80,307,160,3,2,0,1,2
radius_1p5x_c095,topbrain,topcow_ct_012,213,80,307,200,3,2,0,1,2
radius_1p5x_c095,topbrain,topcow_ct_012,214,80,307,240,2,1,0,0,2
radius_1p5x_c095,topbrain,topcow_ct_012,215,80,307,247,2,1,0,0,2
radius_1p5x_c095,topbrain,topcow_ct_012,216,120,0,0,0,0,0,0,0
radius_1p5x_c095,topbrain,topcow_ct_012,217,120,0,40,0,0,0,0,0
radius_1p5x_c095,topbrain,topcow_ct_012,218,120,0,80,4,2,2,0,2
radius_1p5x_c095,topbrain,topcow_ct_012,219,120,0,120,3,2,1,1,1
radius_1p5x_c095,topbrain,topcow_ct_012,220,120,0,160,4,3,0,2,2
radius_1p5x_c095,topbrain,topcow_ct_012,221,120,0,200,4,3,0,2,2
radius_1p5x_c095,topbrain,topcow_ct_012,222,120,0,240,3,2,0,1,2
radius_1p5x_c095,topbrain,topcow_ct_012,223,120,0,247,3,2,0,1,2
radius_1p5x_c095,topbrain,topcow_ct_012,224,120,40,0,0,0,0,0,0
radius_1p5x_c095,topbrain,topcow_ct_012,225,120,40,40,2,1,0,0,2
radius_1p5x_c095,topbrain,topcow_ct_012,226,120,40,80,7,5,1,3,3
radius_1p5x_c095,topbrain,topcow_ct_012,227,120,40,120,7,6,1,3,3
radius_1p5x_c095,topbrain,topcow_ct_012,228,120,40,160,7,6,3,3,1
radius_1p5x_c095,topbrain,topcow_ct_012,229,120,40,200,3,2,0,1,2
radius_1p5x_c095,topbrain,topcow_ct_012,230,120,40,240,4,3,0,2,2
radius_1p5x_c095,topbrain,topcow_ct_012,231,120,40,247,4,3,0,2,2
radius_1p5x_c095,topbrain,topcow_ct_012,232,120,80,0,0,0,0,0,0
radius_1p5x_c095,topbrain,topcow_ct_012,233,120,80,40,3,2,1,1,1
radius_1p5x_c095,topbrain,topcow_ct_012,234,120,80,80,21,19,7,7,7
radius_1p5x_c095,topbrain,topcow_ct_012,235,120,80,120,20,18,4,8,8
radius_1p5x_c095,topbrain,topcow_ct_012,236,120,80,160,7,6,3,3,1
radius_1p5x_c095,topbrain,topcow_ct_012,237,120,80,200,0,0,0,0,0
radius_1p5x_c095,topbrain,topcow_ct_012,238,120,80,240,3,2,0,1,2
radius_1p5x_c095,topbrain,topcow_ct_012,239,120,80,247,3,2,0,1,2
radius_1p5x_c095,topbrain,topcow_ct_012,240,120,120,0,0,0,0,0,0
radius_1p5x_c095,topbrain,topcow_ct_012,241,120,120,40,5,3,1,1,3
radius_1p5x_c095,topbrain,topcow_ct_012,242,120,120,80,27,26,9,10,8
radius_1p5x_c095,topbrain,topcow_ct_012,243,120,120,120,22,18,6,6,10
radius_1p5x_c095,topbrain,topcow_ct_012,244,120,120,160,7,6,3,1,3
radius_1p5x_c095,topbrain,topcow_ct_012,245,120,120,200,0,0,0,0,0
radius_1p5x_c095,topbrain,topcow_ct_012,246,120,120,240,3,2,0,1,2
radius_1p5x_c095,topbrain,topcow_ct_012,247,120,120,247,3,2,0,1,2
radius_1p5x_c095,topbrain,topcow_ct_012,248,120,160,0,53,51,12,27,14
radius_1p5x_c095,topbrain,topcow_ct_012,249,120,160,40,32,31,7,18,7
radius_1p5x_c095,topbrain,topcow_ct_012,250,120,160,80,40,41,9,21,10
radius_1p5x_c095,topbrain,topcow_ct_012,251,120,160,120,34,36,7,20,7
radius_1p5x_c095,topbrain,topcow_ct_012,252,120,160,160,8,7,2,2,4
radius_1p5x_c095,topbrain,topcow_ct_012,253,120,160,200,0,0,0,0,0
radius_1p5x_c095,topbrain,topcow_ct_012,254,120,160,240,3,2,0,1,2
radius_1p5x_c095,topbrain,topcow_ct_012,255,120,160,247,3,2,0,1,2
radius_1p5x_c095,topbrain,topcow_ct_012,256,120,200,0,85,82,14,55,16
radius_1p5x_c095,topbrain,topcow_ct_012,257,120,200,40,39,36,5,25,9
radius_1p5x_c095,topbrain,topcow_ct_012,258,120,200,80,56,53,9,31,16
radius_1p5x_c095,topbrain,topcow_ct_012,259,120,200,120,55,53,11,30,14
radius_1p5x_c095,topbrain,topcow_ct_012,260,120,200,160,0,0,0,0,0
radius_1p5x_c095,topbrain,topcow_ct_012,261,120,200,200,0,0,0,0,0
radius_1p5x_c095,topbrain,topcow_ct_012,262,120,200,240,5,4,2,1,2
radius_1p5x_c095,topbrain,topcow_ct_012,263,120,200,247,5,4,2,1,2
radius_1p5x_c095,topbrain,topcow_ct_012,264,120,240,0,3,2,0,1,2
radius_1p5x_c095,topbrain,topcow_ct_012,265,120,240,40,0,0,0,0,0
radius_1p5x_c095,topbrain,topcow_ct_012,266,120,240,80,46,48,13,24,9
radius_1p5x_c095,topbrain,topcow_ct_012,267,120,240,120,46,49,15,24,7
radius_1p5x_c095,topbrain,topcow_ct_012,268,120,240,160,0,0,0,0,0
radius_1p5x_c095,topbrain,topcow_ct_012,269,120,240,200,2,1,0,0,2
radius_1p5x_c095,topbrain,topcow_ct_012,270,120,240,240,12,11,9,0,3
radius_1p5x_c095,topbrain,topcow_ct_012,271,120,240,247,12,11,9,0,3
radius_1p5x_c095,topbrain,topcow_ct_012,272,120,280,0,0,0,0,0,0
radius_1p5x_c095,topbrain,topcow_ct_012,273,120,280,40,5,3,2,1,2
radius_1p5x_c095,topbrain,topcow_ct_012,274,120,280,80,18,16,4,12,2
radius_1p5x_c095,topbrain,topcow_ct_012,275,120,280,120,15,14,2,11,2
radius_1p5x_c095,topbrain,topcow_ct_012,276,120,280,160,2,1,0,0,2
radius_1p5x_c095,topbrain,topcow_ct_012,277,120,280,200,3,2,0,1,2
radius_1p5x_c095,topbrain,topcow_ct_012,278,120,280,240,8,7,4,0,4
radius_1p5x_c095,topbrain,topcow_ct_012,279,120,280,247,8,7,4,0,4
radius_1p5x_c095,topbrain,topcow_ct_012,280,120,307,0,0,0,0,0,0
radius_1p5x_c095,topbrain,topcow_ct_012,281,120,307,40,5,3,2,1,2
radius_1p5x_c095,topbrain,topcow_ct_012,282,120,307,80,15,12,3,9,3
radius_1p5x_c095,topbrain,topcow_ct_012,283,120,307,120,12,10,1,8,3
radius_1p5x_c095,topbrain,topcow_ct_012,284,120,307,160,3,2,0,1,2
radius_1p5x_c095,topbrain,topcow_ct_012,285,120,307,200,3,2,0,1,2
radius_1p5x_c095,topbrain,topcow_ct_012,286,120,307,240,2,1,0,0,2
radius_1p5x_c095,topbrain,topcow_ct_012,287,120,307,247,2,1,0,0,2
radius_1p5x_c095,topbrain,topcow_ct_012,288,160,0,0,0,0,0,0,0
radius_1p5x_c095,topbrain,topcow_ct_012,289,160,0,40,0,0,0,0,0
radius_1p5x_c095,topbrain,topcow_ct_012,290,160,0,80,2,1,1,0,1
radius_1p5x_c095,topbrain,topcow_ct_012,291,160,0,120,0,0,0,0,0
radius_1p5x_c095,topbrain,topcow_ct_012,292,160,0,160,0,0,0,0,0
radius_1p5x_c095,topbrain,topcow_ct_012,293,160,0,200,0,0,0,0,0
radius_1p5x_c095,topbrain,topcow_ct_012,294,160,0,240,0,0,0,0,0
radius_1p5x_c095,topbrain,topcow_ct_012,295,160,0,247,0,0,0,0,0
radius_1p5x_c095,topbrain,topcow_ct_012,296,160,40,0,0,0,0,0,0
radius_1p5x_c095,topbrain,topcow_ct_012,297,160,40,40,2,1,0,0,2
radius_1p5x_c095,topbrain,topcow_ct_012,298,160,40,80,7,6,1,5,1
radius_1p5x_c095,topbrain,topcow_ct_012,299,160,40,120,0,0,0,0,0
radius_1p5x_c095,topbrain,topcow_ct_012,300,160,40,160,0,0,0,0,0
radius_1p5x_c095,topbrain,topcow_ct_012,301,160,40,200,0,0,0,0,0
radius_1p5x_c095,topbrain,topcow_ct_012,302,160,40,240,0,0,0,0,0
radius_1p5x_c095,topbrain,topcow_ct_012,303,160,40,247,0,0,0,0,0
radius_1p5x_c095,topbrain,topcow_ct_012,304,160,80,0,0,0,0,0,0
radius_1p5x_c095,topbrain,topcow_ct_012,305,160,80,40,10,8,1,6,3
radius_1p5x_c095,topbrain,topcow_ct_012,306,160,80,80,44,39,9,24,11
radius_1p5x_c095,topbrain,topcow_ct_012,307,160,80,120,50,45,7,27,16
radius_1p5x_c095,topbrain,topcow_ct_012,308,160,80,160,11,9,0,7,4
radius_1p5x_c095,topbrain,topcow_ct_012,309,160,80,200,0,0,0,0,0
radius_1p5x_c095,topbrain,topcow_ct_012,310,160,80,240,0,0,0,0,0
radius_1p5x_c095,topbrain,topcow_ct_012,311,160,80,247,0,0,0,0,0
radius_1p5x_c095,topbrain,topcow_ct_012,312,160,120,0,0,0,0,0,0
radius_1p5x_c095,topbrain,topcow_ct_012,313,160,120,40,5,4,0,3,2
radius_1p5x_c095,topbrain,topcow_ct_012,314,160,120,80,40,33,7,16,17
radius_1p5x_c095,topbrain,topcow_ct_012,315,160,120,120,41,35,6,18,17
radius_1p5x_c095,topbrain,topcow_ct_012,316,160,120,160,9,7,0,5,4
radius_1p5x_c095,topbrain,topcow_ct_012,317,160,120,200,0,0,0,0,0
radius_1p5x_c095,topbrain,topcow_ct_012,318,160,120,240,0,0,0,0,0
radius_1p5x_c095,topbrain,topcow_ct_012,319,160,120,247,0,0,0,0,0
radius_1p5x_c095,topbrain,topcow_ct_012,320,160,160,0,27,24,4,15,8
radius_1p5x_c095,topbrain,topcow_ct_012,321,160,160,40,27,25,4,17,6
radius_1p5x_c095,topbrain,topcow_ct_012,322,160,160,80,39,39,8,21,10
radius_1p5x_c095,topbrain,topcow_ct_012,323,160,160,120,49,51,9,31,9
radius_1p5x_c095,topbrain,topcow_ct_012,324,160,160,160,12,10,0,8,4
radius_1p5x_c095,topbrain,topcow_ct_012,325,160,160,200,0,0,0,0,0
radius_1p5x_c095,topbrain,topcow_ct_012,326,160,160,240,0,0,0,0,0
radius_1p5x_c095,topbrain,topcow_ct_012,327,160,160,247,0,0,0,0,0
radius_1p5x_c095,topbrain,topcow_ct_012,328,160,200,0,27,24,4,15,8
radius_1p5x_c095,topbrain,topcow_ct_012,329,160,200,40,27,25,4,17,6
radius_1p5x_c095,topbrain,topcow_ct_012,330,160,200,80,27,24,4,12,11
radius_1p5x_c095,topbrain,topcow_ct_012,331,160,200,120,35,32,3,20,12
radius_1p5x_c095,topbrain,topcow_ct_012,332,160,200,160,10,9,0,8,2
radius_1p5x_c095,topbrain,topcow_ct_012,333,160,200,200,0,0,0,0,0
radius_1p5x_c095,topbrain,topcow_ct_012,334,160,200,240,0,0,0,0,0
radius_1p5x_c095,topbrain,topcow_ct_012,335,160,200,247,0,0,0,0,0
radius_1p5x_c095,topbrain,topcow_ct_012,336,160,240,0,0,0,0,0,0
radius_1p5x_c095,topbrain,topcow_ct_012,337,160,240,40,0,0,0,0,0
radius_1p5x_c095,topbrain,topcow_ct_012,338,160,240,80,6,5,0,4,2
radius_1p5x_c095,topbrain,topcow_ct_012,339,160,240,120,6,5,0,4,2
radius_1p5x_c095,topbrain,topcow_ct_012,340,160,240,160,0,0,0,0,0
radius_1p5x_c095,topbrain,topcow_ct_012,341,160,240,200,0,0,0,0,0
radius_1p5x_c095,topbrain,topcow_ct_012,342,160,240,240,0,0,0,0,0
radius_1p5x_c095,topbrain,topcow_ct_012,343,160,240,247,0,0,0,0,0
radius_1p5x_c095,topbrain,topcow_ct_012,344,160,280,0,0,0,0,0,0
radius_1p5x_c095,topbrain,topcow_ct_012,345,160,280,40,0,0,0,0,0
radius_1p5x_c095,topbrain,topcow_ct_012,346,160,280,80,5,4,0,3,2
radius_1p5x_c095,topbrain,topcow_ct_012,347,160,280,120,5,4,0,3,2
radius_1p5x_c095,topbrain,topcow_ct_012,348,160,280,160,0,0,0,0,0
radius_1p5x_c095,topbrain,topcow_ct_012,349,160,280,200,0,0,0,0,0
radius_1p5x_c095,topbrain,topcow_ct_012,350,160,280,240,0,0,0,0,0
radius_1p5x_c095,topbrain,topcow_ct_012,351,160,280,247,0,0,0,0,0
radius_1p5x_c095,topbrain,topcow_ct_012,352,160,307,0,0,0,0,0,0
radius_1p5x_c095,topbrain,topcow_ct_012,353,160,307,40,0,0,0,0,0
radius_1p5x_c095,topbrain,topcow_ct_012,354,160,307,80,5,4,0,3,2
radius_1p5x_c095,topbrain,topcow_ct_012,355,160,307,120,5,4,0,3,2
radius_1p5x_c095,topbrain,topcow_ct_012,356,160,307,160,0,0,0,0,0
radius_1p5x_c095,topbrain,topcow_ct_012,357,160,307,200,0,0,0,0,0
radius_1p5x_c095,topbrain,topcow_ct_012,358,160,307,240,0,0,0,0,0
radius_1p5x_c095,topbrain,topcow_ct_012,359,160,307,247,0,0,0,0,0
radius_1p5x_c095,topbrain,topcow_ct_012,360,200,0,0,0,0,0,0,0
radius_1p5x_c095,topbrain,topcow_ct_012,361,200,0,40,0,0,0,0,0
radius_1p5x_c095,topbrain,topcow_ct_012,362,200,0,80,0,0,0,0,0
radius_1p5x_c095,topbrain,topcow_ct_012,363,200,0,120,0,0,0,0,0
radius_1p5x_c095,topbrain,topcow_ct_012,364,200,0,160,0,0,0,0,0
radius_1p5x_c095,topbrain,topcow_ct_012,365,200,0,200,0,0,0,0,0
radius_1p5x_c095,topbrain,topcow_ct_012,366,200,0,240,0,0,0,0,0
radius_1p5x_c095,topbrain,topcow_ct_012,367,200,0,247,0,0,0,0,0
radius_1p5x_c095,topbrain,topcow_ct_012,368,200,40,0,0,0,0,0,0
radius_1p5x_c095,topbrain,topcow_ct_012,369,200,40,40,0,0,0,0,0
radius_1p5x_c095,topbrain,topcow_ct_012,370,200,40,80,0,0,0,0,0
radius_1p5x_c095,topbrain,topcow_ct_012,371,200,40,120,0,0,0,0,0
radius_1p5x_c095,topbrain,topcow_ct_012,372,200,40,160,0,0,0,0,0
radius_1p5x_c095,topbrain,topcow_ct_012,373,200,40,200,0,0,0,0,0
radius_1p5x_c095,topbrain,topcow_ct_012,374,200,40,240,0,0,0,0,0
radius_1p5x_c095,topbrain,topcow_ct_012,375,200,40,247,0,0,0,0,0
radius_1p5x_c095,topbrain,topcow_ct_012,376,200,80,0,0,0,0,0,0
radius_1p5x_c095,topbrain,topcow_ct_012,377,200,80,40,3,2,0,1,2
radius_1p5x_c095,topbrain,topcow_ct_012,378,200,80,80,29,27,7,15,7
radius_1p5x_c095,topbrain,topcow_ct_012,379,200,80,120,49,47,9,30,10
radius_1p5x_c095,topbrain,topcow_ct_012,380,200,80,160,11,8,0,5,6
radius_1p5x_c095,topbrain,topcow_ct_012,381,200,80,200,0,0,0,0,0
radius_1p5x_c095,topbrain,topcow_ct_012,382,200,80,240,0,0,0,0,0
radius_1p5x_c095,topbrain,topcow_ct_012,383,200,80,247,0,0,0,0,0
radius_1p5x_c095,topbrain,topcow_ct_012,384,200,120,0,0,0,0,0,0
radius_1p5x_c095,topbrain,topcow_ct_012,385,200,120,40,0,0,0,0,0
radius_1p5x_c095,topbrain,topcow_ct_012,386,200,120,80,32,27,7,10,15
radius_1p5x_c095,topbrain,topcow_ct_012,387,200,120,120,46,43,9,25,12
radius_1p5x_c095,topbrain,topcow_ct_012,388,200,120,160,12,9,0,6,6
radius_1p5x_c095,topbrain,topcow_ct_012,389,200,120,200,0,0,0,0,0
radius_1p5x_c095,topbrain,topcow_ct_012,390,200,120,240,0,0,0,0,0
radius_1p5x_c095,topbrain,topcow_ct_012,391,200,120,247,0,0,0,0,0
radius_1p5x_c095,topbrain,topcow_ct_012,392,200,160,0,0,0,0,0,0
radius_1p5x_c095,topbrain,topcow_ct_012,393,200,160,40,0,0,0,0,0
radius_1p5x_c095,topbrain,topcow_ct_012,394,200,160,80,16,13,2,6,8
radius_1p5x_c095,topbrain,topcow_ct_012,395,200,160,120,37,35,6,25,6
radius_1p5x_c095,topbrain,topcow_ct_012,396,200,160,160,18,15,1,12,5
radius_1p5x_c095,topbrain,topcow_ct_012,397,200,160,200,0,0,0,0,0
radius_1p5x_c095,topbrain,topcow_ct_012,398,200,160,240,0,0,0,0,0
radius_1p5x_c095,topbrain,topcow_ct_012,399,200,160,247,0,0,0,0,0
radius_1p5x_c095,topbrain,topcow_ct_012,400,200,200,0,0,0,0,0,0
radius_1p5x_c095,topbrain,topcow_ct_012,401,200,200,40,0,0,0,0,0
radius_1p5x_c095,topbrain,topcow_ct_012,402,200,200,80,0,0,0,0,0
radius_1p5x_c095,topbrain,topcow_ct_012,403,200,200,120,14,10,2,6,6
radius_1p5x_c095,topbrain,topcow_ct_012,404,200,200,160,12,9,2,6,4
radius_1p5x_c095,topbrain,topcow_ct_012,405,200,200,200,0,0,0,0,0
radius_1p5x_c095,topbrain,topcow_ct_012,406,200,200,240,0,0,0,0,0
radius_1p5x_c095,topbrain,topcow_ct_012,407,200,200,247,0,0,0,0,0
radius_1p5x_c095,topbrain,topcow_ct_012,408,200,240,0,0,0,0,0,0
radius_1p5x_c095,topbrain,topcow_ct_012,409,200,240,40,0,0,0,0,0
radius_1p5x_c095,topbrain,topcow_ct_012,410,200,240,80,0,0,0,0,0
radius_1p5x_c095,topbrain,topcow_ct_012,411,200,240,120,0,0,0,0,0
radius_1p5x_c095,topbrain,topcow_ct_012,412,200,240,160,0,0,0,0,0
radius_1p5x_c095,topbrain,topcow_ct_012,413,200,240,200,0,0,0,0,0
radius_1p5x_c095,topbrain,topcow_ct_012,414,200,240,240,0,0,0,0,0
radius_1p5x_c095,topbrain,topcow_ct_012,415,200,240,247,0,0,0,0,0
radius_1p5x_c095,topbrain,topcow_ct_012,416,200,280,0,0,0,0,0,0
radius_1p5x_c095,topbrain,topcow_ct_012,417,200,280,40,0,0,0,0,0
radius_1p5x_c095,topbrain,topcow_ct_012,418,200,280,80,0,0,0,0,0
radius_1p5x_c095,topbrain,topcow_ct_012,419,200,280,120,0,0,0,0,0
radius_1p5x_c095,topbrain,topcow_ct_012,420,200,280,160,0,0,0,0,0
radius_1p5x_c095,topbrain,topcow_ct_012,421,200,280,200,0,0,0,0,0
radius_1p5x_c095,topbrain,topcow_ct_012,422,200,280,240,0,0,0,0,0
radius_1p5x_c095,topbrain,topcow_ct_012,423,200,280,247,0,0,0,0,0
radius_1p5x_c095,topbrain,topcow_ct_012,424,200,307,0,0,0,0,0,0
radius_1p5x_c095,topbrain,topcow_ct_012,425,200,307,40,0,0,0,0,0
radius_1p5x_c095,topbrain,topcow_ct_012,426,200,307,80,0,0,0,0,0
radius_1p5x_c095,topbrain,topcow_ct_012,427,200,307,120,0,0,0,0,0
radius_1p5x_c095,topbrain,topcow_ct_012,428,200,307,160,0,0,0,0,0
radius_1p5x_c095,topbrain,topcow_ct_012,429,200,307,200,0,0,0,0,0
radius_1p5x_c095,topbrain,topcow_ct_012,430,200,307,240,0,0,0,0,0
radius_1p5x_c095,topbrain,topcow_ct_012,431,200,307,247,0,0,0,0,0
radius_1p5x_c095,topbrain,topcow_ct_012,432,202,0,0,0,0,0,0,0
radius_1p5x_c095,topbrain,topcow_ct_012,433,202,0,40,0,0,0,0,0
radius_1p5x_c095,topbrain,topcow_ct_012,434,202,0,80,0,0,0,0,0
radius_1p5x_c095,topbrain,topcow_ct_012,435,202,0,120,0,0,0,0,0
radius_1p5x_c095,topbrain,topcow_ct_012,436,202,0,160,0,0,0,0,0
radius_1p5x_c095,topbrain,topcow_ct_012,437,202,0,200,0,0,0,0,0
radius_1p5x_c095,topbrain,topcow_ct_012,438,202,0,240,0,0,0,0,0
radius_1p5x_c095,topbrain,topcow_ct_012,439,202,0,247,0,0,0,0,0
radius_1p5x_c095,topbrain,topcow_ct_012,440,202,40,0,0,0,0,0,0
radius_1p5x_c095,topbrain,topcow_ct_012,441,202,40,40,0,0,0,0,0
radius_1p5x_c095,topbrain,topcow_ct_012,442,202,40,80,0,0,0,0,0
radius_1p5x_c095,topbrain,topcow_ct_012,443,202,40,120,0,0,0,0,0
radius_1p5x_c095,topbrain,topcow_ct_012,444,202,40,160,0,0,0,0,0
radius_1p5x_c095,topbrain,topcow_ct_012,445,202,40,200,0,0,0,0,0
radius_1p5x_c095,topbrain,topcow_ct_012,446,202,40,240,0,0,0,0,0
radius_1p5x_c095,topbrain,topcow_ct_012,447,202,40,247,0,0,0,0,0
radius_1p5x_c095,topbrain,topcow_ct_012,448,202,80,0,0,0,0,0,0
radius_1p5x_c095,topbrain,topcow_ct_012,449,202,80,40,3,2,0,1,2
radius_1p5x_c095,topbrain,topcow_ct_012,450,202,80,80,28,26,7,14,7
radius_1p5x_c095,topbrain,topcow_ct_012,451,202,80,120,48,46,9,29,10
radius_1p5x_c095,topbrain,topcow_ct_012,452,202,80,160,9,7,0,5,4
radius_1p5x_c095,topbrain,topcow_ct_012,453,202,80,200,0,0,0,0,0
radius_1p5x_c095,topbrain,topcow_ct_012,454,202,80,240,0,0,0,0,0
radius_1p5x_c095,topbrain,topcow_ct_012,455,202,80,247,0,0,0,0,0
radius_1p5x_c095,topbrain,topcow_ct_012,456,202,120,0,0,0,0,0,0
radius_1p5x_c095,topbrain,topcow_ct_012,457,202,120,40,0,0,0,0,0
radius_1p5x_c095,topbrain,topcow_ct_012,458,202,120,80,31,26,7,9,15
radius_1p5x_c095,topbrain,topcow_ct_012,459,202,120,120,46,43,9,25,12
radius_1p5x_c095,topbrain,topcow_ct_012,460,202,120,160,12,9,0,6,6
radius_1p5x_c095,topbrain,topcow_ct_012,461,202,120,200,0,0,0,0,0
radius_1p5x_c095,topbrain,topcow_ct_012,462,202,120,240,0,0,0,0,0
radius_1p5x_c095,topbrain,topcow_ct_012,463,202,120,247,0,0,0,0,0
radius_1p5x_c095,topbrain,topcow_ct_012,464,202,160,0,0,0,0,0,0
radius_1p5x_c095,topbrain,topcow_ct_012,465,202,160,40,0,0,0,0,0
radius_1p5x_c095,topbrain,topcow_ct_012,466,202,160,80,16,13,2,6,8
radius_1p5x_c095,topbrain,topcow_ct_012,467,202,160,120,37,35,6,25,6
radius_1p5x_c095,topbrain,topcow_ct_012,468,202,160,160,18,15,1,12,5
radius_1p5x_c095,topbrain,topcow_ct_012,469,202,160,200,0,0,0,0,0
radius_1p5x_c095,topbrain,topcow_ct_012,470,202,160,240,0,0,0,0,0
radius_1p5x_c095,topbrain,topcow_ct_012,471,202,160,247,0,0,0,0,0
radius_1p5x_c095,topbrain,topcow_ct_012,472,202,200,0,0,0,0,0,0
radius_1p5x_c095,topbrain,topcow_ct_012,473,202,200,40,0,0,0,0,0
radius_1p5x_c095,topbrain,topcow_ct_012,474,202,200,80,0,0,0,0,0
radius_1p5x_c095,topbrain,topcow_ct_012,475,202,200,120,13,9,2,5,6
radius_1p5x_c095,topbrain,topcow_ct_012,476,202,200,160,11,8,2,5,4
radius_1p5x_c095,topbrain,topcow_ct_012,477,202,200,200,0,0,0,0,0
radius_1p5x_c095,topbrain,topcow_ct_012,478,202,200,240,0,0,0,0,0
radius_1p5x_c095,topbrain,topcow_ct_012,479,202,200,247,0,0,0,0,0
radius_1p5x_c095,topbrain,topcow_ct_012,480,202,240,0,0,0,0,0,0
radius_1p5x_c095,topbrain,topcow_ct_012,481,202,240,40,0,0,0,0,0
radius_1p5x_c095,topbrain,topcow_ct_012,482,202,240,80,0,0,0,0,0
radius_1p5x_c095,topbrain,topcow_ct_012,483,202,240,120,0,0,0,0,0
radius_1p5x_c095,topbrain,topcow_ct_012,484,202,240,160,0,0,0,0,0
radius_1p5x_c095,topbrain,topcow_ct_012,485,202,240,200,0,0,0,0,0
radius_1p5x_c095,topbrain,topcow_ct_012,486,202,240,240,0,0,0,0,0
radius_1p5x_c095,topbrain,topcow_ct_012,487,202,240,247,0,0,0,0,0
radius_1p5x_c095,topbrain,topcow_ct_012,488,202,280,0,0,0,0,0,0
radius_1p5x_c095,topbrain,topcow_ct_012,489,202,280,40,0,0,0,0,0
radius_1p5x_c095,topbrain,topcow_ct_012,490,202,280,80,0,0,0,0,0
radius_1p5x_c095,topbrain,topcow_ct_012,491,202,280,120,0,0,0,0,0
radius_1p5x_c095,topbrain,topcow_ct_012,492,202,280,160,0,0,0,0,0
radius_1p5x_c095,topbrain,topcow_ct_012,493,202,280,200,0,0,0,0,0
radius_1p5x_c095,topbrain,topcow_ct_012,494,202,280,240,0,0,0,0,0
radius_1p5x_c095,topbrain,topcow_ct_012,495,202,280,247,0,0,0,0,0
radius_1p5x_c095,topbrain,topcow_ct_012,496,202,307,0,0,0,0,0,0
radius_1p5x_c095,topbrain,topcow_ct_012,497,202,307,40,0,0,0,0,0
radius_1p5x_c095,topbrain,topcow_ct_012,498,202,307,80,0,0,0,0,0
radius_1p5x_c095,topbrain,topcow_ct_012,499,202,307,120,0,0,0,0,0
radius_1p5x_c095,topbrain,topcow_ct_012,500,202,307,160,0,0,0,0,0
radius_1p5x_c095,topbrain,topcow_ct_012,501,202,307,200,0,0,0,0,0
radius_1p5x_c095,topbrain,topcow_ct_012,502,202,307,240,0,0,0,0,0
radius_1p5x_c095,topbrain,topcow_ct_012,503,202,307,247,0,0,0,0,0
radius_2x_c095,topbrain,topcow_ct_012,0,0,0,0,0,0,0,0,0
radius_2x_c095,topbrain,topcow_ct_012,1,0,0,40,0,0,0,0,0
radius_2x_c095,topbrain,topcow_ct_012,2,0,0,80,0,0,0,0,0
radius_2x_c095,topbrain,topcow_ct_012,3,0,0,120,0,0,0,0,0
radius_2x_c095,topbrain,topcow_ct_012,4,0,0,160,0,0,0,0,0
radius_2x_c095,topbrain,topcow_ct_012,5,0,0,200,0,0,0,0,0
radius_2x_c095,topbrain,topcow_ct_012,6,0,0,240,0,0,0,0,0
radius_2x_c095,topbrain,topcow_ct_012,7,0,0,247,0,0,0,0,0
radius_2x_c095,topbrain,topcow_ct_012,8,0,40,0,0,0,0,0,0
radius_2x_c095,topbrain,topcow_ct_012,9,0,40,40,0,0,0,0,0
radius_2x_c095,topbrain,topcow_ct_012,10,0,40,80,5,4,0,3,2
radius_2x_c095,topbrain,topcow_ct_012,11,0,40,120,12,10,1,8,3
radius_2x_c095,topbrain,topcow_ct_012,12,0,40,160,5,4,0,3,2
radius_2x_c095,topbrain,topcow_ct_012,13,0,40,200,0,0,0,0,0
radius_2x_c095,topbrain,topcow_ct_012,14,0,40,240,0,0,0,0,0
radius_2x_c095,topbrain,topcow_ct_012,15,0,40,247,0,0,0,0,0
radius_2x_c095,topbrain,topcow_ct_012,16,0,80,0,0,0,0,0,0
radius_2x_c095,topbrain,topcow_ct_012,17,0,80,40,0,0,0,0,0
radius_2x_c095,topbrain,topcow_ct_012,18,0,80,80,33,30,9,17,7
radius_2x_c095,topbrain,topcow_ct_012,19,0,80,120,47,42,11,27,9
radius_2x_c095,topbrain,topcow_ct_012,20,0,80,160,9,7,0,5,4
radius_2x_c095,topbrain,topcow_ct_012,21,0,80,200,0,0,0,0,0
radius_2x_c095,topbrain,topcow_ct_012,22,0,80,240,0,0,0,0,0
radius_2x_c095,topbrain,topcow_ct_012,23,0,80,247,0,0,0,0,0
radius_2x_c095,topbrain,topcow_ct_012,24,0,120,0,0,0,0,0,0
radius_2x_c095,topbrain,topcow_ct_012,25,0,120,40,0,0,0,0,0
radius_2x_c095,topbrain,topcow_ct_012,26,0,120,80,36,35,8,20,8
radius_2x_c095,topbrain,topcow_ct_012,27,0,120,120,60,56,13,34,13
radius_2x_c095,topbrain,topcow_ct_012,28,0,120,160,17,12,1,5,11
radius_2x_c095,topbrain,topcow_ct_012,29,0,120,200,0,0,0,0,0
radius_2x_c095,topbrain,topcow_ct_012,30,0,120,240,0,0,0,0,0
radius_2x_c095,topbrain,topcow_ct_012,31,0,120,247,0,0,0,0,0
radius_2x_c095,topbrain,topcow_ct_012,32,0,160,0,0,0,0,0,0
radius_2x_c095,topbrain,topcow_ct_012,33,0,160,40,0,0,0,0,0
radius_2x_c095,topbrain,topcow_ct_012,34,0,160,80,13,12,2,7,4
radius_2x_c095,topbrain,topcow_ct_012,35,0,160,120,53,56,14,35,4
radius_2x_c095,topbrain,topcow_ct_012,36,0,160,160,38,40,10,24,4
radius_2x_c095,topbrain,topcow_ct_012,37,0,160,200,0,0,0,0,0
radius_2x_c095,topbrain,topcow_ct_012,38,0,160,240,0,0,0,0,0
radius_2x_c095,topbrain,topcow_ct_012,39,0,160,247,0,0,0,0,0
radius_2x_c095,topbrain,topcow_ct_012,40,0,200,0,0,0,0,0,0
radius_2x_c095,topbrain,topcow_ct_012,41,0,200,40,0,0,0,0,0
radius_2x_c095,topbrain,topcow_ct_012,42,0,200,80,0,0,0,0,0
radius_2x_c095,topbrain,topcow_ct_012,43,0,200,120,25,26,5,17,3
radius_2x_c095,topbrain,topcow_ct_012,44,0,200,160,25,26,5,17,3
radius_2x_c095,topbrain,topcow_ct_012,45,0,200,200,0,0,0,0,0
radius_2x_c095,topbrain,topcow_ct_012,46,0,200,240,0,0,0,0,0
radius_2x_c095,topbrain,topcow_ct_012,47,0,200,247,0,0,0,0,0
radius_2x_c095,topbrain,topcow_ct_012,48,0,240,0,0,0,0,0,0
radius_2x_c095,topbrain,topcow_ct_012,49,0,240,40,0,0,0,0,0
radius_2x_c095,topbrain,topcow_ct_012,50,0,240,80,0,0,0,0,0
radius_2x_c095,topbrain,topcow_ct_012,51,0,240,120,0,0,0,0,0
radius_2x_c095,topbrain,topcow_ct_012,52,0,240,160,0,0,0,0,0
radius_2x_c095,topbrain,topcow_ct_012,53,0,240,200,0,0,0,0,0
radius_2x_c095,topbrain,topcow_ct_012,54,0,240,240,0,0,0,0,0
radius_2x_c095,topbrain,topcow_ct_012,55,0,240,247,0,0,0,0,0
radius_2x_c095,topbrain,topcow_ct_012,56,0,280,0,0,0,0,0,0
radius_2x_c095,topbrain,topcow_ct_012,57,0,280,40,0,0,0,0,0
radius_2x_c095,topbrain,topcow_ct_012,58,0,280,80,0,0,0,0,0
radius_2x_c095,topbrain,topcow_ct_012,59,0,280,120,0,0,0,0,0
radius_2x_c095,topbrain,topcow_ct_012,60,0,280,160,0,0,0,0,0
radius_2x_c095,topbrain,topcow_ct_012,61,0,280,200,0,0,0,0,0
radius_2x_c095,topbrain,topcow_ct_012,62,0,280,240,0,0,0,0,0
radius_2x_c095,topbrain,topcow_ct_012,63,0,280,247,0,0,0,0,0
radius_2x_c095,topbrain,topcow_ct_012,64,0,307,0,0,0,0,0,0
radius_2x_c095,topbrain,topcow_ct_012,65,0,307,40,0,0,0,0,0
radius_2x_c095,topbrain,topcow_ct_012,66,0,307,80,0,0,0,0,0
radius_2x_c095,topbrain,topcow_ct_012,67,0,307,120,0,0,0,0,0
radius_2x_c095,topbrain,topcow_ct_012,68,0,307,160,0,0,0,0,0
radius_2x_c095,topbrain,topcow_ct_012,69,0,307,200,0,0,0,0,0
radius_2x_c095,topbrain,topcow_ct_012,70,0,307,240,0,0,0,0,0
radius_2x_c095,topbrain,topcow_ct_012,71,0,307,247,0,0,0,0,0
radius_2x_c095,topbrain,topcow_ct_012,72,40,0,0,0,0,0,0,0
radius_2x_c095,topbrain,topcow_ct_012,73,40,0,40,0,0,0,0,0
radius_2x_c095,topbrain,topcow_ct_012,74,40,0,80,11,10,1,9,1
radius_2x_c095,topbrain,topcow_ct_012,75,40,0,120,0,0,0,0,0
radius_2x_c095,topbrain,topcow_ct_012,76,40,0,160,0,0,0,0,0
radius_2x_c095,topbrain,topcow_ct_012,77,40,0,200,0,0,0,0,0
radius_2x_c095,topbrain,topcow_ct_012,78,40,0,240,0,0,0,0,0
radius_2x_c095,topbrain,topcow_ct_012,79,40,0,247,0,0,0,0,0
radius_2x_c095,topbrain,topcow_ct_012,80,40,40,0,0,0,0,0,0
radius_2x_c095,topbrain,topcow_ct_012,81,40,40,40,6,5,0,4,2
radius_2x_c095,topbrain,topcow_ct_012,82,40,40,80,36,32,2,26,8
radius_2x_c095,topbrain,topcow_ct_012,83,40,40,120,28,24,2,18,8
radius_2x_c095,topbrain,topcow_ct_012,84,40,40,160,7,6,0,5,2
radius_2x_c095,topbrain,topcow_ct_012,85,40,40,200,0,0,0,0,0
radius_2x_c095,topbrain,topcow_ct_012,86,40,40,240,0,0,0,0,0
radius_2x_c095,topbrain,topcow_ct_012,87,40,40,247,0,0,0,0,0
radius_2x_c095,topbrain,topcow_ct_012,88,40,80,0,0,0,0,0,0
radius_2x_c095,topbrain,topcow_ct_012,89,40,80,40,8,6,0,4,4
radius_2x_c095,topbrain,topcow_ct_012,90,40,80,80,89,91,24,55,10
radius_2x_c095,topbrain,topcow_ct_012,91,40,80,120,87,83,16,57,14
radius_2x_c095,topbrain,topcow_ct_012,92,40,80,160,13,11,0,9,4
radius_2x_c095,topbrain,topcow_ct_012,93,40,80,200,0,0,0,0,0
radius_2x_c095,topbrain,topcow_ct_012,94,40,80,240,0,0,0,0,0
radius_2x_c095,topbrain,topcow_ct_012,95,40,80,247,0,0,0,0,0
radius_2x_c095,topbrain,topcow_ct_012,96,40,120,0,0,0,0,0,0
radius_2x_c095,topbrain,topcow_ct_012,97,40,120,40,0,0,0,0,0
radius_2x_c095,topbrain,topcow_ct_012,98,40,120,80,58,54,15,26,17
radius_2x_c095,topbrain,topcow_ct_012,99,40,120,120,63,59,13,33,17
radius_2x_c095,topbrain,topcow_ct_012,100,40,120,160,15,11,1,5,9
radius_2x_c095,topbrain,topcow_ct_012,101,40,120,200,0,0,0,0,0
radius_2x_c095,topbrain,topcow_ct_012,102,40,120,240,0,0,0,0,0
radius_2x_c095,topbrain,topcow_ct_012,103,40,120,247,0,0,0,0,0
radius_2x_c095,topbrain,topcow_ct_012,104,40,160,0,4,3,1,2,1
radius_2x_c095,topbrain,topcow_ct_012,105,40,160,40,4,3,0,2,2
radius_2x_c095,topbrain,topcow_ct_012,106,40,160,80,42,42,10,21,11
radius_2x_c095,topbrain,topcow_ct_012,107,40,160,120,63,63,13,36,14
radius_2x_c095,topbrain,topcow_ct_012,108,40,160,160,26,24,4,14,8
radius_2x_c095,topbrain,topcow_ct_012,109,40,160,200,0,0,0,0,0
radius_2x_c095,topbrain,topcow_ct_012,110,40,160,240,0,0,0,0,0
radius_2x_c095,topbrain,topcow_ct_012,111,40,160,247,0,0,0,0,0
radius_2x_c095,topbrain,topcow_ct_012,112,40,200,0,5,4,0,3,2
radius_2x_c095,topbrain,topcow_ct_012,113,40,200,40,13,11,1,9,3
radius_2x_c095,topbrain,topcow_ct_012,114,40,200,80,26,21,3,12,11
radius_2x_c095,topbrain,topcow_ct_012,115,40,200,120,32,26,3,14,15
radius_2x_c095,topbrain,topcow_ct_012,116,40,200,160,15,13,1,9,5
radius_2x_c095,topbrain,topcow_ct_012,117,40,200,200,0,0,0,0,0
radius_2x_c095,topbrain,topcow_ct_012,118,40,200,240,0,0,0,0,0
radius_2x_c095,topbrain,topcow_ct_012,119,40,200,247,0,0,0,0,0
radius_2x_c095,topbrain,topcow_ct_012,120,40,240,0,0,0,0,0,0
radius_2x_c095,topbrain,topcow_ct_012,121,40,240,40,0,0,0,0,0
radius_2x_c095,topbrain,topcow_ct_012,122,40,240,80,9,8,0,7,2
radius_2x_c095,topbrain,topcow_ct_012,123,40,240,120,21,18,1,15,5
radius_2x_c095,topbrain,topcow_ct_012,124,40,240,160,6,4,1,2,3
radius_2x_c095,topbrain,topcow_ct_012,125,40,240,200,0,0,0,0,0
radius_2x_c095,topbrain,topcow_ct_012,126,40,240,240,0,0,0,0,0
radius_2x_c095,topbrain,topcow_ct_012,127,40,240,247,0,0,0,0,0
radius_2x_c095,topbrain,topcow_ct_012,128,40,280,0,0,0,0,0,0
radius_2x_c095,topbrain,topcow_ct_012,129,40,280,40,0,0,0,0,0
radius_2x_c095,topbrain,topcow_ct_012,130,40,280,80,7,6,0,5,2
radius_2x_c095,topbrain,topcow_ct_012,131,40,280,120,13,11,1,9,3
radius_2x_c095,topbrain,topcow_ct_012,132,40,280,160,2,1,1,0,1
radius_2x_c095,topbrain,topcow_ct_012,133,40,280,200,0,0,0,0,0
radius_2x_c095,topbrain,topcow_ct_012,134,40,280,240,0,0,0,0,0
radius_2x_c095,topbrain,topcow_ct_012,135,40,280,247,0,0,0,0,0
radius_2x_c095,topbrain,topcow_ct_012,136,40,307,0,0,0,0,0,0
radius_2x_c095,topbrain,topcow_ct_012,137,40,307,40,0,0,0,0,0
radius_2x_c095,topbrain,topcow_ct_012,138,40,307,80,0,0,0,0,0
radius_2x_c095,topbrain,topcow_ct_012,139,40,307,120,0,0,0,0,0
radius_2x_c095,topbrain,topcow_ct_012,140,40,307,160,0,0,0,0,0
radius_2x_c095,topbrain,topcow_ct_012,141,40,307,200,0,0,0,0,0
radius_2x_c095,topbrain,topcow_ct_012,142,40,307,240,0,0,0,0,0
radius_2x_c095,topbrain,topcow_ct_012,143,40,307,247,0,0,0,0,0
radius_2x_c095,topbrain,topcow_ct_012,144,80,0,0,0,0,0,0,0
radius_2x_c095,topbrain,topcow_ct_012,145,80,0,40,0,0,0,0,0
radius_2x_c095,topbrain,topcow_ct_012,146,80,0,80,13,11,2,9,2
radius_2x_c095,topbrain,topcow_ct_012,147,80,0,120,3,2,1,1,1
radius_2x_c095,topbrain,topcow_ct_012,148,80,0,160,4,3,0,2,2
radius_2x_c095,topbrain,topcow_ct_012,149,80,0,200,4,3,0,2,2
radius_2x_c095,topbrain,topcow_ct_012,150,80,0,240,3,2,0,1,2
radius_2x_c095,topbrain,topcow_ct_012,151,80,0,247,3,2,0,1,2
radius_2x_c095,topbrain,topcow_ct_012,152,80,40,0,0,0,0,0,0
radius_2x_c095,topbrain,topcow_ct_012,153,80,40,40,6,5,0,4,2
radius_2x_c095,topbrain,topcow_ct_012,154,80,40,80,25,23,2,21,2
radius_2x_c095,topbrain,topcow_ct_012,155,80,40,120,11,9,1,5,5
radius_2x_c095,topbrain,topcow_ct_012,156,80,40,160,7,6,3,3,1
radius_2x_c095,topbrain,topcow_ct_012,157,80,40,200,3,2,0,1,2
radius_2x_c095,topbrain,topcow_ct_012,158,80,40,240,4,3,0,2,2
radius_2x_c095,topbrain,topcow_ct_012,159,80,40,247,4,3,0,2,2
radius_2x_c095,topbrain,topcow_ct_012,160,80,80,0,0,0,0,0,0
radius_2x_c095,topbrain,topcow_ct_012,161,80,80,40,8,6,0,4,4
radius_2x_c095,topbrain,topcow_ct_012,162,80,80,80,53,48,11,27,15
radius_2x_c095,topbrain,topcow_ct_012,163,80,80,120,32,29,6,14,12
radius_2x_c095,topbrain,topcow_ct_012,164,80,80,160,7,6,3,3,1
radius_2x_c095,topbrain,topcow_ct_012,165,80,80,200,0,0,0,0,0
radius_2x_c095,topbrain,topcow_ct_012,166,80,80,240,3,2,0,1,2
radius_2x_c095,topbrain,topcow_ct_012,167,80,80,247,3,2,0,1,2
radius_2x_c095,topbrain,topcow_ct_012,168,80,120,0,0,0,0,0,0
radius_2x_c095,topbrain,topcow_ct_012,169,80,120,40,12,10,2,6,4
radius_2x_c095,topbrain,topcow_ct_012,170,80,120,80,56,55,17,27,12
radius_2x_c095,topbrain,topcow_ct_012,171,80,120,120,26,22,7,8,11
radius_2x_c095,topbrain,topcow_ct_012,172,80,120,160,7,6,2,1,4
radius_2x_c095,topbrain,topcow_ct_012,173,80,120,200,0,0,0,0,0
radius_2x_c095,topbrain,topcow_ct_012,174,80,120,240,3,2,0,1,2
radius_2x_c095,topbrain,topcow_ct_012,175,80,120,247,3,2,0,1,2
radius_2x_c095,topbrain,topcow_ct_012,176,80,160,0,31,32,9,14,8
radius_2x_c095,topbrain,topcow_ct_012,177,80,160,40,21,18,3,11,7
radius_2x_c095,topbrain,topcow_ct_012,178,80,160,80,94,105,31,53,10
radius_2x_c095,topbrain,topcow_ct_012,179,80,160,120,63,68,20,31,12
radius_2x_c095,topbrain,topcow_ct_012,180,80,160,160,7,6,2,1,4
radius_2x_c095,topbrain,topcow_ct_012,181,80,160,200,0,0,0,0,0
radius_2x_c095,topbrain,topcow_ct_012,182,80,160,240,3,2,0,1,2
radius_2x_c095,topbrain,topcow_ct_012,183,80,160,247,3,2,0,1,2
radius_2x_c095,topbrain,topcow_ct_012,184,80,200,0,64,66,12,45,7
radius_2x_c095,topbrain,topcow_ct_012,185,80,200,40,37,32,2,27,8
radius_2x_c095,topbrain,topcow_ct_012,186,80,200,80,87,88,19,52,16
radius_2x_c095,topbrain,topcow_ct_012,187,80,200,120,70,72,20,35,15
radius_2x_c095,topbrain,topcow_ct_012,188,80,200,160,4,3,0,2,2
radius_2x_c095,topbrain,topcow_ct_012,189,80,200,200,0,0,0,0,0
radius_2x_c095,topbrain,topcow_ct_012,190,80,200,240,5,4,2,1,2
radius_2x_c095,topbrain,topcow_ct_012,191,80,200,247,5,4,2,1,2
radius_2x_c095,topbrain,topcow_ct_012,192,80,240,0,3,2,0,1,2
radius_2x_c095,topbrain,topcow_ct_012,193,80,240,40,0,0,0,0,0
radius_2x_c095,topbrain,topcow_ct_012,194,80,240,80,50,50,11,28,11
radius_2x_c095,topbrain,topcow_ct_012,195,80,240,120,60,61,14,38,8
radius_2x_c095,topbrain,topcow_ct_012,196,80,240,160,8,6,1,4,3
radius_2x_c095,topbrain,topcow_ct_012,197,80,240,200,2,1,0,0,2
radius_2x_c095,topbrain,topcow_ct_012,198,80,240,240,12,11,10,0,2
radius_2x_c095,topbrain,topcow_ct_012,199,80,240,247,12,11,10,0,2
radius_2x_c095,topbrain,topcow_ct_012,200,80,280,0,0,0,0,0,0
radius_2x_c095,topbrain,topcow_ct_012,201,80,280,40,4,2,2,0,2
radius_2x_c095,topbrain,topcow_ct_012,202,80,280,80,20,17,4,12,4
radius_2x_c095,topbrain,topcow_ct_012,203,80,280,120,24,21,3,16,5
radius_2x_c095,topbrain,topcow_ct_012,204,80,280,160,4,2,1,0,3
radius_2x_c095,topbrain,topcow_ct_012,205,80,280,200,3,2,0,1,2
radius_2x_c095,topbrain,topcow_ct_012,206,80,280,240,8,7,5,0,3
radius_2x_c095,topbrain,topcow_ct_012,207,80,280,247,8,7,5,0,3
radius_2x_c095,topbrain,topcow_ct_012,208,80,307,0,0,0,0,0,0
radius_2x_c095,topbrain,topcow_ct_012,209,80,307,40,4,2,2,0,2
radius_2x_c095,topbrain,topcow_ct_012,210,80,307,80,5,3,2,1,2
radius_2x_c095,topbrain,topcow_ct_012,211,80,307,120,3,2,0,1,2
radius_2x_c095,topbrain,topcow_ct_012,212,80,307,160,3,2,0,1,2
radius_2x_c095,topbrain,topcow_ct_012,213,80,307,200,3,2,0,1,2
radius_2x_c095,topbrain,topcow_ct_012,214,80,307,240,2,1,0,0,2
radius_2x_c095,topbrain,topcow_ct_012,215,80,307,247,2,1,0,0,2
radius_2x_c095,topbrain,topcow_ct_012,216,120,0,0,0,0,0,0,0
radius_2x_c095,topbrain,topcow_ct_012,217,120,0,40,0,0,0,0,0
radius_2x_c095,topbrain,topcow_ct_012,218,120,0,80,4,2,2,0,2
radius_2x_c095,topbrain,topcow_ct_012,219,120,0,120,3,2,1,1,1
radius_2x_c095,topbrain,topcow_ct_012,220,120,0,160,4,3,0,2,2
radius_2x_c095,topbrain,topcow_ct_012,221,120,0,200,4,3,0,2,2
radius_2x_c095,topbrain,topcow_ct_012,222,120,0,240,3,2,0,1,2
radius_2x_c095,topbrain,topcow_ct_012,223,120,0,247,3,2,0,1,2
radius_2x_c095,topbrain,topcow_ct_012,224,120,40,0,0,0,0,0,0
radius_2x_c095,topbrain,topcow_ct_012,225,120,40,40,2,1,0,0,2
radius_2x_c095,topbrain,topcow_ct_012,226,120,40,80,7,5,1,3,3
radius_2x_c095,topbrain,topcow_ct_012,227,120,40,120,7,6,1,3,3
radius_2x_c095,topbrain,topcow_ct_012,228,120,40,160,7,6,3,3,1
radius_2x_c095,topbrain,topcow_ct_012,229,120,40,200,3,2,0,1,2
radius_2x_c095,topbrain,topcow_ct_012,230,120,40,240,4,3,0,2,2
radius_2x_c095,topbrain,topcow_ct_012,231,120,40,247,4,3,0,2,2
radius_2x_c095,topbrain,topcow_ct_012,232,120,80,0,0,0,0,0,0
radius_2x_c095,topbrain,topcow_ct_012,233,120,80,40,3,2,1,1,1
radius_2x_c095,topbrain,topcow_ct_012,234,120,80,80,20,18,7,6,7
radius_2x_c095,topbrain,topcow_ct_012,235,120,80,120,19,17,4,7,8
radius_2x_c095,topbrain,topcow_ct_012,236,120,80,160,7,6,3,3,1
radius_2x_c095,topbrain,topcow_ct_012,237,120,80,200,0,0,0,0,0
radius_2x_c095,topbrain,topcow_ct_012,238,120,80,240,3,2,0,1,2
radius_2x_c095,topbrain,topcow_ct_012,239,120,80,247,3,2,0,1,2
radius_2x_c095,topbrain,topcow_ct_012,240,120,120,0,0,0,0,0,0
radius_2x_c095,topbrain,topcow_ct_012,241,120,120,40,5,3,1,1,3
radius_2x_c095,topbrain,topcow_ct_012,242,120,120,80,26,25,9,9,8
radius_2x_c095,topbrain,topcow_ct_012,243,120,120,120,21,17,6,5,10
radius_2x_c095,topbrain,topcow_ct_012,244,120,120,160,7,6,3,1,3
radius_2x_c095,topbrain,topcow_ct_012,245,120,120,200,0,0,0,0,0
radius_2x_c095,topbrain,topcow_ct_012,246,120,120,240,3,2,0,1,2
radius_2x_c095,topbrain,topcow_ct_012,247,120,120,247,3,2,0,1,2
radius_2x_c095,topbrain,topcow_ct_012,248,120,160,0,53,51,12,27,14
radius_2x_c095,topbrain,topcow_ct_012,249,120,160,40,32,31,7,18,7
radius_2x_c095,topbrain,topcow_ct_012,250,120,160,80,38,39,9,19,10
radius_2x_c095,topbrain,topcow_ct_012,251,120,160,120,31,33,7,17,7
radius_2x_c095,topbrain,topcow_ct_012,252,120,160,160,7,6,2,1,4
radius_2x_c095,topbrain,topcow_ct_012,253,120,160,200,0,0,0,0,0
radius_2x_c095,topbrain,topcow_ct_012,254,120,160,240,3,2,0,1,2
radius_2x_c095,topbrain,topcow_ct_012,255,120,160,247,3,2,0,1,2
radius_2x_c095,topbrain,topcow_ct_012,256,120,200,0,85,82,14,55,16
radius_2x_c095,topbrain,topcow_ct_012,257,120,200,40,39,36,5,25,9
radius_2x_c095,topbrain,topcow_ct_012,258,120,200,80,54,51,9,29,16
radius_2x_c095,topbrain,topcow_ct_012,259,120,200,120,53,51,11,28,14
radius_2x_c095,topbrain,topcow_ct_012,260,120,200,160,0,0,0,0,0
radius_2x_c095,topbrain,topcow_ct_012,261,120,200,200,0,0,0,0,0
radius_2x_c095,topbrain,topcow_ct_012,262,120,200,240,5,4,2,1,2
radius_2x_c095,topbrain,topcow_ct_012,263,120,200,247,5,4,2,1,2
radius_2x_c095,topbrain,topcow_ct_012,264,120,240,0,3,2,0,1,2
radius_2x_c095,topbrain,topcow_ct_012,265,120,240,40,0,0,0,0,0
radius_2x_c095,topbrain,topcow_ct_012,266,120,240,80,46,48,13,24,9
radius_2x_c095,topbrain,topcow_ct_012,267,120,240,120,46,49,15,24,7
radius_2x_c095,topbrain,topcow_ct_012,268,120,240,160,0,0,0,0,0
radius_2x_c095,topbrain,topcow_ct_012,269,120,240,200,2,1,0,0,2
radius_2x_c095,topbrain,topcow_ct_012,270,120,240,240,12,11,9,0,3
radius_2x_c095,topbrain,topcow_ct_012,271,120,240,247,12,11,9,0,3
radius_2x_c095,topbrain,topcow_ct_012,272,120,280,0,0,0,0,0,0
radius_2x_c095,topbrain,topcow_ct_012,273,120,280,40,4,2,2,0,2
radius_2x_c095,topbrain,topcow_ct_012,274,120,280,80,17,15,4,11,2
radius_2x_c095,topbrain,topcow_ct_012,275,120,280,120,15,14,2,11,2
radius_2x_c095,topbrain,topcow_ct_012,276,120,280,160,2,1,0,0,2
radius_2x_c095,topbrain,topcow_ct_012,277,120,280,200,3,2,0,1,2
radius_2x_c095,topbrain,topcow_ct_012,278,120,280,240,8,7,4,0,4
radius_2x_c095,topbrain,topcow_ct_012,279,120,280,247,8,7,4,0,4
radius_2x_c095,topbrain,topcow_ct_012,280,120,307,0,0,0,0,0,0
radius_2x_c095,topbrain,topcow_ct_012,281,120,307,40,4,2,2,0,2
radius_2x_c095,topbrain,topcow_ct_012,282,120,307,80,14,11,3,8,3
radius_2x_c095,topbrain,topcow_ct_012,283,120,307,120,12,10,1,8,3
radius_2x_c095,topbrain,topcow_ct_012,284,120,307,160,3,2,0,1,2
radius_2x_c095,topbrain,topcow_ct_012,285,120,307,200,3,2,0,1,2
radius_2x_c095,topbrain,topcow_ct_012,286,120,307,240,2,1,0,0,2
radius_2x_c095,topbrain,topcow_ct_012,287,120,307,247,2,1,0,0,2
radius_2x_c095,topbrain,topcow_ct_012,288,160,0,0,0,0,0,0,0
radius_2x_c095,topbrain,topcow_ct_012,289,160,0,40,0,0,0,0,0
radius_2x_c095,topbrain,topcow_ct_012,290,160,0,80,2,1,1,0,1
radius_2x_c095,topbrain,topcow_ct_012,291,160,0,120,0,0,0,0,0
radius_2x_c095,topbrain,topcow_ct_012,292,160,0,160,0,0,0,0,0
radius_2x_c095,topbrain,topcow_ct_012,293,160,0,200,0,0,0,0,0
radius_2x_c095,topbrain,topcow_ct_012,294,160,0,240,0,0,0,0,0
radius_2x_c095,topbrain,topcow_ct_012,295,160,0,247,0,0,0,0,0
radius_2x_c095,topbrain,topcow_ct_012,296,160,40,0,0,0,0,0,0
radius_2x_c095,topbrain,topcow_ct_012,297,160,40,40,2,1,0,0,2
radius_2x_c095,topbrain,topcow_ct_012,298,160,40,80,7,6,1,5,1
radius_2x_c095,topbrain,topcow_ct_012,299,160,40,120,0,0,0,0,0
radius_2x_c095,topbrain,topcow_ct_012,300,160,40,160,0,0,0,0,0
radius_2x_c095,topbrain,topcow_ct_012,301,160,40,200,0,0,0,0,0
radius_2x_c095,topbrain,topcow_ct_012,302,160,40,240,0,0,0,0,0
radius_2x_c095,topbrain,topcow_ct_012,303,160,40,247,0,0,0,0,0
radius_2x_c095,topbrain,topcow_ct_012,304,160,80,0,0,0,0,0,0
radius_2x_c095,topbrain,topcow_ct_012,305,160,80,40,10,8,1,6,3
radius_2x_c095,topbrain,topcow_ct_012,306,160,80,80,44,39,9,24,11
radius_2x_c095,topbrain,topcow_ct_012,307,160,80,120,50,45,7,27,16
radius_2x_c095,topbrain,topcow_ct_012,308,160,80,160,11,9,0,7,4
radius_2x_c095,topbrain,topcow_ct_012,309,160,80,200,0,0,0,0,0
radius_2x_c095,topbrain,topcow_ct_012,310,160,80,240,0,0,0,0,0
radius_2x_c095,topbrain,topcow_ct_012,311,160,80,247,0,0,0,0,0
radius_2x_c095,topbrain,topcow_ct_012,312,160,120,0,0,0,0,0,0
radius_2x_c095,topbrain,topcow_ct_012,313,160,120,40,5,4,0,3,2
radius_2x_c095,topbrain,topcow_ct_012,314,160,120,80,40,33,7,16,17
radius_2x_c095,topbrain,topcow_ct_012,315,160,120,120,41,35,6,18,17
radius_2x_c095,topbrain,topcow_ct_012,316,160,120,160,9,7,0,5,4
radius_2x_c095,topbrain,topcow_ct_012,317,160,120,200,0,0,0,0,0
radius_2x_c095,topbrain,topcow_ct_012,318,160,120,240,0,0,0,0,0
radius_2x_c095,topbrain,topcow_ct_012,319,160,120,247,0,0,0,0,0
radius_2x_c095,topbrain,topcow_ct_012,320,160,160,0,27,24,4,15,8
radius_2x_c095,topbrain,topcow_ct_012,321,160,160,40,27,25,4,17,6
radius_2x_c095,topbrain,topcow_ct_012,322,160,160,80,37,37,8,19,10
radius_2x_c095,topbrain,topcow_ct_012,323,160,160,120,47,49,9,29,9
radius_2x_c095,topbrain,topcow_ct_012,324,160,160,160,12,10,0,8,4
radius_2x_c095,topbrain,topcow_ct_012,325,160,160,200,0,0,0,0,0
radius_2x_c095,topbrain,topcow_ct_012,326,160,160,240,0,0,0,0,0
radius_2x_c095,topbrain,topcow_ct_012,327,160,160,247,0,0,0,0,0
radius_2x_c095,topbrain,topcow_ct_012,328,160,200,0,27,24,4,15,8
radius_2x_c095,topbrain,topcow_ct_012,329,160,200,40,27,25,4,17,6
radius_2x_c095,topbrain,topcow_ct_012,330,160,200,80,25,22,4,10,11
radius_2x_c095,topbrain,topcow_ct_012,331,160,200,120,33,30,3,18,12
radius_2x_c095,topbrain,topcow_ct_012,332,160,200,160,10,9,0,8,2
radius_2x_c095,topbrain,topcow_ct_012,333,160,200,200,0,0,0,0,0
radius_2x_c095,topbrain,topcow_ct_012,334,160,200,240,0,0,0,0,0
radius_2x_c095,topbrain,topcow_ct_012,335,160,200,247,0,0,0,0,0
radius_2x_c095,topbrain,topcow_ct_012,336,160,240,0,0,0,0,0,0
radius_2x_c095,topbrain,topcow_ct_012,337,160,240,40,0,0,0,0,0
radius_2x_c095,topbrain,topcow_ct_012,338,160,240,80,6,5,0,4,2
radius_2x_c095,topbrain,topcow_ct_012,339,160,240,120,6,5,0,4,2
radius_2x_c095,topbrain,topcow_ct_012,340,160,240,160,0,0,0,0,0
radius_2x_c095,topbrain,topcow_ct_012,341,160,240,200,0,0,0,0,0
radius_2x_c095,topbrain,topcow_ct_012,342,160,240,240,0,0,0,0,0
radius_2x_c095,topbrain,topcow_ct_012,343,160,240,247,0,0,0,0,0
radius_2x_c095,topbrain,topcow_ct_012,344,160,280,0,0,0,0,0,0
radius_2x_c095,topbrain,topcow_ct_012,345,160,280,40,0,0,0,0,0
radius_2x_c095,topbrain,topcow_ct_012,346,160,280,80,5,4,0,3,2
radius_2x_c095,topbrain,topcow_ct_012,347,160,280,120,5,4,0,3,2
radius_2x_c095,topbrain,topcow_ct_012,348,160,280,160,0,0,0,0,0
radius_2x_c095,topbrain,topcow_ct_012,349,160,280,200,0,0,0,0,0
radius_2x_c095,topbrain,topcow_ct_012,350,160,280,240,0,0,0,0,0
radius_2x_c095,topbrain,topcow_ct_012,351,160,280,247,0,0,0,0,0
radius_2x_c095,topbrain,topcow_ct_012,352,160,307,0,0,0,0,0,0
radius_2x_c095,topbrain,topcow_ct_012,353,160,307,40,0,0,0,0,0
radius_2x_c095,topbrain,topcow_ct_012,354,160,307,80,5,4,0,3,2
radius_2x_c095,topbrain,topcow_ct_012,355,160,307,120,5,4,0,3,2
radius_2x_c095,topbrain,topcow_ct_012,356,160,307,160,0,0,0,0,0
radius_2x_c095,topbrain,topcow_ct_012,357,160,307,200,0,0,0,0,0
radius_2x_c095,topbrain,topcow_ct_012,358,160,307,240,0,0,0,0,0
radius_2x_c095,topbrain,topcow_ct_012,359,160,307,247,0,0,0,0,0
radius_2x_c095,topbrain,topcow_ct_012,360,200,0,0,0,0,0,0,0
radius_2x_c095,topbrain,topcow_ct_012,361,200,0,40,0,0,0,0,0
radius_2x_c095,topbrain,topcow_ct_012,362,200,0,80,0,0,0,0,0
radius_2x_c095,topbrain,topcow_ct_012,363,200,0,120,0,0,0,0,0
radius_2x_c095,topbrain,topcow_ct_012,364,200,0,160,0,0,0,0,0
radius_2x_c095,topbrain,topcow_ct_012,365,200,0,200,0,0,0,0,0
radius_2x_c095,topbrain,topcow_ct_012,366,200,0,240,0,0,0,0,0
radius_2x_c095,topbrain,topcow_ct_012,367,200,0,247,0,0,0,0,0
radius_2x_c095,topbrain,topcow_ct_012,368,200,40,0,0,0,0,0,0
radius_2x_c095,topbrain,topcow_ct_012,369,200,40,40,0,0,0,0,0
radius_2x_c095,topbrain,topcow_ct_012,370,200,40,80,0,0,0,0,0
radius_2x_c095,topbrain,topcow_ct_012,371,200,40,120,0,0,0,0,0
radius_2x_c095,topbrain,topcow_ct_012,372,200,40,160,0,0,0,0,0
radius_2x_c095,topbrain,topcow_ct_012,373,200,40,200,0,0,0,0,0
radius_2x_c095,topbrain,topcow_ct_012,374,200,40,240,0,0,0,0,0
radius_2x_c095,topbrain,topcow_ct_012,375,200,40,247,0,0,0,0,0
radius_2x_c095,topbrain,topcow_ct_012,376,200,80,0,0,0,0,0,0
radius_2x_c095,topbrain,topcow_ct_012,377,200,80,40,3,2,0,1,2
radius_2x_c095,topbrain,topcow_ct_012,378,200,80,80,29,27,7,15,7
radius_2x_c095,topbrain,topcow_ct_012,379,200,80,120,49,47,9,30,10
radius_2x_c095,topbrain,topcow_ct_012,380,200,80,160,11,8,0,5,6
radius_2x_c095,topbrain,topcow_ct_012,381,200,80,200,0,0,0,0,0
radius_2x_c095,topbrain,topcow_ct_012,382,200,80,240,0,0,0,0,0
radius_2x_c095,topbrain,topcow_ct_012,383,200,80,247,0,0,0,0,0
radius_2x_c095,topbrain,topcow_ct_012,384,200,120,0,0,0,0,0,0
radius_2x_c095,topbrain,topcow_ct_012,385,200,120,40,0,0,0,0,0
radius_2x_c095,topbrain,topcow_ct_012,386,200,120,80,32,27,7,10,15
radius_2x_c095,topbrain,topcow_ct_012,387,200,120,120,46,43,9,25,12
radius_2x_c095,topbrain,topcow_ct_012,388,200,120,160,12,9,0,6,6
radius_2x_c095,topbrain,topcow_ct_012,389,200,120,200,0,0,0,0,0
radius_2x_c095,topbrain,topcow_ct_012,390,200,120,240,0,0,0,0,0
radius_2x_c095,topbrain,topcow_ct_012,391,200,120,247,0,0,0,0,0
radius_2x_c095,topbrain,topcow_ct_012,392,200,160,0,0,0,0,0,0
radius_2x_c095,topbrain,topcow_ct_012,393,200,160,40,0,0,0,0,0
radius_2x_c095,topbrain,topcow_ct_012,394,200,160,80,16,13,2,6,8
radius_2x_c095,topbrain,topcow_ct_012,395,200,160,120,37,35,6,25,6
radius_2x_c095,topbrain,topcow_ct_012,396,200,160,160,18,15,1,12,5
radius_2x_c095,topbrain,topcow_ct_012,397,200,160,200,0,0,0,0,0
radius_2x_c095,topbrain,topcow_ct_012,398,200,160,240,0,0,0,0,0
radius_2x_c095,topbrain,topcow_ct_012,399,200,160,247,0,0,0,0,0
radius_2x_c095,topbrain,topcow_ct_012,400,200,200,0,0,0,0,0,0
radius_2x_c095,topbrain,topcow_ct_012,401,200,200,40,0,0,0,0,0
radius_2x_c095,topbrain,topcow_ct_012,402,200,200,80,0,0,0,0,0
radius_2x_c095,topbrain,topcow_ct_012,403,200,200,120,14,10,2,6,6
radius_2x_c095,topbrain,topcow_ct_012,404,200,200,160,12,9,2,6,4
radius_2x_c095,topbrain,topcow_ct_012,405,200,200,200,0,0,0,0,0
radius_2x_c095,topbrain,topcow_ct_012,406,200,200,240,0,0,0,0,0
radius_2x_c095,topbrain,topcow_ct_012,407,200,200,247,0,0,0,0,0
radius_2x_c095,topbrain,topcow_ct_012,408,200,240,0,0,0,0,0,0
radius_2x_c095,topbrain,topcow_ct_012,409,200,240,40,0,0,0,0,0
radius_2x_c095,topbrain,topcow_ct_012,410,200,240,80,0,0,0,0,0
radius_2x_c095,topbrain,topcow_ct_012,411,200,240,120,0,0,0,0,0
radius_2x_c095,topbrain,topcow_ct_012,412,200,240,160,0,0,0,0,0
radius_2x_c095,topbrain,topcow_ct_012,413,200,240,200,0,0,0,0,0
radius_2x_c095,topbrain,topcow_ct_012,414,200,240,240,0,0,0,0,0
radius_2x_c095,topbrain,topcow_ct_012,415,200,240,247,0,0,0,0,0
radius_2x_c095,topbrain,topcow_ct_012,416,200,280,0,0,0,0,0,0
radius_2x_c095,topbrain,topcow_ct_012,417,200,280,40,0,0,0,0,0
radius_2x_c095,topbrain,topcow_ct_012,418,200,280,80,0,0,0,0,0
radius_2x_c095,topbrain,topcow_ct_012,419,200,280,120,0,0,0,0,0
radius_2x_c095,topbrain,topcow_ct_012,420,200,280,160,0,0,0,0,0
radius_2x_c095,topbrain,topcow_ct_012,421,200,280,200,0,0,0,0,0
radius_2x_c095,topbrain,topcow_ct_012,422,200,280,240,0,0,0,0,0
radius_2x_c095,topbrain,topcow_ct_012,423,200,280,247,0,0,0,0,0
radius_2x_c095,topbrain,topcow_ct_012,424,200,307,0,0,0,0,0,0
radius_2x_c095,topbrain,topcow_ct_012,425,200,307,40,0,0,0,0,0
radius_2x_c095,topbrain,topcow_ct_012,426,200,307,80,0,0,0,0,0
radius_2x_c095,topbrain,topcow_ct_012,427,200,307,120,0,0,0,0,0
radius_2x_c095,topbrain,topcow_ct_012,428,200,307,160,0,0,0,0,0
radius_2x_c095,topbrain,topcow_ct_012,429,200,307,200,0,0,0,0,0
radius_2x_c095,topbrain,topcow_ct_012,430,200,307,240,0,0,0,0,0
radius_2x_c095,topbrain,topcow_ct_012,431,200,307,247,0,0,0,0,0
radius_2x_c095,topbrain,topcow_ct_012,432,202,0,0,0,0,0,0,0
radius_2x_c095,topbrain,topcow_ct_012,433,202,0,40,0,0,0,0,0
radius_2x_c095,topbrain,topcow_ct_012,434,202,0,80,0,0,0,0,0
radius_2x_c095,topbrain,topcow_ct_012,435,202,0,120,0,0,0,0,0
radius_2x_c095,topbrain,topcow_ct_012,436,202,0,160,0,0,0,0,0
radius_2x_c095,topbrain,topcow_ct_012,437,202,0,200,0,0,0,0,0
radius_2x_c095,topbrain,topcow_ct_012,438,202,0,240,0,0,0,0,0
radius_2x_c095,topbrain,topcow_ct_012,439,202,0,247,0,0,0,0,0
radius_2x_c095,topbrain,topcow_ct_012,440,202,40,0,0,0,0,0,0
radius_2x_c095,topbrain,topcow_ct_012,441,202,40,40,0,0,0,0,0
radius_2x_c095,topbrain,topcow_ct_012,442,202,40,80,0,0,0,0,0
radius_2x_c095,topbrain,topcow_ct_012,443,202,40,120,0,0,0,0,0
radius_2x_c095,topbrain,topcow_ct_012,444,202,40,160,0,0,0,0,0
radius_2x_c095,topbrain,topcow_ct_012,445,202,40,200,0,0,0,0,0
radius_2x_c095,topbrain,topcow_ct_012,446,202,40,240,0,0,0,0,0
radius_2x_c095,topbrain,topcow_ct_012,447,202,40,247,0,0,0,0,0
radius_2x_c095,topbrain,topcow_ct_012,448,202,80,0,0,0,0,0,0
radius_2x_c095,topbrain,topcow_ct_012,449,202,80,40,3,2,0,1,2
radius_2x_c095,topbrain,topcow_ct_012,450,202,80,80,28,26,7,14,7
radius_2x_c095,topbrain,topcow_ct_012,451,202,80,120,48,46,9,29,10
radius_2x_c095,topbrain,topcow_ct_012,452,202,80,160,9,7,0,5,4
radius_2x_c095,topbrain,topcow_ct_012,453,202,80,200,0,0,0,0,0
radius_2x_c095,topbrain,topcow_ct_012,454,202,80,240,0,0,0,0,0
radius_2x_c095,topbrain,topcow_ct_012,455,202,80,247,0,0,0,0,0
radius_2x_c095,topbrain,topcow_ct_012,456,202,120,0,0,0,0,0,0
radius_2x_c095,topbrain,topcow_ct_012,457,202,120,40,0,0,0,0,0
radius_2x_c095,topbrain,topcow_ct_012,458,202,120,80,31,26,7,9,15
radius_2x_c095,topbrain,topcow_ct_012,459,202,120,120,46,43,9,25,12
radius_2x_c095,topbrain,topcow_ct_012,460,202,120,160,12,9,0,6,6
radius_2x_c095,topbrain,topcow_ct_012,461,202,120,200,0,0,0,0,0
radius_2x_c095,topbrain,topcow_ct_012,462,202,120,240,0,0,0,0,0
radius_2x_c095,topbrain,topcow_ct_012,463,202,120,247,0,0,0,0,0
radius_2x_c095,topbrain,topcow_ct_012,464,202,160,0,0,0,0,0,0
radius_2x_c095,topbrain,topcow_ct_012,465,202,160,40,0,0,0,0,0
radius_2x_c095,topbrain,topcow_ct_012,466,202,160,80,16,13,2,6,8
radius_2x_c095,topbrain,topcow_ct_012,467,202,160,120,37,35,6,25,6
radius_2x_c095,topbrain,topcow_ct_012,468,202,160,160,18,15,1,12,5
radius_2x_c095,topbrain,topcow_ct_012,469,202,160,200,0,0,0,0,0
radius_2x_c095,topbrain,topcow_ct_012,470,202,160,240,0,0,0,0,0
radius_2x_c095,topbrain,topcow_ct_012,471,202,160,247,0,0,0,0,0
radius_2x_c095,topbrain,topcow_ct_012,472,202,200,0,0,0,0,0,0
radius_2x_c095,topbrain,topcow_ct_012,473,202,200,40,0,0,0,0,0
radius_2x_c095,topbrain,topcow_ct_012,474,202,200,80,0,0,0,0,0
radius_2x_c095,topbrain,topcow_ct_012,475,202,200,120,13,9,2,5,6
radius_2x_c095,topbrain,topcow_ct_012,476,202,200,160,11,8,2,5,4
radius_2x_c095,topbrain,topcow_ct_012,477,202,200,200,0,0,0,0,0
radius_2x_c095,topbrain,topcow_ct_012,478,202,200,240,0,0,0,0,0
radius_2x_c095,topbrain,topcow_ct_012,479,202,200,247,0,0,0,0,0
radius_2x_c095,topbrain,topcow_ct_012,480,202,240,0,0,0,0,0,0
radius_2x_c095,topbrain,topcow_ct_012,481,202,240,40,0,0,0,0,0
radius_2x_c095,topbrain,topcow_ct_012,482,202,240,80,0,0,0,0,0
radius_2x_c095,topbrain,topcow_ct_012,483,202,240,120,0,0,0,0,0
radius_2x_c095,topbrain,topcow_ct_012,484,202,240,160,0,0,0,0,0
radius_2x_c095,topbrain,topcow_ct_012,485,202,240,200,0,0,0,0,0
radius_2x_c095,topbrain,topcow_ct_012,486,202,240,240,0,0,0,0,0
radius_2x_c095,topbrain,topcow_ct_012,487,202,240,247,0,0,0,0,0
radius_2x_c095,topbrain,topcow_ct_012,488,202,280,0,0,0,0,0,0
radius_2x_c095,topbrain,topcow_ct_012,489,202,280,40,0,0,0,0,0
radius_2x_c095,topbrain,topcow_ct_012,490,202,280,80,0,0,0,0,0
radius_2x_c095,topbrain,topcow_ct_012,491,202,280,120,0,0,0,0,0
radius_2x_c095,topbrain,topcow_ct_012,492,202,280,160,0,0,0,0,0
radius_2x_c095,topbrain,topcow_ct_012,493,202,280,200,0,0,0,0,0
radius_2x_c095,topbrain,topcow_ct_012,494,202,280,240,0,0,0,0,0
radius_2x_c095,topbrain,topcow_ct_012,495,202,280,247,0,0,0,0,0
radius_2x_c095,topbrain,topcow_ct_012,496,202,307,0,0,0,0,0,0
radius_2x_c095,topbrain,topcow_ct_012,497,202,307,40,0,0,0,0,0
radius_2x_c095,topbrain,topcow_ct_012,498,202,307,80,0,0,0,0,0
radius_2x_c095,topbrain,topcow_ct_012,499,202,307,120,0,0,0,0,0
radius_2x_c095,topbrain,topcow_ct_012,500,202,307,160,0,0,0,0,0
radius_2x_c095,topbrain,topcow_ct_012,501,202,307,200,0,0,0,0,0
radius_2x_c095,topbrain,topcow_ct_012,502,202,307,240,0,0,0,0,0
radius_2x_c095,topbrain,topcow_ct_012,503,202,307,247,0,0,0,0,0
radius_1p5x_c095,topbrain,topcow_ct_020,0,0,0,0,0,0,0,0,0
radius_1p5x_c095,topbrain,topcow_ct_020,1,0,0,40,0,0,0,0,0
radius_1p5x_c095,topbrain,topcow_ct_020,2,0,0,80,0,0,0,0,0
radius_1p5x_c095,topbrain,topcow_ct_020,3,0,0,120,0,0,0,0,0
radius_1p5x_c095,topbrain,topcow_ct_020,4,0,0,136,0,0,0,0,0
radius_1p5x_c095,topbrain,topcow_ct_020,5,0,40,0,0,0,0,0,0
radius_1p5x_c095,topbrain,topcow_ct_020,6,0,40,40,0,0,0,0,0
radius_1p5x_c095,topbrain,topcow_ct_020,7,0,40,80,0,0,0,0,0
radius_1p5x_c095,topbrain,topcow_ct_020,8,0,40,120,0,0,0,0,0
radius_1p5x_c095,topbrain,topcow_ct_020,9,0,40,136,0,0,0,0,0
radius_1p5x_c095,topbrain,topcow_ct_020,10,0,80,0,3,2,0,1,2
radius_1p5x_c095,topbrain,topcow_ct_020,11,0,80,40,59,54,13,29,17
radius_1p5x_c095,topbrain,topcow_ct_020,12,0,80,80,37,30,6,19,12
radius_1p5x_c095,topbrain,topcow_ct_020,13,0,80,120,0,0,0,0,0
radius_1p5x_c095,topbrain,topcow_ct_020,14,0,80,136,0,0,0,0,0
radius_1p5x_c095,topbrain,topcow_ct_020,15,0,120,0,3,2,0,1,2
radius_1p5x_c095,topbrain,topcow_ct_020,16,0,120,40,66,70,20,35,11
radius_1p5x_c095,topbrain,topcow_ct_020,17,0,120,80,59,57,13,34,12
radius_1p5x_c095,topbrain,topcow_ct_020,18,0,120,120,0,0,0,0,0
radius_1p5x_c095,topbrain,topcow_ct_020,19,0,120,136,0,0,0,0,0
radius_1p5x_c095,topbrain,topcow_ct_020,20,0,160,0,0,0,0,0,0
radius_1p5x_c095,topbrain,topcow_ct_020,21,0,160,40,20,18,3,10,7
radius_1p5x_c095,topbrain,topcow_ct_020,22,0,160,80,57,56,15,35,7
radius_1p5x_c095,topbrain,topcow_ct_020,23,0,160,120,0,0,0,0,0
radius_1p5x_c095,topbrain,topcow_ct_020,24,0,160,136,0,0,0,0,0
radius_1p5x_c095,topbrain,topcow_ct_020,25,0,200,0,0,0,0,0,0
radius_1p5x_c095,topbrain,topcow_ct_020,26,0,200,40,0,0,0,0,0
radius_1p5x_c095,topbrain,topcow_ct_020,27,0,200,80,19,18,6,11,2
radius_1p5x_c095,topbrain,topcow_ct_020,28,0,200,120,0,0,0,0,0
radius_1p5x_c095,topbrain,topcow_ct_020,29,0,200,136,0,0,0,0,0
radius_1p5x_c095,topbrain,topcow_ct_020,30,0,240,0,0,0,0,0,0
radius_1p5x_c095,topbrain,topcow_ct_020,31,0,240,40,0,0,0,0,0
radius_1p5x_c095,topbrain,topcow_ct_020,32,0,240,80,0,0,0,0,0
radius_1p5x_c095,topbrain,topcow_ct_020,33,0,240,120,0,0,0,0,0
radius_1p5x_c095,topbrain,topcow_ct_020,34,0,240,136,0,0,0,0,0
radius_1p5x_c095,topbrain,topcow_ct_020,35,0,280,0,0,0,0,0,0
radius_1p5x_c095,topbrain,topcow_ct_020,36,0,280,40,0,0,0,0,0
radius_1p5x_c095,topbrain,topcow_ct_020,37,0,280,80,0,0,0,0,0
radius_1p5x_c095,topbrain,topcow_ct_020,38,0,280,120,0,0,0,0,0
radius_1p5x_c095,topbrain,topcow_ct_020,39,0,280,136,0,0,0,0,0
radius_1p5x_c095,topbrain,topcow_ct_020,40,0,320,0,0,0,0,0,0
radius_1p5x_c095,topbrain,topcow_ct_020,41,0,320,40,0,0,0,0,0
radius_1p5x_c095,topbrain,topcow_ct_020,42,0,320,80,0,0,0,0,0
radius_1p5x_c095,topbrain,topcow_ct_020,43,0,320,120,0,0,0,0,0
radius_1p5x_c095,topbrain,topcow_ct_020,44,0,320,136,0,0,0,0,0
radius_1p5x_c095,topbrain,topcow_ct_020,45,0,323,0,0,0,0,0,0
radius_1p5x_c095,topbrain,topcow_ct_020,46,0,323,40,0,0,0,0,0
radius_1p5x_c095,topbrain,topcow_ct_020,47,0,323,80,0,0,0,0,0
radius_1p5x_c095,topbrain,topcow_ct_020,48,0,323,120,0,0,0,0,0
radius_1p5x_c095,topbrain,topcow_ct_020,49,0,323,136,0,0,0,0,0
radius_1p5x_c095,topbrain,topcow_ct_020,50,40,0,0,0,0,0,0,0
radius_1p5x_c095,topbrain,topcow_ct_020,51,40,0,40,0,0,0,0,0
radius_1p5x_c095,topbrain,topcow_ct_020,52,40,0,80,0,0,0,0,0
radius_1p5x_c095,topbrain,topcow_ct_020,53,40,0,120,0,0,0,0,0
radius_1p5x_c095,topbrain,topcow_ct_020,54,40,0,136,0,0,0,0,0
radius_1p5x_c095,topbrain,topcow_ct_020,55,40,40,0,6,5,1,4,1
radius_1p5x_c095,topbrain,topcow_ct_020,56,40,40,40,8,6,2,4,2
radius_1p5x_c095,topbrain,topcow_ct_020,57,40,40,80,2,1,1,0,1
radius_1p5x_c095,topbrain,topcow_ct_020,58,40,40,120,0,0,0,0,0
radius_1p5x_c095,topbrain,topcow_ct_020,59,40,40,136,0,0,0,0,0
radius_1p5x_c095,topbrain,topcow_ct_020,60,40,80,0,12,10,1,8,3
radius_1p5x_c095,topbrain,topcow_ct_020,61,40,80,40,77,77,16,55,6
radius_1p5x_c095,topbrain,topcow_ct_020,62,40,80,80,43,38,6,31,6
radius_1p5x_c095,topbrain,topcow_ct_020,63,40,80,120,0,0,0,0,0
radius_1p5x_c095,topbrain,topcow_ct_020,64,40,80,136,0,0,0,0,0
radius_1p5x_c095,topbrain,topcow_ct_020,65,40,120,0,5,4,0,3,2
radius_1p5x_c095,topbrain,topcow_ct_020,66,40,120,40,73,76,16,44,13
radius_1p5x_c095,topbrain,topcow_ct_020,67,40,120,80,56,53,5,39,12
radius_1p5x_c095,topbrain,topcow_ct_020,68,40,120,120,0,0,0,0,0
radius_1p5x_c095,topbrain,topcow_ct_020,69,40,120,136,0,0,0,0,0
radius_1p5x_c095,topbrain,topcow_ct_020,70,40,160,0,2,1,1,0,1
radius_1p5x_c095,topbrain,topcow_ct_020,71,40,160,40,37,34,5,21,11
radius_1p5x_c095,topbrain,topcow_ct_020,72,40,160,80,60,58,9,38,13
radius_1p5x_c095,topbrain,topcow_ct_020,73,40,160,120,0,0,0,0,0
radius_1p5x_c095,topbrain,topcow_ct_020,74,40,160,136,0,0,0,0,0
radius_1p5x_c095,topbrain,topcow_ct_020,75,40,200,0,9,6,2,3,4
radius_1p5x_c095,topbrain,topcow_ct_020,76,40,200,40,11,10,2,5,4
radius_1p5x_c095,topbrain,topcow_ct_020,77,40,200,80,21,17,3,7,11
radius_1p5x_c095,topbrain,topcow_ct_020,78,40,200,120,0,0,0,0,0
radius_1p5x_c095,topbrain,topcow_ct_020,79,40,200,136,0,0,0,0,0
radius_1p5x_c095,topbrain,topcow_ct_020,80,40,240,0,6,5,0,4,2
radius_1p5x_c095,topbrain,topcow_ct_020,81,40,240,40,0,0,0,0,0
radius_1p5x_c095,topbrain,topcow_ct_020,82,40,240,80,0,0,0,0,0
radius_1p5x_c095,topbrain,topcow_ct_020,83,40,240,120,0,0,0,0,0
radius_1p5x_c095,topbrain,topcow_ct_020,84,40,240,136,0,0,0,0,0
radius_1p5x_c095,topbrain,topcow_ct_020,85,40,280,0,0,0,0,0,0
radius_1p5x_c095,topbrain,topcow_ct_020,86,40,280,40,0,0,0,0,0
radius_1p5x_c095,topbrain,topcow_ct_020,87,40,280,80,0,0,0,0,0
radius_1p5x_c095,topbrain,topcow_ct_020,88,40,280,120,0,0,0,0,0
radius_1p5x_c095,topbrain,topcow_ct_020,89,40,280,136,0,0,0,0,0
radius_1p5x_c095,topbrain,topcow_ct_020,90,40,320,0,0,0,0,0,0
radius_1p5x_c095,topbrain,topcow_ct_020,91,40,320,40,0,0,0,0,0
radius_1p5x_c095,topbrain,topcow_ct_020,92,40,320,80,0,0,0,0,0
radius_1p5x_c095,topbrain,topcow_ct_020,93,40,320,120,0,0,0,0,0
radius_1p5x_c095,topbrain,topcow_ct_020,94,40,320,136,0,0,0,0,0
radius_1p5x_c095,topbrain,topcow_ct_020,95,40,323,0,0,0,0,0,0
radius_1p5x_c095,topbrain,topcow_ct_020,96,40,323,40,0,0,0,0,0
radius_1p5x_c095,topbrain,topcow_ct_020,97,40,323,80,0,0,0,0,0
radius_1p5x_c095,topbrain,topcow_ct_020,98,40,323,120,0,0,0,0,0
radius_1p5x_c095,topbrain,topcow_ct_020,99,40,323,136,0,0,0,0,0
radius_1p5x_c095,topbrain,topcow_ct_020,100,80,0,0,0,0,0,0,0
radius_1p5x_c095,topbrain,topcow_ct_020,101,80,0,40,0,0,0,0,0
radius_1p5x_c095,topbrain,topcow_ct_020,102,80,0,80,0,0,0,0,0
radius_1p5x_c095,topbrain,topcow_ct_020,103,80,0,120,0,0,0,0,0
radius_1p5x_c095,topbrain,topcow_ct_020,104,80,0,136,0,0,0,0,0
radius_1p5x_c095,topbrain,topcow_ct_020,105,80,40,0,6,5,1,4,1
radius_1p5x_c095,topbrain,topcow_ct_020,106,80,40,40,6,5,1,4,1
radius_1p5x_c095,topbrain,topcow_ct_020,107,80,40,80,0,0,0,0,0
radius_1p5x_c095,topbrain,topcow_ct_020,108,80,40,120,0,0,0,0,0
radius_1p5x_c095,topbrain,topcow_ct_020,109,80,40,136,0,0,0,0,0
radius_1p5x_c095,topbrain,topcow_ct_020,110,80,80,0,9,7,3,5,1
radius_1p5x_c095,topbrain,topcow_ct_020,111,80,80,40,20,16,5,8,7
radius_1p5x_c095,topbrain,topcow_ct_020,112,80,80,80,0,0,0,0,0
radius_1p5x_c095,topbrain,topcow_ct_020,113,80,80,120,0,0,0,0,0
radius_1p5x_c095,topbrain,topcow_ct_020,114,80,80,136,0,0,0,0,0
radius_1p5x_c095,topbrain,topcow_ct_020,115,80,120,0,8,5,1,2,5
radius_1p5x_c095,topbrain,topcow_ct_020,116,80,120,40,39,33,9,17,13
radius_1p5x_c095,topbrain,topcow_ct_020,117,80,120,80,7,5,1,3,3
radius_1p5x_c095,topbrain,topcow_ct_020,118,80,120,120,0,0,0,0,0
radius_1p5x_c095,topbrain,topcow_ct_020,119,80,120,136,0,0,0,0,0
radius_1p5x_c095,topbrain,topcow_ct_020,120,80,160,0,20,17,1,14,5
radius_1p5x_c095,topbrain,topcow_ct_020,121,80,160,40,42,40,9,24,9
radius_1p5x_c095,topbrain,topcow_ct_020,122,80,160,80,32,27,4,14,14
radius_1p5x_c095,topbrain,topcow_ct_020,123,80,160,120,0,0,0,0,0
radius_1p5x_c095,topbrain,topcow_ct_020,124,80,160,136,0,0,0,0,0
radius_1p5x_c095,topbrain,topcow_ct_020,125,80,200,0,17,14,2,11,4
radius_1p5x_c095,topbrain,topcow_ct_020,126,80,200,40,31,31,9,15,7
radius_1p5x_c095,topbrain,topcow_ct_020,127,80,200,80,34,32,8,16,10
radius_1p5x_c095,topbrain,topcow_ct_020,128,80,200,120,0,0,0,0,0
radius_1p5x_c095,topbrain,topcow_ct_020,129,80,200,136,0,0,0,0,0
radius_1p5x_c095,topbrain,topcow_ct_020,130,80,240,0,4,3,0,2,2
radius_1p5x_c095,topbrain,topcow_ct_020,131,80,240,40,13,10,3,3,7
radius_1p5x_c095,topbrain,topcow_ct_020,132,80,240,80,13,10,3,3,7
radius_1p5x_c095,topbrain,topcow_ct_020,133,80,240,120,0,0,0,0,0
radius_1p5x_c095,topbrain,topcow_ct_020,134,80,240,136,0,0,0,0,0
radius_1p5x_c095,topbrain,topcow_ct_020,135,80,280,0,0,0,0,0,0
radius_1p5x_c095,topbrain,topcow_ct_020,136,80,280,40,3,2,1,1,1
radius_1p5x_c095,topbrain,topcow_ct_020,137,80,280,80,3,2,0,1,2
radius_1p5x_c095,topbrain,topcow_ct_020,138,80,280,120,2,1,0,0,2
radius_1p5x_c095,topbrain,topcow_ct_020,139,80,280,136,2,1,0,0,2
radius_1p5x_c095,topbrain,topcow_ct_020,140,80,320,0,0,0,0,0,0
radius_1p5x_c095,topbrain,topcow_ct_020,141,80,320,40,5,3,2,1,2
radius_1p5x_c095,topbrain,topcow_ct_020,142,80,320,80,5,4,1,3,1
radius_1p5x_c095,topbrain,topcow_ct_020,143,80,320,120,3,2,0,1,2
radius_1p5x_c095,topbrain,topcow_ct_020,144,80,320,136,3,2,0,1,2
radius_1p5x_c095,topbrain,topcow_ct_020,145,80,323,0,0,0,0,0,0
radius_1p5x_c095,topbrain,topcow_ct_020,146,80,323,40,5,3,2,1,2
radius_1p5x_c095,topbrain,topcow_ct_020,147,80,323,80,5,4,1,3,1
radius_1p5x_c095,topbrain,topcow_ct_020,148,80,323,120,3,2,0,1,2
radius_1p5x_c095,topbrain,topcow_ct_020,149,80,323,136,3,2,0,1,2
radius_1p5x_c095,topbrain,topcow_ct_020,150,120,0,0,0,0,0,0,0
radius_1p5x_c095,topbrain,topcow_ct_020,151,120,0,40,0,0,0,0,0
radius_1p5x_c095,topbrain,topcow_ct_020,152,120,0,80,4,2,3,0,1
radius_1p5x_c095,topbrain,topcow_ct_020,153,120,0,120,5,3,2,1,2
radius_1p5x_c095,topbrain,topcow_ct_020,154,120,0,136,3,2,1,1,1
radius_1p5x_c095,topbrain,topcow_ct_020,155,120,40,0,0,0,0,0,0
radius_1p5x_c095,topbrain,topcow_ct_020,156,120,40,40,10,9,2,4,4
radius_1p5x_c095,topbrain,topcow_ct_020,157,120,40,80,12,12,4,6,2
radius_1p5x_c095,topbrain,topcow_ct_020,158,120,40,120,5,3,2,1,2
radius_1p5x_c095,topbrain,topcow_ct_020,159,120,40,136,5,3,2,1,2
radius_1p5x_c095,topbrain,topcow_ct_020,160,120,80,0,6,3,3,0,3
radius_1p5x_c095,topbrain,topcow_ct_020,161,120,80,40,24,19,6,8,10
radius_1p5x_c095,topbrain,topcow_ct_020,162,120,80,80,15,13,3,7,5
radius_1p5x_c095,topbrain,topcow_ct_020,163,120,80,120,2,1,1,0,1
radius_1p5x_c095,topbrain,topcow_ct_020,164,120,80,136,2,1,1,0,1
radius_1p5x_c095,topbrain,topcow_ct_020,165,120,120,0,25,22,7,10,8
radius_1p5x_c095,topbrain,topcow_ct_020,166,120,120,40,61,57,16,32,13
radius_1p5x_c095,topbrain,topcow_ct_020,167,120,120,80,9,8,4,3,2
radius_1p5x_c095,topbrain,topcow_ct_020,168,120,120,120,2,1,0,0,2
radius_1p5x_c095,topbrain,topcow_ct_020,169,120,120,136,3,2,0,1,2
radius_1p5x_c095,topbrain,topcow_ct_020,170,120,160,0,42,43,8,29,5
radius_1p5x_c095,topbrain,topcow_ct_020,171,120,160,40,74,73,15,47,12
radius_1p5x_c095,topbrain,topcow_ct_020,172,120,160,80,30,31,8,17,5
radius_1p5x_c095,topbrain,topcow_ct_020,173,120,160,120,0,0,0,0,0
radius_1p5x_c095,topbrain,topcow_ct_020,174,120,160,136,3,2,0,1,2
radius_1p5x_c095,topbrain,topcow_ct_020,175,120,200,0,22,18,1,14,7
radius_1p5x_c095,topbrain,topcow_ct_020,176,120,200,40,43,37,6,25,12
radius_1p5x_c095,topbrain,topcow_ct_020,177,120,200,80,40,38,7,26,7
radius_1p5x_c095,topbrain,topcow_ct_020,178,120,200,120,0,0,0,0,0
radius_1p5x_c095,topbrain,topcow_ct_020,179,120,200,136,3,2,0,1,2
radius_1p5x_c095,topbrain,topcow_ct_020,180,120,240,0,4,3,0,2,2
radius_1p5x_c095,topbrain,topcow_ct_020,181,120,240,40,16,12,4,4,8
radius_1p5x_c095,topbrain,topcow_ct_020,182,120,240,80,16,13,4,6,6
radius_1p5x_c095,topbrain,topcow_ct_020,183,120,240,120,3,2,0,1,2
radius_1p5x_c095,topbrain,topcow_ct_020,184,120,240,136,3,2,0,1,2
radius_1p5x_c095,topbrain,topcow_ct_020,185,120,280,0,0,0,0,0,0
radius_1p5x_c095,topbrain,topcow_ct_020,186,120,280,40,3,2,1,1,1
radius_1p5x_c095,topbrain,topcow_ct_020,187,120,280,80,3,2,0,1,2
radius_1p5x_c095,topbrain,topcow_ct_020,188,120,280,120,3,2,0,1,2
radius_1p5x_c095,topbrain,topcow_ct_020,189,120,280,136,3,2,0,1,2
radius_1p5x_c095,topbrain,topcow_ct_020,190,120,320,0,0,0,0,0,0
radius_1p5x_c095,topbrain,topcow_ct_020,191,120,320,40,5,3,2,1,2
radius_1p5x_c095,topbrain,topcow_ct_020,192,120,320,80,5,4,1,3,1
radius_1p5x_c095,topbrain,topcow_ct_020,193,120,320,120,4,3,0,2,2
radius_1p5x_c095,topbrain,topcow_ct_020,194,120,320,136,4,3,0,2,2
radius_1p5x_c095,topbrain,topcow_ct_020,195,120,323,0,0,0,0,0,0
radius_1p5x_c095,topbrain,topcow_ct_020,196,120,323,40,5,3,2,1,2
radius_1p5x_c095,topbrain,topcow_ct_020,197,120,323,80,5,4,1,3,1
radius_1p5x_c095,topbrain,topcow_ct_020,198,120,323,120,4,3,0,2,2
radius_1p5x_c095,topbrain,topcow_ct_020,199,120,323,136,4,3,0,2,2
radius_1p5x_c095,topbrain,topcow_ct_020,200,160,0,0,0,0,0,0,0
radius_1p5x_c095,topbrain,topcow_ct_020,201,160,0,40,0,0,0,0,0
radius_1p5x_c095,topbrain,topcow_ct_020,202,160,0,80,0,0,0,0,0
radius_1p5x_c095,topbrain,topcow_ct_020,203,160,0,120,0,0,0,0,0
radius_1p5x_c095,topbrain,topcow_ct_020,204,160,0,136,0,0,0,0,0
radius_1p5x_c095,topbrain,topcow_ct_020,205,160,40,0,7,6,1,5,1
radius_1p5x_c095,topbrain,topcow_ct_020,206,160,40,40,7,6,1,5,1
radius_1p5x_c095,topbrain,topcow_ct_020,207,160,40,80,0,0,0,0,0
radius_1p5x_c095,topbrain,topcow_ct_020,208,160,40,120,0,0,0,0,0
radius_1p5x_c095,topbrain,topcow_ct_020,209,160,40,136,0,0,0,0,0
radius_1p5x_c095,topbrain,topcow_ct_020,210,160,80,0,10,8,3,6,1
radius_1p5x_c095,topbrain,topcow_ct_020,211,160,80,40,36,34,6,25,5
radius_1p5x_c095,topbrain,topcow_ct_020,212,160,80,80,9,8,0,7,2
radius_1p5x_c095,topbrain,topcow_ct_020,213,160,80,120,0,0,0,0,0
radius_1p5x_c095,topbrain,topcow_ct_020,214,160,80,136,0,0,0,0,0
radius_1p5x_c095,topbrain,topcow_ct_020,215,160,120,0,9,6,2,4,3
radius_1p5x_c095,topbrain,topcow_ct_020,216,160,120,40,37,30,6,18,13
radius_1p5x_c095,topbrain,topcow_ct_020,217,160,120,80,0,0,0,0,0
radius_1p5x_c095,topbrain,topcow_ct_020,218,160,120,120,0,0,0,0,0
radius_1p5x_c095,topbrain,topcow_ct_020,219,160,120,136,0,0,0,0,0
radius_1p5x_c095,topbrain,topcow_ct_020,220,160,160,0,22,18,3,10,9
radius_1p5x_c095,topbrain,topcow_ct_020,221,160,160,40,57,51,9,31,17
radius_1p5x_c095,topbrain,topcow_ct_020,222,160,160,80,24,21,3,12,9
radius_1p5x_c095,topbrain,topcow_ct_020,223,160,160,120,0,0,0,0,0
radius_1p5x_c095,topbrain,topcow_ct_020,224,160,160,136,0,0,0,0,0
radius_1p5x_c095,topbrain,topcow_ct_020,225,160,200,0,13,9,2,5,6
radius_1p5x_c095,topbrain,topcow_ct_020,226,160,200,40,40,34,5,22,13
radius_1p5x_c095,topbrain,topcow_ct_020,227,160,200,80,35,32,4,23,8
radius_1p5x_c095,topbrain,topcow_ct_020,228,160,200,120,0,0,0,0,0
radius_1p5x_c095,topbrain,topcow_ct_020,229,160,200,136,0,0,0,0,0
radius_1p5x_c095,topbrain,topcow_ct_020,230,160,240,0,7,6,1,5,1
radius_1p5x_c095,topbrain,topcow_ct_020,231,160,240,40,4,3,1,2,1
radius_1p5x_c095,topbrain,topcow_ct_020,232,160,240,80,4,3,1,2,1
radius_1p5x_c095,topbrain,topcow_ct_020,233,160,240,120,0,0,0,0,0
radius_1p5x_c095,topbrain,topcow_ct_020,234,160,240,136,0,0,0,0,0
radius_1p5x_c095,topbrain,topcow_ct_020,235,160,280,0,0,0,0,0,0
radius_1p5x_c095,topbrain,topcow_ct_020,236,160,280,40,0,0,0,0,0
radius_1p5x_c095,topbrain,topcow_ct_020,237,160,280,80,0,0,0,0,0
radius_1p5x_c095,topbrain,topcow_ct_020,238,160,280,120,0,0,0,0,0
radius_1p5x_c095,topbrain,topcow_ct_020,239,160,280,136,0,0,0,0,0
radius_1p5x_c095,topbrain,topcow_ct_020,240,160,320,0,0,0,0,0,0
radius_1p5x_c095,topbrain,topcow_ct_020,241,160,320,40,0,0,0,0,0
radius_1p5x_c095,topbrain,topcow_ct_020,242,160,320,80,0,0,0,0,0
radius_1p5x_c095,topbrain,topcow_ct_020,243,160,320,120,0,0,0,0,0
radius_1p5x_c095,topbrain,topcow_ct_020,244,160,320,136,0,0,0,0,0
radius_1p5x_c095,topbrain,topcow_ct_020,245,160,323,0,0,0,0,0,0
radius_1p5x_c095,topbrain,topcow_ct_020,246,160,323,40,0,0,0,0,0
radius_1p5x_c095,topbrain,topcow_ct_020,247,160,323,80,0,0,0,0,0
radius_1p5x_c095,topbrain,topcow_ct_020,248,160,323,120,0,0,0,0,0
radius_1p5x_c095,topbrain,topcow_ct_020,249,160,323,136,0,0,0,0,0
radius_1p5x_c095,topbrain,topcow_ct_020,250,200,0,0,0,0,0,0,0
radius_1p5x_c095,topbrain,topcow_ct_020,251,200,0,40,0,0,0,0,0
radius_1p5x_c095,topbrain,topcow_ct_020,252,200,0,80,0,0,0,0,0
radius_1p5x_c095,topbrain,topcow_ct_020,253,200,0,120,0,0,0,0,0
radius_1p5x_c095,topbrain,topcow_ct_020,254,200,0,136,0,0,0,0,0
radius_1p5x_c095,topbrain,topcow_ct_020,255,200,40,0,0,0,0,0,0
radius_1p5x_c095,topbrain,topcow_ct_020,256,200,40,40,0,0,0,0,0
radius_1p5x_c095,topbrain,topcow_ct_020,257,200,40,80,0,0,0,0,0
radius_1p5x_c095,topbrain,topcow_ct_020,258,200,40,120,0,0,0,0,0
radius_1p5x_c095,topbrain,topcow_ct_020,259,200,40,136,0,0,0,0,0
radius_1p5x_c095,topbrain,topcow_ct_020,260,200,80,0,0,0,0,0,0
radius_1p5x_c095,topbrain,topcow_ct_020,261,200,80,40,44,44,8,32,4
radius_1p5x_c095,topbrain,topcow_ct_020,262,200,80,80,16,13,2,10,4
radius_1p5x_c095,topbrain,topcow_ct_020,263,200,80,120,0,0,0,0,0
radius_1p5x_c095,topbrain,topcow_ct_020,264,200,80,136,0,0,0,0,0
radius_1p5x_c095,topbrain,topcow_ct_020,265,200,120,0,0,0,0,0,0
radius_1p5x_c095,topbrain,topcow_ct_020,266,200,120,40,65,64,13,43,9
radius_1p5x_c095,topbrain,topcow_ct_020,267,200,120,80,33,29,4,23,6
radius_1p5x_c095,topbrain,topcow_ct_020,268,200,120,120,0,0,0,0,0
radius_1p5x_c095,topbrain,topcow_ct_020,269,200,120,136,0,0,0,0,0
radius_1p5x_c095,topbrain,topcow_ct_020,270,200,160,0,0,0,0,0,0
radius_1p5x_c095,topbrain,topcow_ct_020,271,200,160,40,43,43,11,22,10
radius_1p5x_c095,topbrain,topcow_ct_020,272,200,160,80,41,42,9,27,5
radius_1p5x_c095,topbrain,topcow_ct_020,273,200,160,120,0,0,0,0,0
radius_1p5x_c095,topbrain,topcow_ct_020,274,200,160,136,0,0,0,0,0
radius_1p5x_c095,topbrain,topcow_ct_020,275,200,200,0,2,1,0,0,2
radius_1p5x_c095,topbrain,topcow_ct_020,276,200,200,40,27,24,6,9,12
radius_1p5x_c095,topbrain,topcow_ct_020,277,200,200,80,37,37,7,23,7
radius_1p5x_c095,topbrain,topcow_ct_020,278,200,200,120,0,0,0,0,0
radius_1p5x_c095,topbrain,topcow_ct_020,279,200,200,136,0,0,0,0,0
radius_1p5x_c095,topbrain,topcow_ct_020,280,200,240,0,2,1,0,0,2
radius_1p5x_c095,topbrain,topcow_ct_020,281,200,240,40,0,0,0,0,0
radius_1p5x_c095,topbrain,topcow_ct_020,282,200,240,80,0,0,0,0,0
radius_1p5x_c095,topbrain,topcow_ct_020,283,200,240,120,0,0,0,0,0
radius_1p5x_c095,topbrain,topcow_ct_020,284,200,240,136,0,0,0,0,0
radius_1p5x_c095,topbrain,topcow_ct_020,285,200,280,0,0,0,0,0,0
radius_1p5x_c095,topbrain,topcow_ct_020,286,200,280,40,0,0,0,0,0
radius_1p5x_c095,topbrain,topcow_ct_020,287,200,280,80,0,0,0,0,0
radius_1p5x_c095,topbrain,topcow_ct_020,288,200,280,120,0,0,0,0,0
radius_1p5x_c095,topbrain,topcow_ct_020,289,200,280,136,0,0,0,0,0
radius_1p5x_c095,topbrain,topcow_ct_020,290,200,320,0,0,0,0,0,0
radius_1p5x_c095,topbrain,topcow_ct_020,291,200,320,40,0,0,0,0,0
radius_1p5x_c095,topbrain,topcow_ct_020,292,200,320,80,0,0,0,0,0
radius_1p5x_c095,topbrain,topcow_ct_020,293,200,320,120,0,0,0,0,0
radius_1p5x_c095,topbrain,topcow_ct_020,294,200,320,136,0,0,0,0,0
radius_1p5x_c095,topbrain,topcow_ct_020,295,200,323,0,0,0,0,0,0
radius_1p5x_c095,topbrain,topcow_ct_020,296,200,323,40,0,0,0,0,0
radius_1p5x_c095,topbrain,topcow_ct_020,297,200,323,80,0,0,0,0,0
radius_1p5x_c095,topbrain,topcow_ct_020,298,200,323,120,0,0,0,0,0
radius_1p5x_c095,topbrain,topcow_ct_020,299,200,323,136,0,0,0,0,0
radius_1p5x_c095,topbrain,topcow_ct_020,300,226,0,0,0,0,0,0,0
radius_1p5x_c095,topbrain,topcow_ct_020,301,226,0,40,0,0,0,0,0
radius_1p5x_c095,topbrain,topcow_ct_020,302,226,0,80,0,0,0,0,0
radius_1p5x_c095,topbrain,topcow_ct_020,303,226,0,120,0,0,0,0,0
radius_1p5x_c095,topbrain,topcow_ct_020,304,226,0,136,0,0,0,0,0
radius_1p5x_c095,topbrain,topcow_ct_020,305,226,40,0,0,0,0,0,0
radius_1p5x_c095,topbrain,topcow_ct_020,306,226,40,40,0,0,0,0,0
radius_1p5x_c095,topbrain,topcow_ct_020,307,226,40,80,0,0,0,0,0
radius_1p5x_c095,topbrain,topcow_ct_020,308,226,40,120,0,0,0,0,0
radius_1p5x_c095,topbrain,topcow_ct_020,309,226,40,136,0,0,0,0,0
radius_1p5x_c095,topbrain,topcow_ct_020,310,226,80,0,0,0,0,0,0
radius_1p5x_c095,topbrain,topcow_ct_020,311,226,80,40,23,20,5,12,6
radius_1p5x_c095,topbrain,topcow_ct_020,312,226,80,80,7,5,2,3,2
radius_1p5x_c095,topbrain,topcow_ct_020,313,226,80,120,0,0,0,0,0
radius_1p5x_c095,topbrain,topcow_ct_020,314,226,80,136,0,0,0,0,0
radius_1p5x_c095,topbrain,topcow_ct_020,315,226,120,0,0,0,0,0,0
radius_1p5x_c095,topbrain,topcow_ct_020,316,226,120,40,55,54,11,37,7
radius_1p5x_c095,topbrain,topcow_ct_020,317,226,120,80,33,29,4,23,6
radius_1p5x_c095,topbrain,topcow_ct_020,318,226,120,120,0,0,0,0,0
radius_1p5x_c095,topbrain,topcow_ct_020,319,226,120,136,0,0,0,0,0
radius_1p5x_c095,topbrain,topcow_ct_020,320,226,160,0,0,0,0,0,0
radius_1p5x_c095,topbrain,topcow_ct_020,321,226,160,40,40,38,10,21,9
radius_1p5x_c095,topbrain,topcow_ct_020,322,226,160,80,35,33,8,21,6
radius_1p5x_c095,topbrain,topcow_ct_020,323,226,160,120,0,0,0,0,0
radius_1p5x_c095,topbrain,topcow_ct_020,324,226,160,136,0,0,0,0,0
radius_1p5x_c095,topbrain,topcow_ct_020,325,226,200,0,0,0,0,0,0
radius_1p5x_c095,topbrain,topcow_ct_020,326,226,200,40,19,16,5,7,7
radius_1p5x_c095,topbrain,topcow_ct_020,327,226,200,80,26,24,7,14,5
radius_1p5x_c095,topbrain,topcow_ct_020,328,226,200,120,0,0,0,0,0
radius_1p5x_c095,topbrain,topcow_ct_020,329,226,200,136,0,0,0,0,0
radius_1p5x_c095,topbrain,topcow_ct_020,330,226,240,0,0,0,0,0,0
radius_1p5x_c095,topbrain,topcow_ct_020,331,226,240,40,0,0,0,0,0
radius_1p5x_c095,topbrain,topcow_ct_020,332,226,240,80,0,0,0,0,0
radius_1p5x_c095,topbrain,topcow_ct_020,333,226,240,120,0,0,0,0,0
radius_1p5x_c095,topbrain,topcow_ct_020,334,226,240,136,0,0,0,0,0
radius_1p5x_c095,topbrain,topcow_ct_020,335,226,280,0,0,0,0,0,0
radius_1p5x_c095,topbrain,topcow_ct_020,336,226,280,40,0,0,0,0,0
radius_1p5x_c095,topbrain,topcow_ct_020,337,226,280,80,0,0,0,0,0
radius_1p5x_c095,topbrain,topcow_ct_020,338,226,280,120,0,0,0,0,0
radius_1p5x_c095,topbrain,topcow_ct_020,339,226,280,136,0,0,0,0,0
radius_1p5x_c095,topbrain,topcow_ct_020,340,226,320,0,0,0,0,0,0
radius_1p5x_c095,topbrain,topcow_ct_020,341,226,320,40,0,0,0,0,0
radius_1p5x_c095,topbrain,topcow_ct_020,342,226,320,80,0,0,0,0,0
radius_1p5x_c095,topbrain,topcow_ct_020,343,226,320,120,0,0,0,0,0
radius_1p5x_c095,topbrain,topcow_ct_020,344,226,320,136,0,0,0,0,0
radius_1p5x_c095,topbrain,topcow_ct_020,345,226,323,0,0,0,0,0,0
radius_1p5x_c095,topbrain,topcow_ct_020,346,226,323,40,0,0,0,0,0
radius_1p5x_c095,topbrain,topcow_ct_020,347,226,323,80,0,0,0,0,0
radius_1p5x_c095,topbrain,topcow_ct_020,348,226,323,120,0,0,0,0,0
radius_1p5x_c095,topbrain,topcow_ct_020,349,226,323,136,0,0,0,0,0
radius_2x_c095,topbrain,topcow_ct_020,0,0,0,0,0,0,0,0,0
radius_2x_c095,topbrain,topcow_ct_020,1,0,0,40,0,0,0,0,0
radius_2x_c095,topbrain,topcow_ct_020,2,0,0,80,0,0,0,0,0
radius_2x_c095,topbrain,topcow_ct_020,3,0,0,120,0,0,0,0,0
radius_2x_c095,topbrain,topcow_ct_020,4,0,0,136,0,0,0,0,0
radius_2x_c095,topbrain,topcow_ct_020,5,0,40,0,0,0,0,0,0
radius_2x_c095,topbrain,topcow_ct_020,6,0,40,40,0,0,0,0,0
radius_2x_c095,topbrain,topcow_ct_020,7,0,40,80,0,0,0,0,0
radius_2x_c095,topbrain,topcow_ct_020,8,0,40,120,0,0,0,0,0
radius_2x_c095,topbrain,topcow_ct_020,9,0,40,136,0,0,0,0,0
radius_2x_c095,topbrain,topcow_ct_020,10,0,80,0,3,2,0,1,2
radius_2x_c095,topbrain,topcow_ct_020,11,0,80,40,59,54,13,29,17
radius_2x_c095,topbrain,topcow_ct_020,12,0,80,80,37,30,6,19,12
radius_2x_c095,topbrain,topcow_ct_020,13,0,80,120,0,0,0,0,0
radius_2x_c095,topbrain,topcow_ct_020,14,0,80,136,0,0,0,0,0
radius_2x_c095,topbrain,topcow_ct_020,15,0,120,0,3,2,0,1,2
radius_2x_c095,topbrain,topcow_ct_020,16,0,120,40,66,70,20,35,11
radius_2x_c095,topbrain,topcow_ct_020,17,0,120,80,59,57,13,34,12
radius_2x_c095,topbrain,topcow_ct_020,18,0,120,120,0,0,0,0,0
radius_2x_c095,topbrain,topcow_ct_020,19,0,120,136,0,0,0,0,0
radius_2x_c095,topbrain,topcow_ct_020,20,0,160,0,0,0,0,0,0
radius_2x_c095,topbrain,topcow_ct_020,21,0,160,40,20,18,3,10,7
radius_2x_c095,topbrain,topcow_ct_020,22,0,160,80,52,51,15,30,7
radius_2x_c095,topbrain,topcow_ct_020,23,0,160,120,0,0,0,0,0
radius_2x_c095,topbrain,topcow_ct_020,24,0,160,136,0,0,0,0,0
radius_2x_c095,topbrain,topcow_ct_020,25,0,200,0,0,0,0,0,0
radius_2x_c095,topbrain,topcow_ct_020,26,0,200,40,0,0,0,0,0
radius_2x_c095,topbrain,topcow_ct_020,27,0,200,80,14,13,6,6,2
radius_2x_c095,topbrain,topcow_ct_020,28,0,200,120,0,0,0,0,0
radius_2x_c095,topbrain,topcow_ct_020,29,0,200,136,0,0,0,0,0
radius_2x_c095,topbrain,topcow_ct_020,30,0,240,0,0,0,0,0,0
radius_2x_c095,topbrain,topcow_ct_020,31,0,240,40,0,0,0,0,0
radius_2x_c095,topbrain,topcow_ct_020,32,0,240,80,0,0,0,0,0
radius_2x_c095,topbrain,topcow_ct_020,33,0,240,120,0,0,0,0,0
radius_2x_c095,topbrain,topcow_ct_020,34,0,240,136,0,0,0,0,0
radius_2x_c095,topbrain,topcow_ct_020,35,0,280,0,0,0,0,0,0
radius_2x_c095,topbrain,topcow_ct_020,36,0,280,40,0,0,0,0,0
radius_2x_c095,topbrain,topcow_ct_020,37,0,280,80,0,0,0,0,0
radius_2x_c095,topbrain,topcow_ct_020,38,0,280,120,0,0,0,0,0
radius_2x_c095,topbrain,topcow_ct_020,39,0,280,136,0,0,0,0,0
radius_2x_c095,topbrain,topcow_ct_020,40,0,320,0,0,0,0,0,0
radius_2x_c095,topbrain,topcow_ct_020,41,0,320,40,0,0,0,0,0
radius_2x_c095,topbrain,topcow_ct_020,42,0,320,80,0,0,0,0,0
radius_2x_c095,topbrain,topcow_ct_020,43,0,320,120,0,0,0,0,0
radius_2x_c095,topbrain,topcow_ct_020,44,0,320,136,0,0,0,0,0
radius_2x_c095,topbrain,topcow_ct_020,45,0,323,0,0,0,0,0,0
radius_2x_c095,topbrain,topcow_ct_020,46,0,323,40,0,0,0,0,0
radius_2x_c095,topbrain,topcow_ct_020,47,0,323,80,0,0,0,0,0
radius_2x_c095,topbrain,topcow_ct_020,48,0,323,120,0,0,0,0,0
radius_2x_c095,topbrain,topcow_ct_020,49,0,323,136,0,0,0,0,0
radius_2x_c095,topbrain,topcow_ct_020,50,40,0,0,0,0,0,0,0
radius_2x_c095,topbrain,topcow_ct_020,51,40,0,40,0,0,0,0,0
radius_2x_c095,topbrain,topcow_ct_020,52,40,0,80,0,0,0,0,0
radius_2x_c095,topbrain,topcow_ct_020,53,40,0,120,0,0,0,0,0
radius_2x_c095,topbrain,topcow_ct_020,54,40,0,136,0,0,0,0,0
radius_2x_c095,topbrain,topcow_ct_020,55,40,40,0,5,4,1,3,1
radius_2x_c095,topbrain,topcow_ct_020,56,40,40,40,7,5,2,3,2
radius_2x_c095,topbrain,topcow_ct_020,57,40,40,80,2,1,1,0,1
radius_2x_c095,topbrain,topcow_ct_020,58,40,40,120,0,0,0,0,0
radius_2x_c095,topbrain,topcow_ct_020,59,40,40,136,0,0,0,0,0
radius_2x_c095,topbrain,topcow_ct_020,60,40,80,0,11,9,1,7,3
radius_2x_c095,topbrain,topcow_ct_020,61,40,80,40,76,76,16,54,6
radius_2x_c095,topbrain,topcow_ct_020,62,40,80,80,43,38,6,31,6
radius_2x_c095,topbrain,topcow_ct_020,63,40,80,120,0,0,0,0,0
radius_2x_c095,topbrain,topcow_ct_020,64,40,80,136,0,0,0,0,0
radius_2x_c095,topbrain,topcow_ct_020,65,40,120,0,5,4,0,3,2
radius_2x_c095,topbrain,topcow_ct_020,66,40,120,40,73,76,16,44,13
radius_2x_c095,topbrain,topcow_ct_020,67,40,120,80,56,53,5,39,12
radius_2x_c095,topbrain,topcow_ct_020,68,40,120,120,0,0,0,0,0
radius_2x_c095,topbrain,topcow_ct_020,69,40,120,136,0,0,0,0,0
radius_2x_c095,topbrain,topcow_ct_020,70,40,160,0,2,1,1,0,1
radius_2x_c095,topbrain,topcow_ct_020,71,40,160,40,37,34,5,21,11
radius_2x_c095,topbrain,topcow_ct_020,72,40,160,80,60,58,9,38,13
radius_2x_c095,topbrain,topcow_ct_020,73,40,160,120,0,0,0,0,0
radius_2x_c095,topbrain,topcow_ct_020,74,40,160,136,0,0,0,0,0
radius_2x_c095,topbrain,topcow_ct_020,75,40,200,0,9,6,2,3,4
radius_2x_c095,topbrain,topcow_ct_020,76,40,200,40,11,10,2,5,4
radius_2x_c095,topbrain,topcow_ct_020,77,40,200,80,21,17,3,7,11
radius_2x_c095,topbrain,topcow_ct_020,78,40,200,120,0,0,0,0,0
radius_2x_c095,topbrain,topcow_ct_020,79,40,200,136,0,0,0,0,0
radius_2x_c095,topbrain,topcow_ct_020,80,40,240,0,6,5,0,4,2
radius_2x_c095,topbrain,topcow_ct_020,81,40,240,40,0,0,0,0,0
radius_2x_c095,topbrain,topcow_ct_020,82,40,240,80,0,0,0,0,0
radius_2x_c095,topbrain,topcow_ct_020,83,40,240,120,0,0,0,0,0
radius_2x_c095,topbrain,topcow_ct_020,84,40,240,136,0,0,0,0,0
radius_2x_c095,topbrain,topcow_ct_020,85,40,280,0,0,0,0,0,0
radius_2x_c095,topbrain,topcow_ct_020,86,40,280,40,0,0,0,0,0
radius_2x_c095,topbrain,topcow_ct_020,87,40,280,80,0,0,0,0,0
radius_2x_c095,topbrain,topcow_ct_020,88,40,280,120,0,0,0,0,0
radius_2x_c095,topbrain,topcow_ct_020,89,40,280,136,0,0,0,0,0
radius_2x_c095,topbrain,topcow_ct_020,90,40,320,0,0,0,0,0,0
radius_2x_c095,topbrain,topcow_ct_020,91,40,320,40,0,0,0,0,0
radius_2x_c095,topbrain,topcow_ct_020,92,40,320,80,0,0,0,0,0
radius_2x_c095,topbrain,topcow_ct_020,93,40,320,120,0,0,0,0,0
radius_2x_c095,topbrain,topcow_ct_020,94,40,320,136,0,0,0,0,0
radius_2x_c095,topbrain,topcow_ct_020,95,40,323,0,0,0,0,0,0
radius_2x_c095,topbrain,topcow_ct_020,96,40,323,40,0,0,0,0,0
radius_2x_c095,topbrain,topcow_ct_020,97,40,323,80,0,0,0,0,0
radius_2x_c095,topbrain,topcow_ct_020,98,40,323,120,0,0,0,0,0
radius_2x_c095,topbrain,topcow_ct_020,99,40,323,136,0,0,0,0,0
radius_2x_c095,topbrain,topcow_ct_020,100,80,0,0,0,0,0,0,0
radius_2x_c095,topbrain,topcow_ct_020,101,80,0,40,0,0,0,0,0
radius_2x_c095,topbrain,topcow_ct_020,102,80,0,80,0,0,0,0,0
radius_2x_c095,topbrain,topcow_ct_020,103,80,0,120,0,0,0,0,0
radius_2x_c095,topbrain,topcow_ct_020,104,80,0,136,0,0,0,0,0
radius_2x_c095,topbrain,topcow_ct_020,105,80,40,0,5,4,1,3,1
radius_2x_c095,topbrain,topcow_ct_020,106,80,40,40,5,4,1,3,1
radius_2x_c095,topbrain,topcow_ct_020,107,80,40,80,0,0,0,0,0
radius_2x_c095,topbrain,topcow_ct_020,108,80,40,120,0,0,0,0,0
radius_2x_c095,topbrain,topcow_ct_020,109,80,40,136,0,0,0,0,0
radius_2x_c095,topbrain,topcow_ct_020,110,80,80,0,8,6,3,4,1
radius_2x_c095,topbrain,topcow_ct_020,111,80,80,40,19,15,5,7,7
radius_2x_c095,topbrain,topcow_ct_020,112,80,80,80,0,0,0,0,0
radius_2x_c095,topbrain,topcow_ct_020,113,80,80,120,0,0,0,0,0
radius_2x_c095,topbrain,topcow_ct_020,114,80,80,136,0,0,0,0,0
radius_2x_c095,topbrain,topcow_ct_020,115,80,120,0,8,5,1,2,5
radius_2x_c095,topbrain,topcow_ct_020,116,80,120,40,39,33,9,17,13
radius_2x_c095,topbrain,topcow_ct_020,117,80,120,80,7,5,1,3,3
radius_2x_c095,topbrain,topcow_ct_020,118,80,120,120,0,0,0,0,0
radius_2x_c095,topbrain,topcow_ct_020,119,80,120,136,0,0,0,0,0
radius_2x_c095,topbrain,topcow_ct_020,120,80,160,0,20,17,1,14,5
radius_2x_c095,topbrain,topcow_ct_020,121,80,160,40,42,40,9,24,9
radius_2x_c095,topbrain,topcow_ct_020,122,80,160,80,32,27,4,14,14
radius_2x_c095,topbrain,topcow_ct_020,123,80,160,120,0,0,0,0,0
radius_2x_c095,topbrain,topcow_ct_020,124,80,160,136,0,0,0,0,0
radius_2x_c095,topbrain,topcow_ct_020,125,80,200,0,17,14,2,11,4
radius_2x_c095,topbrain,topcow_ct_020,126,80,200,40,30,30,9,14,7
radius_2x_c095,topbrain,topcow_ct_020,127,80,200,80,33,31,8,15,10
radius_2x_c095,topbrain,topcow_ct_020,128,80,200,120,0,0,0,0,0
radius_2x_c095,topbrain,topcow_ct_020,129,80,200,136,0,0,0,0,0
radius_2x_c095,topbrain,topcow_ct_020,130,80,240,0,4,3,0,2,2
radius_2x_c095,topbrain,topcow_ct_020,131,80,240,40,13,10,3,3,7
radius_2x_c095,topbrain,topcow_ct_020,132,80,240,80,13,10,3,3,7
radius_2x_c095,topbrain,topcow_ct_020,133,80,240,120,0,0,0,0,0
radius_2x_c095,topbrain,topcow_ct_020,134,80,240,136,0,0,0,0,0
radius_2x_c095,topbrain,topcow_ct_020,135,80,280,0,0,0,0,0,0
radius_2x_c095,topbrain,topcow_ct_020,136,80,280,40,3,2,1,1,1
radius_2x_c095,topbrain,topcow_ct_020,137,80,280,80,3,2,0,1,2
radius_2x_c095,topbrain,topcow_ct_020,138,80,280,120,2,1,0,0,2
radius_2x_c095,topbrain,topcow_ct_020,139,80,280,136,2,1,0,0,2
radius_2x_c095,topbrain,topcow_ct_020,140,80,320,0,0,0,0,0,0
radius_2x_c095,topbrain,topcow_ct_020,141,80,320,40,5,3,2,1,2
radius_2x_c095,topbrain,topcow_ct_020,142,80,320,80,5,4,1,3,1
radius_2x_c095,topbrain,topcow_ct_020,143,80,320,120,3,2,0,1,2
radius_2x_c095,topbrain,topcow_ct_020,144,80,320,136,3,2,0,1,2
radius_2x_c095,topbrain,topcow_ct_020,145,80,323,0,0,0,0,0,0
radius_2x_c095,topbrain,topcow_ct_020,146,80,323,40,5,3,2,1,2
radius_2x_c095,topbrain,topcow_ct_020,147,80,323,80,5,4,1,3,1
radius_2x_c095,topbrain,topcow_ct_020,148,80,323,120,3,2,0,1,2
radius_2x_c095,topbrain,topcow_ct_020,149,80,323,136,3,2,0,1,2
radius_2x_c095,topbrain,topcow_ct_020,150,120,0,0,0,0,0,0,0
radius_2x_c095,topbrain,topcow_ct_020,151,120,0,40,0,0,0,0,0
radius_2x_c095,topbrain,topcow_ct_020,152,120,0,80,4,2,3,0,1
radius_2x_c095,topbrain,topcow_ct_020,153,120,0,120,5,3,2,1,2
radius_2x_c095,topbrain,topcow_ct_020,154,120,0,136,3,2,1,1,1
radius_2x_c095,topbrain,topcow_ct_020,155,120,40,0,0,0,0,0,0
radius_2x_c095,topbrain,topcow_ct_020,156,120,40,40,10,9,2,4,4
radius_2x_c095,topbrain,topcow_ct_020,157,120,40,80,12,12,4,6,2
radius_2x_c095,topbrain,topcow_ct_020,158,120,40,120,5,3,2,1,2
radius_2x_c095,topbrain,topcow_ct_020,159,120,40,136,5,3,2,1,2
radius_2x_c095,topbrain,topcow_ct_020,160,120,80,0,6,3,3,0,3
radius_2x_c095,topbrain,topcow_ct_020,161,120,80,40,24,19,6,8,10
radius_2x_c095,topbrain,topcow_ct_020,162,120,80,80,15,13,3,7,5
radius_2x_c095,topbrain,topcow_ct_020,163,120,80,120,2,1,1,0,1
radius_2x_c095,topbrain,topcow_ct_020,164,120,80,136,2,1,1,0,1
radius_2x_c095,topbrain,topcow_ct_020,165,120,120,0,25,22,7,10,8
radius_2x_c095,topbrain,topcow_ct_020,166,120,120,40,61,57,16,32,13
radius_2x_c095,topbrain,topcow_ct_020,167,120,120,80,9,8,4,3,2
radius_2x_c095,topbrain,topcow_ct_020,168,120,120,120,2,1,0,0,2
radius_2x_c095,topbrain,topcow_ct_020,169,120,120,136,3,2,0,1,2
radius_2x_c095,topbrain,topcow_ct_020,170,120,160,0,42,43,8,29,5
radius_2x_c095,topbrain,topcow_ct_020,171,120,160,40,73,72,15,46,12
radius_2x_c095,topbrain,topcow_ct_020,172,120,160,80,30,31,8,17,5
radius_2x_c095,topbrain,topcow_ct_020,173,120,160,120,0,0,0,0,0
radius_2x_c095,topbrain,topcow_ct_020,174,120,160,136,3,2,0,1,2
radius_2x_c095,topbrain,topcow_ct_020,175,120,200,0,22,18,1,14,7
radius_2x_c095,topbrain,topcow_ct_020,176,120,200,40,43,37,6,25,12
radius_2x_c095,topbrain,topcow_ct_020,177,120,200,80,40,38,7,26,7
radius_2x_c095,topbrain,topcow_ct_020,178,120,200,120,0,0,0,0,0
radius_2x_c095,topbrain,topcow_ct_020,179,120,200,136,3,2,0,1,2
radius_2x_c095,topbrain,topcow_ct_020,180,120,240,0,4,3,0,2,2
radius_2x_c095,topbrain,topcow_ct_020,181,120,240,40,16,12,4,4,8
radius_2x_c095,topbrain,topcow_ct_020,182,120,240,80,16,13,4,6,6
radius_2x_c095,topbrain,topcow_ct_020,183,120,240,120,3,2,0,1,2
radius_2x_c095,topbrain,topcow_ct_020,184,120,240,136,3,2,0,1,2
radius_2x_c095,topbrain,topcow_ct_020,185,120,280,0,0,0,0,0,0
radius_2x_c095,topbrain,topcow_ct_020,186,120,280,40,3,2,1,1,1
radius_2x_c095,topbrain,topcow_ct_020,187,120,280,80,3,2,0,1,2
radius_2x_c095,topbrain,topcow_ct_020,188,120,280,120,3,2,0,1,2
radius_2x_c095,topbrain,topcow_ct_020,189,120,280,136,3,2,0,1,2
radius_2x_c095,topbrain,topcow_ct_020,190,120,320,0,0,0,0,0,0
radius_2x_c095,topbrain,topcow_ct_020,191,120,320,40,5,3,2,1,2
radius_2x_c095,topbrain,topcow_ct_020,192,120,320,80,5,4,1,3,1
radius_2x_c095,topbrain,topcow_ct_020,193,120,320,120,4,3,0,2,2
radius_2x_c095,topbrain,topcow_ct_020,194,120,320,136,4,3,0,2,2
radius_2x_c095,topbrain,topcow_ct_020,195,120,323,0,0,0,0,0,0
radius_2x_c095,topbrain,topcow_ct_020,196,120,323,40,5,3,2,1,2
radius_2x_c095,topbrain,topcow_ct_020,197,120,323,80,5,4,1,3,1
radius_2x_c095,topbrain,topcow_ct_020,198,120,323,120,4,3,0,2,2
radius_2x_c095,topbrain,topcow_ct_020,199,120,323,136,4,3,0,2,2
radius_2x_c095,topbrain,topcow_ct_020,200,160,0,0,0,0,0,0,0
radius_2x_c095,topbrain,topcow_ct_020,201,160,0,40,0,0,0,0,0
radius_2x_c095,topbrain,topcow_ct_020,202,160,0,80,0,0,0,0,0
radius_2x_c095,topbrain,topcow_ct_020,203,160,0,120,0,0,0,0,0
radius_2x_c095,topbrain,topcow_ct_020,204,160,0,136,0,0,0,0,0
radius_2x_c095,topbrain,topcow_ct_020,205,160,40,0,7,6,1,5,1
radius_2x_c095,topbrain,topcow_ct_020,206,160,40,40,7,6,1,5,1
radius_2x_c095,topbrain,topcow_ct_020,207,160,40,80,0,0,0,0,0
radius_2x_c095,topbrain,topcow_ct_020,208,160,40,120,0,0,0,0,0
radius_2x_c095,topbrain,topcow_ct_020,209,160,40,136,0,0,0,0,0
radius_2x_c095,topbrain,topcow_ct_020,210,160,80,0,10,8,3,6,1
radius_2x_c095,topbrain,topcow_ct_020,211,160,80,40,36,34,6,25,5
radius_2x_c095,topbrain,topcow_ct_020,212,160,80,80,9,8,0,7,2
radius_2x_c095,topbrain,topcow_ct_020,213,160,80,120,0,0,0,0,0
radius_2x_c095,topbrain,topcow_ct_020,214,160,80,136,0,0,0,0,0
radius_2x_c095,topbrain,topcow_ct_020,215,160,120,0,9,6,2,4,3
radius_2x_c095,topbrain,topcow_ct_020,216,160,120,40,37,30,6,18,13
radius_2x_c095,topbrain,topcow_ct_020,217,160,120,80,0,0,0,0,0
radius_2x_c095,topbrain,topcow_ct_020,218,160,120,120,0,0,0,0,0
radius_2x_c095,topbrain,topcow_ct_020,219,160,120,136,0,0,0,0,0
radius_2x_c095,topbrain,topcow_ct_020,220,160,160,0,22,18,3,10,9
radius_2x_c095,topbrain,topcow_ct_020,221,160,160,40,56,50,9,30,17
radius_2x_c095,topbrain,topcow_ct_020,222,160,160,80,24,21,3,12,9
radius_2x_c095,topbrain,topcow_ct_020,223,160,160,120,0,0,0,0,0
radius_2x_c095,topbrain,topcow_ct_020,224,160,160,136,0,0,0,0,0
radius_2x_c095,topbrain,topcow_ct_020,225,160,200,0,13,9,2,5,6
radius_2x_c095,topbrain,topcow_ct_020,226,160,200,40,40,34,5,22,13
radius_2x_c095,topbrain,topcow_ct_020,227,160,200,80,35,32,4,23,8
radius_2x_c095,topbrain,topcow_ct_020,228,160,200,120,0,0,0,0,0
radius_2x_c095,topbrain,topcow_ct_020,229,160,200,136,0,0,0,0,0
radius_2x_c095,topbrain,topcow_ct_020,230,160,240,0,7,6,1,5,1
radius_2x_c095,topbrain,topcow_ct_020,231,160,240,40,4,3,1,2,1
radius_2x_c095,topbrain,topcow_ct_020,232,160,240,80,4,3,1,2,1
radius_2x_c095,topbrain,topcow_ct_020,233,160,240,120,0,0,0,0,0
radius_2x_c095,topbrain,topcow_ct_020,234,160,240,136,0,0,0,0,0
radius_2x_c095,topbrain,topcow_ct_020,235,160,280,0,0,0,0,0,0
radius_2x_c095,topbrain,topcow_ct_020,236,160,280,40,0,0,0,0,0
radius_2x_c095,topbrain,topcow_ct_020,237,160,280,80,0,0,0,0,0
radius_2x_c095,topbrain,topcow_ct_020,238,160,280,120,0,0,0,0,0
radius_2x_c095,topbrain,topcow_ct_020,239,160,280,136,0,0,0,0,0
radius_2x_c095,topbrain,topcow_ct_020,240,160,320,0,0,0,0,0,0
radius_2x_c095,topbrain,topcow_ct_020,241,160,320,40,0,0,0,0,0
radius_2x_c095,topbrain,topcow_ct_020,242,160,320,80,0,0,0,0,0
radius_2x_c095,topbrain,topcow_ct_020,243,160,320,120,0,0,0,0,0
radius_2x_c095,topbrain,topcow_ct_020,244,160,320,136,0,0,0,0,0
radius_2x_c095,topbrain,topcow_ct_020,245,160,323,0,0,0,0,0,0
radius_2x_c095,topbrain,topcow_ct_020,246,160,323,40,0,0,0,0,0
radius_2x_c095,topbrain,topcow_ct_020,247,160,323,80,0,0,0,0,0
radius_2x_c095,topbrain,topcow_ct_020,248,160,323,120,0,0,0,0,0
radius_2x_c095,topbrain,topcow_ct_020,249,160,323,136,0,0,0,0,0
radius_2x_c095,topbrain,topcow_ct_020,250,200,0,0,0,0,0,0,0
radius_2x_c095,topbrain,topcow_ct_020,251,200,0,40,0,0,0,0,0
radius_2x_c095,topbrain,topcow_ct_020,252,200,0,80,0,0,0,0,0
radius_2x_c095,topbrain,topcow_ct_020,253,200,0,120,0,0,0,0,0
radius_2x_c095,topbrain,topcow_ct_020,254,200,0,136,0,0,0,0,0
radius_2x_c095,topbrain,topcow_ct_020,255,200,40,0,0,0,0,0,0
radius_2x_c095,topbrain,topcow_ct_020,256,200,40,40,0,0,0,0,0
radius_2x_c095,topbrain,topcow_ct_020,257,200,40,80,0,0,0,0,0
radius_2x_c095,topbrain,topcow_ct_020,258,200,40,120,0,0,0,0,0
radius_2x_c095,topbrain,topcow_ct_020,259,200,40,136,0,0,0,0,0
radius_2x_c095,topbrain,topcow_ct_020,260,200,80,0,0,0,0,0,0
radius_2x_c095,topbrain,topcow_ct_020,261,200,80,40,44,44,8,32,4
radius_2x_c095,topbrain,topcow_ct_020,262,200,80,80,16,13,2,10,4
radius_2x_c095,topbrain,topcow_ct_020,263,200,80,120,0,0,0,0,0
radius_2x_c095,topbrain,topcow_ct_020,264,200,80,136,0,0,0,0,0
radius_2x_c095,topbrain,topcow_ct_020,265,200,120,0,0,0,0,0,0
radius_2x_c095,topbrain,topcow_ct_020,266,200,120,40,65,64,13,43,9
radius_2x_c095,topbrain,topcow_ct_020,267,200,120,80,33,29,4,23,6
radius_2x_c095,topbrain,topcow_ct_020,268,200,120,120,0,0,0,0,0
radius_2x_c095,topbrain,topcow_ct_020,269,200,120,136,0,0,0,0,0
radius_2x_c095,topbrain,topcow_ct_020,270,200,160,0,0,0,0,0,0
radius_2x_c095,topbrain,topcow_ct_020,271,200,160,40,43,43,11,22,10
radius_2x_c095,topbrain,topcow_ct_020,272,200,160,80,41,42,9,27,5
radius_2x_c095,topbrain,topcow_ct_020,273,200,160,120,0,0,0,0,0
radius_2x_c095,topbrain,topcow_ct_020,274,200,160,136,0,0,0,0,0
radius_2x_c095,topbrain,topcow_ct_020,275,200,200,0,3,2,0,1,2
radius_2x_c095,topbrain,topcow_ct_020,276,200,200,40,27,24,6,9,12
radius_2x_c095,topbrain,topcow_ct_020,277,200,200,80,37,37,7,23,7
radius_2x_c095,topbrain,topcow_ct_020,278,200,200,120,0,0,0,0,0
radius_2x_c095,topbrain,topcow_ct_020,279,200,200,136,0,0,0,0,0
radius_2x_c095,topbrain,topcow_ct_020,280,200,240,0,3,2,0,1,2
radius_2x_c095,topbrain,topcow_ct_020,281,200,240,40,0,0,0,0,0
radius_2x_c095,topbrain,topcow_ct_020,282,200,240,80,0,0,0,0,0
radius_2x_c095,topbrain,topcow_ct_020,283,200,240,120,0,0,0,0,0
radius_2x_c095,topbrain,topcow_ct_020,284,200,240,136,0,0,0,0,0
radius_2x_c095,topbrain,topcow_ct_020,285,200,280,0,0,0,0,0,0
radius_2x_c095,topbrain,topcow_ct_020,286,200,280,40,0,0,0,0,0
radius_2x_c095,topbrain,topcow_ct_020,287,200,280,80,0,0,0,0,0
radius_2x_c095,topbrain,topcow_ct_020,288,200,280,120,0,0,0,0,0
radius_2x_c095,topbrain,topcow_ct_020,289,200,280,136,0,0,0,0,0
radius_2x_c095,topbrain,topcow_ct_020,290,200,320,0,0,0,0,0,0
radius_2x_c095,topbrain,topcow_ct_020,291,200,320,40,0,0,0,0,0
radius_2x_c095,topbrain,topcow_ct_020,292,200,320,80,0,0,0,0,0
radius_2x_c095,topbrain,topcow_ct_020,293,200,320,120,0,0,0,0,0
radius_2x_c095,topbrain,topcow_ct_020,294,200,320,136,0,0,0,0,0
radius_2x_c095,topbrain,topcow_ct_020,295,200,323,0,0,0,0,0,0
radius_2x_c095,topbrain,topcow_ct_020,296,200,323,40,0,0,0,0,0
radius_2x_c095,topbrain,topcow_ct_020,297,200,323,80,0,0,0,0,0
radius_2x_c095,topbrain,topcow_ct_020,298,200,323,120,0,0,0,0,0
radius_2x_c095,topbrain,topcow_ct_020,299,200,323,136,0,0,0,0,0
radius_2x_c095,topbrain,topcow_ct_020,300,226,0,0,0,0,0,0,0
radius_2x_c095,topbrain,topcow_ct_020,301,226,0,40,0,0,0,0,0
radius_2x_c095,topbrain,topcow_ct_020,302,226,0,80,0,0,0,0,0
radius_2x_c095,topbrain,topcow_ct_020,303,226,0,120,0,0,0,0,0
radius_2x_c095,topbrain,topcow_ct_020,304,226,0,136,0,0,0,0,0
radius_2x_c095,topbrain,topcow_ct_020,305,226,40,0,0,0,0,0,0
radius_2x_c095,topbrain,topcow_ct_020,306,226,40,40,0,0,0,0,0
radius_2x_c095,topbrain,topcow_ct_020,307,226,40,80,0,0,0,0,0
radius_2x_c095,topbrain,topcow_ct_020,308,226,40,120,0,0,0,0,0
radius_2x_c095,topbrain,topcow_ct_020,309,226,40,136,0,0,0,0,0
radius_2x_c095,topbrain,topcow_ct_020,310,226,80,0,0,0,0,0,0
radius_2x_c095,topbrain,topcow_ct_020,311,226,80,40,23,20,5,12,6
radius_2x_c095,topbrain,topcow_ct_020,312,226,80,80,7,5,2,3,2
radius_2x_c095,topbrain,topcow_ct_020,313,226,80,120,0,0,0,0,0
radius_2x_c095,topbrain,topcow_ct_020,314,226,80,136,0,0,0,0,0
radius_2x_c095,topbrain,topcow_ct_020,315,226,120,0,0,0,0,0,0
radius_2x_c095,topbrain,topcow_ct_020,316,226,120,40,55,54,11,37,7
radius_2x_c095,topbrain,topcow_ct_020,317,226,120,80,33,29,4,23,6
radius_2x_c095,topbrain,topcow_ct_020,318,226,120,120,0,0,0,0,0
radius_2x_c095,topbrain,topcow_ct_020,319,226,120,136,0,0,0,0,0
radius_2x_c095,topbrain,topcow_ct_020,320,226,160,0,0,0,0,0,0
radius_2x_c095,topbrain,topcow_ct_020,321,226,160,40,40,38,10,21,9
radius_2x_c095,topbrain,topcow_ct_020,322,226,160,80,35,33,8,21,6
radius_2x_c095,topbrain,topcow_ct_020,323,226,160,120,0,0,0,0,0
radius_2x_c095,topbrain,topcow_ct_020,324,226,160,136,0,0,0,0,0
radius_2x_c095,topbrain,topcow_ct_020,325,226,200,0,0,0,0,0,0
radius_2x_c095,topbrain,topcow_ct_020,326,226,200,40,19,16,5,7,7
radius_2x_c095,topbrain,topcow_ct_020,327,226,200,80,26,24,7,14,5
radius_2x_c095,topbrain,topcow_ct_020,328,226,200,120,0,0,0,0,0
radius_2x_c095,topbrain,topcow_ct_020,329,226,200,136,0,0,0,0,0
radius_2x_c095,topbrain,topcow_ct_020,330,226,240,0,0,0,0,0,0
radius_2x_c095,topbrain,topcow_ct_020,331,226,240,40,0,0,0,0,0
radius_2x_c095,topbrain,topcow_ct_020,332,226,240,80,0,0,0,0,0
radius_2x_c095,topbrain,topcow_ct_020,333,226,240,120,0,0,0,0,0
radius_2x_c095,topbrain,topcow_ct_020,334,226,240,136,0,0,0,0,0
radius_2x_c095,topbrain,topcow_ct_020,335,226,280,0,0,0,0,0,0
radius_2x_c095,topbrain,topcow_ct_020,336,226,280,40,0,0,0,0,0
radius_2x_c095,topbrain,topcow_ct_020,337,226,280,80,0,0,0,0,0
radius_2x_c095,topbrain,topcow_ct_020,338,226,280,120,0,0,0,0,0
radius_2x_c095,topbrain,topcow_ct_020,339,226,280,136,0,0,0,0,0
radius_2x_c095,topbrain,topcow_ct_020,340,226,320,0,0,0,0,0,0
radius_2x_c095,topbrain,topcow_ct_020,341,226,320,40,0,0,0,0,0
radius_2x_c095,topbrain,topcow_ct_020,342,226,320,80,0,0,0,0,0
radius_2x_c095,topbrain,topcow_ct_020,343,226,320,120,0,0,0,0,0
radius_2x_c095,topbrain,topcow_ct_020,344,226,320,136,0,0,0,0,0
radius_2x_c095,topbrain,topcow_ct_020,345,226,323,0,0,0,0,0,0
radius_2x_c095,topbrain,topcow_ct_020,346,226,323,40,0,0,0,0,0
radius_2x_c095,topbrain,topcow_ct_020,347,226,323,80,0,0,0,0,0
radius_2x_c095,topbrain,topcow_ct_020,348,226,323,120,0,0,0,0,0
radius_2x_c095,topbrain,topcow_ct_020,349,226,323,136,0,0,0,0,0
radius_1p5x_c095,topbrain,topcow_mr_002,0,0,0,0,0,0,0,0,0
radius_1p5x_c095,topbrain,topcow_mr_002,1,0,0,40,0,0,0,0,0
radius_1p5x_c095,topbrain,topcow_mr_002,2,0,0,80,0,0,0,0,0
radius_1p5x_c095,topbrain,topcow_mr_002,3,0,0,120,0,0,0,0,0
radius_1p5x_c095,topbrain,topcow_mr_002,4,0,0,160,0,0,0,0,0
radius_1p5x_c095,topbrain,topcow_mr_002,5,0,0,184,0,0,0,0,0
radius_1p5x_c095,topbrain,topcow_mr_002,6,0,40,0,0,0,0,0,0
radius_1p5x_c095,topbrain,topcow_mr_002,7,0,40,40,0,0,0,0,0
radius_1p5x_c095,topbrain,topcow_mr_002,8,0,40,80,0,0,0,0,0
radius_1p5x_c095,topbrain,topcow_mr_002,9,0,40,120,0,0,0,0,0
radius_1p5x_c095,topbrain,topcow_mr_002,10,0,40,160,0,0,0,0,0
radius_1p5x_c095,topbrain,topcow_mr_002,11,0,40,184,0,0,0,0,0
radius_1p5x_c095,topbrain,topcow_mr_002,12,0,80,0,0,0,0,0,0
radius_1p5x_c095,topbrain,topcow_mr_002,13,0,80,40,0,0,0,0,0
radius_1p5x_c095,topbrain,topcow_mr_002,14,0,80,80,3,2,0,1,2
radius_1p5x_c095,topbrain,topcow_mr_002,15,0,80,120,3,2,0,1,2
radius_1p5x_c095,topbrain,topcow_mr_002,16,0,80,160,0,0,0,0,0
radius_1p5x_c095,topbrain,topcow_mr_002,17,0,80,184,0,0,0,0,0
radius_1p5x_c095,topbrain,topcow_mr_002,18,0,120,0,0,0,0,0,0
radius_1p5x_c095,topbrain,topcow_mr_002,19,0,120,40,0,0,0,0,0
radius_1p5x_c095,topbrain,topcow_mr_002,20,0,120,80,6,4,1,2,3
radius_1p5x_c095,topbrain,topcow_mr_002,21,0,120,120,11,8,1,5,5
radius_1p5x_c095,topbrain,topcow_mr_002,22,0,120,160,9,8,0,7,2
radius_1p5x_c095,topbrain,topcow_mr_002,23,0,120,184,6,5,0,4,2
radius_1p5x_c095,topbrain,topcow_mr_002,24,0,160,0,5,4,0,3,2
radius_1p5x_c095,topbrain,topcow_mr_002,25,0,160,40,18,14,0,10,8
radius_1p5x_c095,topbrain,topcow_mr_002,26,0,160,80,16,13,1,10,5
radius_1p5x_c095,topbrain,topcow_mr_002,27,0,160,120,14,12,1,10,3
radius_1p5x_c095,topbrain,topcow_mr_002,28,0,160,160,14,13,1,12,1
radius_1p5x_c095,topbrain,topcow_mr_002,29,0,160,184,10,9,1,8,1
radius_1p5x_c095,topbrain,topcow_mr_002,30,0,200,0,5,4,0,3,2
radius_1p5x_c095,topbrain,topcow_mr_002,31,0,200,40,19,17,1,13,5
radius_1p5x_c095,topbrain,topcow_mr_002,32,0,200,80,23,19,4,13,6
radius_1p5x_c095,topbrain,topcow_mr_002,33,0,200,120,10,6,3,2,5
radius_1p5x_c095,topbrain,topcow_mr_002,34,0,200,160,4,3,0,2,2
radius_1p5x_c095,topbrain,topcow_mr_002,35,0,200,184,4,3,0,2,2
radius_1p5x_c095,topbrain,topcow_mr_002,36,0,240,0,0,0,0,0,0
radius_1p5x_c095,topbrain,topcow_mr_002,37,0,240,40,4,3,0,2,2
radius_1p5x_c095,topbrain,topcow_mr_002,38,0,240,80,13,10,2,7,4
radius_1p5x_c095,topbrain,topcow_mr_002,39,0,240,120,7,4,2,1,4
radius_1p5x_c095,topbrain,topcow_mr_002,40,0,240,160,0,0,0,0,0
radius_1p5x_c095,topbrain,topcow_mr_002,41,0,240,184,0,0,0,0,0
radius_1p5x_c095,topbrain,topcow_mr_002,42,0,280,0,0,0,0,0,0
radius_1p5x_c095,topbrain,topcow_mr_002,43,0,280,40,0,0,0,0,0
radius_1p5x_c095,topbrain,topcow_mr_002,44,0,280,80,10,8,1,6,3
radius_1p5x_c095,topbrain,topcow_mr_002,45,0,280,120,9,7,1,5,3
radius_1p5x_c095,topbrain,topcow_mr_002,46,0,280,160,0,0,0,0,0
radius_1p5x_c095,topbrain,topcow_mr_002,47,0,280,184,0,0,0,0,0
radius_1p5x_c095,topbrain,topcow_mr_002,48,0,320,0,0,0,0,0,0
radius_1p5x_c095,topbrain,topcow_mr_002,49,0,320,40,0,0,0,0,0
radius_1p5x_c095,topbrain,topcow_mr_002,50,0,320,80,7,5,1,3,3
radius_1p5x_c095,topbrain,topcow_mr_002,51,0,320,120,10,8,1,6,3
radius_1p5x_c095,topbrain,topcow_mr_002,52,0,320,160,0,0,0,0,0
radius_1p5x_c095,topbrain,topcow_mr_002,53,0,320,184,0,0,0,0,0
radius_1p5x_c095,topbrain,topcow_mr_002,54,0,360,0,0,0,0,0,0
radius_1p5x_c095,topbrain,topcow_mr_002,55,0,360,40,0,0,0,0,0
radius_1p5x_c095,topbrain,topcow_mr_002,56,0,360,80,0,0,0,0,0
radius_1p5x_c095,topbrain,topcow_mr_002,57,0,360,120,6,5,1,4,1
radius_1p5x_c095,topbrain,topcow_mr_002,58,0,360,160,4,3,1,2,1
radius_1p5x_c095,topbrain,topcow_mr_002,59,0,360,184,0,0,0,0,0
radius_1p5x_c095,topbrain,topcow_mr_002,60,0,400,0,0,0,0,0,0
radius_1p5x_c095,topbrain,topcow_mr_002,61,0,400,40,0,0,0,0,0
radius_1p5x_c095,topbrain,topcow_mr_002,62,0,400,80,0,0,0,0,0
radius_1p5x_c095,topbrain,topcow_mr_002,63,0,400,120,0,0,0,0,0
radius_1p5x_c095,topbrain,topcow_mr_002,64,0,400,160,0,0,0,0,0
radius_1p5x_c095,topbrain,topcow_mr_002,65,0,400,184,0,0,0,0,0
radius_1p5x_c095,topbrain,topcow_mr_002,66,0,440,0,0,0,0,0,0
radius_1p5x_c095,topbrain,topcow_mr_002,67,0,440,40,0,0,0,0,0
radius_1p5x_c095,topbrain,topcow_mr_002,68,0,440,80,0,0,0,0,0
radius_1p5x_c095,topbrain,topcow_mr_002,69,0,440,120,0,0,0,0,0
radius_1p5x_c095,topbrain,topcow_mr_002,70,0,440,160,0,0,0,0,0
radius_1p5x_c095,topbrain,topcow_mr_002,71,0,440,184,0,0,0,0,0
radius_1p5x_c095,topbrain,topcow_mr_002,72,0,472,0,0,0,0,0,0
radius_1p5x_c095,topbrain,topcow_mr_002,73,0,472,40,0,0,0,0,0
radius_1p5x_c095,topbrain,topcow_mr_002,74,0,472,80,0,0,0,0,0
radius_1p5x_c095,topbrain,topcow_mr_002,75,0,472,120,0,0,0,0,0
radius_1p5x_c095,topbrain,topcow_mr_002,76,0,472,160,0,0,0,0,0
radius_1p5x_c095,topbrain,topcow_mr_002,77,0,472,184,0,0,0,0,0
radius_1p5x_c095,topbrain,topcow_mr_002,78,40,0,0,0,0,0,0,0
radius_1p5x_c095,topbrain,topcow_mr_002,79,40,0,40,0,0,0,0,0
radius_1p5x_c095,topbrain,topcow_mr_002,80,40,0,80,0,0,0,0,0
radius_1p5x_c095,topbrain,topcow_mr_002,81,40,0,120,0,0,0,0,0
radius_1p5x_c095,topbrain,topcow_mr_002,82,40,0,160,0,0,0,0,0
radius_1p5x_c095,topbrain,topcow_mr_002,83,40,0,184,0,0,0,0,0
radius_1p5x_c095,topbrain,topcow_mr_002,84,40,40,0,0,0,0,0,0
radius_1p5x_c095,topbrain,topcow_mr_002,85,40,40,40,0,0,0,0,0
radius_1p5x_c095,topbrain,topcow_mr_002,86,40,40,80,0,0,0,0,0
radius_1p5x_c095,topbrain,topcow_mr_002,87,40,40,120,0,0,0,0,0
radius_1p5x_c095,topbrain,topcow_mr_002,88,40,40,160,0,0,0,0,0
radius_1p5x_c095,topbrain,topcow_mr_002,89,40,40,184,0,0,0,0,0
radius_1p5x_c095,topbrain,topcow_mr_002,90,40,80,0,0,0,0,0,0
radius_1p5x_c095,topbrain,topcow_mr_002,91,40,80,40,3,2,0,1,2
radius_1p5x_c095,topbrain,topcow_mr_002,92,40,80,80,9,8,0,7,2
radius_1p5x_c095,topbrain,topcow_mr_002,93,40,80,120,7,6,0,5,2
radius_1p5x_c095,topbrain,topcow_mr_002,94,40,80,160,0,0,0,0,0
radius_1p5x_c095,topbrain,topcow_mr_002,95,40,80,184,0,0,0,0,0
radius_1p5x_c095,topbrain,topcow_mr_002,96,40,120,0,0,0,0,0,0
radius_1p5x_c095,topbrain,topcow_mr_002,97,40,120,40,10,9,1,6,3
radius_1p5x_c095,topbrain,topcow_mr_002,98,40,120,80,29,24,2,19,8
radius_1p5x_c095,topbrain,topcow_mr_002,99,40,120,120,24,19,3,14,7
radius_1p5x_c095,topbrain,topcow_mr_002,100,40,120,160,0,0,0,0,0
radius_1p5x_c095,topbrain,topcow_mr_002,101,40,120,184,0,0,0,0,0
radius_1p5x_c095,topbrain,topcow_mr_002,102,40,160,0,12,11,1,8,3
radius_1p5x_c095,topbrain,topcow_mr_002,103,40,160,40,13,11,1,7,5
radius_1p5x_c095,topbrain,topcow_mr_002,104,40,160,80,47,40,6,24,17
radius_1p5x_c095,topbrain,topcow_mr_002,105,40,160,120,39,34,6,20,13
radius_1p5x_c095,topbrain,topcow_mr_002,106,40,160,160,6,5,1,4,1
radius_1p5x_c095,topbrain,topcow_mr_002,107,40,160,184,6,5,1,4,1
radius_1p5x_c095,topbrain,topcow_mr_002,108,40,200,0,11,10,1,7,3
radius_1p5x_c095,topbrain,topcow_mr_002,109,40,200,40,6,4,0,2,4
radius_1p5x_c095,topbrain,topcow_mr_002,110,40,200,80,34,32,9,13,12
radius_1p5x_c095,topbrain,topcow_mr_002,111,40,200,120,38,39,12,17,9
radius_1p5x_c095,topbrain,topcow_mr_002,112,40,200,160,4,3,0,2,2
radius_1p5x_c095,topbrain,topcow_mr_002,113,40,200,184,4,3,0,2,2
radius_1p5x_c095,topbrain,topcow_mr_002,114,40,240,0,0,0,0,0,0
radius_1p5x_c095,topbrain,topcow_mr_002,115,40,240,40,0,0,0,0,0
radius_1p5x_c095,topbrain,topcow_mr_002,116,40,240,80,11,9,2,3,6
radius_1p5x_c095,topbrain,topcow_mr_002,117,40,240,120,15,13,3,7,5
radius_1p5x_c095,topbrain,topcow_mr_002,118,40,240,160,0,0,0,0,0
radius_1p5x_c095,topbrain,topcow_mr_002,119,40,240,184,0,0,0,0,0
radius_1p5x_c095,topbrain,topcow_mr_002,120,40,280,0,0,0,0,0,0
radius_1p5x_c095,topbrain,topcow_mr_002,121,40,280,40,0,0,0,0,0
radius_1p5x_c095,topbrain,topcow_mr_002,122,40,280,80,4,3,0,2,2
radius_1p5x_c095,topbrain,topcow_mr_002,123,40,280,120,8,6,0,4,4
radius_1p5x_c095,topbrain,topcow_mr_002,124,40,280,160,0,0,0,0,0
radius_1p5x_c095,topbrain,topcow_mr_002,125,40,280,184,0,0,0,0,0
radius_1p5x_c095,topbrain,topcow_mr_002,126,40,320,0,0,0,0,0,0
radius_1p5x_c095,topbrain,topcow_mr_002,127,40,320,40,0,0,0,0,0
radius_1p5x_c095,topbrain,topcow_mr_002,128,40,320,80,2,1,0,0,2
radius_1p5x_c095,topbrain,topcow_mr_002,129,40,320,120,4,2,0,0,4
radius_1p5x_c095,topbrain,topcow_mr_002,130,40,320,160,0,0,0,0,0
radius_1p5x_c095,topbrain,topcow_mr_002,131,40,320,184,0,0,0,0,0
radius_1p5x_c095,topbrain,topcow_mr_002,132,40,360,0,0,0,0,0,0
radius_1p5x_c095,topbrain,topcow_mr_002,133,40,360,40,0,0,0,0,0
radius_1p5x_c095,topbrain,topcow_mr_002,134,40,360,80,0,0,0,0,0
radius_1p5x_c095,topbrain,topcow_mr_002,135,40,360,120,4,3,1,2,1
radius_1p5x_c095,topbrain,topcow_mr_002,136,40,360,160,4,3,1,2,1
radius_1p5x_c095,topbrain,topcow_mr_002,137,40,360,184,0,0,0,0,0
radius_1p5x_c095,topbrain,topcow_mr_002,138,40,400,0,0,0,0,0,0
radius_1p5x_c095,topbrain,topcow_mr_002,139,40,400,40,0,0,0,0,0
radius_1p5x_c095,topbrain,topcow_mr_002,140,40,400,80,0,0,0,0,0
radius_1p5x_c095,topbrain,topcow_mr_002,141,40,400,120,0,0,0,0,0
radius_1p5x_c095,topbrain,topcow_mr_002,142,40,400,160,0,0,0,0,0
radius_1p5x_c095,topbrain,topcow_mr_002,143,40,400,184,0,0,0,0,0
radius_1p5x_c095,topbrain,topcow_mr_002,144,40,440,0,0,0,0,0,0
radius_1p5x_c095,topbrain,topcow_mr_002,145,40,440,40,0,0,0,0,0
radius_1p5x_c095,topbrain,topcow_mr_002,146,40,440,80,0,0,0,0,0
radius_1p5x_c095,topbrain,topcow_mr_002,147,40,440,120,0,0,0,0,0
radius_1p5x_c095,topbrain,topcow_mr_002,148,40,440,160,0,0,0,0,0
radius_1p5x_c095,topbrain,topcow_mr_002,149,40,440,184,0,0,0,0,0
radius_1p5x_c095,topbrain,topcow_mr_002,150,40,472,0,0,0,0,0,0
radius_1p5x_c095,topbrain,topcow_mr_002,151,40,472,40,0,0,0,0,0
radius_1p5x_c095,topbrain,topcow_mr_002,152,40,472,80,0,0,0,0,0
radius_1p5x_c095,topbrain,topcow_mr_002,153,40,472,120,0,0,0,0,0
radius_1p5x_c095,topbrain,topcow_mr_002,154,40,472,160,0,0,0,0,0
radius_1p5x_c095,topbrain,topcow_mr_002,155,40,472,184,0,0,0,0,0
radius_1p5x_c095,topbrain,topcow_mr_002,156,80,0,0,0,0,0,0,0
radius_1p5x_c095,topbrain,topcow_mr_002,157,80,0,40,0,0,0,0,0
radius_1p5x_c095,topbrain,topcow_mr_002,158,80,0,80,0,0,0,0,0
radius_1p5x_c095,topbrain,topcow_mr_002,159,80,0,120,0,0,0,0,0
radius_1p5x_c095,topbrain,topcow_mr_002,160,80,0,160,0,0,0,0,0
radius_1p5x_c095,topbrain,topcow_mr_002,161,80,0,184,0,0,0,0,0
radius_1p5x_c095,topbrain,topcow_mr_002,162,80,40,0,0,0,0,0,0
radius_1p5x_c095,topbrain,topcow_mr_002,163,80,40,40,0,0,0,0,0
radius_1p5x_c095,topbrain,topcow_mr_002,164,80,40,80,0,0,0,0,0
radius_1p5x_c095,topbrain,topcow_mr_002,165,80,40,120,0,0,0,0,0
radius_1p5x_c095,topbrain,topcow_mr_002,166,80,40,160,0,0,0,0,0
radius_1p5x_c095,topbrain,topcow_mr_002,167,80,40,184,0,0,0,0,0
radius_1p5x_c095,topbrain,topcow_mr_002,168,80,80,0,0,0,0,0,0
radius_1p5x_c095,topbrain,topcow_mr_002,169,80,80,40,0,0,0,0,0
radius_1p5x_c095,topbrain,topcow_mr_002,170,80,80,80,6,4,0,2,4
radius_1p5x_c095,topbrain,topcow_mr_002,171,80,80,120,0,0,0,0,0
radius_1p5x_c095,topbrain,topcow_mr_002,172,80,80,160,0,0,0,0,0
radius_1p5x_c095,topbrain,topcow_mr_002,173,80,80,184,0,0,0,0,0
radius_1p5x_c095,topbrain,topcow_mr_002,174,80,120,0,0,0,0,0,0
radius_1p5x_c095,topbrain,topcow_mr_002,175,80,120,40,5,3,0,1,4
radius_1p5x_c095,topbrain,topcow_mr_002,176,80,120,80,47,43,13,18,16
radius_1p5x_c095,topbrain,topcow_mr_002,177,80,120,120,38,33,7,20,11
radius_1p5x_c095,topbrain,topcow_mr_002,178,80,120,160,0,0,0,0,0
radius_1p5x_c095,topbrain,topcow_mr_002,179,80,120,184,0,0,0,0,0
radius_1p5x_c095,topbrain,topcow_mr_002,180,80,160,0,14,11,2,6,6
radius_1p5x_c095,topbrain,topcow_mr_002,181,80,160,40,12,10,0,8,4
radius_1p5x_c095,topbrain,topcow_mr_002,182,80,160,80,54,49,11,25,18
radius_1p5x_c095,topbrain,topcow_mr_002,183,80,160,120,52,49,9,29,14
radius_1p5x_c095,topbrain,topcow_mr_002,184,80,160,160,0,0,0,0,0
radius_1p5x_c095,topbrain,topcow_mr_002,185,80,160,184,0,0,0,0,0
radius_1p5x_c095,topbrain,topcow_mr_002,186,80,200,0,16,11,2,4,10
radius_1p5x_c095,topbrain,topcow_mr_002,187,80,200,40,4,3,0,2,2
radius_1p5x_c095,topbrain,topcow_mr_002,188,80,200,80,30,30,8,13,9
radius_1p5x_c095,topbrain,topcow_mr_002,189,80,200,120,49,54,17,24,8
radius_1p5x_c095,topbrain,topcow_mr_002,190,80,200,160,0,0,0,0,0
radius_1p5x_c095,topbrain,topcow_mr_002,191,80,200,184,0,0,0,0,0
radius_1p5x_c095,topbrain,topcow_mr_002,192,80,240,0,4,3,0,2,2
radius_1p5x_c095,topbrain,topcow_mr_002,193,80,240,40,0,0,0,0,0
radius_1p5x_c095,topbrain,topcow_mr_002,194,80,240,80,15,14,3,7,5
radius_1p5x_c095,topbrain,topcow_mr_002,195,80,240,120,26,24,3,16,7
radius_1p5x_c095,topbrain,topcow_mr_002,196,80,240,160,0,0,0,0,0
radius_1p5x_c095,topbrain,topcow_mr_002,197,80,240,184,0,0,0,0,0
radius_1p5x_c095,topbrain,topcow_mr_002,198,80,280,0,0,0,0,0,0
radius_1p5x_c095,topbrain,topcow_mr_002,199,80,280,40,0,0,0,0,0
radius_1p5x_c095,topbrain,topcow_mr_002,200,80,280,80,12,9,1,4,7
radius_1p5x_c095,topbrain,topcow_mr_002,201,80,280,120,18,16,1,12,5
radius_1p5x_c095,topbrain,topcow_mr_002,202,80,280,160,0,0,0,0,0
radius_1p5x_c095,topbrain,topcow_mr_002,203,80,280,184,0,0,0,0,0
radius_1p5x_c095,topbrain,topcow_mr_002,204,80,320,0,0,0,0,0,0
radius_1p5x_c095,topbrain,topcow_mr_002,205,80,320,40,0,0,0,0,0
radius_1p5x_c095,topbrain,topcow_mr_002,206,80,320,80,3,2,0,1,2
radius_1p5x_c095,topbrain,topcow_mr_002,207,80,320,120,3,2,0,1,2
radius_1p5x_c095,topbrain,topcow_mr_002,208,80,320,160,0,0,0,0,0
radius_1p5x_c095,topbrain,topcow_mr_002,209,80,320,184,0,0,0,0,0
radius_1p5x_c095,topbrain,topcow_mr_002,210,80,360,0,0,0,0,0,0
radius_1p5x_c095,topbrain,topcow_mr_002,211,80,360,40,0,0,0,0,0
radius_1p5x_c095,topbrain,topcow_mr_002,212,80,360,80,0,0,0,0,0
radius_1p5x_c095,topbrain,topcow_mr_002,213,80,360,120,0,0,0,0,0
radius_1p5x_c095,topbrain,topcow_mr_002,214,80,360,160,0,0,0,0,0
radius_1p5x_c095,topbrain,topcow_mr_002,215,80,360,184,0,0,0,0,0
radius_1p5x_c095,topbrain,topcow_mr_002,216,80,400,0,0,0,0,0,0
radius_1p5x_c095,topbrain,topcow_mr_002,217,80,400,40,0,0,0,0,0
radius_1p5x_c095,topbrain,topcow_mr_002,218,80,400,80,0,0,0,0,0
radius_1p5x_c095,topbrain,topcow_mr_002,219,80,400,120,0,0,0,0,0
radius_1p5x_c095,topbrain,topcow_mr_002,220,80,400,160,0,0,0,0,0
radius_1p5x_c095,topbrain,topcow_mr_002,221,80,400,184,0,0,0,0,0
radius_1p5x_c095,topbrain,topcow_mr_002,222,80,440,0,0,0,0,0,0
radius_1p5x_c095,topbrain,topcow_mr_002,223,80,440,40,0,0,0,0,0
radius_1p5x_c095,topbrain,topcow_mr_002,224,80,440,80,0,0,0,0,0
radius_1p5x_c095,topbrain,topcow_mr_002,225,80,440,120,0,0,0,0,0
radius_1p5x_c095,topbrain,topcow_mr_002,226,80,440,160,0,0,0,0,0
radius_1p5x_c095,topbrain,topcow_mr_002,227,80,440,184,0,0,0,0,0
radius_1p5x_c095,topbrain,topcow_mr_002,228,80,472,0,0,0,0,0,0
radius_1p5x_c095,topbrain,topcow_mr_002,229,80,472,40,0,0,0,0,0
radius_1p5x_c095,topbrain,topcow_mr_002,230,80,472,80,0,0,0,0,0
radius_1p5x_c095,topbrain,topcow_mr_002,231,80,472,120,0,0,0,0,0
radius_1p5x_c095,topbrain,topcow_mr_002,232,80,472,160,0,0,0,0,0
radius_1p5x_c095,topbrain,topcow_mr_002,233,80,472,184,0,0,0,0,0
radius_1p5x_c095,topbrain,topcow_mr_002,234,120,0,0,0,0,0,0,0
radius_1p5x_c095,topbrain,topcow_mr_002,235,120,0,40,0,0,0,0,0
radius_1p5x_c095,topbrain,topcow_mr_002,236,120,0,80,0,0,0,0,0
radius_1p5x_c095,topbrain,topcow_mr_002,237,120,0,120,0,0,0,0,0
radius_1p5x_c095,topbrain,topcow_mr_002,238,120,0,160,0,0,0,0,0
radius_1p5x_c095,topbrain,topcow_mr_002,239,120,0,184,0,0,0,0,0
radius_1p5x_c095,topbrain,topcow_mr_002,240,120,40,0,0,0,0,0,0
radius_1p5x_c095,topbrain,topcow_mr_002,241,120,40,40,0,0,0,0,0
radius_1p5x_c095,topbrain,topcow_mr_002,242,120,40,80,0,0,0,0,0
radius_1p5x_c095,topbrain,topcow_mr_002,243,120,40,120,0,0,0,0,0
radius_1p5x_c095,topbrain,topcow_mr_002,244,120,40,160,0,0,0,0,0
radius_1p5x_c095,topbrain,topcow_mr_002,245,120,40,184,0,0,0,0,0
radius_1p5x_c095,topbrain,topcow_mr_002,246,120,80,0,0,0,0,0,0
radius_1p5x_c095,topbrain,topcow_mr_002,247,120,80,40,0,0,0,0,0
radius_1p5x_c095,topbrain,topcow_mr_002,248,120,80,80,7,5,0,3,4
radius_1p5x_c095,topbrain,topcow_mr_002,249,120,80,120,0,0,0,0,0
radius_1p5x_c095,topbrain,topcow_mr_002,250,120,80,160,0,0,0,0,0
radius_1p5x_c095,topbrain,topcow_mr_002,251,120,80,184,0,0,0,0,0
radius_1p5x_c095,topbrain,topcow_mr_002,252,120,120,0,2,1,1,0,1
radius_1p5x_c095,topbrain,topcow_mr_002,253,120,120,40,4,3,0,2,2
radius_1p5x_c095,topbrain,topcow_mr_002,254,120,120,80,37,34,7,18,12
radius_1p5x_c095,topbrain,topcow_mr_002,255,120,120,120,22,19,1,14,7
radius_1p5x_c095,topbrain,topcow_mr_002,256,120,120,160,0,0,0,0,0
radius_1p5x_c095,topbrain,topcow_mr_002,257,120,120,184,0,0,0,0,0
radius_1p5x_c095,topbrain,topcow_mr_002,258,120,160,0,11,8,2,5,4
radius_1p5x_c095,topbrain,topcow_mr_002,259,120,160,40,14,10,0,6,8
radius_1p5x_c095,topbrain,topcow_mr_002,260,120,160,80,24,18,4,6,14
radius_1p5x_c095,topbrain,topcow_mr_002,261,120,160,120,11,9,0,7,4
radius_1p5x_c095,topbrain,topcow_mr_002,262,120,160,160,0,0,0,0,0
radius_1p5x_c095,topbrain,topcow_mr_002,263,120,160,184,0,0,0,0,0
radius_1p5x_c095,topbrain,topcow_mr_002,264,120,200,0,8,6,1,4,3
radius_1p5x_c095,topbrain,topcow_mr_002,265,120,200,40,13,10,0,7,6
radius_1p5x_c095,topbrain,topcow_mr_002,266,120,200,80,13,9,1,5,7
radius_1p5x_c095,topbrain,topcow_mr_002,267,120,200,120,3,2,0,1,2
radius_1p5x_c095,topbrain,topcow_mr_002,268,120,200,160,0,0,0,0,0
radius_1p5x_c095,topbrain,topcow_mr_002,269,120,200,184,0,0,0,0,0
radius_1p5x_c095,topbrain,topcow_mr_002,270,120,240,0,5,4,0,3,2
radius_1p5x_c095,topbrain,topcow_mr_002,271,120,240,40,13,11,1,7,5
radius_1p5x_c095,topbrain,topcow_mr_002,272,120,240,80,22,17,2,10,10
radius_1p5x_c095,topbrain,topcow_mr_002,273,120,240,120,5,3,0,1,4
radius_1p5x_c095,topbrain,topcow_mr_002,274,120,240,160,0,0,0,0,0
radius_1p5x_c095,topbrain,topcow_mr_002,275,120,240,184,0,0,0,0,0
radius_1p5x_c095,topbrain,topcow_mr_002,276,120,280,0,0,0,0,0,0
radius_1p5x_c095,topbrain,topcow_mr_002,277,120,280,40,8,6,1,2,5
radius_1p5x_c095,topbrain,topcow_mr_002,278,120,280,80,17,13,1,7,9
radius_1p5x_c095,topbrain,topcow_mr_002,279,120,280,120,5,4,0,3,2
radius_1p5x_c095,topbrain,topcow_mr_002,280,120,280,160,0,0,0,0,0
radius_1p5x_c095,topbrain,topcow_mr_002,281,120,280,184,0,0,0,0,0
radius_1p5x_c095,topbrain,topcow_mr_002,282,120,320,0,0,0,0,0,0
radius_1p5x_c095,topbrain,topcow_mr_002,283,120,320,40,0,0,0,0,0
radius_1p5x_c095,topbrain,topcow_mr_002,284,120,320,80,15,12,1,9,5
radius_1p5x_c095,topbrain,topcow_mr_002,285,120,320,120,3,2,0,1,2
radius_1p5x_c095,topbrain,topcow_mr_002,286,120,320,160,0,0,0,0,0
radius_1p5x_c095,topbrain,topcow_mr_002,287,120,320,184,0,0,0,0,0
radius_1p5x_c095,topbrain,topcow_mr_002,288,120,360,0,0,0,0,0,0
radius_1p5x_c095,topbrain,topcow_mr_002,289,120,360,40,0,0,0,0,0
radius_1p5x_c095,topbrain,topcow_mr_002,290,120,360,80,10,8,2,6,2
radius_1p5x_c095,topbrain,topcow_mr_002,291,120,360,120,0,0,0,0,0
radius_1p5x_c095,topbrain,topcow_mr_002,292,120,360,160,0,0,0,0,0
radius_1p5x_c095,topbrain,topcow_mr_002,293,120,360,184,0,0,0,0,0
radius_1p5x_c095,topbrain,topcow_mr_002,294,120,400,0,0,0,0,0,0
radius_1p5x_c095,topbrain,topcow_mr_002,295,120,400,40,0,0,0,0,0
radius_1p5x_c095,topbrain,topcow_mr_002,296,120,400,80,2,1,1,0,1
radius_1p5x_c095,topbrain,topcow_mr_002,297,120,400,120,0,0,0,0,0
radius_1p5x_c095,topbrain,topcow_mr_002,298,120,400,160,0,0,0,0,0
radius_1p5x_c095,topbrain,topcow_mr_002,299,120,400,184,0,0,0,0,0
radius_1p5x_c095,topbrain,topcow_mr_002,300,120,440,0,0,0,0,0,0
radius_1p5x_c095,topbrain,topcow_mr_002,301,120,440,40,0,0,0,0,0
radius_1p5x_c095,topbrain,topcow_mr_002,302,120,440,80,0,0,0,0,0
radius_1p5x_c095,topbrain,topcow_mr_002,303,120,440,120,0,0,0,0,0
radius_1p5x_c095,topbrain,topcow_mr_002,304,120,440,160,0,0,0,0,0
radius_1p5x_c095,topbrain,topcow_mr_002,305,120,440,184,0,0,0,0,0
radius_1p5x_c095,topbrain,topcow_mr_002,306,120,472,0,0,0,0,0,0
radius_1p5x_c095,topbrain,topcow_mr_002,307,120,472,40,0,0,0,0,0
radius_1p5x_c095,topbrain,topcow_mr_002,308,120,472,80,0,0,0,0,0
radius_1p5x_c095,topbrain,topcow_mr_002,309,120,472,120,0,0,0,0,0
radius_1p5x_c095,topbrain,topcow_mr_002,310,120,472,160,0,0,0,0,0
radius_1p5x_c095,topbrain,topcow_mr_002,311,120,472,184,0,0,0,0,0
radius_1p5x_c095,topbrain,topcow_mr_002,312,160,0,0,0,0,0,0,0
radius_1p5x_c095,topbrain,topcow_mr_002,313,160,0,40,0,0,0,0,0
radius_1p5x_c095,topbrain,topcow_mr_002,314,160,0,80,0,0,0,0,0
radius_1p5x_c095,topbrain,topcow_mr_002,315,160,0,120,0,0,0,0,0
radius_1p5x_c095,topbrain,topcow_mr_002,316,160,0,160,0,0,0,0,0
radius_1p5x_c095,topbrain,topcow_mr_002,317,160,0,184,0,0,0,0,0
radius_1p5x_c095,topbrain,topcow_mr_002,318,160,40,0,0,0,0,0,0
radius_1p5x_c095,topbrain,topcow_mr_002,319,160,40,40,0,0,0,0,0
radius_1p5x_c095,topbrain,topcow_mr_002,320,160,40,80,0,0,0,0,0
radius_1p5x_c095,topbrain,topcow_mr_002,321,160,40,120,0,0,0,0,0
radius_1p5x_c095,topbrain,topcow_mr_002,322,160,40,160,0,0,0,0,0
radius_1p5x_c095,topbrain,topcow_mr_002,323,160,40,184,0,0,0,0,0
radius_1p5x_c095,topbrain,topcow_mr_002,324,160,80,0,0,0,0,0,0
radius_1p5x_c095,topbrain,topcow_mr_002,325,160,80,40,0,0,0,0,0
radius_1p5x_c095,topbrain,topcow_mr_002,326,160,80,80,3,2,1,1,1
radius_1p5x_c095,topbrain,topcow_mr_002,327,160,80,120,9,8,2,2,5
radius_1p5x_c095,topbrain,topcow_mr_002,328,160,80,160,9,8,2,2,5
radius_1p5x_c095,topbrain,topcow_mr_002,329,160,80,184,0,0,0,0,0
radius_1p5x_c095,topbrain,topcow_mr_002,330,160,120,0,2,1,1,0,1
radius_1p5x_c095,topbrain,topcow_mr_002,331,160,120,40,5,4,1,1,3
radius_1p5x_c095,topbrain,topcow_mr_002,332,160,120,80,11,9,2,5,4
radius_1p5x_c095,topbrain,topcow_mr_002,333,160,120,120,11,11,3,4,4
radius_1p5x_c095,topbrain,topcow_mr_002,334,160,120,160,11,11,3,4,4
radius_1p5x_c095,topbrain,topcow_mr_002,335,160,120,184,0,0,0,0,0
radius_1p5x_c095,topbrain,topcow_mr_002,336,160,160,0,4,2,2,0,2
radius_1p5x_c095,topbrain,topcow_mr_002,337,160,160,40,26,23,5,10,11
radius_1p5x_c095,topbrain,topcow_mr_002,338,160,160,80,27,27,7,13,7
radius_1p5x_c095,topbrain,topcow_mr_002,339,160,160,120,0,0,0,0,0
radius_1p5x_c095,topbrain,topcow_mr_002,340,160,160,160,0,0,0,0,0
radius_1p5x_c095,topbrain,topcow_mr_002,341,160,160,184,0,0,0,0,0
radius_1p5x_c095,topbrain,topcow_mr_002,342,160,200,0,19,15,4,6,9
radius_1p5x_c095,topbrain,topcow_mr_002,343,160,200,40,42,38,9,17,16
radius_1p5x_c095,topbrain,topcow_mr_002,344,160,200,80,28,25,4,14,10
radius_1p5x_c095,topbrain,topcow_mr_002,345,160,200,120,0,0,0,0,0
radius_1p5x_c095,topbrain,topcow_mr_002,346,160,200,160,0,0,0,0,0
radius_1p5x_c095,topbrain,topcow_mr_002,347,160,200,184,0,0,0,0,0
radius_1p5x_c095,topbrain,topcow_mr_002,348,160,240,0,19,15,1,11,7
radius_1p5x_c095,topbrain,topcow_mr_002,349,160,240,40,30,26,4,18,8
radius_1p5x_c095,topbrain,topcow_mr_002,350,160,240,80,23,20,3,13,7
radius_1p5x_c095,topbrain,topcow_mr_002,351,160,240,120,0,0,0,0,0
radius_1p5x_c095,topbrain,topcow_mr_002,352,160,240,160,0,0,0,0,0
radius_1p5x_c095,topbrain,topcow_mr_002,353,160,240,184,0,0,0,0,0
radius_1p5x_c095,topbrain,topcow_mr_002,354,160,280,0,5,4,0,3,2
radius_1p5x_c095,topbrain,topcow_mr_002,355,160,280,40,18,15,3,10,5
radius_1p5x_c095,topbrain,topcow_mr_002,356,160,280,80,22,19,3,14,5
radius_1p5x_c095,topbrain,topcow_mr_002,357,160,280,120,0,0,0,0,0
radius_1p5x_c095,topbrain,topcow_mr_002,358,160,280,160,0,0,0,0,0
radius_1p5x_c095,topbrain,topcow_mr_002,359,160,280,184,0,0,0,0,0
radius_1p5x_c095,topbrain,topcow_mr_002,360,160,320,0,0,0,0,0,0
radius_1p5x_c095,topbrain,topcow_mr_002,361,160,320,40,0,0,0,0,0
radius_1p5x_c095,topbrain,topcow_mr_002,362,160,320,80,12,11,2,8,2
radius_1p5x_c095,topbrain,topcow_mr_002,363,160,320,120,0,0,0,0,0
radius_1p5x_c095,topbrain,topcow_mr_002,364,160,320,160,0,0,0,0,0
radius_1p5x_c095,topbrain,topcow_mr_002,365,160,320,184,0,0,0,0,0
radius_1p5x_c095,topbrain,topcow_mr_002,366,160,360,0,0,0,0,0,0
radius_1p5x_c095,topbrain,topcow_mr_002,367,160,360,40,0,0,0,0,0
radius_1p5x_c095,topbrain,topcow_mr_002,368,160,360,80,6,4,1,2,3
radius_1p5x_c095,topbrain,topcow_mr_002,369,160,360,120,0,0,0,0,0
radius_1p5x_c095,topbrain,topcow_mr_002,370,160,360,160,0,0,0,0,0
radius_1p5x_c095,topbrain,topcow_mr_002,371,160,360,184,0,0,0,0,0
radius_1p5x_c095,topbrain,topcow_mr_002,372,160,400,0,0,0,0,0,0
radius_1p5x_c095,topbrain,topcow_mr_002,373,160,400,40,0,0,0,0,0
radius_1p5x_c095,topbrain,topcow_mr_002,374,160,400,80,0,0,0,0,0
radius_1p5x_c095,topbrain,topcow_mr_002,375,160,400,120,0,0,0,0,0
radius_1p5x_c095,topbrain,topcow_mr_002,376,160,400,160,0,0,0,0,0
radius_1p5x_c095,topbrain,topcow_mr_002,377,160,400,184,0,0,0,0,0
radius_1p5x_c095,topbrain,topcow_mr_002,378,160,440,0,0,0,0,0,0
radius_1p5x_c095,topbrain,topcow_mr_002,379,160,440,40,0,0,0,0,0
radius_1p5x_c095,topbrain,topcow_mr_002,380,160,440,80,0,0,0,0,0
radius_1p5x_c095,topbrain,topcow_mr_002,381,160,440,120,0,0,0,0,0
radius_1p5x_c095,topbrain,topcow_mr_002,382,160,440,160,0,0,0,0,0
radius_1p5x_c095,topbrain,topcow_mr_002,383,160,440,184,0,0,0,0,0
radius_1p5x_c095,topbrain,topcow_mr_002,384,160,472,0,0,0,0,0,0
radius_1p5x_c095,topbrain,topcow_mr_002,385,160,472,40,0,0,0,0,0
radius_1p5x_c095,topbrain,topcow_mr_002,386,160,472,80,0,0,0,0,0
radius_1p5x_c095,topbrain,topcow_mr_002,387,160,472,120,0,0,0,0,0
radius_1p5x_c095,topbrain,topcow_mr_002,388,160,472,160,0,0,0,0,0
radius_1p5x_c095,topbrain,topcow_mr_002,389,160,472,184,0,0,0,0,0
radius_1p5x_c095,topbrain,topcow_mr_002,390,200,0,0,0,0,0,0,0
radius_1p5x_c095,topbrain,topcow_mr_002,391,200,0,40,0,0,0,0,0
radius_1p5x_c095,topbrain,topcow_mr_002,392,200,0,80,0,0,0,0,0
radius_1p5x_c095,topbrain,topcow_mr_002,393,200,0,120,0,0,0,0,0
radius_1p5x_c095,topbrain,topcow_mr_002,394,200,0,160,0,0,0,0,0
radius_1p5x_c095,topbrain,topcow_mr_002,395,200,0,184,0,0,0,0,0
radius_1p5x_c095,topbrain,topcow_mr_002,396,200,40,0,0,0,0,0,0
radius_1p5x_c095,topbrain,topcow_mr_002,397,200,40,40,0,0,0,0,0
radius_1p5x_c095,topbrain,topcow_mr_002,398,200,40,80,0,0,0,0,0
radius_1p5x_c095,topbrain,topcow_mr_002,399,200,40,120,0,0,0,0,0
radius_1p5x_c095,topbrain,topcow_mr_002,400,200,40,160,0,0,0,0,0
radius_1p5x_c095,topbrain,topcow_mr_002,401,200,40,184,0,0,0,0,0
radius_1p5x_c095,topbrain,topcow_mr_002,402,200,80,0,0,0,0,0,0
radius_1p5x_c095,topbrain,topcow_mr_002,403,200,80,40,0,0,0,0,0
radius_1p5x_c095,topbrain,topcow_mr_002,404,200,80,80,0,0,0,0,0
radius_1p5x_c095,topbrain,topcow_mr_002,405,200,80,120,34,41,18,11,5
radius_1p5x_c095,topbrain,topcow_mr_002,406,200,80,160,26,30,12,9,5
radius_1p5x_c095,topbrain,topcow_mr_002,407,200,80,184,0,0,0,0,0
radius_1p5x_c095,topbrain,topcow_mr_002,408,200,120,0,0,0,0,0,0
radius_1p5x_c095,topbrain,topcow_mr_002,409,200,120,40,5,4,1,1,3
radius_1p5x_c095,topbrain,topcow_mr_002,410,200,120,80,20,19,3,11,6
radius_1p5x_c095,topbrain,topcow_mr_002,411,200,120,120,40,50,21,17,2
radius_1p5x_c095,topbrain,topcow_mr_002,412,200,120,160,26,32,13,11,2
radius_1p5x_c095,topbrain,topcow_mr_002,413,200,120,184,0,0,0,0,0
radius_1p5x_c095,topbrain,topcow_mr_002,414,200,160,0,0,0,0,0,0
radius_1p5x_c095,topbrain,topcow_mr_002,415,200,160,40,29,27,7,11,11
radius_1p5x_c095,topbrain,topcow_mr_002,416,200,160,80,44,43,11,19,14
radius_1p5x_c095,topbrain,topcow_mr_002,417,200,160,120,7,6,1,3,3
radius_1p5x_c095,topbrain,topcow_mr_002,418,200,160,160,0,0,0,0,0
radius_1p5x_c095,topbrain,topcow_mr_002,419,200,160,184,0,0,0,0,0
radius_1p5x_c095,topbrain,topcow_mr_002,420,200,200,0,23,21,5,12,6
radius_1p5x_c095,topbrain,topcow_mr_002,421,200,200,40,41,39,10,20,11
radius_1p5x_c095,topbrain,topcow_mr_002,422,200,200,80,24,23,7,10,7
radius_1p5x_c095,topbrain,topcow_mr_002,423,200,200,120,0,0,0,0,0
radius_1p5x_c095,topbrain,topcow_mr_002,424,200,200,160,0,0,0,0,0
radius_1p5x_c095,topbrain,topcow_mr_002,425,200,200,184,0,0,0,0,0
radius_1p5x_c095,topbrain,topcow_mr_002,426,200,240,0,31,25,4,15,12
radius_1p5x_c095,topbrain,topcow_mr_002,427,200,240,40,25,17,1,9,15
radius_1p5x_c095,topbrain,topcow_mr_002,428,200,240,80,4,3,0,2,2
radius_1p5x_c095,topbrain,topcow_mr_002,429,200,240,120,0,0,0,0,0
radius_1p5x_c095,topbrain,topcow_mr_002,430,200,240,160,0,0,0,0,0
radius_1p5x_c095,topbrain,topcow_mr_002,431,200,240,184,0,0,0,0,0
radius_1p5x_c095,topbrain,topcow_mr_002,432,200,280,0,34,36,11,20,3
radius_1p5x_c095,topbrain,topcow_mr_002,433,200,280,40,39,38,10,21,8
radius_1p5x_c095,topbrain,topcow_mr_002,434,200,280,80,20,17,2,12,6
radius_1p5x_c095,topbrain,topcow_mr_002,435,200,280,120,0,0,0,0,0
radius_1p5x_c095,topbrain,topcow_mr_002,436,200,280,160,0,0,0,0,0
radius_1p5x_c095,topbrain,topcow_mr_002,437,200,280,184,0,0,0,0,0
radius_1p5x_c095,topbrain,topcow_mr_002,438,200,320,0,17,16,5,9,3
radius_1p5x_c095,topbrain,topcow_mr_002,439,200,320,40,20,18,5,10,5
radius_1p5x_c095,topbrain,topcow_mr_002,440,200,320,80,12,9,0,6,6
radius_1p5x_c095,topbrain,topcow_mr_002,441,200,320,120,0,0,0,0,0
radius_1p5x_c095,topbrain,topcow_mr_002,442,200,320,160,0,0,0,0,0
radius_1p5x_c095,topbrain,topcow_mr_002,443,200,320,184,0,0,0,0,0
radius_1p5x_c095,topbrain,topcow_mr_002,444,200,360,0,0,0,0,0,0
radius_1p5x_c095,topbrain,topcow_mr_002,445,200,360,40,0,0,0,0,0
radius_1p5x_c095,topbrain,topcow_mr_002,446,200,360,80,0,0,0,0,0
radius_1p5x_c095,topbrain,topcow_mr_002,447,200,360,120,0,0,0,0,0
radius_1p5x_c095,topbrain,topcow_mr_002,448,200,360,160,0,0,0,0,0
radius_1p5x_c095,topbrain,topcow_mr_002,449,200,360,184,0,0,0,0,0
radius_1p5x_c095,topbrain,topcow_mr_002,450,200,400,0,0,0,0,0,0
radius_1p5x_c095,topbrain,topcow_mr_002,451,200,400,40,0,0,0,0,0
radius_1p5x_c095,topbrain,topcow_mr_002,452,200,400,80,0,0,0,0,0
radius_1p5x_c095,topbrain,topcow_mr_002,453,200,400,120,0,0,0,0,0
radius_1p5x_c095,topbrain,topcow_mr_002,454,200,400,160,0,0,0,0,0
radius_1p5x_c095,topbrain,topcow_mr_002,455,200,400,184,0,0,0,0,0
radius_1p5x_c095,topbrain,topcow_mr_002,456,200,440,0,0,0,0,0,0
radius_1p5x_c095,topbrain,topcow_mr_002,457,200,440,40,0,0,0,0,0
radius_1p5x_c095,topbrain,topcow_mr_002,458,200,440,80,0,0,0,0,0
radius_1p5x_c095,topbrain,topcow_mr_002,459,200,440,120,0,0,0,0,0
radius_1p5x_c095,topbrain,topcow_mr_002,460,200,440,160,0,0,0,0,0
radius_1p5x_c095,topbrain,topcow_mr_002,461,200,440,184,0,0,0,0,0
radius_1p5x_c095,topbrain,topcow_mr_002,462,200,472,0,0,0,0,0,0
radius_1p5x_c095,topbrain,topcow_mr_002,463,200,472,40,0,0,0,0,0
radius_1p5x_c095,topbrain,topcow_mr_002,464,200,472,80,0,0,0,0,0
radius_1p5x_c095,topbrain,topcow_mr_002,465,200,472,120,0,0,0,0,0
radius_1p5x_c095,topbrain,topcow_mr_002,466,200,472,160,0,0,0,0,0
radius_1p5x_c095,topbrain,topcow_mr_002,467,200,472,184,0,0,0,0,0
radius_1p5x_c095,topbrain,topcow_mr_002,468,240,0,0,0,0,0,0,0
radius_1p5x_c095,topbrain,topcow_mr_002,469,240,0,40,0,0,0,0,0
radius_1p5x_c095,topbrain,topcow_mr_002,470,240,0,80,0,0,0,0,0
radius_1p5x_c095,topbrain,topcow_mr_002,471,240,0,120,0,0,0,0,0
radius_1p5x_c095,topbrain,topcow_mr_002,472,240,0,160,0,0,0,0,0
radius_1p5x_c095,topbrain,topcow_mr_002,473,240,0,184,0,0,0,0,0
radius_1p5x_c095,topbrain,topcow_mr_002,474,240,40,0,0,0,0,0,0
radius_1p5x_c095,topbrain,topcow_mr_002,475,240,40,40,0,0,0,0,0
radius_1p5x_c095,topbrain,topcow_mr_002,476,240,40,80,0,0,0,0,0
radius_1p5x_c095,topbrain,topcow_mr_002,477,240,40,120,0,0,0,0,0
radius_1p5x_c095,topbrain,topcow_mr_002,478,240,40,160,0,0,0,0,0
radius_1p5x_c095,topbrain,topcow_mr_002,479,240,40,184,0,0,0,0,0
radius_1p5x_c095,topbrain,topcow_mr_002,480,240,80,0,0,0,0,0,0
radius_1p5x_c095,topbrain,topcow_mr_002,481,240,80,40,0,0,0,0,0
radius_1p5x_c095,topbrain,topcow_mr_002,482,240,80,80,2,1,1,0,1
radius_1p5x_c095,topbrain,topcow_mr_002,483,240,80,120,7,6,2,1,4
radius_1p5x_c095,topbrain,topcow_mr_002,484,240,80,160,0,0,0,0,0
radius_1p5x_c095,topbrain,topcow_mr_002,485,240,80,184,0,0,0,0,0
radius_1p5x_c095,topbrain,topcow_mr_002,486,240,120,0,0,0,0,0,0
radius_1p5x_c095,topbrain,topcow_mr_002,487,240,120,40,9,7,3,1,5
radius_1p5x_c095,topbrain,topcow_mr_002,488,240,120,80,14,11,4,4,6
radius_1p5x_c095,topbrain,topcow_mr_002,489,240,120,120,9,8,3,1,5
radius_1p5x_c095,topbrain,topcow_mr_002,490,240,120,160,0,0,0,0,0
radius_1p5x_c095,topbrain,topcow_mr_002,491,240,120,184,0,0,0,0,0
radius_1p5x_c095,topbrain,topcow_mr_002,492,240,160,0,0,0,0,0,0
radius_1p5x_c095,topbrain,topcow_mr_002,493,240,160,40,21,16,1,9,11
radius_1p5x_c095,topbrain,topcow_mr_002,494,240,160,80,29,26,5,13,11
radius_1p5x_c095,topbrain,topcow_mr_002,495,240,160,120,2,1,0,0,2
radius_1p5x_c095,topbrain,topcow_mr_002,496,240,160,160,0,0,0,0,0
radius_1p5x_c095,topbrain,topcow_mr_002,497,240,160,184,0,0,0,0,0
radius_1p5x_c095,topbrain,topcow_mr_002,498,240,200,0,11,9,1,5,5
radius_1p5x_c095,topbrain,topcow_mr_002,499,240,200,40,25,21,2,13,10
radius_1p5x_c095,topbrain,topcow_mr_002,500,240,200,80,27,24,5,13,9
radius_1p5x_c095,topbrain,topcow_mr_002,501,240,200,120,0,0,0,0,0
radius_1p5x_c095,topbrain,topcow_mr_002,502,240,200,160,0,0,0,0,0
radius_1p5x_c095,topbrain,topcow_mr_002,503,240,200,184,0,0,0,0,0
radius_1p5x_c095,topbrain,topcow_mr_002,504,240,240,0,21,22,4,14,3
radius_1p5x_c095,topbrain,topcow_mr_002,505,240,240,40,37,33,4,23,10
radius_1p5x_c095,topbrain,topcow_mr_002,506,240,240,80,25,21,3,15,7
radius_1p5x_c095,topbrain,topcow_mr_002,507,240,240,120,0,0,0,0,0
radius_1p5x_c095,topbrain,topcow_mr_002,508,240,240,160,0,0,0,0,0
radius_1p5x_c095,topbrain,topcow_mr_002,509,240,240,184,0,0,0,0,0
radius_1p5x_c095,topbrain,topcow_mr_002,510,240,280,0,17,15,0,13,4
radius_1p5x_c095,topbrain,topcow_mr_002,511,240,280,40,33,27,2,21,10
radius_1p5x_c095,topbrain,topcow_mr_002,512,240,280,80,28,24,4,18,6
radius_1p5x_c095,topbrain,topcow_mr_002,513,240,280,120,0,0,0,0,0
radius_1p5x_c095,topbrain,topcow_mr_002,514,240,280,160,0,0,0,0,0
radius_1p5x_c095,topbrain,topcow_mr_002,515,240,280,184,0,0,0,0,0
radius_1p5x_c095,topbrain,topcow_mr_002,516,240,320,0,7,6,1,5,1
radius_1p5x_c095,topbrain,topcow_mr_002,517,240,320,40,20,16,3,12,5
radius_1p5x_c095,topbrain,topcow_mr_002,518,240,320,80,22,19,2,16,4
radius_1p5x_c095,topbrain,topcow_mr_002,519,240,320,120,0,0,0,0,0
radius_1p5x_c095,topbrain,topcow_mr_002,520,240,320,160,0,0,0,0,0
radius_1p5x_c095,topbrain,topcow_mr_002,521,240,320,184,0,0,0,0,0
radius_1p5x_c095,topbrain,topcow_mr_002,522,240,360,0,0,0,0,0,0
radius_1p5x_c095,topbrain,topcow_mr_002,523,240,360,40,6,5,1,4,1
radius_1p5x_c095,topbrain,topcow_mr_002,524,240,360,80,6,5,1,4,1
radius_1p5x_c095,topbrain,topcow_mr_002,525,240,360,120,0,0,0,0,0
radius_1p5x_c095,topbrain,topcow_mr_002,526,240,360,160,0,0,0,0,0
radius_1p5x_c095,topbrain,topcow_mr_002,527,240,360,184,0,0,0,0,0
radius_1p5x_c095,topbrain,topcow_mr_002,528,240,400,0,0,0,0,0,0
radius_1p5x_c095,topbrain,topcow_mr_002,529,240,400,40,0,0,0,0,0
radius_1p5x_c095,topbrain,topcow_mr_002,530,240,400,80,0,0,0,0,0
radius_1p5x_c095,topbrain,topcow_mr_002,531,240,400,120,0,0,0,0,0
radius_1p5x_c095,topbrain,topcow_mr_002,532,240,400,160,0,0,0,0,0
radius_1p5x_c095,topbrain,topcow_mr_002,533,240,400,184,0,0,0,0,0
radius_1p5x_c095,topbrain,topcow_mr_002,534,240,440,0,0,0,0,0,0
radius_1p5x_c095,topbrain,topcow_mr_002,535,240,440,40,0,0,0,0,0
radius_1p5x_c095,topbrain,topcow_mr_002,536,240,440,80,0,0,0,0,0
radius_1p5x_c095,topbrain,topcow_mr_002,537,240,440,120,0,0,0,0,0
radius_1p5x_c095,topbrain,topcow_mr_002,538,240,440,160,0,0,0,0,0
radius_1p5x_c095,topbrain,topcow_mr_002,539,240,440,184,0,0,0,0,0
radius_1p5x_c095,topbrain,topcow_mr_002,540,240,472,0,0,0,0,0,0
radius_1p5x_c095,topbrain,topcow_mr_002,541,240,472,40,0,0,0,0,0
radius_1p5x_c095,topbrain,topcow_mr_002,542,240,472,80,0,0,0,0,0
radius_1p5x_c095,topbrain,topcow_mr_002,543,240,472,120,0,0,0,0,0
radius_1p5x_c095,topbrain,topcow_mr_002,544,240,472,160,0,0,0,0,0
radius_1p5x_c095,topbrain,topcow_mr_002,545,240,472,184,0,0,0,0,0
radius_1p5x_c095,topbrain,topcow_mr_002,546,280,0,0,0,0,0,0,0
radius_1p5x_c095,topbrain,topcow_mr_002,547,280,0,40,0,0,0,0,0
radius_1p5x_c095,topbrain,topcow_mr_002,548,280,0,80,0,0,0,0,0
radius_1p5x_c095,topbrain,topcow_mr_002,549,280,0,120,0,0,0,0,0
radius_1p5x_c095,topbrain,topcow_mr_002,550,280,0,160,0,0,0,0,0
radius_1p5x_c095,topbrain,topcow_mr_002,551,280,0,184,0,0,0,0,0
radius_1p5x_c095,topbrain,topcow_mr_002,552,280,40,0,0,0,0,0,0
radius_1p5x_c095,topbrain,topcow_mr_002,553,280,40,40,0,0,0,0,0
radius_1p5x_c095,topbrain,topcow_mr_002,554,280,40,80,0,0,0,0,0
radius_1p5x_c095,topbrain,topcow_mr_002,555,280,40,120,0,0,0,0,0
radius_1p5x_c095,topbrain,topcow_mr_002,556,280,40,160,0,0,0,0,0
radius_1p5x_c095,topbrain,topcow_mr_002,557,280,40,184,0,0,0,0,0
radius_1p5x_c095,topbrain,topcow_mr_002,558,280,80,0,0,0,0,0,0
radius_1p5x_c095,topbrain,topcow_mr_002,559,280,80,40,0,0,0,0,0
radius_1p5x_c095,topbrain,topcow_mr_002,560,280,80,80,2,1,1,0,1
radius_1p5x_c095,topbrain,topcow_mr_002,561,280,80,120,0,0,0,0,0
radius_1p5x_c095,topbrain,topcow_mr_002,562,280,80,160,0,0,0,0,0
radius_1p5x_c095,topbrain,topcow_mr_002,563,280,80,184,0,0,0,0,0
radius_1p5x_c095,topbrain,topcow_mr_002,564,280,120,0,4,2,1,0,3
radius_1p5x_c095,topbrain,topcow_mr_002,565,280,120,40,8,5,1,2,5
radius_1p5x_c095,topbrain,topcow_mr_002,566,280,120,80,36,32,8,15,13
radius_1p5x_c095,topbrain,topcow_mr_002,567,280,120,120,27,25,3,16,8
radius_1p5x_c095,topbrain,topcow_mr_002,568,280,120,160,3,2,0,1,2
radius_1p5x_c095,topbrain,topcow_mr_002,569,280,120,184,0,0,0,0,0
radius_1p5x_c095,topbrain,topcow_mr_002,570,280,160,0,8,5,2,2,4
radius_1p5x_c095,topbrain,topcow_mr_002,571,280,160,40,17,11,0,5,12
radius_1p5x_c095,topbrain,topcow_mr_002,572,280,160,80,42,38,8,17,17
radius_1p5x_c095,topbrain,topcow_mr_002,573,280,160,120,18,16,3,7,8
radius_1p5x_c095,topbrain,topcow_mr_002,574,280,160,160,0,0,0,0,0
radius_1p5x_c095,topbrain,topcow_mr_002,575,280,160,184,0,0,0,0,0
radius_1p5x_c095,topbrain,topcow_mr_002,576,280,200,0,15,11,2,5,8
radius_1p5x_c095,topbrain,topcow_mr_002,577,280,200,40,23,16,1,7,15
radius_1p5x_c095,topbrain,topcow_mr_002,578,280,200,80,21,17,2,9,10
radius_1p5x_c095,topbrain,topcow_mr_002,579,280,200,120,0,0,0,0,0
radius_1p5x_c095,topbrain,topcow_mr_002,580,280,200,160,0,0,0,0,0
radius_1p5x_c095,topbrain,topcow_mr_002,581,280,200,184,0,0,0,0,0
radius_1p5x_c095,topbrain,topcow_mr_002,582,280,240,0,13,14,4,6,3
radius_1p5x_c095,topbrain,topcow_mr_002,583,280,240,40,25,22,3,13,9
radius_1p5x_c095,topbrain,topcow_mr_002,584,280,240,80,24,21,2,16,6
radius_1p5x_c095,topbrain,topcow_mr_002,585,280,240,120,3,2,0,1,2
radius_1p5x_c095,topbrain,topcow_mr_002,586,280,240,160,0,0,0,0,0
radius_1p5x_c095,topbrain,topcow_mr_002,587,280,240,184,0,0,0,0,0
radius_1p5x_c095,topbrain,topcow_mr_002,588,280,280,0,0,0,0,0,0
radius_1p5x_c095,topbrain,topcow_mr_002,589,280,280,40,9,6,1,3,5
radius_1p5x_c095,topbrain,topcow_mr_002,590,280,280,80,16,11,2,6,8
radius_1p5x_c095,topbrain,topcow_mr_002,591,280,280,120,2,1,0,0,2
radius_1p5x_c095,topbrain,topcow_mr_002,592,280,280,160,0,0,0,0,0
radius_1p5x_c095,topbrain,topcow_mr_002,593,280,280,184,0,0,0,0,0
radius_1p5x_c095,topbrain,topcow_mr_002,594,280,320,0,0,0,0,0,0
radius_1p5x_c095,topbrain,topcow_mr_002,595,280,320,40,9,7,2,5,2
radius_1p5x_c095,topbrain,topcow_mr_002,596,280,320,80,18,15,3,12,3
radius_1p5x_c095,topbrain,topcow_mr_002,597,280,320,120,0,0,0,0,0
radius_1p5x_c095,topbrain,topcow_mr_002,598,280,320,160,0,0,0,0,0
radius_1p5x_c095,topbrain,topcow_mr_002,599,280,320,184,0,0,0,0,0
radius_1p5x_c095,topbrain,topcow_mr_002,600,280,360,0,0,0,0,0,0
radius_1p5x_c095,topbrain,topcow_mr_002,601,280,360,40,6,5,1,4,1
radius_1p5x_c095,topbrain,topcow_mr_002,602,280,360,80,8,6,2,4,2
radius_1p5x_c095,topbrain,topcow_mr_002,603,280,360,120,0,0,0,0,0
radius_1p5x_c095,topbrain,topcow_mr_002,604,280,360,160,0,0,0,0,0
radius_1p5x_c095,topbrain,topcow_mr_002,605,280,360,184,0,0,0,0,0
radius_1p5x_c095,topbrain,topcow_mr_002,606,280,400,0,0,0,0,0,0
radius_1p5x_c095,topbrain,topcow_mr_002,607,280,400,40,0,0,0,0,0
radius_1p5x_c095,topbrain,topcow_mr_002,608,280,400,80,0,0,0,0,0
radius_1p5x_c095,topbrain,topcow_mr_002,609,280,400,120,0,0,0,0,0
radius_1p5x_c095,topbrain,topcow_mr_002,610,280,400,160,0,0,0,0,0
radius_1p5x_c095,topbrain,topcow_mr_002,611,280,400,184,0,0,0,0,0
radius_1p5x_c095,topbrain,topcow_mr_002,612,280,440,0,0,0,0,0,0
radius_1p5x_c095,topbrain,topcow_mr_002,613,280,440,40,0,0,0,0,0
radius_1p5x_c095,topbrain,topcow_mr_002,614,280,440,80,0,0,0,0,0
radius_1p5x_c095,topbrain,topcow_mr_002,615,280,440,120,0,0,0,0,0
radius_1p5x_c095,topbrain,topcow_mr_002,616,280,440,160,0,0,0,0,0
radius_1p5x_c095,topbrain,topcow_mr_002,617,280,440,184,0,0,0,0,0
radius_1p5x_c095,topbrain,topcow_mr_002,618,280,472,0,0,0,0,0,0
radius_1p5x_c095,topbrain,topcow_mr_002,619,280,472,40,0,0,0,0,0
radius_1p5x_c095,topbrain,topcow_mr_002,620,280,472,80,0,0,0,0,0
radius_1p5x_c095,topbrain,topcow_mr_002,621,280,472,120,0,0,0,0,0
radius_1p5x_c095,topbrain,topcow_mr_002,622,280,472,160,0,0,0,0,0
radius_1p5x_c095,topbrain,topcow_mr_002,623,280,472,184,0,0,0,0,0
radius_1p5x_c095,topbrain,topcow_mr_002,624,320,0,0,0,0,0,0,0
radius_1p5x_c095,topbrain,topcow_mr_002,625,320,0,40,0,0,0,0,0
radius_1p5x_c095,topbrain,topcow_mr_002,626,320,0,80,0,0,0,0,0
radius_1p5x_c095,topbrain,topcow_mr_002,627,320,0,120,0,0,0,0,0
radius_1p5x_c095,topbrain,topcow_mr_002,628,320,0,160,0,0,0,0,0
radius_1p5x_c095,topbrain,topcow_mr_002,629,320,0,184,0,0,0,0,0
radius_1p5x_c095,topbrain,topcow_mr_002,630,320,40,0,0,0,0,0,0
radius_1p5x_c095,topbrain,topcow_mr_002,631,320,40,40,0,0,0,0,0
radius_1p5x_c095,topbrain,topcow_mr_002,632,320,40,80,0,0,0,0,0
radius_1p5x_c095,topbrain,topcow_mr_002,633,320,40,120,0,0,0,0,0
radius_1p5x_c095,topbrain,topcow_mr_002,634,320,40,160,0,0,0,0,0
radius_1p5x_c095,topbrain,topcow_mr_002,635,320,40,184,0,0,0,0,0
radius_1p5x_c095,topbrain,topcow_mr_002,636,320,80,0,0,0,0,0,0
radius_1p5x_c095,topbrain,topcow_mr_002,637,320,80,40,5,4,0,3,2
radius_1p5x_c095,topbrain,topcow_mr_002,638,320,80,80,5,4,0,3,2
radius_1p5x_c095,topbrain,topcow_mr_002,639,320,80,120,6,5,0,4,2
radius_1p5x_c095,topbrain,topcow_mr_002,640,320,80,160,6,5,0,4,2
radius_1p5x_c095,topbrain,topcow_mr_002,641,320,80,184,0,0,0,0,0
radius_1p5x_c095,topbrain,topcow_mr_002,642,320,120,0,11,8,2,5,4
radius_1p5x_c095,topbrain,topcow_mr_002,643,320,120,40,16,15,1,12,3
radius_1p5x_c095,topbrain,topcow_mr_002,644,320,120,80,69,72,20,34,15
radius_1p5x_c095,topbrain,topcow_mr_002,645,320,120,120,61,59,10,38,13
radius_1p5x_c095,topbrain,topcow_mr_002,646,320,120,160,13,12,1,9,3
radius_1p5x_c095,topbrain,topcow_mr_002,647,320,120,184,0,0,0,0,0
radius_1p5x_c095,topbrain,topcow_mr_002,648,320,160,0,15,11,3,7,5
radius_1p5x_c095,topbrain,topcow_mr_002,649,320,160,40,12,10,0,8,4
radius_1p5x_c095,topbrain,topcow_mr_002,650,320,160,80,67,66,18,29,20
radius_1p5x_c095,topbrain,topcow_mr_002,651,320,160,120,57,53,12,27,18
radius_1p5x_c095,topbrain,topcow_mr_002,652,320,160,160,0,0,0,0,0
radius_1p5x_c095,topbrain,topcow_mr_002,653,320,160,184,0,0,0,0,0
radius_1p5x_c095,topbrain,topcow_mr_002,654,320,200,0,7,5,1,3,3
radius_1p5x_c095,topbrain,topcow_mr_002,655,320,200,40,4,3,0,2,2
radius_1p5x_c095,topbrain,topcow_mr_002,656,320,200,80,22,18,1,11,10
radius_1p5x_c095,topbrain,topcow_mr_002,657,320,200,120,30,26,2,19,9
radius_1p5x_c095,topbrain,topcow_mr_002,658,320,200,160,0,0,0,0,0
radius_1p5x_c095,topbrain,topcow_mr_002,659,320,200,184,0,0,0,0,0
radius_1p5x_c095,topbrain,topcow_mr_002,660,320,240,0,4,3,0,2,2
radius_1p5x_c095,topbrain,topcow_mr_002,661,320,240,40,0,0,0,0,0
radius_1p5x_c095,topbrain,topcow_mr_002,662,320,240,80,16,13,0,10,6
radius_1p5x_c095,topbrain,topcow_mr_002,663,320,240,120,28,26,4,20,4
radius_1p5x_c095,topbrain,topcow_mr_002,664,320,240,160,0,0,0,0,0
radius_1p5x_c095,topbrain,topcow_mr_002,665,320,240,184,0,0,0,0,0
radius_1p5x_c095,topbrain,topcow_mr_002,666,320,280,0,0,0,0,0,0
radius_1p5x_c095,topbrain,topcow_mr_002,667,320,280,40,0,0,0,0,0
radius_1p5x_c095,topbrain,topcow_mr_002,668,320,280,80,13,10,4,7,2
radius_1p5x_c095,topbrain,topcow_mr_002,669,320,280,120,20,16,7,10,3
radius_1p5x_c095,topbrain,topcow_mr_002,670,320,280,160,0,0,0,0,0
radius_1p5x_c095,topbrain,topcow_mr_002,671,320,280,184,0,0,0,0,0
radius_1p5x_c095,topbrain,topcow_mr_002,672,320,320,0,0,0,0,0,0
radius_1p5x_c095,topbrain,topcow_mr_002,673,320,320,40,0,0,0,0,0
radius_1p5x_c095,topbrain,topcow_mr_002,674,320,320,80,10,6,4,2,4
radius_1p5x_c095,topbrain,topcow_mr_002,675,320,320,120,7,4,3,1,3
radius_1p5x_c095,topbrain,topcow_mr_002,676,320,320,160,0,0,0,0,0
radius_1p5x_c095,topbrain,topcow_mr_002,677,320,320,184,0,0,0,0,0
radius_1p5x_c095,topbrain,topcow_mr_002,678,320,360,0,0,0,0,0,0
radius_1p5x_c095,topbrain,topcow_mr_002,679,320,360,40,0,0,0,0,0
radius_1p5x_c095,topbrain,topcow_mr_002,680,320,360,80,2,1,1,0,1
radius_1p5x_c095,topbrain,topcow_mr_002,681,320,360,120,0,0,0,0,0
radius_1p5x_c095,topbrain,topcow_mr_002,682,320,360,160,0,0,0,0,0
radius_1p5x_c095,topbrain,topcow_mr_002,683,320,360,184,0,0,0,0,0
radius_1p5x_c095,topbrain,topcow_mr_002,684,320,400,0,0,0,0,0,0
radius_1p5x_c095,topbrain,topcow_mr_002,685,320,400,40,0,0,0,0,0
radius_1p5x_c095,topbrain,topcow_mr_002,686,320,400,80,0,0,0,0,0
radius_1p5x_c095,topbrain,topcow_mr_002,687,320,400,120,0,0,0,0,0
radius_1p5x_c095,topbrain,topcow_mr_002,688,320,400,160,0,0,0,0,0
radius_1p5x_c095,topbrain,topcow_mr_002,689,320,400,184,0,0,0,0,0
radius_1p5x_c095,topbrain,topcow_mr_002,690,320,440,0,0,0,0,0,0
radius_1p5x_c095,topbrain,topcow_mr_002,691,320,440,40,0,0,0,0,0
radius_1p5x_c095,topbrain,topcow_mr_002,692,320,440,80,0,0,0,0,0
radius_1p5x_c095,topbrain,topcow_mr_002,693,320,440,120,0,0,0,0,0
radius_1p5x_c095,topbrain,topcow_mr_002,694,320,440,160,0,0,0,0,0
radius_1p5x_c095,topbrain,topcow_mr_002,695,320,440,184,0,0,0,0,0
radius_1p5x_c095,topbrain,topcow_mr_002,696,320,472,0,0,0,0,0,0
radius_1p5x_c095,topbrain,topcow_mr_002,697,320,472,40,0,0,0,0,0
radius_1p5x_c095,topbrain,topcow_mr_002,698,320,472,80,0,0,0,0,0
radius_1p5x_c095,topbrain,topcow_mr_002,699,320,472,120,0,0,0,0,0
radius_1p5x_c095,topbrain,topcow_mr_002,700,320,472,160,0,0,0,0,0
radius_1p5x_c095,topbrain,topcow_mr_002,701,320,472,184,0,0,0,0,0
radius_1p5x_c095,topbrain,topcow_mr_002,702,360,0,0,0,0,0,0,0
radius_1p5x_c095,topbrain,topcow_mr_002,703,360,0,40,0,0,0,0,0
radius_1p5x_c095,topbrain,topcow_mr_002,704,360,0,80,0,0,0,0,0
radius_1p5x_c095,topbrain,topcow_mr_002,705,360,0,120,0,0,0,0,0
radius_1p5x_c095,topbrain,topcow_mr_002,706,360,0,160,0,0,0,0,0
radius_1p5x_c095,topbrain,topcow_mr_002,707,360,0,184,0,0,0,0,0
radius_1p5x_c095,topbrain,topcow_mr_002,708,360,40,0,0,0,0,0,0
radius_1p5x_c095,topbrain,topcow_mr_002,709,360,40,40,0,0,0,0,0
radius_1p5x_c095,topbrain,topcow_mr_002,710,360,40,80,0,0,0,0,0
radius_1p5x_c095,topbrain,topcow_mr_002,711,360,40,120,0,0,0,0,0
radius_1p5x_c095,topbrain,topcow_mr_002,712,360,40,160,0,0,0,0,0
radius_1p5x_c095,topbrain,topcow_mr_002,713,360,40,184,0,0,0,0,0
radius_1p5x_c095,topbrain,topcow_mr_002,714,360,80,0,0,0,0,0,0
radius_1p5x_c095,topbrain,topcow_mr_002,715,360,80,40,5,4,0,3,2
radius_1p5x_c095,topbrain,topcow_mr_002,716,360,80,80,11,9,0,7,4
radius_1p5x_c095,topbrain,topcow_mr_002,717,360,80,120,13,10,2,7,4
radius_1p5x_c095,topbrain,topcow_mr_002,718,360,80,160,6,5,1,4,1
radius_1p5x_c095,topbrain,topcow_mr_002,719,360,80,184,0,0,0,0,0
radius_1p5x_c095,topbrain,topcow_mr_002,720,360,120,0,8,6,1,4,3
radius_1p5x_c095,topbrain,topcow_mr_002,721,360,120,40,25,23,1,19,5
radius_1p5x_c095,topbrain,topcow_mr_002,722,360,120,80,44,36,2,26,16
radius_1p5x_c095,topbrain,topcow_mr_002,723,360,120,120,43,36,6,25,12
radius_1p5x_c095,topbrain,topcow_mr_002,724,360,120,160,11,10,2,7,2
radius_1p5x_c095,topbrain,topcow_mr_002,725,360,120,184,0,0,0,0,0
radius_1p5x_c095,topbrain,topcow_mr_002,726,360,160,0,11,10,2,7,2
radius_1p5x_c095,topbrain,topcow_mr_002,727,360,160,40,17,12,0,7,10
radius_1p5x_c095,topbrain,topcow_mr_002,728,360,160,80,38,33,4,21,13
radius_1p5x_c095,topbrain,topcow_mr_002,729,360,160,120,42,36,6,23,13
radius_1p5x_c095,topbrain,topcow_mr_002,730,360,160,160,0,0,0,0,0
radius_1p5x_c095,topbrain,topcow_mr_002,731,360,160,184,0,0,0,0,0
radius_1p5x_c095,topbrain,topcow_mr_002,732,360,200,0,0,0,0,0,0
radius_1p5x_c095,topbrain,topcow_mr_002,733,360,200,40,0,0,0,0,0
radius_1p5x_c095,topbrain,topcow_mr_002,734,360,200,80,26,21,1,13,12
radius_1p5x_c095,topbrain,topcow_mr_002,735,360,200,120,34,29,2,21,11
radius_1p5x_c095,topbrain,topcow_mr_002,736,360,200,160,0,0,0,0,0
radius_1p5x_c095,topbrain,topcow_mr_002,737,360,200,184,0,0,0,0,0
radius_1p5x_c095,topbrain,topcow_mr_002,738,360,240,0,0,0,0,0,0
radius_1p5x_c095,topbrain,topcow_mr_002,739,360,240,40,0,0,0,0,0
radius_1p5x_c095,topbrain,topcow_mr_002,740,360,240,80,19,14,0,9,10
radius_1p5x_c095,topbrain,topcow_mr_002,741,360,240,120,20,17,1,12,7
radius_1p5x_c095,topbrain,topcow_mr_002,742,360,240,160,0,0,0,0,0
radius_1p5x_c095,topbrain,topcow_mr_002,743,360,240,184,0,0,0,0,0
radius_1p5x_c095,topbrain,topcow_mr_002,744,360,280,0,0,0,0,0,0
radius_1p5x_c095,topbrain,topcow_mr_002,745,360,280,40,0,0,0,0,0
radius_1p5x_c095,topbrain,topcow_mr_002,746,360,280,80,15,10,4,5,6
radius_1p5x_c095,topbrain,topcow_mr_002,747,360,280,120,15,10,4,5,6
radius_1p5x_c095,topbrain,topcow_mr_002,748,360,280,160,0,0,0,0,0
radius_1p5x_c095,topbrain,topcow_mr_002,749,360,280,184,0,0,0,0,0
radius_1p5x_c095,topbrain,topcow_mr_002,750,360,320,0,0,0,0,0,0
radius_1p5x_c095,topbrain,topcow_mr_002,751,360,320,40,0,0,0,0,0
radius_1p5x_c095,topbrain,topcow_mr_002,752,360,320,80,9,7,3,5,1
radius_1p5x_c095,topbrain,topcow_mr_002,753,360,320,120,9,7,3,5,1
radius_1p5x_c095,topbrain,topcow_mr_002,754,360,320,160,0,0,0,0,0
radius_1p5x_c095,topbrain,topcow_mr_002,755,360,320,184,0,0,0,0,0
radius_1p5x_c095,topbrain,topcow_mr_002,756,360,360,0,0,0,0,0,0
radius_1p5x_c095,topbrain,topcow_mr_002,757,360,360,40,0,0,0,0,0
radius_1p5x_c095,topbrain,topcow_mr_002,758,360,360,80,0,0,0,0,0
radius_1p5x_c095,topbrain,topcow_mr_002,759,360,360,120,0,0,0,0,0
radius_1p5x_c095,topbrain,topcow_mr_002,760,360,360,160,0,0,0,0,0
radius_1p5x_c095,topbrain,topcow_mr_002,761,360,360,184,0,0,0,0,0
radius_1p5x_c095,topbrain,topcow_mr_002,762,360,400,0,0,0,0,0,0
radius_1p5x_c095,topbrain,topcow_mr_002,763,360,400,40,0,0,0,0,0
radius_1p5x_c095,topbrain,topcow_mr_002,764,360,400,80,0,0,0,0,0
radius_1p5x_c095,topbrain,topcow_mr_002,765,360,400,120,0,0,0,0,0
radius_1p5x_c095,topbrain,topcow_mr_002,766,360,400,160,0,0,0,0,0
radius_1p5x_c095,topbrain,topcow_mr_002,767,360,400,184,0,0,0,0,0
radius_1p5x_c095,topbrain,topcow_mr_002,768,360,440,0,0,0,0,0,0
radius_1p5x_c095,topbrain,topcow_mr_002,769,360,440,40,0,0,0,0,0
radius_1p5x_c095,topbrain,topcow_mr_002,770,360,440,80,0,0,0,0,0
radius_1p5x_c095,topbrain,topcow_mr_002,771,360,440,120,0,0,0,0,0
radius_1p5x_c095,topbrain,topcow_mr_002,772,360,440,160,0,0,0,0,0
radius_1p5x_c095,topbrain,topcow_mr_002,773,360,440,184,0,0,0,0,0
radius_1p5x_c095,topbrain,topcow_mr_002,774,360,472,0,0,0,0,0,0
radius_1p5x_c095,topbrain,topcow_mr_002,775,360,472,40,0,0,0,0,0
radius_1p5x_c095,topbrain,topcow_mr_002,776,360,472,80,0,0,0,0,0
radius_1p5x_c095,topbrain,topcow_mr_002,777,360,472,120,0,0,0,0,0
radius_1p5x_c095,topbrain,topcow_mr_002,778,360,472,160,0,0,0,0,0
radius_1p5x_c095,topbrain,topcow_mr_002,779,360,472,184,0,0,0,0,0
radius_1p5x_c095,topbrain,topcow_mr_002,780,400,0,0,0,0,0,0,0
radius_1p5x_c095,topbrain,topcow_mr_002,781,400,0,40,0,0,0,0,0
radius_1p5x_c095,topbrain,topcow_mr_002,782,400,0,80,0,0,0,0,0
radius_1p5x_c095,topbrain,topcow_mr_002,783,400,0,120,0,0,0,0,0
radius_1p5x_c095,topbrain,topcow_mr_002,784,400,0,160,0,0,0,0,0
radius_1p5x_c095,topbrain,topcow_mr_002,785,400,0,184,0,0,0,0,0
radius_1p5x_c095,topbrain,topcow_mr_002,786,400,40,0,0,0,0,0,0
radius_1p5x_c095,topbrain,topcow_mr_002,787,400,40,40,0,0,0,0,0
radius_1p5x_c095,topbrain,topcow_mr_002,788,400,40,80,0,0,0,0,0
radius_1p5x_c095,topbrain,topcow_mr_002,789,400,40,120,0,0,0,0,0
radius_1p5x_c095,topbrain,topcow_mr_002,790,400,40,160,0,0,0,0,0
radius_1p5x_c095,topbrain,topcow_mr_002,791,400,40,184,0,0,0,0,0
radius_1p5x_c095,topbrain,topcow_mr_002,792,400,80,0,0,0,0,0,0
radius_1p5x_c095,topbrain,topcow_mr_002,793,400,80,40,0,0,0,0,0
radius_1p5x_c095,topbrain,topcow_mr_002,794,400,80,80,3,2,0,1,2
radius_1p5x_c095,topbrain,topcow_mr_002,795,400,80,120,3,2,0,1,2
radius_1p5x_c095,topbrain,topcow_mr_002,796,400,80,160,0,0,0,0,0
radius_1p5x_c095,topbrain,topcow_mr_002,797,400,80,184,0,0,0,0,0
radius_1p5x_c095,topbrain,topcow_mr_002,798,400,120,0,0,0,0,0,0
radius_1p5x_c095,topbrain,topcow_mr_002,799,400,120,40,9,8,0,7,2
radius_1p5x_c095,topbrain,topcow_mr_002,800,400,120,80,20,18,0,16,4
radius_1p5x_c095,topbrain,topcow_mr_002,801,400,120,120,15,12,1,9,5
radius_1p5x_c095,topbrain,topcow_mr_002,802,400,120,160,0,0,0,0,0
radius_1p5x_c095,topbrain,topcow_mr_002,803,400,120,184,0,0,0,0,0
radius_1p5x_c095,topbrain,topcow_mr_002,804,400,160,0,7,5,0,3,4
radius_1p5x_c095,topbrain,topcow_mr_002,805,400,160,40,16,12,0,8,8
radius_1p5x_c095,topbrain,topcow_mr_002,806,400,160,80,20,15,1,10,9
radius_1p5x_c095,topbrain,topcow_mr_002,807,400,160,120,18,15,3,12,3
radius_1p5x_c095,topbrain,topcow_mr_002,808,400,160,160,5,4,1,3,1
radius_1p5x_c095,topbrain,topcow_mr_002,809,400,160,184,0,0,0,0,0
radius_1p5x_c095,topbrain,topcow_mr_002,810,400,200,0,0,0,0,0,0
radius_1p5x_c095,topbrain,topcow_mr_002,811,400,200,40,4,3,0,2,2
radius_1p5x_c095,topbrain,topcow_mr_002,812,400,200,80,11,6,3,1,7
radius_1p5x_c095,topbrain,topcow_mr_002,813,400,200,120,16,12,4,8,4
radius_1p5x_c095,topbrain,topcow_mr_002,814,400,200,160,5,4,1,3,1
radius_1p5x_c095,topbrain,topcow_mr_002,815,400,200,184,0,0,0,0,0
radius_1p5x_c095,topbrain,topcow_mr_002,816,400,240,0,0,0,0,0,0
radius_1p5x_c095,topbrain,topcow_mr_002,817,400,240,40,0,0,0,0,0
radius_1p5x_c095,topbrain,topcow_mr_002,818,400,240,80,2,1,1,0,1
radius_1p5x_c095,topbrain,topcow_mr_002,819,400,240,120,10,8,2,4,4
radius_1p5x_c095,topbrain,topcow_mr_002,820,400,240,160,8,7,2,4,2
radius_1p5x_c095,topbrain,topcow_mr_002,821,400,240,184,6,4,1,2,3
radius_1p5x_c095,topbrain,topcow_mr_002,822,400,280,0,0,0,0,0,0
radius_1p5x_c095,topbrain,topcow_mr_002,823,400,280,40,0,0,0,0,0
radius_1p5x_c095,topbrain,topcow_mr_002,824,400,280,80,3,2,0,1,2
radius_1p5x_c095,topbrain,topcow_mr_002,825,400,280,120,8,6,2,2,4
radius_1p5x_c095,topbrain,topcow_mr_002,826,400,280,160,9,8,3,5,1
radius_1p5x_c095,topbrain,topcow_mr_002,827,400,280,184,8,6,2,4,2
radius_1p5x_c095,topbrain,topcow_mr_002,828,400,320,0,0,0,0,0,0
radius_1p5x_c095,topbrain,topcow_mr_002,829,400,320,40,0,0,0,0,0
radius_1p5x_c095,topbrain,topcow_mr_002,830,400,320,80,5,4,0,3,2
radius_1p5x_c095,topbrain,topcow_mr_002,831,400,320,120,5,4,1,3,1
radius_1p5x_c095,topbrain,topcow_mr_002,832,400,320,160,2,1,1,0,1
radius_1p5x_c095,topbrain,topcow_mr_002,833,400,320,184,2,1,1,0,1
radius_1p5x_c095,topbrain,topcow_mr_002,834,400,360,0,0,0,0,0,0
radius_1p5x_c095,topbrain,topcow_mr_002,835,400,360,40,0,0,0,0,0
radius_1p5x_c095,topbrain,topcow_mr_002,836,400,360,80,0,0,0,0,0
radius_1p5x_c095,topbrain,topcow_mr_002,837,400,360,120,0,0,0,0,0
radius_1p5x_c095,topbrain,topcow_mr_002,838,400,360,160,0,0,0,0,0
radius_1p5x_c095,topbrain,topcow_mr_002,839,400,360,184,0,0,0,0,0
radius_1p5x_c095,topbrain,topcow_mr_002,840,400,400,0,0,0,0,0,0
radius_1p5x_c095,topbrain,topcow_mr_002,841,400,400,40,0,0,0,0,0
radius_1p5x_c095,topbrain,topcow_mr_002,842,400,400,80,0,0,0,0,0
radius_1p5x_c095,topbrain,topcow_mr_002,843,400,400,120,0,0,0,0,0
radius_1p5x_c095,topbrain,topcow_mr_002,844,400,400,160,0,0,0,0,0
radius_1p5x_c095,topbrain,topcow_mr_002,845,400,400,184,0,0,0,0,0
radius_1p5x_c095,topbrain,topcow_mr_002,846,400,440,0,0,0,0,0,0
radius_1p5x_c095,topbrain,topcow_mr_002,847,400,440,40,0,0,0,0,0
radius_1p5x_c095,topbrain,topcow_mr_002,848,400,440,80,0,0,0,0,0
radius_1p5x_c095,topbrain,topcow_mr_002,849,400,440,120,0,0,0,0,0
radius_1p5x_c095,topbrain,topcow_mr_002,850,400,440,160,0,0,0,0,0
radius_1p5x_c095,topbrain,topcow_mr_002,851,400,440,184,0,0,0,0,0
radius_1p5x_c095,topbrain,topcow_mr_002,852,400,472,0,0,0,0,0,0
radius_1p5x_c095,topbrain,topcow_mr_002,853,400,472,40,0,0,0,0,0
radius_1p5x_c095,topbrain,topcow_mr_002,854,400,472,80,0,0,0,0,0
radius_1p5x_c095,topbrain,topcow_mr_002,855,400,472,120,0,0,0,0,0
radius_1p5x_c095,topbrain,topcow_mr_002,856,400,472,160,0,0,0,0,0
radius_1p5x_c095,topbrain,topcow_mr_002,857,400,472,184,0,0,0,0,0
radius_1p5x_c095,topbrain,topcow_mr_002,858,416,0,0,0,0,0,0,0
radius_1p5x_c095,topbrain,topcow_mr_002,859,416,0,40,0,0,0,0,0
radius_1p5x_c095,topbrain,topcow_mr_002,860,416,0,80,0,0,0,0,0
radius_1p5x_c095,topbrain,topcow_mr_002,861,416,0,120,0,0,0,0,0
radius_1p5x_c095,topbrain,topcow_mr_002,862,416,0,160,0,0,0,0,0
radius_1p5x_c095,topbrain,topcow_mr_002,863,416,0,184,0,0,0,0,0
radius_1p5x_c095,topbrain,topcow_mr_002,864,416,40,0,0,0,0,0,0
radius_1p5x_c095,topbrain,topcow_mr_002,865,416,40,40,0,0,0,0,0
radius_1p5x_c095,topbrain,topcow_mr_002,866,416,40,80,0,0,0,0,0
radius_1p5x_c095,topbrain,topcow_mr_002,867,416,40,120,0,0,0,0,0
radius_1p5x_c095,topbrain,topcow_mr_002,868,416,40,160,0,0,0,0,0
radius_1p5x_c095,topbrain,topcow_mr_002,869,416,40,184,0,0,0,0,0
radius_1p5x_c095,topbrain,topcow_mr_002,870,416,80,0,0,0,0,0,0
radius_1p5x_c095,topbrain,topcow_mr_002,871,416,80,40,0,0,0,0,0
radius_1p5x_c095,topbrain,topcow_mr_002,872,416,80,80,2,1,0,0,2
radius_1p5x_c095,topbrain,topcow_mr_002,873,416,80,120,2,1,0,0,2
radius_1p5x_c095,topbrain,topcow_mr_002,874,416,80,160,0,0,0,0,0
radius_1p5x_c095,topbrain,topcow_mr_002,875,416,80,184,0,0,0,0,0
radius_1p5x_c095,topbrain,topcow_mr_002,876,416,120,0,0,0,0,0,0
radius_1p5x_c095,topbrain,topcow_mr_002,877,416,120,40,0,0,0,0,0
radius_1p5x_c095,topbrain,topcow_mr_002,878,416,120,80,12,10,0,8,4
radius_1p5x_c095,topbrain,topcow_mr_002,879,416,120,120,11,9,0,7,4
radius_1p5x_c095,topbrain,topcow_mr_002,880,416,120,160,0,0,0,0,0
radius_1p5x_c095,topbrain,topcow_mr_002,881,416,120,184,0,0,0,0,0
radius_1p5x_c095,topbrain,topcow_mr_002,882,416,160,0,3,2,0,1,2
radius_1p5x_c095,topbrain,topcow_mr_002,883,416,160,40,17,16,0,15,2
radius_1p5x_c095,topbrain,topcow_mr_002,884,416,160,80,25,21,1,17,7
radius_1p5x_c095,topbrain,topcow_mr_002,885,416,160,120,15,13,2,11,2
radius_1p5x_c095,topbrain,topcow_mr_002,886,416,160,160,5,4,1,3,1
radius_1p5x_c095,topbrain,topcow_mr_002,887,416,160,184,0,0,0,0,0
radius_1p5x_c095,topbrain,topcow_mr_002,888,416,200,0,0,0,0,0,0
radius_1p5x_c095,topbrain,topcow_mr_002,889,416,200,40,8,7,0,6,2
radius_1p5x_c095,topbrain,topcow_mr_002,890,416,200,80,18,14,3,10,5
radius_1p5x_c095,topbrain,topcow_mr_002,891,416,200,120,20,15,4,10,6
radius_1p5x_c095,topbrain,topcow_mr_002,892,416,200,160,7,5,1,3,3
radius_1p5x_c095,topbrain,topcow_mr_002,893,416,200,184,0,0,0,0,0
radius_1p5x_c095,topbrain,topcow_mr_002,894,416,240,0,0,0,0,0,0
radius_1p5x_c095,topbrain,topcow_mr_002,895,416,240,40,0,0,0,0,0
radius_1p5x_c095,topbrain,topcow_mr_002,896,416,240,80,5,3,1,1,3
radius_1p5x_c095,topbrain,topcow_mr_002,897,416,240,120,14,11,2,6,6
radius_1p5x_c095,topbrain,topcow_mr_002,898,416,240,160,9,8,2,5,2
radius_1p5x_c095,topbrain,topcow_mr_002,899,416,240,184,6,4,1,2,3
radius_1p5x_c095,topbrain,topcow_mr_002,900,416,280,0,0,0,0,0,0
radius_1p5x_c095,topbrain,topcow_mr_002,901,416,280,40,0,0,0,0,0
radius_1p5x_c095,topbrain,topcow_mr_002,902,416,280,80,3,2,0,1,2
radius_1p5x_c095,topbrain,topcow_mr_002,903,416,280,120,8,6,2,2,4
radius_1p5x_c095,topbrain,topcow_mr_002,904,416,280,160,9,8,3,5,1
radius_1p5x_c095,topbrain,topcow_mr_002,905,416,280,184,8,6,2,4,2
radius_1p5x_c095,topbrain,topcow_mr_002,906,416,320,0,0,0,0,0,0
radius_1p5x_c095,topbrain,topcow_mr_002,907,416,320,40,0,0,0,0,0
radius_1p5x_c095,topbrain,topcow_mr_002,908,416,320,80,3,2,0,1,2
radius_1p5x_c095,topbrain,topcow_mr_002,909,416,320,120,3,2,1,1,1
radius_1p5x_c095,topbrain,topcow_mr_002,910,416,320,160,2,1,1,0,1
radius_1p5x_c095,topbrain,topcow_mr_002,911,416,320,184,2,1,1,0,1
radius_1p5x_c095,topbrain,topcow_mr_002,912,416,360,0,0,0,0,0,0
radius_1p5x_c095,topbrain,topcow_mr_002,913,416,360,40,0,0,0,0,0
radius_1p5x_c095,topbrain,topcow_mr_002,914,416,360,80,0,0,0,0,0
radius_1p5x_c095,topbrain,topcow_mr_002,915,416,360,120,0,0,0,0,0
radius_1p5x_c095,topbrain,topcow_mr_002,916,416,360,160,0,0,0,0,0
radius_1p5x_c095,topbrain,topcow_mr_002,917,416,360,184,0,0,0,0,0
radius_1p5x_c095,topbrain,topcow_mr_002,918,416,400,0,0,0,0,0,0
radius_1p5x_c095,topbrain,topcow_mr_002,919,416,400,40,0,0,0,0,0
radius_1p5x_c095,topbrain,topcow_mr_002,920,416,400,80,0,0,0,0,0
radius_1p5x_c095,topbrain,topcow_mr_002,921,416,400,120,0,0,0,0,0
radius_1p5x_c095,topbrain,topcow_mr_002,922,416,400,160,0,0,0,0,0
radius_1p5x_c095,topbrain,topcow_mr_002,923,416,400,184,0,0,0,0,0
radius_1p5x_c095,topbrain,topcow_mr_002,924,416,440,0,0,0,0,0,0
radius_1p5x_c095,topbrain,topcow_mr_002,925,416,440,40,0,0,0,0,0
radius_1p5x_c095,topbrain,topcow_mr_002,926,416,440,80,0,0,0,0,0
radius_1p5x_c095,topbrain,topcow_mr_002,927,416,440,120,0,0,0,0,0
radius_1p5x_c095,topbrain,topcow_mr_002,928,416,440,160,0,0,0,0,0
radius_1p5x_c095,topbrain,topcow_mr_002,929,416,440,184,0,0,0,0,0
radius_1p5x_c095,topbrain,topcow_mr_002,930,416,472,0,0,0,0,0,0
radius_1p5x_c095,topbrain,topcow_mr_002,931,416,472,40,0,0,0,0,0
radius_1p5x_c095,topbrain,topcow_mr_002,932,416,472,80,0,0,0,0,0
radius_1p5x_c095,topbrain,topcow_mr_002,933,416,472,120,0,0,0,0,0
radius_1p5x_c095,topbrain,topcow_mr_002,934,416,472,160,0,0,0,0,0
radius_1p5x_c095,topbrain,topcow_mr_002,935,416,472,184,0,0,0,0,0
radius_2x_c095,topbrain,topcow_mr_002,0,0,0,0,0,0,0,0,0
radius_2x_c095,topbrain,topcow_mr_002,1,0,0,40,0,0,0,0,0
radius_2x_c095,topbrain,topcow_mr_002,2,0,0,80,0,0,0,0,0
radius_2x_c095,topbrain,topcow_mr_002,3,0,0,120,0,0,0,0,0
radius_2x_c095,topbrain,topcow_mr_002,4,0,0,160,0,0,0,0,0
radius_2x_c095,topbrain,topcow_mr_002,5,0,0,184,0,0,0,0,0
radius_2x_c095,topbrain,topcow_mr_002,6,0,40,0,0,0,0,0,0
radius_2x_c095,topbrain,topcow_mr_002,7,0,40,40,0,0,0,0,0
radius_2x_c095,topbrain,topcow_mr_002,8,0,40,80,0,0,0,0,0
radius_2x_c095,topbrain,topcow_mr_002,9,0,40,120,0,0,0,0,0
radius_2x_c095,topbrain,topcow_mr_002,10,0,40,160,0,0,0,0,0
radius_2x_c095,topbrain,topcow_mr_002,11,0,40,184,0,0,0,0,0
radius_2x_c095,topbrain,topcow_mr_002,12,0,80,0,0,0,0,0,0
radius_2x_c095,topbrain,topcow_mr_002,13,0,80,40,0,0,0,0,0
radius_2x_c095,topbrain,topcow_mr_002,14,0,80,80,3,2,0,1,2
radius_2x_c095,topbrain,topcow_mr_002,15,0,80,120,3,2,0,1,2
radius_2x_c095,topbrain,topcow_mr_002,16,0,80,160,0,0,0,0,0
radius_2x_c095,topbrain,topcow_mr_002,17,0,80,184,0,0,0,0,0
radius_2x_c095,topbrain,topcow_mr_002,18,0,120,0,0,0,0,0,0
radius_2x_c095,topbrain,topcow_mr_002,19,0,120,40,0,0,0,0,0
radius_2x_c095,topbrain,topcow_mr_002,20,0,120,80,6,4,1,2,3
radius_2x_c095,topbrain,topcow_mr_002,21,0,120,120,11,8,1,5,5
radius_2x_c095,topbrain,topcow_mr_002,22,0,120,160,9,8,0,7,2
radius_2x_c095,topbrain,topcow_mr_002,23,0,120,184,6,5,0,4,2
radius_2x_c095,topbrain,topcow_mr_002,24,0,160,0,5,4,0,3,2
radius_2x_c095,topbrain,topcow_mr_002,25,0,160,40,18,14,0,10,8
radius_2x_c095,topbrain,topcow_mr_002,26,0,160,80,16,13,1,10,5
radius_2x_c095,topbrain,topcow_mr_002,27,0,160,120,14,12,1,10,3
radius_2x_c095,topbrain,topcow_mr_002,28,0,160,160,14,13,1,12,1
radius_2x_c095,topbrain,topcow_mr_002,29,0,160,184,10,9,1,8,1
radius_2x_c095,topbrain,topcow_mr_002,30,0,200,0,5,4,0,3,2
radius_2x_c095,topbrain,topcow_mr_002,31,0,200,40,19,17,1,13,5
radius_2x_c095,topbrain,topcow_mr_002,32,0,200,80,23,19,4,13,6
radius_2x_c095,topbrain,topcow_mr_002,33,0,200,120,10,6,3,2,5
radius_2x_c095,topbrain,topcow_mr_002,34,0,200,160,4,3,0,2,2
radius_2x_c095,topbrain,topcow_mr_002,35,0,200,184,4,3,0,2,2
radius_2x_c095,topbrain,topcow_mr_002,36,0,240,0,0,0,0,0,0
radius_2x_c095,topbrain,topcow_mr_002,37,0,240,40,4,3,0,2,2
radius_2x_c095,topbrain,topcow_mr_002,38,0,240,80,13,10,2,7,4
radius_2x_c095,topbrain,topcow_mr_002,39,0,240,120,7,4,2,1,4
radius_2x_c095,topbrain,topcow_mr_002,40,0,240,160,0,0,0,0,0
radius_2x_c095,topbrain,topcow_mr_002,41,0,240,184,0,0,0,0,0
radius_2x_c095,topbrain,topcow_mr_002,42,0,280,0,0,0,0,0,0
radius_2x_c095,topbrain,topcow_mr_002,43,0,280,40,0,0,0,0,0
radius_2x_c095,topbrain,topcow_mr_002,44,0,280,80,10,8,1,6,3
radius_2x_c095,topbrain,topcow_mr_002,45,0,280,120,9,7,1,5,3
radius_2x_c095,topbrain,topcow_mr_002,46,0,280,160,0,0,0,0,0
radius_2x_c095,topbrain,topcow_mr_002,47,0,280,184,0,0,0,0,0
radius_2x_c095,topbrain,topcow_mr_002,48,0,320,0,0,0,0,0,0
radius_2x_c095,topbrain,topcow_mr_002,49,0,320,40,0,0,0,0,0
radius_2x_c095,topbrain,topcow_mr_002,50,0,320,80,7,5,1,3,3
radius_2x_c095,topbrain,topcow_mr_002,51,0,320,120,10,8,1,6,3
radius_2x_c095,topbrain,topcow_mr_002,52,0,320,160,0,0,0,0,0
radius_2x_c095,topbrain,topcow_mr_002,53,0,320,184,0,0,0,0,0
radius_2x_c095,topbrain,topcow_mr_002,54,0,360,0,0,0,0,0,0
radius_2x_c095,topbrain,topcow_mr_002,55,0,360,40,0,0,0,0,0
radius_2x_c095,topbrain,topcow_mr_002,56,0,360,80,0,0,0,0,0
radius_2x_c095,topbrain,topcow_mr_002,57,0,360,120,6,5,1,4,1
radius_2x_c095,topbrain,topcow_mr_002,58,0,360,160,4,3,1,2,1
radius_2x_c095,topbrain,topcow_mr_002,59,0,360,184,0,0,0,0,0
radius_2x_c095,topbrain,topcow_mr_002,60,0,400,0,0,0,0,0,0
radius_2x_c095,topbrain,topcow_mr_002,61,0,400,40,0,0,0,0,0
radius_2x_c095,topbrain,topcow_mr_002,62,0,400,80,0,0,0,0,0
radius_2x_c095,topbrain,topcow_mr_002,63,0,400,120,0,0,0,0,0
radius_2x_c095,topbrain,topcow_mr_002,64,0,400,160,0,0,0,0,0
radius_2x_c095,topbrain,topcow_mr_002,65,0,400,184,0,0,0,0,0
radius_2x_c095,topbrain,topcow_mr_002,66,0,440,0,0,0,0,0,0
radius_2x_c095,topbrain,topcow_mr_002,67,0,440,40,0,0,0,0,0
radius_2x_c095,topbrain,topcow_mr_002,68,0,440,80,0,0,0,0,0
radius_2x_c095,topbrain,topcow_mr_002,69,0,440,120,0,0,0,0,0
radius_2x_c095,topbrain,topcow_mr_002,70,0,440,160,0,0,0,0,0
radius_2x_c095,topbrain,topcow_mr_002,71,0,440,184,0,0,0,0,0
radius_2x_c095,topbrain,topcow_mr_002,72,0,472,0,0,0,0,0,0
radius_2x_c095,topbrain,topcow_mr_002,73,0,472,40,0,0,0,0,0
radius_2x_c095,topbrain,topcow_mr_002,74,0,472,80,0,0,0,0,0
radius_2x_c095,topbrain,topcow_mr_002,75,0,472,120,0,0,0,0,0
radius_2x_c095,topbrain,topcow_mr_002,76,0,472,160,0,0,0,0,0
radius_2x_c095,topbrain,topcow_mr_002,77,0,472,184,0,0,0,0,0
radius_2x_c095,topbrain,topcow_mr_002,78,40,0,0,0,0,0,0,0
radius_2x_c095,topbrain,topcow_mr_002,79,40,0,40,0,0,0,0,0
radius_2x_c095,topbrain,topcow_mr_002,80,40,0,80,0,0,0,0,0
radius_2x_c095,topbrain,topcow_mr_002,81,40,0,120,0,0,0,0,0
radius_2x_c095,topbrain,topcow_mr_002,82,40,0,160,0,0,0,0,0
radius_2x_c095,topbrain,topcow_mr_002,83,40,0,184,0,0,0,0,0
radius_2x_c095,topbrain,topcow_mr_002,84,40,40,0,0,0,0,0,0
radius_2x_c095,topbrain,topcow_mr_002,85,40,40,40,0,0,0,0,0
radius_2x_c095,topbrain,topcow_mr_002,86,40,40,80,0,0,0,0,0
radius_2x_c095,topbrain,topcow_mr_002,87,40,40,120,0,0,0,0,0
radius_2x_c095,topbrain,topcow_mr_002,88,40,40,160,0,0,0,0,0
radius_2x_c095,topbrain,topcow_mr_002,89,40,40,184,0,0,0,0,0
radius_2x_c095,topbrain,topcow_mr_002,90,40,80,0,0,0,0,0,0
radius_2x_c095,topbrain,topcow_mr_002,91,40,80,40,3,2,0,1,2
radius_2x_c095,topbrain,topcow_mr_002,92,40,80,80,9,8,0,7,2
radius_2x_c095,topbrain,topcow_mr_002,93,40,80,120,7,6,0,5,2
radius_2x_c095,topbrain,topcow_mr_002,94,40,80,160,0,0,0,0,0
radius_2x_c095,topbrain,topcow_mr_002,95,40,80,184,0,0,0,0,0
radius_2x_c095,topbrain,topcow_mr_002,96,40,120,0,0,0,0,0,0
radius_2x_c095,topbrain,topcow_mr_002,97,40,120,40,9,8,1,5,3
radius_2x_c095,topbrain,topcow_mr_002,98,40,120,80,29,24,2,19,8
radius_2x_c095,topbrain,topcow_mr_002,99,40,120,120,24,19,3,14,7
radius_2x_c095,topbrain,topcow_mr_002,100,40,120,160,0,0,0,0,0
radius_2x_c095,topbrain,topcow_mr_002,101,40,120,184,0,0,0,0,0
radius_2x_c095,topbrain,topcow_mr_002,102,40,160,0,11,10,1,7,3
radius_2x_c095,topbrain,topcow_mr_002,103,40,160,40,12,10,1,6,5
radius_2x_c095,topbrain,topcow_mr_002,104,40,160,80,47,40,6,24,17
radius_2x_c095,topbrain,topcow_mr_002,105,40,160,120,39,34,6,20,13
radius_2x_c095,topbrain,topcow_mr_002,106,40,160,160,6,5,1,4,1
radius_2x_c095,topbrain,topcow_mr_002,107,40,160,184,6,5,1,4,1
radius_2x_c095,topbrain,topcow_mr_002,108,40,200,0,10,9,1,6,3
radius_2x_c095,topbrain,topcow_mr_002,109,40,200,40,6,4,0,2,4
radius_2x_c095,topbrain,topcow_mr_002,110,40,200,80,34,32,9,13,12
radius_2x_c095,topbrain,topcow_mr_002,111,40,200,120,38,39,12,17,9
radius_2x_c095,topbrain,topcow_mr_002,112,40,200,160,4,3,0,2,2
radius_2x_c095,topbrain,topcow_mr_002,113,40,200,184,4,3,0,2,2
radius_2x_c095,topbrain,topcow_mr_002,114,40,240,0,0,0,0,0,0
radius_2x_c095,topbrain,topcow_mr_002,115,40,240,40,0,0,0,0,0
radius_2x_c095,topbrain,topcow_mr_002,116,40,240,80,11,9,2,3,6
radius_2x_c095,topbrain,topcow_mr_002,117,40,240,120,15,13,3,7,5
radius_2x_c095,topbrain,topcow_mr_002,118,40,240,160,0,0,0,0,0
radius_2x_c095,topbrain,topcow_mr_002,119,40,240,184,0,0,0,0,0
radius_2x_c095,topbrain,topcow_mr_002,120,40,280,0,0,0,0,0,0
radius_2x_c095,topbrain,topcow_mr_002,121,40,280,40,0,0,0,0,0
radius_2x_c095,topbrain,topcow_mr_002,122,40,280,80,4,3,0,2,2
radius_2x_c095,topbrain,topcow_mr_002,123,40,280,120,8,6,0,4,4
radius_2x_c095,topbrain,topcow_mr_002,124,40,280,160,0,0,0,0,0
radius_2x_c095,topbrain,topcow_mr_002,125,40,280,184,0,0,0,0,0
radius_2x_c095,topbrain,topcow_mr_002,126,40,320,0,0,0,0,0,0
radius_2x_c095,topbrain,topcow_mr_002,127,40,320,40,0,0,0,0,0
radius_2x_c095,topbrain,topcow_mr_002,128,40,320,80,2,1,0,0,2
radius_2x_c095,topbrain,topcow_mr_002,129,40,320,120,4,2,0,0,4
radius_2x_c095,topbrain,topcow_mr_002,130,40,320,160,0,0,0,0,0
radius_2x_c095,topbrain,topcow_mr_002,131,40,320,184,0,0,0,0,0
radius_2x_c095,topbrain,topcow_mr_002,132,40,360,0,0,0,0,0,0
radius_2x_c095,topbrain,topcow_mr_002,133,40,360,40,0,0,0,0,0
radius_2x_c095,topbrain,topcow_mr_002,134,40,360,80,0,0,0,0,0
radius_2x_c095,topbrain,topcow_mr_002,135,40,360,120,4,3,1,2,1
radius_2x_c095,topbrain,topcow_mr_002,136,40,360,160,4,3,1,2,1
radius_2x_c095,topbrain,topcow_mr_002,137,40,360,184,0,0,0,0,0
radius_2x_c095,topbrain,topcow_mr_002,138,40,400,0,0,0,0,0,0
radius_2x_c095,topbrain,topcow_mr_002,139,40,400,40,0,0,0,0,0
radius_2x_c095,topbrain,topcow_mr_002,140,40,400,80,0,0,0,0,0
radius_2x_c095,topbrain,topcow_mr_002,141,40,400,120,0,0,0,0,0
radius_2x_c095,topbrain,topcow_mr_002,142,40,400,160,0,0,0,0,0
radius_2x_c095,topbrain,topcow_mr_002,143,40,400,184,0,0,0,0,0
radius_2x_c095,topbrain,topcow_mr_002,144,40,440,0,0,0,0,0,0
radius_2x_c095,topbrain,topcow_mr_002,145,40,440,40,0,0,0,0,0
radius_2x_c095,topbrain,topcow_mr_002,146,40,440,80,0,0,0,0,0
radius_2x_c095,topbrain,topcow_mr_002,147,40,440,120,0,0,0,0,0
radius_2x_c095,topbrain,topcow_mr_002,148,40,440,160,0,0,0,0,0
radius_2x_c095,topbrain,topcow_mr_002,149,40,440,184,0,0,0,0,0
radius_2x_c095,topbrain,topcow_mr_002,150,40,472,0,0,0,0,0,0
radius_2x_c095,topbrain,topcow_mr_002,151,40,472,40,0,0,0,0,0
radius_2x_c095,topbrain,topcow_mr_002,152,40,472,80,0,0,0,0,0
radius_2x_c095,topbrain,topcow_mr_002,153,40,472,120,0,0,0,0,0
radius_2x_c095,topbrain,topcow_mr_002,154,40,472,160,0,0,0,0,0
radius_2x_c095,topbrain,topcow_mr_002,155,40,472,184,0,0,0,0,0
radius_2x_c095,topbrain,topcow_mr_002,156,80,0,0,0,0,0,0,0
radius_2x_c095,topbrain,topcow_mr_002,157,80,0,40,0,0,0,0,0
radius_2x_c095,topbrain,topcow_mr_002,158,80,0,80,0,0,0,0,0
radius_2x_c095,topbrain,topcow_mr_002,159,80,0,120,0,0,0,0,0
radius_2x_c095,topbrain,topcow_mr_002,160,80,0,160,0,0,0,0,0
radius_2x_c095,topbrain,topcow_mr_002,161,80,0,184,0,0,0,0,0
radius_2x_c095,topbrain,topcow_mr_002,162,80,40,0,0,0,0,0,0
radius_2x_c095,topbrain,topcow_mr_002,163,80,40,40,0,0,0,0,0
radius_2x_c095,topbrain,topcow_mr_002,164,80,40,80,0,0,0,0,0
radius_2x_c095,topbrain,topcow_mr_002,165,80,40,120,0,0,0,0,0
radius_2x_c095,topbrain,topcow_mr_002,166,80,40,160,0,0,0,0,0
radius_2x_c095,topbrain,topcow_mr_002,167,80,40,184,0,0,0,0,0
radius_2x_c095,topbrain,topcow_mr_002,168,80,80,0,0,0,0,0,0
radius_2x_c095,topbrain,topcow_mr_002,169,80,80,40,0,0,0,0,0
radius_2x_c095,topbrain,topcow_mr_002,170,80,80,80,6,4,0,2,4
radius_2x_c095,topbrain,topcow_mr_002,171,80,80,120,0,0,0,0,0
radius_2x_c095,topbrain,topcow_mr_002,172,80,80,160,0,0,0,0,0
radius_2x_c095,topbrain,topcow_mr_002,173,80,80,184,0,0,0,0,0
radius_2x_c095,topbrain,topcow_mr_002,174,80,120,0,0,0,0,0,0
radius_2x_c095,topbrain,topcow_mr_002,175,80,120,40,5,3,0,1,4
radius_2x_c095,topbrain,topcow_mr_002,176,80,120,80,47,43,13,18,16
radius_2x_c095,topbrain,topcow_mr_002,177,80,120,120,38,33,7,20,11
radius_2x_c095,topbrain,topcow_mr_002,178,80,120,160,0,0,0,0,0
radius_2x_c095,topbrain,topcow_mr_002,179,80,120,184,0,0,0,0,0
radius_2x_c095,topbrain,topcow_mr_002,180,80,160,0,13,10,2,5,6
radius_2x_c095,topbrain,topcow_mr_002,181,80,160,40,11,9,0,7,4
radius_2x_c095,topbrain,topcow_mr_002,182,80,160,80,54,49,11,25,18
radius_2x_c095,topbrain,topcow_mr_002,183,80,160,120,52,49,9,29,14
radius_2x_c095,topbrain,topcow_mr_002,184,80,160,160,0,0,0,0,0
radius_2x_c095,topbrain,topcow_mr_002,185,80,160,184,0,0,0,0,0
radius_2x_c095,topbrain,topcow_mr_002,186,80,200,0,15,10,2,3,10
radius_2x_c095,topbrain,topcow_mr_002,187,80,200,40,4,3,0,2,2
radius_2x_c095,topbrain,topcow_mr_002,188,80,200,80,30,30,8,13,9
radius_2x_c095,topbrain,topcow_mr_002,189,80,200,120,49,54,17,24,8
radius_2x_c095,topbrain,topcow_mr_002,190,80,200,160,0,0,0,0,0
radius_2x_c095,topbrain,topcow_mr_002,191,80,200,184,0,0,0,0,0
radius_2x_c095,topbrain,topcow_mr_002,192,80,240,0,4,3,0,2,2
radius_2x_c095,topbrain,topcow_mr_002,193,80,240,40,0,0,0,0,0
radius_2x_c095,topbrain,topcow_mr_002,194,80,240,80,15,14,3,7,5
radius_2x_c095,topbrain,topcow_mr_002,195,80,240,120,26,24,3,16,7
radius_2x_c095,topbrain,topcow_mr_002,196,80,240,160,0,0,0,0,0
radius_2x_c095,topbrain,topcow_mr_002,197,80,240,184,0,0,0,0,0
radius_2x_c095,topbrain,topcow_mr_002,198,80,280,0,0,0,0,0,0
radius_2x_c095,topbrain,topcow_mr_002,199,80,280,40,0,0,0,0,0
radius_2x_c095,topbrain,topcow_mr_002,200,80,280,80,12,9,1,4,7
radius_2x_c095,topbrain,topcow_mr_002,201,80,280,120,18,16,1,12,5
radius_2x_c095,topbrain,topcow_mr_002,202,80,280,160,0,0,0,0,0
radius_2x_c095,topbrain,topcow_mr_002,203,80,280,184,0,0,0,0,0
radius_2x_c095,topbrain,topcow_mr_002,204,80,320,0,0,0,0,0,0
radius_2x_c095,topbrain,topcow_mr_002,205,80,320,40,0,0,0,0,0
radius_2x_c095,topbrain,topcow_mr_002,206,80,320,80,3,2,0,1,2
radius_2x_c095,topbrain,topcow_mr_002,207,80,320,120,3,2,0,1,2
radius_2x_c095,topbrain,topcow_mr_002,208,80,320,160,0,0,0,0,0
radius_2x_c095,topbrain,topcow_mr_002,209,80,320,184,0,0,0,0,0
radius_2x_c095,topbrain,topcow_mr_002,210,80,360,0,0,0,0,0,0
radius_2x_c095,topbrain,topcow_mr_002,211,80,360,40,0,0,0,0,0
radius_2x_c095,topbrain,topcow_mr_002,212,80,360,80,0,0,0,0,0
radius_2x_c095,topbrain,topcow_mr_002,213,80,360,120,0,0,0,0,0
radius_2x_c095,topbrain,topcow_mr_002,214,80,360,160,0,0,0,0,0
radius_2x_c095,topbrain,topcow_mr_002,215,80,360,184,0,0,0,0,0
radius_2x_c095,topbrain,topcow_mr_002,216,80,400,0,0,0,0,0,0
radius_2x_c095,topbrain,topcow_mr_002,217,80,400,40,0,0,0,0,0
radius_2x_c095,topbrain,topcow_mr_002,218,80,400,80,0,0,0,0,0
radius_2x_c095,topbrain,topcow_mr_002,219,80,400,120,0,0,0,0,0
radius_2x_c095,topbrain,topcow_mr_002,220,80,400,160,0,0,0,0,0
radius_2x_c095,topbrain,topcow_mr_002,221,80,400,184,0,0,0,0,0
radius_2x_c095,topbrain,topcow_mr_002,222,80,440,0,0,0,0,0,0
radius_2x_c095,topbrain,topcow_mr_002,223,80,440,40,0,0,0,0,0
radius_2x_c095,topbrain,topcow_mr_002,224,80,440,80,0,0,0,0,0
radius_2x_c095,topbrain,topcow_mr_002,225,80,440,120,0,0,0,0,0
radius_2x_c095,topbrain,topcow_mr_002,226,80,440,160,0,0,0,0,0
radius_2x_c095,topbrain,topcow_mr_002,227,80,440,184,0,0,0,0,0
radius_2x_c095,topbrain,topcow_mr_002,228,80,472,0,0,0,0,0,0
radius_2x_c095,topbrain,topcow_mr_002,229,80,472,40,0,0,0,0,0
radius_2x_c095,topbrain,topcow_mr_002,230,80,472,80,0,0,0,0,0
radius_2x_c095,topbrain,topcow_mr_002,231,80,472,120,0,0,0,0,0
radius_2x_c095,topbrain,topcow_mr_002,232,80,472,160,0,0,0,0,0
radius_2x_c095,topbrain,topcow_mr_002,233,80,472,184,0,0,0,0,0
radius_2x_c095,topbrain,topcow_mr_002,234,120,0,0,0,0,0,0,0
radius_2x_c095,topbrain,topcow_mr_002,235,120,0,40,0,0,0,0,0
radius_2x_c095,topbrain,topcow_mr_002,236,120,0,80,0,0,0,0,0
radius_2x_c095,topbrain,topcow_mr_002,237,120,0,120,0,0,0,0,0
radius_2x_c095,topbrain,topcow_mr_002,238,120,0,160,0,0,0,0,0
radius_2x_c095,topbrain,topcow_mr_002,239,120,0,184,0,0,0,0,0
radius_2x_c095,topbrain,topcow_mr_002,240,120,40,0,0,0,0,0,0
radius_2x_c095,topbrain,topcow_mr_002,241,120,40,40,0,0,0,0,0
radius_2x_c095,topbrain,topcow_mr_002,242,120,40,80,0,0,0,0,0
radius_2x_c095,topbrain,topcow_mr_002,243,120,40,120,0,0,0,0,0
radius_2x_c095,topbrain,topcow_mr_002,244,120,40,160,0,0,0,0,0
radius_2x_c095,topbrain,topcow_mr_002,245,120,40,184,0,0,0,0,0
radius_2x_c095,topbrain,topcow_mr_002,246,120,80,0,0,0,0,0,0
radius_2x_c095,topbrain,topcow_mr_002,247,120,80,40,0,0,0,0,0
radius_2x_c095,topbrain,topcow_mr_002,248,120,80,80,7,5,0,3,4
radius_2x_c095,topbrain,topcow_mr_002,249,120,80,120,0,0,0,0,0
radius_2x_c095,topbrain,topcow_mr_002,250,120,80,160,0,0,0,0,0
radius_2x_c095,topbrain,topcow_mr_002,251,120,80,184,0,0,0,0,0
radius_2x_c095,topbrain,topcow_mr_002,252,120,120,0,2,1,1,0,1
radius_2x_c095,topbrain,topcow_mr_002,253,120,120,40,4,3,0,2,2
radius_2x_c095,topbrain,topcow_mr_002,254,120,120,80,37,34,7,18,12
radius_2x_c095,topbrain,topcow_mr_002,255,120,120,120,22,19,1,14,7
radius_2x_c095,topbrain,topcow_mr_002,256,120,120,160,0,0,0,0,0
radius_2x_c095,topbrain,topcow_mr_002,257,120,120,184,0,0,0,0,0
radius_2x_c095,topbrain,topcow_mr_002,258,120,160,0,11,8,2,5,4
radius_2x_c095,topbrain,topcow_mr_002,259,120,160,40,14,10,0,6,8
radius_2x_c095,topbrain,topcow_mr_002,260,120,160,80,24,18,4,6,14
radius_2x_c095,topbrain,topcow_mr_002,261,120,160,120,11,9,0,7,4
radius_2x_c095,topbrain,topcow_mr_002,262,120,160,160,0,0,0,0,0
radius_2x_c095,topbrain,topcow_mr_002,263,120,160,184,0,0,0,0,0
radius_2x_c095,topbrain,topcow_mr_002,264,120,200,0,8,6,1,4,3
radius_2x_c095,topbrain,topcow_mr_002,265,120,200,40,13,10,0,7,6
radius_2x_c095,topbrain,topcow_mr_002,266,120,200,80,13,9,1,5,7
radius_2x_c095,topbrain,topcow_mr_002,267,120,200,120,3,2,0,1,2
radius_2x_c095,topbrain,topcow_mr_002,268,120,200,160,0,0,0,0,0
radius_2x_c095,topbrain,topcow_mr_002,269,120,200,184,0,0,0,0,0
radius_2x_c095,topbrain,topcow_mr_002,270,120,240,0,5,4,0,3,2
radius_2x_c095,topbrain,topcow_mr_002,271,120,240,40,13,11,1,7,5
radius_2x_c095,topbrain,topcow_mr_002,272,120,240,80,22,17,2,10,10
radius_2x_c095,topbrain,topcow_mr_002,273,120,240,120,5,3,0,1,4
radius_2x_c095,topbrain,topcow_mr_002,274,120,240,160,0,0,0,0,0
radius_2x_c095,topbrain,topcow_mr_002,275,120,240,184,0,0,0,0,0
radius_2x_c095,topbrain,topcow_mr_002,276,120,280,0,0,0,0,0,0
radius_2x_c095,topbrain,topcow_mr_002,277,120,280,40,8,6,1,2,5
radius_2x_c095,topbrain,topcow_mr_002,278,120,280,80,17,13,1,7,9
radius_2x_c095,topbrain,topcow_mr_002,279,120,280,120,5,4,0,3,2
radius_2x_c095,topbrain,topcow_mr_002,280,120,280,160,0,0,0,0,0
radius_2x_c095,topbrain,topcow_mr_002,281,120,280,184,0,0,0,0,0
radius_2x_c095,topbrain,topcow_mr_002,282,120,320,0,0,0,0,0,0
radius_2x_c095,topbrain,topcow_mr_002,283,120,320,40,0,0,0,0,0
radius_2x_c095,topbrain,topcow_mr_002,284,120,320,80,15,12,1,9,5
radius_2x_c095,topbrain,topcow_mr_002,285,120,320,120,3,2,0,1,2
radius_2x_c095,topbrain,topcow_mr_002,286,120,320,160,0,0,0,0,0
radius_2x_c095,topbrain,topcow_mr_002,287,120,320,184,0,0,0,0,0
radius_2x_c095,topbrain,topcow_mr_002,288,120,360,0,0,0,0,0,0
radius_2x_c095,topbrain,topcow_mr_002,289,120,360,40,0,0,0,0,0
radius_2x_c095,topbrain,topcow_mr_002,290,120,360,80,10,8,2,6,2
radius_2x_c095,topbrain,topcow_mr_002,291,120,360,120,0,0,0,0,0
radius_2x_c095,topbrain,topcow_mr_002,292,120,360,160,0,0,0,0,0
radius_2x_c095,topbrain,topcow_mr_002,293,120,360,184,0,0,0,0,0
radius_2x_c095,topbrain,topcow_mr_002,294,120,400,0,0,0,0,0,0
radius_2x_c095,topbrain,topcow_mr_002,295,120,400,40,0,0,0,0,0
radius_2x_c095,topbrain,topcow_mr_002,296,120,400,80,2,1,1,0,1
radius_2x_c095,topbrain,topcow_mr_002,297,120,400,120,0,0,0,0,0
radius_2x_c095,topbrain,topcow_mr_002,298,120,400,160,0,0,0,0,0
radius_2x_c095,topbrain,topcow_mr_002,299,120,400,184,0,0,0,0,0
radius_2x_c095,topbrain,topcow_mr_002,300,120,440,0,0,0,0,0,0
radius_2x_c095,topbrain,topcow_mr_002,301,120,440,40,0,0,0,0,0
radius_2x_c095,topbrain,topcow_mr_002,302,120,440,80,0,0,0,0,0
radius_2x_c095,topbrain,topcow_mr_002,303,120,440,120,0,0,0,0,0
radius_2x_c095,topbrain,topcow_mr_002,304,120,440,160,0,0,0,0,0
radius_2x_c095,topbrain,topcow_mr_002,305,120,440,184,0,0,0,0,0
radius_2x_c095,topbrain,topcow_mr_002,306,120,472,0,0,0,0,0,0
radius_2x_c095,topbrain,topcow_mr_002,307,120,472,40,0,0,0,0,0
radius_2x_c095,topbrain,topcow_mr_002,308,120,472,80,0,0,0,0,0
radius_2x_c095,topbrain,topcow_mr_002,309,120,472,120,0,0,0,0,0
radius_2x_c095,topbrain,topcow_mr_002,310,120,472,160,0,0,0,0,0
radius_2x_c095,topbrain,topcow_mr_002,311,120,472,184,0,0,0,0,0
radius_2x_c095,topbrain,topcow_mr_002,312,160,0,0,0,0,0,0,0
radius_2x_c095,topbrain,topcow_mr_002,313,160,0,40,0,0,0,0,0
radius_2x_c095,topbrain,topcow_mr_002,314,160,0,80,0,0,0,0,0
radius_2x_c095,topbrain,topcow_mr_002,315,160,0,120,0,0,0,0,0
radius_2x_c095,topbrain,topcow_mr_002,316,160,0,160,0,0,0,0,0
radius_2x_c095,topbrain,topcow_mr_002,317,160,0,184,0,0,0,0,0
radius_2x_c095,topbrain,topcow_mr_002,318,160,40,0,0,0,0,0,0
radius_2x_c095,topbrain,topcow_mr_002,319,160,40,40,0,0,0,0,0
radius_2x_c095,topbrain,topcow_mr_002,320,160,40,80,0,0,0,0,0
radius_2x_c095,topbrain,topcow_mr_002,321,160,40,120,0,0,0,0,0
radius_2x_c095,topbrain,topcow_mr_002,322,160,40,160,0,0,0,0,0
radius_2x_c095,topbrain,topcow_mr_002,323,160,40,184,0,0,0,0,0
radius_2x_c095,topbrain,topcow_mr_002,324,160,80,0,0,0,0,0,0
radius_2x_c095,topbrain,topcow_mr_002,325,160,80,40,0,0,0,0,0
radius_2x_c095,topbrain,topcow_mr_002,326,160,80,80,2,1,1,0,1
radius_2x_c095,topbrain,topcow_mr_002,327,160,80,120,9,8,2,2,5
radius_2x_c095,topbrain,topcow_mr_002,328,160,80,160,9,8,2,2,5
radius_2x_c095,topbrain,topcow_mr_002,329,160,80,184,0,0,0,0,0
radius_2x_c095,topbrain,topcow_mr_002,330,160,120,0,2,1,1,0,1
radius_2x_c095,topbrain,topcow_mr_002,331,160,120,40,5,4,1,1,3
radius_2x_c095,topbrain,topcow_mr_002,332,160,120,80,11,9,2,5,4
radius_2x_c095,topbrain,topcow_mr_002,333,160,120,120,11,11,3,4,4
radius_2x_c095,topbrain,topcow_mr_002,334,160,120,160,11,11,3,4,4
radius_2x_c095,topbrain,topcow_mr_002,335,160,120,184,0,0,0,0,0
radius_2x_c095,topbrain,topcow_mr_002,336,160,160,0,4,2,2,0,2
radius_2x_c095,topbrain,topcow_mr_002,337,160,160,40,26,23,5,10,11
radius_2x_c095,topbrain,topcow_mr_002,338,160,160,80,28,28,7,14,7
radius_2x_c095,topbrain,topcow_mr_002,339,160,160,120,0,0,0,0,0
radius_2x_c095,topbrain,topcow_mr_002,340,160,160,160,0,0,0,0,0
radius_2x_c095,topbrain,topcow_mr_002,341,160,160,184,0,0,0,0,0
radius_2x_c095,topbrain,topcow_mr_002,342,160,200,0,19,15,4,6,9
radius_2x_c095,topbrain,topcow_mr_002,343,160,200,40,42,38,9,17,16
radius_2x_c095,topbrain,topcow_mr_002,344,160,200,80,28,25,4,14,10
radius_2x_c095,topbrain,topcow_mr_002,345,160,200,120,0,0,0,0,0
radius_2x_c095,topbrain,topcow_mr_002,346,160,200,160,0,0,0,0,0
radius_2x_c095,topbrain,topcow_mr_002,347,160,200,184,0,0,0,0,0
radius_2x_c095,topbrain,topcow_mr_002,348,160,240,0,19,15,1,11,7
radius_2x_c095,topbrain,topcow_mr_002,349,160,240,40,30,26,4,18,8
radius_2x_c095,topbrain,topcow_mr_002,350,160,240,80,23,20,3,13,7
radius_2x_c095,topbrain,topcow_mr_002,351,160,240,120,0,0,0,0,0
radius_2x_c095,topbrain,topcow_mr_002,352,160,240,160,0,0,0,0,0
radius_2x_c095,topbrain,topcow_mr_002,353,160,240,184,0,0,0,0,0
radius_2x_c095,topbrain,topcow_mr_002,354,160,280,0,5,4,0,3,2
radius_2x_c095,topbrain,topcow_mr_002,355,160,280,40,18,15,3,10,5
radius_2x_c095,topbrain,topcow_mr_002,356,160,280,80,22,19,3,14,5
radius_2x_c095,topbrain,topcow_mr_002,357,160,280,120,0,0,0,0,0
radius_2x_c095,topbrain,topcow_mr_002,358,160,280,160,0,0,0,0,0
radius_2x_c095,topbrain,topcow_mr_002,359,160,280,184,0,0,0,0,0
radius_2x_c095,topbrain,topcow_mr_002,360,160,320,0,0,0,0,0,0
radius_2x_c095,topbrain,topcow_mr_002,361,160,320,40,0,0,0,0,0
radius_2x_c095,topbrain,topcow_mr_002,362,160,320,80,12,11,2,8,2
radius_2x_c095,topbrain,topcow_mr_002,363,160,320,120,0,0,0,0,0
radius_2x_c095,topbrain,topcow_mr_002,364,160,320,160,0,0,0,0,0
radius_2x_c095,topbrain,topcow_mr_002,365,160,320,184,0,0,0,0,0
radius_2x_c095,topbrain,topcow_mr_002,366,160,360,0,0,0,0,0,0
radius_2x_c095,topbrain,topcow_mr_002,367,160,360,40,0,0,0,0,0
radius_2x_c095,topbrain,topcow_mr_002,368,160,360,80,6,4,1,2,3
radius_2x_c095,topbrain,topcow_mr_002,369,160,360,120,0,0,0,0,0
radius_2x_c095,topbrain,topcow_mr_002,370,160,360,160,0,0,0,0,0
radius_2x_c095,topbrain,topcow_mr_002,371,160,360,184,0,0,0,0,0
radius_2x_c095,topbrain,topcow_mr_002,372,160,400,0,0,0,0,0,0
radius_2x_c095,topbrain,topcow_mr_002,373,160,400,40,0,0,0,0,0
radius_2x_c095,topbrain,topcow_mr_002,374,160,400,80,0,0,0,0,0
radius_2x_c095,topbrain,topcow_mr_002,375,160,400,120,0,0,0,0,0
radius_2x_c095,topbrain,topcow_mr_002,376,160,400,160,0,0,0,0,0
radius_2x_c095,topbrain,topcow_mr_002,377,160,400,184,0,0,0,0,0
radius_2x_c095,topbrain,topcow_mr_002,378,160,440,0,0,0,0,0,0
radius_2x_c095,topbrain,topcow_mr_002,379,160,440,40,0,0,0,0,0
radius_2x_c095,topbrain,topcow_mr_002,380,160,440,80,0,0,0,0,0
radius_2x_c095,topbrain,topcow_mr_002,381,160,440,120,0,0,0,0,0
radius_2x_c095,topbrain,topcow_mr_002,382,160,440,160,0,0,0,0,0
radius_2x_c095,topbrain,topcow_mr_002,383,160,440,184,0,0,0,0,0
radius_2x_c095,topbrain,topcow_mr_002,384,160,472,0,0,0,0,0,0
radius_2x_c095,topbrain,topcow_mr_002,385,160,472,40,0,0,0,0,0
radius_2x_c095,topbrain,topcow_mr_002,386,160,472,80,0,0,0,0,0
radius_2x_c095,topbrain,topcow_mr_002,387,160,472,120,0,0,0,0,0
radius_2x_c095,topbrain,topcow_mr_002,388,160,472,160,0,0,0,0,0
radius_2x_c095,topbrain,topcow_mr_002,389,160,472,184,0,0,0,0,0
radius_2x_c095,topbrain,topcow_mr_002,390,200,0,0,0,0,0,0,0
radius_2x_c095,topbrain,topcow_mr_002,391,200,0,40,0,0,0,0,0
radius_2x_c095,topbrain,topcow_mr_002,392,200,0,80,0,0,0,0,0
radius_2x_c095,topbrain,topcow_mr_002,393,200,0,120,0,0,0,0,0
radius_2x_c095,topbrain,topcow_mr_002,394,200,0,160,0,0,0,0,0
radius_2x_c095,topbrain,topcow_mr_002,395,200,0,184,0,0,0,0,0
radius_2x_c095,topbrain,topcow_mr_002,396,200,40,0,0,0,0,0,0
radius_2x_c095,topbrain,topcow_mr_002,397,200,40,40,0,0,0,0,0
radius_2x_c095,topbrain,topcow_mr_002,398,200,40,80,0,0,0,0,0
radius_2x_c095,topbrain,topcow_mr_002,399,200,40,120,0,0,0,0,0
radius_2x_c095,topbrain,topcow_mr_002,400,200,40,160,0,0,0,0,0
radius_2x_c095,topbrain,topcow_mr_002,401,200,40,184,0,0,0,0,0
radius_2x_c095,topbrain,topcow_mr_002,402,200,80,0,0,0,0,0,0
radius_2x_c095,topbrain,topcow_mr_002,403,200,80,40,0,0,0,0,0
radius_2x_c095,topbrain,topcow_mr_002,404,200,80,80,0,0,0,0,0
radius_2x_c095,topbrain,topcow_mr_002,405,200,80,120,34,41,18,11,5
radius_2x_c095,topbrain,topcow_mr_002,406,200,80,160,26,30,12,9,5
radius_2x_c095,topbrain,topcow_mr_002,407,200,80,184,0,0,0,0,0
radius_2x_c095,topbrain,topcow_mr_002,408,200,120,0,0,0,0,0,0
radius_2x_c095,topbrain,topcow_mr_002,409,200,120,40,5,4,1,1,3
radius_2x_c095,topbrain,topcow_mr_002,410,200,120,80,18,17,3,9,6
radius_2x_c095,topbrain,topcow_mr_002,411,200,120,120,38,48,21,15,2
radius_2x_c095,topbrain,topcow_mr_002,412,200,120,160,26,32,13,11,2
radius_2x_c095,topbrain,topcow_mr_002,413,200,120,184,0,0,0,0,0
radius_2x_c095,topbrain,topcow_mr_002,414,200,160,0,0,0,0,0,0
radius_2x_c095,topbrain,topcow_mr_002,415,200,160,40,29,27,7,11,11
radius_2x_c095,topbrain,topcow_mr_002,416,200,160,80,43,42,11,18,14
radius_2x_c095,topbrain,topcow_mr_002,417,200,160,120,6,5,1,2,3
radius_2x_c095,topbrain,topcow_mr_002,418,200,160,160,0,0,0,0,0
radius_2x_c095,topbrain,topcow_mr_002,419,200,160,184,0,0,0,0,0
radius_2x_c095,topbrain,topcow_mr_002,420,200,200,0,23,21,5,12,6
radius_2x_c095,topbrain,topcow_mr_002,421,200,200,40,41,39,10,20,11
radius_2x_c095,topbrain,topcow_mr_002,422,200,200,80,24,23,7,10,7
radius_2x_c095,topbrain,topcow_mr_002,423,200,200,120,0,0,0,0,0
radius_2x_c095,topbrain,topcow_mr_002,424,200,200,160,0,0,0,0,0
radius_2x_c095,topbrain,topcow_mr_002,425,200,200,184,0,0,0,0,0
radius_2x_c095,topbrain,topcow_mr_002,426,200,240,0,31,25,4,15,12
radius_2x_c095,topbrain,topcow_mr_002,427,200,240,40,25,17,1,9,15
radius_2x_c095,topbrain,topcow_mr_002,428,200,240,80,4,3,0,2,2
radius_2x_c095,topbrain,topcow_mr_002,429,200,240,120,0,0,0,0,0
radius_2x_c095,topbrain,topcow_mr_002,430,200,240,160,0,0,0,0,0
radius_2x_c095,topbrain,topcow_mr_002,431,200,240,184,0,0,0,0,0
radius_2x_c095,topbrain,topcow_mr_002,432,200,280,0,34,36,11,20,3
radius_2x_c095,topbrain,topcow_mr_002,433,200,280,40,39,38,10,21,8
radius_2x_c095,topbrain,topcow_mr_002,434,200,280,80,19,16,2,11,6
radius_2x_c095,topbrain,topcow_mr_002,435,200,280,120,0,0,0,0,0
radius_2x_c095,topbrain,topcow_mr_002,436,200,280,160,0,0,0,0,0
radius_2x_c095,topbrain,topcow_mr_002,437,200,280,184,0,0,0,0,0
radius_2x_c095,topbrain,topcow_mr_002,438,200,320,0,17,16,5,9,3
radius_2x_c095,topbrain,topcow_mr_002,439,200,320,40,20,18,5,10,5
radius_2x_c095,topbrain,topcow_mr_002,440,200,320,80,12,9,0,6,6
radius_2x_c095,topbrain,topcow_mr_002,441,200,320,120,0,0,0,0,0
radius_2x_c095,topbrain,topcow_mr_002,442,200,320,160,0,0,0,0,0
radius_2x_c095,topbrain,topcow_mr_002,443,200,320,184,0,0,0,0,0
radius_2x_c095,topbrain,topcow_mr_002,444,200,360,0,0,0,0,0,0
radius_2x_c095,topbrain,topcow_mr_002,445,200,360,40,0,0,0,0,0
radius_2x_c095,topbrain,topcow_mr_002,446,200,360,80,0,0,0,0,0
radius_2x_c095,topbrain,topcow_mr_002,447,200,360,120,0,0,0,0,0
radius_2x_c095,topbrain,topcow_mr_002,448,200,360,160,0,0,0,0,0
radius_2x_c095,topbrain,topcow_mr_002,449,200,360,184,0,0,0,0,0
radius_2x_c095,topbrain,topcow_mr_002,450,200,400,0,0,0,0,0,0
radius_2x_c095,topbrain,topcow_mr_002,451,200,400,40,0,0,0,0,0
radius_2x_c095,topbrain,topcow_mr_002,452,200,400,80,0,0,0,0,0
radius_2x_c095,topbrain,topcow_mr_002,453,200,400,120,0,0,0,0,0
radius_2x_c095,topbrain,topcow_mr_002,454,200,400,160,0,0,0,0,0
radius_2x_c095,topbrain,topcow_mr_002,455,200,400,184,0,0,0,0,0
radius_2x_c095,topbrain,topcow_mr_002,456,200,440,0,0,0,0,0,0
radius_2x_c095,topbrain,topcow_mr_002,457,200,440,40,0,0,0,0,0
radius_2x_c095,topbrain,topcow_mr_002,458,200,440,80,0,0,0,0,0
radius_2x_c095,topbrain,topcow_mr_002,459,200,440,120,0,0,0,0,0
radius_2x_c095,topbrain,topcow_mr_002,460,200,440,160,0,0,0,0,0
radius_2x_c095,topbrain,topcow_mr_002,461,200,440,184,0,0,0,0,0
radius_2x_c095,topbrain,topcow_mr_002,462,200,472,0,0,0,0,0,0
radius_2x_c095,topbrain,topcow_mr_002,463,200,472,40,0,0,0,0,0
radius_2x_c095,topbrain,topcow_mr_002,464,200,472,80,0,0,0,0,0
radius_2x_c095,topbrain,topcow_mr_002,465,200,472,120,0,0,0,0,0
radius_2x_c095,topbrain,topcow_mr_002,466,200,472,160,0,0,0,0,0
radius_2x_c095,topbrain,topcow_mr_002,467,200,472,184,0,0,0,0,0
radius_2x_c095,topbrain,topcow_mr_002,468,240,0,0,0,0,0,0,0
radius_2x_c095,topbrain,topcow_mr_002,469,240,0,40,0,0,0,0,0
radius_2x_c095,topbrain,topcow_mr_002,470,240,0,80,0,0,0,0,0
radius_2x_c095,topbrain,topcow_mr_002,471,240,0,120,0,0,0,0,0
radius_2x_c095,topbrain,topcow_mr_002,472,240,0,160,0,0,0,0,0
radius_2x_c095,topbrain,topcow_mr_002,473,240,0,184,0,0,0,0,0
radius_2x_c095,topbrain,topcow_mr_002,474,240,40,0,0,0,0,0,0
radius_2x_c095,topbrain,topcow_mr_002,475,240,40,40,0,0,0,0,0
radius_2x_c095,topbrain,topcow_mr_002,476,240,40,80,0,0,0,0,0
radius_2x_c095,topbrain,topcow_mr_002,477,240,40,120,0,0,0,0,0
radius_2x_c095,topbrain,topcow_mr_002,478,240,40,160,0,0,0,0,0
radius_2x_c095,topbrain,topcow_mr_002,479,240,40,184,0,0,0,0,0
radius_2x_c095,topbrain,topcow_mr_002,480,240,80,0,0,0,0,0,0
radius_2x_c095,topbrain,topcow_mr_002,481,240,80,40,0,0,0,0,0
radius_2x_c095,topbrain,topcow_mr_002,482,240,80,80,2,1,1,0,1
radius_2x_c095,topbrain,topcow_mr_002,483,240,80,120,7,6,2,1,4
radius_2x_c095,topbrain,topcow_mr_002,484,240,80,160,0,0,0,0,0
radius_2x_c095,topbrain,topcow_mr_002,485,240,80,184,0,0,0,0,0
radius_2x_c095,topbrain,topcow_mr_002,486,240,120,0,0,0,0,0,0
radius_2x_c095,topbrain,topcow_mr_002,487,240,120,40,9,7,3,1,5
radius_2x_c095,topbrain,topcow_mr_002,488,240,120,80,12,9,4,2,6
radius_2x_c095,topbrain,topcow_mr_002,489,240,120,120,9,8,3,1,5
radius_2x_c095,topbrain,topcow_mr_002,490,240,120,160,0,0,0,0,0
radius_2x_c095,topbrain,topcow_mr_002,491,240,120,184,0,0,0,0,0
radius_2x_c095,topbrain,topcow_mr_002,492,240,160,0,0,0,0,0,0
radius_2x_c095,topbrain,topcow_mr_002,493,240,160,40,21,16,1,9,11
radius_2x_c095,topbrain,topcow_mr_002,494,240,160,80,29,26,5,13,11
radius_2x_c095,topbrain,topcow_mr_002,495,240,160,120,2,1,0,0,2
radius_2x_c095,topbrain,topcow_mr_002,496,240,160,160,0,0,0,0,0
radius_2x_c095,topbrain,topcow_mr_002,497,240,160,184,0,0,0,0,0
radius_2x_c095,topbrain,topcow_mr_002,498,240,200,0,11,9,1,5,5
radius_2x_c095,topbrain,topcow_mr_002,499,240,200,40,25,21,2,13,10
radius_2x_c095,topbrain,topcow_mr_002,500,240,200,80,27,24,5,13,9
radius_2x_c095,topbrain,topcow_mr_002,501,240,200,120,0,0,0,0,0
radius_2x_c095,topbrain,topcow_mr_002,502,240,200,160,0,0,0,0,0
radius_2x_c095,topbrain,topcow_mr_002,503,240,200,184,0,0,0,0,0
radius_2x_c095,topbrain,topcow_mr_002,504,240,240,0,21,22,4,14,3
radius_2x_c095,topbrain,topcow_mr_002,505,240,240,40,37,33,4,23,10
radius_2x_c095,topbrain,topcow_mr_002,506,240,240,80,25,21,3,15,7
radius_2x_c095,topbrain,topcow_mr_002,507,240,240,120,0,0,0,0,0
radius_2x_c095,topbrain,topcow_mr_002,508,240,240,160,0,0,0,0,0
radius_2x_c095,topbrain,topcow_mr_002,509,240,240,184,0,0,0,0,0
radius_2x_c095,topbrain,topcow_mr_002,510,240,280,0,17,15,0,13,4
radius_2x_c095,topbrain,topcow_mr_002,511,240,280,40,33,27,2,21,10
radius_2x_c095,topbrain,topcow_mr_002,512,240,280,80,27,23,4,17,6
radius_2x_c095,topbrain,topcow_mr_002,513,240,280,120,0,0,0,0,0
radius_2x_c095,topbrain,topcow_mr_002,514,240,280,160,0,0,0,0,0
radius_2x_c095,topbrain,topcow_mr_002,515,240,280,184,0,0,0,0,0
radius_2x_c095,topbrain,topcow_mr_002,516,240,320,0,7,6,1,5,1
radius_2x_c095,topbrain,topcow_mr_002,517,240,320,40,20,16,3,12,5
radius_2x_c095,topbrain,topcow_mr_002,518,240,320,80,22,19,2,16,4
radius_2x_c095,topbrain,topcow_mr_002,519,240,320,120,0,0,0,0,0
radius_2x_c095,topbrain,topcow_mr_002,520,240,320,160,0,0,0,0,0
radius_2x_c095,topbrain,topcow_mr_002,521,240,320,184,0,0,0,0,0
radius_2x_c095,topbrain,topcow_mr_002,522,240,360,0,0,0,0,0,0
radius_2x_c095,topbrain,topcow_mr_002,523,240,360,40,6,5,1,4,1
radius_2x_c095,topbrain,topcow_mr_002,524,240,360,80,6,5,1,4,1
radius_2x_c095,topbrain,topcow_mr_002,525,240,360,120,0,0,0,0,0
radius_2x_c095,topbrain,topcow_mr_002,526,240,360,160,0,0,0,0,0
radius_2x_c095,topbrain,topcow_mr_002,527,240,360,184,0,0,0,0,0
radius_2x_c095,topbrain,topcow_mr_002,528,240,400,0,0,0,0,0,0
radius_2x_c095,topbrain,topcow_mr_002,529,240,400,40,0,0,0,0,0
radius_2x_c095,topbrain,topcow_mr_002,530,240,400,80,0,0,0,0,0
radius_2x_c095,topbrain,topcow_mr_002,531,240,400,120,0,0,0,0,0
radius_2x_c095,topbrain,topcow_mr_002,532,240,400,160,0,0,0,0,0
radius_2x_c095,topbrain,topcow_mr_002,533,240,400,184,0,0,0,0,0
radius_2x_c095,topbrain,topcow_mr_002,534,240,440,0,0,0,0,0,0
radius_2x_c095,topbrain,topcow_mr_002,535,240,440,40,0,0,0,0,0
radius_2x_c095,topbrain,topcow_mr_002,536,240,440,80,0,0,0,0,0
radius_2x_c095,topbrain,topcow_mr_002,537,240,440,120,0,0,0,0,0
radius_2x_c095,topbrain,topcow_mr_002,538,240,440,160,0,0,0,0,0
radius_2x_c095,topbrain,topcow_mr_002,539,240,440,184,0,0,0,0,0
radius_2x_c095,topbrain,topcow_mr_002,540,240,472,0,0,0,0,0,0
radius_2x_c095,topbrain,topcow_mr_002,541,240,472,40,0,0,0,0,0
radius_2x_c095,topbrain,topcow_mr_002,542,240,472,80,0,0,0,0,0
radius_2x_c095,topbrain,topcow_mr_002,543,240,472,120,0,0,0,0,0
radius_2x_c095,topbrain,topcow_mr_002,544,240,472,160,0,0,0,0,0
radius_2x_c095,topbrain,topcow_mr_002,545,240,472,184,0,0,0,0,0
radius_2x_c095,topbrain,topcow_mr_002,546,280,0,0,0,0,0,0,0
radius_2x_c095,topbrain,topcow_mr_002,547,280,0,40,0,0,0,0,0
radius_2x_c095,topbrain,topcow_mr_002,548,280,0,80,0,0,0,0,0
radius_2x_c095,topbrain,topcow_mr_002,549,280,0,120,0,0,0,0,0
radius_2x_c095,topbrain,topcow_mr_002,550,280,0,160,0,0,0,0,0
radius_2x_c095,topbrain,topcow_mr_002,551,280,0,184,0,0,0,0,0
radius_2x_c095,topbrain,topcow_mr_002,552,280,40,0,0,0,0,0,0
radius_2x_c095,topbrain,topcow_mr_002,553,280,40,40,0,0,0,0,0
radius_2x_c095,topbrain,topcow_mr_002,554,280,40,80,0,0,0,0,0
radius_2x_c095,topbrain,topcow_mr_002,555,280,40,120,0,0,0,0,0
radius_2x_c095,topbrain,topcow_mr_002,556,280,40,160,0,0,0,0,0
radius_2x_c095,topbrain,topcow_mr_002,557,280,40,184,0,0,0,0,0
radius_2x_c095,topbrain,topcow_mr_002,558,280,80,0,0,0,0,0,0
radius_2x_c095,topbrain,topcow_mr_002,559,280,80,40,0,0,0,0,0
radius_2x_c095,topbrain,topcow_mr_002,560,280,80,80,2,1,1,0,1
radius_2x_c095,topbrain,topcow_mr_002,561,280,80,120,0,0,0,0,0
radius_2x_c095,topbrain,topcow_mr_002,562,280,80,160,0,0,0,0,0
radius_2x_c095,topbrain,topcow_mr_002,563,280,80,184,0,0,0,0,0
radius_2x_c095,topbrain,topcow_mr_002,564,280,120,0,4,2,1,0,3
radius_2x_c095,topbrain,topcow_mr_002,565,280,120,40,8,5,1,2,5
radius_2x_c095,topbrain,topcow_mr_002,566,280,120,80,36,32,8,15,13
radius_2x_c095,topbrain,topcow_mr_002,567,280,120,120,27,25,3,16,8
radius_2x_c095,topbrain,topcow_mr_002,568,280,120,160,3,2,0,1,2
radius_2x_c095,topbrain,topcow_mr_002,569,280,120,184,0,0,0,0,0
radius_2x_c095,topbrain,topcow_mr_002,570,280,160,0,8,5,2,2,4
radius_2x_c095,topbrain,topcow_mr_002,571,280,160,40,17,11,0,5,12
radius_2x_c095,topbrain,topcow_mr_002,572,280,160,80,42,38,8,17,17
radius_2x_c095,topbrain,topcow_mr_002,573,280,160,120,18,16,3,7,8
radius_2x_c095,topbrain,topcow_mr_002,574,280,160,160,0,0,0,0,0
radius_2x_c095,topbrain,topcow_mr_002,575,280,160,184,0,0,0,0,0
radius_2x_c095,topbrain,topcow_mr_002,576,280,200,0,15,11,2,5,8
radius_2x_c095,topbrain,topcow_mr_002,577,280,200,40,23,16,1,7,15
radius_2x_c095,topbrain,topcow_mr_002,578,280,200,80,21,17,2,9,10
radius_2x_c095,topbrain,topcow_mr_002,579,280,200,120,0,0,0,0,0
radius_2x_c095,topbrain,topcow_mr_002,580,280,200,160,0,0,0,0,0
radius_2x_c095,topbrain,topcow_mr_002,581,280,200,184,0,0,0,0,0
radius_2x_c095,topbrain,topcow_mr_002,582,280,240,0,13,14,4,6,3
radius_2x_c095,topbrain,topcow_mr_002,583,280,240,40,25,22,3,13,9
radius_2x_c095,topbrain,topcow_mr_002,584,280,240,80,24,21,2,16,6
radius_2x_c095,topbrain,topcow_mr_002,585,280,240,120,3,2,0,1,2
radius_2x_c095,topbrain,topcow_mr_002,586,280,240,160,0,0,0,0,0
radius_2x_c095,topbrain,topcow_mr_002,587,280,240,184,0,0,0,0,0
radius_2x_c095,topbrain,topcow_mr_002,588,280,280,0,0,0,0,0,0
radius_2x_c095,topbrain,topcow_mr_002,589,280,280,40,9,6,1,3,5
radius_2x_c095,topbrain,topcow_mr_002,590,280,280,80,16,11,2,6,8
radius_2x_c095,topbrain,topcow_mr_002,591,280,280,120,2,1,0,0,2
radius_2x_c095,topbrain,topcow_mr_002,592,280,280,160,0,0,0,0,0
radius_2x_c095,topbrain,topcow_mr_002,593,280,280,184,0,0,0,0,0
radius_2x_c095,topbrain,topcow_mr_002,594,280,320,0,0,0,0,0,0
radius_2x_c095,topbrain,topcow_mr_002,595,280,320,40,9,7,2,5,2
radius_2x_c095,topbrain,topcow_mr_002,596,280,320,80,18,15,3,12,3
radius_2x_c095,topbrain,topcow_mr_002,597,280,320,120,0,0,0,0,0
radius_2x_c095,topbrain,topcow_mr_002,598,280,320,160,0,0,0,0,0
radius_2x_c095,topbrain,topcow_mr_002,599,280,320,184,0,0,0,0,0
radius_2x_c095,topbrain,topcow_mr_002,600,280,360,0,0,0,0,0,0
radius_2x_c095,topbrain,topcow_mr_002,601,280,360,40,6,5,1,4,1
radius_2x_c095,topbrain,topcow_mr_002,602,280,360,80,8,6,2,4,2
radius_2x_c095,topbrain,topcow_mr_002,603,280,360,120,0,0,0,0,0
radius_2x_c095,topbrain,topcow_mr_002,604,280,360,160,0,0,0,0,0
radius_2x_c095,topbrain,topcow_mr_002,605,280,360,184,0,0,0,0,0
radius_2x_c095,topbrain,topcow_mr_002,606,280,400,0,0,0,0,0,0
radius_2x_c095,topbrain,topcow_mr_002,607,280,400,40,0,0,0,0,0
radius_2x_c095,topbrain,topcow_mr_002,608,280,400,80,0,0,0,0,0
radius_2x_c095,topbrain,topcow_mr_002,609,280,400,120,0,0,0,0,0
radius_2x_c095,topbrain,topcow_mr_002,610,280,400,160,0,0,0,0,0
radius_2x_c095,topbrain,topcow_mr_002,611,280,400,184,0,0,0,0,0
radius_2x_c095,topbrain,topcow_mr_002,612,280,440,0,0,0,0,0,0
radius_2x_c095,topbrain,topcow_mr_002,613,280,440,40,0,0,0,0,0
radius_2x_c095,topbrain,topcow_mr_002,614,280,440,80,0,0,0,0,0
radius_2x_c095,topbrain,topcow_mr_002,615,280,440,120,0,0,0,0,0
radius_2x_c095,topbrain,topcow_mr_002,616,280,440,160,0,0,0,0,0
radius_2x_c095,topbrain,topcow_mr_002,617,280,440,184,0,0,0,0,0
radius_2x_c095,topbrain,topcow_mr_002,618,280,472,0,0,0,0,0,0
radius_2x_c095,topbrain,topcow_mr_002,619,280,472,40,0,0,0,0,0
radius_2x_c095,topbrain,topcow_mr_002,620,280,472,80,0,0,0,0,0
radius_2x_c095,topbrain,topcow_mr_002,621,280,472,120,0,0,0,0,0
radius_2x_c095,topbrain,topcow_mr_002,622,280,472,160,0,0,0,0,0
radius_2x_c095,topbrain,topcow_mr_002,623,280,472,184,0,0,0,0,0
radius_2x_c095,topbrain,topcow_mr_002,624,320,0,0,0,0,0,0,0
radius_2x_c095,topbrain,topcow_mr_002,625,320,0,40,0,0,0,0,0
radius_2x_c095,topbrain,topcow_mr_002,626,320,0,80,0,0,0,0,0
radius_2x_c095,topbrain,topcow_mr_002,627,320,0,120,0,0,0,0,0
radius_2x_c095,topbrain,topcow_mr_002,628,320,0,160,0,0,0,0,0
radius_2x_c095,topbrain,topcow_mr_002,629,320,0,184,0,0,0,0,0
radius_2x_c095,topbrain,topcow_mr_002,630,320,40,0,0,0,0,0,0
radius_2x_c095,topbrain,topcow_mr_002,631,320,40,40,0,0,0,0,0
radius_2x_c095,topbrain,topcow_mr_002,632,320,40,80,0,0,0,0,0
radius_2x_c095,topbrain,topcow_mr_002,633,320,40,120,0,0,0,0,0
radius_2x_c095,topbrain,topcow_mr_002,634,320,40,160,0,0,0,0,0
radius_2x_c095,topbrain,topcow_mr_002,635,320,40,184,0,0,0,0,0
radius_2x_c095,topbrain,topcow_mr_002,636,320,80,0,0,0,0,0,0
radius_2x_c095,topbrain,topcow_mr_002,637,320,80,40,5,4,0,3,2
radius_2x_c095,topbrain,topcow_mr_002,638,320,80,80,5,4,0,3,2
radius_2x_c095,topbrain,topcow_mr_002,639,320,80,120,6,5,0,4,2
radius_2x_c095,topbrain,topcow_mr_002,640,320,80,160,6,5,0,4,2
radius_2x_c095,topbrain,topcow_mr_002,641,320,80,184,0,0,0,0,0
radius_2x_c095,topbrain,topcow_mr_002,642,320,120,0,11,8,2,5,4
radius_2x_c095,topbrain,topcow_mr_002,643,320,120,40,16,15,1,12,3
radius_2x_c095,topbrain,topcow_mr_002,644,320,120,80,69,72,20,34,15
radius_2x_c095,topbrain,topcow_mr_002,645,320,120,120,61,59,10,38,13
radius_2x_c095,topbrain,topcow_mr_002,646,320,120,160,13,12,1,9,3
radius_2x_c095,topbrain,topcow_mr_002,647,320,120,184,0,0,0,0,0
radius_2x_c095,topbrain,topcow_mr_002,648,320,160,0,15,11,3,7,5
radius_2x_c095,topbrain,topcow_mr_002,649,320,160,40,12,10,0,8,4
radius_2x_c095,topbrain,topcow_mr_002,650,320,160,80,66,65,18,28,20
radius_2x_c095,topbrain,topcow_mr_002,651,320,160,120,56,52,12,26,18
radius_2x_c095,topbrain,topcow_mr_002,652,320,160,160,0,0,0,0,0
radius_2x_c095,topbrain,topcow_mr_002,653,320,160,184,0,0,0,0,0
radius_2x_c095,topbrain,topcow_mr_002,654,320,200,0,7,5,1,3,3
radius_2x_c095,topbrain,topcow_mr_002,655,320,200,40,4,3,0,2,2
radius_2x_c095,topbrain,topcow_mr_002,656,320,200,80,22,18,1,11,10
radius_2x_c095,topbrain,topcow_mr_002,657,320,200,120,30,26,2,19,9
radius_2x_c095,topbrain,topcow_mr_002,658,320,200,160,0,0,0,0,0
radius_2x_c095,topbrain,topcow_mr_002,659,320,200,184,0,0,0,0,0
radius_2x_c095,topbrain,topcow_mr_002,660,320,240,0,4,3,0,2,2
radius_2x_c095,topbrain,topcow_mr_002,661,320,240,40,0,0,0,0,0
radius_2x_c095,topbrain,topcow_mr_002,662,320,240,80,16,13,0,10,6
radius_2x_c095,topbrain,topcow_mr_002,663,320,240,120,28,26,4,20,4
radius_2x_c095,topbrain,topcow_mr_002,664,320,240,160,0,0,0,0,0
radius_2x_c095,topbrain,topcow_mr_002,665,320,240,184,0,0,0,0,0
radius_2x_c095,topbrain,topcow_mr_002,666,320,280,0,0,0,0,0,0
radius_2x_c095,topbrain,topcow_mr_002,667,320,280,40,0,0,0,0,0
radius_2x_c095,topbrain,topcow_mr_002,668,320,280,80,13,10,4,7,2
radius_2x_c095,topbrain,topcow_mr_002,669,320,280,120,20,16,7,10,3
radius_2x_c095,topbrain,topcow_mr_002,670,320,280,160,0,0,0,0,0
radius_2x_c095,topbrain,topcow_mr_002,671,320,280,184,0,0,0,0,0
radius_2x_c095,topbrain,topcow_mr_002,672,320,320,0,0,0,0,0,0
radius_2x_c095,topbrain,topcow_mr_002,673,320,320,40,0,0,0,0,0
radius_2x_c095,topbrain,topcow_mr_002,674,320,320,80,10,6,4,2,4
radius_2x_c095,topbrain,topcow_mr_002,675,320,320,120,7,4,3,1,3
radius_2x_c095,topbrain,topcow_mr_002,676,320,320,160,0,0,0,0,0
radius_2x_c095,topbrain,topcow_mr_002,677,320,320,184,0,0,0,0,0
radius_2x_c095,topbrain,topcow_mr_002,678,320,360,0,0,0,0,0,0
radius_2x_c095,topbrain,topcow_mr_002,679,320,360,40,0,0,0,0,0
radius_2x_c095,topbrain,topcow_mr_002,680,320,360,80,2,1,1,0,1
radius_2x_c095,topbrain,topcow_mr_002,681,320,360,120,0,0,0,0,0
radius_2x_c095,topbrain,topcow_mr_002,682,320,360,160,0,0,0,0,0
radius_2x_c095,topbrain,topcow_mr_002,683,320,360,184,0,0,0,0,0
radius_2x_c095,topbrain,topcow_mr_002,684,320,400,0,0,0,0,0,0
radius_2x_c095,topbrain,topcow_mr_002,685,320,400,40,0,0,0,0,0
radius_2x_c095,topbrain,topcow_mr_002,686,320,400,80,0,0,0,0,0
radius_2x_c095,topbrain,topcow_mr_002,687,320,400,120,0,0,0,0,0
radius_2x_c095,topbrain,topcow_mr_002,688,320,400,160,0,0,0,0,0
radius_2x_c095,topbrain,topcow_mr_002,689,320,400,184,0,0,0,0,0
radius_2x_c095,topbrain,topcow_mr_002,690,320,440,0,0,0,0,0,0
radius_2x_c095,topbrain,topcow_mr_002,691,320,440,40,0,0,0,0,0
radius_2x_c095,topbrain,topcow_mr_002,692,320,440,80,0,0,0,0,0
radius_2x_c095,topbrain,topcow_mr_002,693,320,440,120,0,0,0,0,0
radius_2x_c095,topbrain,topcow_mr_002,694,320,440,160,0,0,0,0,0
radius_2x_c095,topbrain,topcow_mr_002,695,320,440,184,0,0,0,0,0
radius_2x_c095,topbrain,topcow_mr_002,696,320,472,0,0,0,0,0,0
radius_2x_c095,topbrain,topcow_mr_002,697,320,472,40,0,0,0,0,0
radius_2x_c095,topbrain,topcow_mr_002,698,320,472,80,0,0,0,0,0
radius_2x_c095,topbrain,topcow_mr_002,699,320,472,120,0,0,0,0,0
radius_2x_c095,topbrain,topcow_mr_002,700,320,472,160,0,0,0,0,0
radius_2x_c095,topbrain,topcow_mr_002,701,320,472,184,0,0,0,0,0
radius_2x_c095,topbrain,topcow_mr_002,702,360,0,0,0,0,0,0,0
radius_2x_c095,topbrain,topcow_mr_002,703,360,0,40,0,0,0,0,0
radius_2x_c095,topbrain,topcow_mr_002,704,360,0,80,0,0,0,0,0
radius_2x_c095,topbrain,topcow_mr_002,705,360,0,120,0,0,0,0,0
radius_2x_c095,topbrain,topcow_mr_002,706,360,0,160,0,0,0,0,0
radius_2x_c095,topbrain,topcow_mr_002,707,360,0,184,0,0,0,0,0
radius_2x_c095,topbrain,topcow_mr_002,708,360,40,0,0,0,0,0,0
radius_2x_c095,topbrain,topcow_mr_002,709,360,40,40,0,0,0,0,0
radius_2x_c095,topbrain,topcow_mr_002,710,360,40,80,0,0,0,0,0
radius_2x_c095,topbrain,topcow_mr_002,711,360,40,120,0,0,0,0,0
radius_2x_c095,topbrain,topcow_mr_002,712,360,40,160,0,0,0,0,0
radius_2x_c095,topbrain,topcow_mr_002,713,360,40,184,0,0,0,0,0
radius_2x_c095,topbrain,topcow_mr_002,714,360,80,0,0,0,0,0,0
radius_2x_c095,topbrain,topcow_mr_002,715,360,80,40,5,4,0,3,2
radius_2x_c095,topbrain,topcow_mr_002,716,360,80,80,11,9,0,7,4
radius_2x_c095,topbrain,topcow_mr_002,717,360,80,120,13,10,2,7,4
radius_2x_c095,topbrain,topcow_mr_002,718,360,80,160,6,5,1,4,1
radius_2x_c095,topbrain,topcow_mr_002,719,360,80,184,0,0,0,0,0
radius_2x_c095,topbrain,topcow_mr_002,720,360,120,0,8,6,1,4,3
radius_2x_c095,topbrain,topcow_mr_002,721,360,120,40,25,23,1,19,5
radius_2x_c095,topbrain,topcow_mr_002,722,360,120,80,45,37,2,27,16
radius_2x_c095,topbrain,topcow_mr_002,723,360,120,120,44,37,6,26,12
radius_2x_c095,topbrain,topcow_mr_002,724,360,120,160,11,10,2,7,2
radius_2x_c095,topbrain,topcow_mr_002,725,360,120,184,0,0,0,0,0
radius_2x_c095,topbrain,topcow_mr_002,726,360,160,0,11,10,2,7,2
radius_2x_c095,topbrain,topcow_mr_002,727,360,160,40,17,12,0,7,10
radius_2x_c095,topbrain,topcow_mr_002,728,360,160,80,38,33,4,21,13
radius_2x_c095,topbrain,topcow_mr_002,729,360,160,120,42,36,6,23,13
radius_2x_c095,topbrain,topcow_mr_002,730,360,160,160,0,0,0,0,0
radius_2x_c095,topbrain,topcow_mr_002,731,360,160,184,0,0,0,0,0
radius_2x_c095,topbrain,topcow_mr_002,732,360,200,0,0,0,0,0,0
radius_2x_c095,topbrain,topcow_mr_002,733,360,200,40,0,0,0,0,0
radius_2x_c095,topbrain,topcow_mr_002,734,360,200,80,26,21,1,13,12
radius_2x_c095,topbrain,topcow_mr_002,735,360,200,120,34,29,2,21,11
radius_2x_c095,topbrain,topcow_mr_002,736,360,200,160,0,0,0,0,0
radius_2x_c095,topbrain,topcow_mr_002,737,360,200,184,0,0,0,0,0
radius_2x_c095,topbrain,topcow_mr_002,738,360,240,0,0,0,0,0,0
radius_2x_c095,topbrain,topcow_mr_002,739,360,240,40,0,0,0,0,0
radius_2x_c095,topbrain,topcow_mr_002,740,360,240,80,19,14,0,9,10
radius_2x_c095,topbrain,topcow_mr_002,741,360,240,120,20,17,1,12,7
radius_2x_c095,topbrain,topcow_mr_002,742,360,240,160,0,0,0,0,0
radius_2x_c095,topbrain,topcow_mr_002,743,360,240,184,0,0,0,0,0
radius_2x_c095,topbrain,topcow_mr_002,744,360,280,0,0,0,0,0,0
radius_2x_c095,topbrain,topcow_mr_002,745,360,280,40,0,0,0,0,0
radius_2x_c095,topbrain,topcow_mr_002,746,360,280,80,15,10,4,5,6
radius_2x_c095,topbrain,topcow_mr_002,747,360,280,120,15,10,4,5,6
radius_2x_c095,topbrain,topcow_mr_002,748,360,280,160,0,0,0,0,0
radius_2x_c095,topbrain,topcow_mr_002,749,360,280,184,0,0,0,0,0
radius_2x_c095,topbrain,topcow_mr_002,750,360,320,0,0,0,0,0,0
radius_2x_c095,topbrain,topcow_mr_002,751,360,320,40,0,0,0,0,0
radius_2x_c095,topbrain,topcow_mr_002,752,360,320,80,8,6,3,4,1
radius_2x_c095,topbrain,topcow_mr_002,753,360,320,120,8,6,3,4,1
radius_2x_c095,topbrain,topcow_mr_002,754,360,320,160,0,0,0,0,0
radius_2x_c095,topbrain,topcow_mr_002,755,360,320,184,0,0,0,0,0
radius_2x_c095,topbrain,topcow_mr_002,756,360,360,0,0,0,0,0,0
radius_2x_c095,topbrain,topcow_mr_002,757,360,360,40,0,0,0,0,0
radius_2x_c095,topbrain,topcow_mr_002,758,360,360,80,0,0,0,0,0
radius_2x_c095,topbrain,topcow_mr_002,759,360,360,120,0,0,0,0,0
radius_2x_c095,topbrain,topcow_mr_002,760,360,360,160,0,0,0,0,0
radius_2x_c095,topbrain,topcow_mr_002,761,360,360,184,0,0,0,0,0
radius_2x_c095,topbrain,topcow_mr_002,762,360,400,0,0,0,0,0,0
radius_2x_c095,topbrain,topcow_mr_002,763,360,400,40,0,0,0,0,0
radius_2x_c095,topbrain,topcow_mr_002,764,360,400,80,0,0,0,0,0
radius_2x_c095,topbrain,topcow_mr_002,765,360,400,120,0,0,0,0,0
radius_2x_c095,topbrain,topcow_mr_002,766,360,400,160,0,0,0,0,0
radius_2x_c095,topbrain,topcow_mr_002,767,360,400,184,0,0,0,0,0
radius_2x_c095,topbrain,topcow_mr_002,768,360,440,0,0,0,0,0,0
radius_2x_c095,topbrain,topcow_mr_002,769,360,440,40,0,0,0,0,0
radius_2x_c095,topbrain,topcow_mr_002,770,360,440,80,0,0,0,0,0
radius_2x_c095,topbrain,topcow_mr_002,771,360,440,120,0,0,0,0,0
radius_2x_c095,topbrain,topcow_mr_002,772,360,440,160,0,0,0,0,0
radius_2x_c095,topbrain,topcow_mr_002,773,360,440,184,0,0,0,0,0
radius_2x_c095,topbrain,topcow_mr_002,774,360,472,0,0,0,0,0,0
radius_2x_c095,topbrain,topcow_mr_002,775,360,472,40,0,0,0,0,0
radius_2x_c095,topbrain,topcow_mr_002,776,360,472,80,0,0,0,0,0
radius_2x_c095,topbrain,topcow_mr_002,777,360,472,120,0,0,0,0,0
radius_2x_c095,topbrain,topcow_mr_002,778,360,472,160,0,0,0,0,0
radius_2x_c095,topbrain,topcow_mr_002,779,360,472,184,0,0,0,0,0
radius_2x_c095,topbrain,topcow_mr_002,780,400,0,0,0,0,0,0,0
radius_2x_c095,topbrain,topcow_mr_002,781,400,0,40,0,0,0,0,0
radius_2x_c095,topbrain,topcow_mr_002,782,400,0,80,0,0,0,0,0
radius_2x_c095,topbrain,topcow_mr_002,783,400,0,120,0,0,0,0,0
radius_2x_c095,topbrain,topcow_mr_002,784,400,0,160,0,0,0,0,0
radius_2x_c095,topbrain,topcow_mr_002,785,400,0,184,0,0,0,0,0
radius_2x_c095,topbrain,topcow_mr_002,786,400,40,0,0,0,0,0,0
radius_2x_c095,topbrain,topcow_mr_002,787,400,40,40,0,0,0,0,0
radius_2x_c095,topbrain,topcow_mr_002,788,400,40,80,0,0,0,0,0
radius_2x_c095,topbrain,topcow_mr_002,789,400,40,120,0,0,0,0,0
radius_2x_c095,topbrain,topcow_mr_002,790,400,40,160,0,0,0,0,0
radius_2x_c095,topbrain,topcow_mr_002,791,400,40,184,0,0,0,0,0
radius_2x_c095,topbrain,topcow_mr_002,792,400,80,0,0,0,0,0,0
radius_2x_c095,topbrain,topcow_mr_002,793,400,80,40,0,0,0,0,0
radius_2x_c095,topbrain,topcow_mr_002,794,400,80,80,3,2,0,1,2
radius_2x_c095,topbrain,topcow_mr_002,795,400,80,120,3,2,0,1,2
radius_2x_c095,topbrain,topcow_mr_002,796,400,80,160,0,0,0,0,0
radius_2x_c095,topbrain,topcow_mr_002,797,400,80,184,0,0,0,0,0
radius_2x_c095,topbrain,topcow_mr_002,798,400,120,0,0,0,0,0,0
radius_2x_c095,topbrain,topcow_mr_002,799,400,120,40,9,8,0,7,2
radius_2x_c095,topbrain,topcow_mr_002,800,400,120,80,20,18,0,16,4
radius_2x_c095,topbrain,topcow_mr_002,801,400,120,120,14,11,1,8,5
radius_2x_c095,topbrain,topcow_mr_002,802,400,120,160,0,0,0,0,0
radius_2x_c095,topbrain,topcow_mr_002,803,400,120,184,0,0,0,0,0
radius_2x_c095,topbrain,topcow_mr_002,804,400,160,0,7,5,0,3,4
radius_2x_c095,topbrain,topcow_mr_002,805,400,160,40,16,12,0,8,8
radius_2x_c095,topbrain,topcow_mr_002,806,400,160,80,20,15,1,10,9
radius_2x_c095,topbrain,topcow_mr_002,807,400,160,120,17,14,3,11,3
radius_2x_c095,topbrain,topcow_mr_002,808,400,160,160,5,4,1,3,1
radius_2x_c095,topbrain,topcow_mr_002,809,400,160,184,0,0,0,0,0
radius_2x_c095,topbrain,topcow_mr_002,810,400,200,0,0,0,0,0,0
radius_2x_c095,topbrain,topcow_mr_002,811,400,200,40,4,3,0,2,2
radius_2x_c095,topbrain,topcow_mr_002,812,400,200,80,11,6,3,1,7
radius_2x_c095,topbrain,topcow_mr_002,813,400,200,120,16,12,4,8,4
radius_2x_c095,topbrain,topcow_mr_002,814,400,200,160,5,4,1,3,1
radius_2x_c095,topbrain,topcow_mr_002,815,400,200,184,0,0,0,0,0
radius_2x_c095,topbrain,topcow_mr_002,816,400,240,0,0,0,0,0,0
radius_2x_c095,topbrain,topcow_mr_002,817,400,240,40,0,0,0,0,0
radius_2x_c095,topbrain,topcow_mr_002,818,400,240,80,2,1,1,0,1
radius_2x_c095,topbrain,topcow_mr_002,819,400,240,120,10,8,2,4,4
radius_2x_c095,topbrain,topcow_mr_002,820,400,240,160,8,7,2,4,2
radius_2x_c095,topbrain,topcow_mr_002,821,400,240,184,6,4,1,2,3
radius_2x_c095,topbrain,topcow_mr_002,822,400,280,0,0,0,0,0,0
radius_2x_c095,topbrain,topcow_mr_002,823,400,280,40,0,0,0,0,0
radius_2x_c095,topbrain,topcow_mr_002,824,400,280,80,3,2,0,1,2
radius_2x_c095,topbrain,topcow_mr_002,825,400,280,120,8,6,2,2,4
radius_2x_c095,topbrain,topcow_mr_002,826,400,280,160,9,8,3,5,1
radius_2x_c095,topbrain,topcow_mr_002,827,400,280,184,8,6,2,4,2
radius_2x_c095,topbrain,topcow_mr_002,828,400,320,0,0,0,0,0,0
radius_2x_c095,topbrain,topcow_mr_002,829,400,320,40,0,0,0,0,0
radius_2x_c095,topbrain,topcow_mr_002,830,400,320,80,4,3,0,2,2
radius_2x_c095,topbrain,topcow_mr_002,831,400,320,120,4,3,1,2,1
radius_2x_c095,topbrain,topcow_mr_002,832,400,320,160,2,1,1,0,1
radius_2x_c095,topbrain,topcow_mr_002,833,400,320,184,2,1,1,0,1
radius_2x_c095,topbrain,topcow_mr_002,834,400,360,0,0,0,0,0,0
radius_2x_c095,topbrain,topcow_mr_002,835,400,360,40,0,0,0,0,0
radius_2x_c095,topbrain,topcow_mr_002,836,400,360,80,0,0,0,0,0
radius_2x_c095,topbrain,topcow_mr_002,837,400,360,120,0,0,0,0,0
radius_2x_c095,topbrain,topcow_mr_002,838,400,360,160,0,0,0,0,0
radius_2x_c095,topbrain,topcow_mr_002,839,400,360,184,0,0,0,0,0
radius_2x_c095,topbrain,topcow_mr_002,840,400,400,0,0,0,0,0,0
radius_2x_c095,topbrain,topcow_mr_002,841,400,400,40,0,0,0,0,0
radius_2x_c095,topbrain,topcow_mr_002,842,400,400,80,0,0,0,0,0
radius_2x_c095,topbrain,topcow_mr_002,843,400,400,120,0,0,0,0,0
radius_2x_c095,topbrain,topcow_mr_002,844,400,400,160,0,0,0,0,0
radius_2x_c095,topbrain,topcow_mr_002,845,400,400,184,0,0,0,0,0
radius_2x_c095,topbrain,topcow_mr_002,846,400,440,0,0,0,0,0,0
radius_2x_c095,topbrain,topcow_mr_002,847,400,440,40,0,0,0,0,0
radius_2x_c095,topbrain,topcow_mr_002,848,400,440,80,0,0,0,0,0
radius_2x_c095,topbrain,topcow_mr_002,849,400,440,120,0,0,0,0,0
radius_2x_c095,topbrain,topcow_mr_002,850,400,440,160,0,0,0,0,0
radius_2x_c095,topbrain,topcow_mr_002,851,400,440,184,0,0,0,0,0
radius_2x_c095,topbrain,topcow_mr_002,852,400,472,0,0,0,0,0,0
radius_2x_c095,topbrain,topcow_mr_002,853,400,472,40,0,0,0,0,0
radius_2x_c095,topbrain,topcow_mr_002,854,400,472,80,0,0,0,0,0
radius_2x_c095,topbrain,topcow_mr_002,855,400,472,120,0,0,0,0,0
radius_2x_c095,topbrain,topcow_mr_002,856,400,472,160,0,0,0,0,0
radius_2x_c095,topbrain,topcow_mr_002,857,400,472,184,0,0,0,0,0
radius_2x_c095,topbrain,topcow_mr_002,858,416,0,0,0,0,0,0,0
radius_2x_c095,topbrain,topcow_mr_002,859,416,0,40,0,0,0,0,0
radius_2x_c095,topbrain,topcow_mr_002,860,416,0,80,0,0,0,0,0
radius_2x_c095,topbrain,topcow_mr_002,861,416,0,120,0,0,0,0,0
radius_2x_c095,topbrain,topcow_mr_002,862,416,0,160,0,0,0,0,0
radius_2x_c095,topbrain,topcow_mr_002,863,416,0,184,0,0,0,0,0
radius_2x_c095,topbrain,topcow_mr_002,864,416,40,0,0,0,0,0,0
radius_2x_c095,topbrain,topcow_mr_002,865,416,40,40,0,0,0,0,0
radius_2x_c095,topbrain,topcow_mr_002,866,416,40,80,0,0,0,0,0
radius_2x_c095,topbrain,topcow_mr_002,867,416,40,120,0,0,0,0,0
radius_2x_c095,topbrain,topcow_mr_002,868,416,40,160,0,0,0,0,0
radius_2x_c095,topbrain,topcow_mr_002,869,416,40,184,0,0,0,0,0
radius_2x_c095,topbrain,topcow_mr_002,870,416,80,0,0,0,0,0,0
radius_2x_c095,topbrain,topcow_mr_002,871,416,80,40,0,0,0,0,0
radius_2x_c095,topbrain,topcow_mr_002,872,416,80,80,2,1,0,0,2
radius_2x_c095,topbrain,topcow_mr_002,873,416,80,120,2,1,0,0,2
radius_2x_c095,topbrain,topcow_mr_002,874,416,80,160,0,0,0,0,0
radius_2x_c095,topbrain,topcow_mr_002,875,416,80,184,0,0,0,0,0
radius_2x_c095,topbrain,topcow_mr_002,876,416,120,0,0,0,0,0,0
radius_2x_c095,topbrain,topcow_mr_002,877,416,120,40,0,0,0,0,0
radius_2x_c095,topbrain,topcow_mr_002,878,416,120,80,12,10,0,8,4
radius_2x_c095,topbrain,topcow_mr_002,879,416,120,120,10,8,0,6,4
radius_2x_c095,topbrain,topcow_mr_002,880,416,120,160,0,0,0,0,0
radius_2x_c095,topbrain,topcow_mr_002,881,416,120,184,0,0,0,0,0
radius_2x_c095,topbrain,topcow_mr_002,882,416,160,0,3,2,0,1,2
radius_2x_c095,topbrain,topcow_mr_002,883,416,160,40,17,16,0,15,2
radius_2x_c095,topbrain,topcow_mr_002,884,416,160,80,25,21,1,17,7
radius_2x_c095,topbrain,topcow_mr_002,885,416,160,120,14,12,2,10,2
radius_2x_c095,topbrain,topcow_mr_002,886,416,160,160,5,4,1,3,1
radius_2x_c095,topbrain,topcow_mr_002,887,416,160,184,0,0,0,0,0
radius_2x_c095,topbrain,topcow_mr_002,888,416,200,0,0,0,0,0,0
radius_2x_c095,topbrain,topcow_mr_002,889,416,200,40,8,7,0,6,2
radius_2x_c095,topbrain,topcow_mr_002,890,416,200,80,18,14,3,10,5
radius_2x_c095,topbrain,topcow_mr_002,891,416,200,120,20,15,4,10,6
radius_2x_c095,topbrain,topcow_mr_002,892,416,200,160,7,5,1,3,3
radius_2x_c095,topbrain,topcow_mr_002,893,416,200,184,0,0,0,0,0
radius_2x_c095,topbrain,topcow_mr_002,894,416,240,0,0,0,0,0,0
radius_2x_c095,topbrain,topcow_mr_002,895,416,240,40,0,0,0,0,0
radius_2x_c095,topbrain,topcow_mr_002,896,416,240,80,5,3,1,1,3
radius_2x_c095,topbrain,topcow_mr_002,897,416,240,120,14,11,2,6,6
radius_2x_c095,topbrain,topcow_mr_002,898,416,240,160,9,8,2,5,2
radius_2x_c095,topbrain,topcow_mr_002,899,416,240,184,6,4,1,2,3
radius_2x_c095,topbrain,topcow_mr_002,900,416,280,0,0,0,0,0,0
radius_2x_c095,topbrain,topcow_mr_002,901,416,280,40,0,0,0,0,0
radius_2x_c095,topbrain,topcow_mr_002,902,416,280,80,3,2,0,1,2
radius_2x_c095,topbrain,topcow_mr_002,903,416,280,120,8,6,2,2,4
radius_2x_c095,topbrain,topcow_mr_002,904,416,280,160,9,8,3,5,1
radius_2x_c095,topbrain,topcow_mr_002,905,416,280,184,8,6,2,4,2
radius_2x_c095,topbrain,topcow_mr_002,906,416,320,0,0,0,0,0,0
radius_2x_c095,topbrain,topcow_mr_002,907,416,320,40,0,0,0,0,0
radius_2x_c095,topbrain,topcow_mr_002,908,416,320,80,3,2,0,1,2
radius_2x_c095,topbrain,topcow_mr_002,909,416,320,120,3,2,1,1,1
radius_2x_c095,topbrain,topcow_mr_002,910,416,320,160,2,1,1,0,1
radius_2x_c095,topbrain,topcow_mr_002,911,416,320,184,2,1,1,0,1
radius_2x_c095,topbrain,topcow_mr_002,912,416,360,0,0,0,0,0,0
radius_2x_c095,topbrain,topcow_mr_002,913,416,360,40,0,0,0,0,0
radius_2x_c095,topbrain,topcow_mr_002,914,416,360,80,0,0,0,0,0
radius_2x_c095,topbrain,topcow_mr_002,915,416,360,120,0,0,0,0,0
radius_2x_c095,topbrain,topcow_mr_002,916,416,360,160,0,0,0,0,0
radius_2x_c095,topbrain,topcow_mr_002,917,416,360,184,0,0,0,0,0
radius_2x_c095,topbrain,topcow_mr_002,918,416,400,0,0,0,0,0,0
radius_2x_c095,topbrain,topcow_mr_002,919,416,400,40,0,0,0,0,0
radius_2x_c095,topbrain,topcow_mr_002,920,416,400,80,0,0,0,0,0
radius_2x_c095,topbrain,topcow_mr_002,921,416,400,120,0,0,0,0,0
radius_2x_c095,topbrain,topcow_mr_002,922,416,400,160,0,0,0,0,0
radius_2x_c095,topbrain,topcow_mr_002,923,416,400,184,0,0,0,0,0
radius_2x_c095,topbrain,topcow_mr_002,924,416,440,0,0,0,0,0,0
radius_2x_c095,topbrain,topcow_mr_002,925,416,440,40,0,0,0,0,0
radius_2x_c095,topbrain,topcow_mr_002,926,416,440,80,0,0,0,0,0
radius_2x_c095,topbrain,topcow_mr_002,927,416,440,120,0,0,0,0,0
radius_2x_c095,topbrain,topcow_mr_002,928,416,440,160,0,0,0,0,0
radius_2x_c095,topbrain,topcow_mr_002,929,416,440,184,0,0,0,0,0
radius_2x_c095,topbrain,topcow_mr_002,930,416,472,0,0,0,0,0,0
radius_2x_c095,topbrain,topcow_mr_002,931,416,472,40,0,0,0,0,0
radius_2x_c095,topbrain,topcow_mr_002,932,416,472,80,0,0,0,0,0
radius_2x_c095,topbrain,topcow_mr_002,933,416,472,120,0,0,0,0,0
radius_2x_c095,topbrain,topcow_mr_002,934,416,472,160,0,0,0,0,0
radius_2x_c095,topbrain,topcow_mr_002,935,416,472,184,0,0,0,0,0
radius_1p5x_c095,topbrain,topcow_mr_006,0,0,0,0,0,0,0,0,0
radius_1p5x_c095,topbrain,topcow_mr_006,1,0,0,40,0,0,0,0,0
radius_1p5x_c095,topbrain,topcow_mr_006,2,0,0,75,0,0,0,0,0
radius_1p5x_c095,topbrain,topcow_mr_006,3,0,40,0,0,0,0,0,0
radius_1p5x_c095,topbrain,topcow_mr_006,4,0,40,40,0,0,0,0,0
radius_1p5x_c095,topbrain,topcow_mr_006,5,0,40,75,0,0,0,0,0
radius_1p5x_c095,topbrain,topcow_mr_006,6,0,80,0,0,0,0,0,0
radius_1p5x_c095,topbrain,topcow_mr_006,7,0,80,40,8,7,0,6,2
radius_1p5x_c095,topbrain,topcow_mr_006,8,0,80,75,8,7,0,6,2
radius_1p5x_c095,topbrain,topcow_mr_006,9,0,120,0,3,2,0,1,2
radius_1p5x_c095,topbrain,topcow_mr_006,10,0,120,40,16,13,2,10,4
radius_1p5x_c095,topbrain,topcow_mr_006,11,0,120,75,26,22,7,16,3
radius_1p5x_c095,topbrain,topcow_mr_006,12,0,160,0,7,5,0,3,4
radius_1p5x_c095,topbrain,topcow_mr_006,13,0,160,40,13,11,0,9,4
radius_1p5x_c095,topbrain,topcow_mr_006,14,0,160,75,19,16,5,11,3
radius_1p5x_c095,topbrain,topcow_mr_006,15,0,200,0,10,9,1,8,1
radius_1p5x_c095,topbrain,topcow_mr_006,16,0,200,40,12,10,0,8,4
radius_1p5x_c095,topbrain,topcow_mr_006,17,0,200,75,10,8,1,6,3
radius_1p5x_c095,topbrain,topcow_mr_006,18,0,240,0,3,2,1,1,1
radius_1p5x_c095,topbrain,topcow_mr_006,19,0,240,40,0,0,0,0,0
radius_1p5x_c095,topbrain,topcow_mr_006,20,0,240,75,9,7,1,5,3
radius_1p5x_c095,topbrain,topcow_mr_006,21,0,280,0,0,0,0,0,0
radius_1p5x_c095,topbrain,topcow_mr_006,22,0,280,40,0,0,0,0,0
radius_1p5x_c095,topbrain,topcow_mr_006,23,0,280,75,0,0,0,0,0
radius_1p5x_c095,topbrain,topcow_mr_006,24,0,320,0,0,0,0,0,0
radius_1p5x_c095,topbrain,topcow_mr_006,25,0,320,40,0,0,0,0,0
radius_1p5x_c095,topbrain,topcow_mr_006,26,0,320,75,0,0,0,0,0
radius_1p5x_c095,topbrain,topcow_mr_006,27,0,360,0,0,0,0,0,0
radius_1p5x_c095,topbrain,topcow_mr_006,28,0,360,40,0,0,0,0,0
radius_1p5x_c095,topbrain,topcow_mr_006,29,0,360,75,0,0,0,0,0
radius_1p5x_c095,topbrain,topcow_mr_006,30,0,400,0,0,0,0,0,0
radius_1p5x_c095,topbrain,topcow_mr_006,31,0,400,40,0,0,0,0,0
radius_1p5x_c095,topbrain,topcow_mr_006,32,0,400,75,0,0,0,0,0
radius_1p5x_c095,topbrain,topcow_mr_006,33,0,440,0,0,0,0,0,0
radius_1p5x_c095,topbrain,topcow_mr_006,34,0,440,40,0,0,0,0,0
radius_1p5x_c095,topbrain,topcow_mr_006,35,0,440,75,0,0,0,0,0
radius_1p5x_c095,topbrain,topcow_mr_006,36,0,443,0,0,0,0,0,0
radius_1p5x_c095,topbrain,topcow_mr_006,37,0,443,40,0,0,0,0,0
radius_1p5x_c095,topbrain,topcow_mr_006,38,0,443,75,0,0,0,0,0
radius_1p5x_c095,topbrain,topcow_mr_006,39,40,0,0,0,0,0,0,0
radius_1p5x_c095,topbrain,topcow_mr_006,40,40,0,40,0,0,0,0,0
radius_1p5x_c095,topbrain,topcow_mr_006,41,40,0,75,0,0,0,0,0
radius_1p5x_c095,topbrain,topcow_mr_006,42,40,40,0,0,0,0,0,0
radius_1p5x_c095,topbrain,topcow_mr_006,43,40,40,40,0,0,0,0,0
radius_1p5x_c095,topbrain,topcow_mr_006,44,40,40,75,0,0,0,0,0
radius_1p5x_c095,topbrain,topcow_mr_006,45,40,80,0,0,0,0,0,0
radius_1p5x_c095,topbrain,topcow_mr_006,46,40,80,40,13,12,2,9,2
radius_1p5x_c095,topbrain,topcow_mr_006,47,40,80,75,11,10,1,7,3
radius_1p5x_c095,topbrain,topcow_mr_006,48,40,120,0,11,9,3,7,1
radius_1p5x_c095,topbrain,topcow_mr_006,49,40,120,40,51,44,11,28,12
radius_1p5x_c095,topbrain,topcow_mr_006,50,40,120,75,65,56,11,38,16
radius_1p5x_c095,topbrain,topcow_mr_006,51,40,160,0,11,9,3,7,1
radius_1p5x_c095,topbrain,topcow_mr_006,52,40,160,40,44,44,11,24,9
radius_1p5x_c095,topbrain,topcow_mr_006,53,40,160,75,65,64,14,37,14
radius_1p5x_c095,topbrain,topcow_mr_006,54,40,200,0,2,1,1,0,1
radius_1p5x_c095,topbrain,topcow_mr_006,55,40,200,40,9,7,1,3,5
radius_1p5x_c095,topbrain,topcow_mr_006,56,40,200,75,45,46,10,28,7
radius_1p5x_c095,topbrain,topcow_mr_006,57,40,240,0,2,1,1,0,1
radius_1p5x_c095,topbrain,topcow_mr_006,58,40,240,40,0,0,0,0,0
radius_1p5x_c095,topbrain,topcow_mr_006,59,40,240,75,21,18,1,13,7
radius_1p5x_c095,topbrain,topcow_mr_006,60,40,280,0,0,0,0,0,0
radius_1p5x_c095,topbrain,topcow_mr_006,61,40,280,40,0,0,0,0,0
radius_1p5x_c095,topbrain,topcow_mr_006,62,40,280,75,0,0,0,0,0
radius_1p5x_c095,topbrain,topcow_mr_006,63,40,320,0,0,0,0,0,0
radius_1p5x_c095,topbrain,topcow_mr_006,64,40,320,40,0,0,0,0,0
radius_1p5x_c095,topbrain,topcow_mr_006,65,40,320,75,0,0,0,0,0
radius_1p5x_c095,topbrain,topcow_mr_006,66,40,360,0,0,0,0,0,0
radius_1p5x_c095,topbrain,topcow_mr_006,67,40,360,40,0,0,0,0,0
radius_1p5x_c095,topbrain,topcow_mr_006,68,40,360,75,0,0,0,0,0
radius_1p5x_c095,topbrain,topcow_mr_006,69,40,400,0,0,0,0,0,0
radius_1p5x_c095,topbrain,topcow_mr_006,70,40,400,40,0,0,0,0,0
radius_1p5x_c095,topbrain,topcow_mr_006,71,40,400,75,0,0,0,0,0
radius_1p5x_c095,topbrain,topcow_mr_006,72,40,440,0,0,0,0,0,0
radius_1p5x_c095,topbrain,topcow_mr_006,73,40,440,40,0,0,0,0,0
radius_1p5x_c095,topbrain,topcow_mr_006,74,40,440,75,0,0,0,0,0
radius_1p5x_c095,topbrain,topcow_mr_006,75,40,443,0,0,0,0,0,0
radius_1p5x_c095,topbrain,topcow_mr_006,76,40,443,40,0,0,0,0,0
radius_1p5x_c095,topbrain,topcow_mr_006,77,40,443,75,0,0,0,0,0
radius_1p5x_c095,topbrain,topcow_mr_006,78,80,0,0,0,0,0,0,0
radius_1p5x_c095,topbrain,topcow_mr_006,79,80,0,40,0,0,0,0,0
radius_1p5x_c095,topbrain,topcow_mr_006,80,80,0,75,0,0,0,0,0
radius_1p5x_c095,topbrain,topcow_mr_006,81,80,40,0,0,0,0,0,0
radius_1p5x_c095,topbrain,topcow_mr_006,82,80,40,40,0,0,0,0,0
radius_1p5x_c095,topbrain,topcow_mr_006,83,80,40,75,0,0,0,0,0
radius_1p5x_c095,topbrain,topcow_mr_006,84,80,80,0,0,0,0,0,0
radius_1p5x_c095,topbrain,topcow_mr_006,85,80,80,40,7,5,1,3,3
radius_1p5x_c095,topbrain,topcow_mr_006,86,80,80,75,16,14,3,10,3
radius_1p5x_c095,topbrain,topcow_mr_006,87,80,120,0,2,1,2,0,0
radius_1p5x_c095,topbrain,topcow_mr_006,88,80,120,40,88,96,28,50,10
radius_1p5x_c095,topbrain,topcow_mr_006,89,80,120,75,109,118,29,71,9
radius_1p5x_c095,topbrain,topcow_mr_006,90,80,160,0,2,1,2,0,0
radius_1p5x_c095,topbrain,topcow_mr_006,91,80,160,40,90,100,29,47,14
radius_1p5x_c095,topbrain,topcow_mr_006,92,80,160,75,111,120,31,60,20
radius_1p5x_c095,topbrain,topcow_mr_006,93,80,200,0,3,2,0,1,2
radius_1p5x_c095,topbrain,topcow_mr_006,94,80,200,40,9,7,1,3,5
radius_1p5x_c095,topbrain,topcow_mr_006,95,80,200,75,34,35,9,19,6
radius_1p5x_c095,topbrain,topcow_mr_006,96,80,240,0,4,3,1,2,1
radius_1p5x_c095,topbrain,topcow_mr_006,97,80,240,40,0,0,0,0,0
radius_1p5x_c095,topbrain,topcow_mr_006,98,80,240,75,11,9,2,7,2
radius_1p5x_c095,topbrain,topcow_mr_006,99,80,280,0,0,0,0,0,0
radius_1p5x_c095,topbrain,topcow_mr_006,100,80,280,40,0,0,0,0,0
radius_1p5x_c095,topbrain,topcow_mr_006,101,80,280,75,2,1,1,0,1
radius_1p5x_c095,topbrain,topcow_mr_006,102,80,320,0,0,0,0,0,0
radius_1p5x_c095,topbrain,topcow_mr_006,103,80,320,40,0,0,0,0,0
radius_1p5x_c095,topbrain,topcow_mr_006,104,80,320,75,0,0,0,0,0
radius_1p5x_c095,topbrain,topcow_mr_006,105,80,360,0,0,0,0,0,0
radius_1p5x_c095,topbrain,topcow_mr_006,106,80,360,40,0,0,0,0,0
radius_1p5x_c095,topbrain,topcow_mr_006,107,80,360,75,0,0,0,0,0
radius_1p5x_c095,topbrain,topcow_mr_006,108,80,400,0,0,0,0,0,0
radius_1p5x_c095,topbrain,topcow_mr_006,109,80,400,40,0,0,0,0,0
radius_1p5x_c095,topbrain,topcow_mr_006,110,80,400,75,0,0,0,0,0
radius_1p5x_c095,topbrain,topcow_mr_006,111,80,440,0,0,0,0,0,0
radius_1p5x_c095,topbrain,topcow_mr_006,112,80,440,40,0,0,0,0,0
radius_1p5x_c095,topbrain,topcow_mr_006,113,80,440,75,0,0,0,0,0
radius_1p5x_c095,topbrain,topcow_mr_006,114,80,443,0,0,0,0,0,0
radius_1p5x_c095,topbrain,topcow_mr_006,115,80,443,40,0,0,0,0,0
radius_1p5x_c095,topbrain,topcow_mr_006,116,80,443,75,0,0,0,0,0
radius_1p5x_c095,topbrain,topcow_mr_006,117,120,0,0,0,0,0,0,0
radius_1p5x_c095,topbrain,topcow_mr_006,118,120,0,40,0,0,0,0,0
radius_1p5x_c095,topbrain,topcow_mr_006,119,120,0,75,0,0,0,0,0
radius_1p5x_c095,topbrain,topcow_mr_006,120,120,40,0,0,0,0,0,0
radius_1p5x_c095,topbrain,topcow_mr_006,121,120,40,40,0,0,0,0,0
radius_1p5x_c095,topbrain,topcow_mr_006,122,120,40,75,0,0,0,0,0
radius_1p5x_c095,topbrain,topcow_mr_006,123,120,80,0,0,0,0,0,0
radius_1p5x_c095,topbrain,topcow_mr_006,124,120,80,40,0,0,0,0,0
radius_1p5x_c095,topbrain,topcow_mr_006,125,120,80,75,10,9,3,6,1
radius_1p5x_c095,topbrain,topcow_mr_006,126,120,120,0,2,1,0,0,2
radius_1p5x_c095,topbrain,topcow_mr_006,127,120,120,40,39,39,9,19,11
radius_1p5x_c095,topbrain,topcow_mr_006,128,120,120,75,42,41,11,20,11
radius_1p5x_c095,topbrain,topcow_mr_006,129,120,160,0,5,3,0,1,4
radius_1p5x_c095,topbrain,topcow_mr_006,130,120,160,40,49,45,10,19,20
radius_1p5x_c095,topbrain,topcow_mr_006,131,120,160,75,39,37,9,15,15
radius_1p5x_c095,topbrain,topcow_mr_006,132,120,200,0,5,4,0,3,2
radius_1p5x_c095,topbrain,topcow_mr_006,133,120,200,40,18,14,3,6,9
radius_1p5x_c095,topbrain,topcow_mr_006,134,120,200,75,16,13,3,6,7
radius_1p5x_c095,topbrain,topcow_mr_006,135,120,240,0,8,5,1,2,5
radius_1p5x_c095,topbrain,topcow_mr_006,136,120,240,40,6,5,0,4,2
radius_1p5x_c095,topbrain,topcow_mr_006,137,120,240,75,7,6,0,5,2
radius_1p5x_c095,topbrain,topcow_mr_006,138,120,280,0,10,9,0,8,2
radius_1p5x_c095,topbrain,topcow_mr_006,139,120,280,40,3,2,0,1,2
radius_1p5x_c095,topbrain,topcow_mr_006,140,120,280,75,11,9,0,7,4
radius_1p5x_c095,topbrain,topcow_mr_006,141,120,320,0,2,1,0,0,2
radius_1p5x_c095,topbrain,topcow_mr_006,142,120,320,40,0,0,0,0,0
radius_1p5x_c095,topbrain,topcow_mr_006,143,120,320,75,25,22,2,19,4
radius_1p5x_c095,topbrain,topcow_mr_006,144,120,360,0,0,0,0,0,0
radius_1p5x_c095,topbrain,topcow_mr_006,145,120,360,40,0,0,0,0,0
radius_1p5x_c095,topbrain,topcow_mr_006,146,120,360,75,10,8,1,6,3
radius_1p5x_c095,topbrain,topcow_mr_006,147,120,400,0,0,0,0,0,0
radius_1p5x_c095,topbrain,topcow_mr_006,148,120,400,40,0,0,0,0,0
radius_1p5x_c095,topbrain,topcow_mr_006,149,120,400,75,0,0,0,0,0
radius_1p5x_c095,topbrain,topcow_mr_006,150,120,440,0,0,0,0,0,0
radius_1p5x_c095,topbrain,topcow_mr_006,151,120,440,40,0,0,0,0,0
radius_1p5x_c095,topbrain,topcow_mr_006,152,120,440,75,0,0,0,0,0
radius_1p5x_c095,topbrain,topcow_mr_006,153,120,443,0,0,0,0,0,0
radius_1p5x_c095,topbrain,topcow_mr_006,154,120,443,40,0,0,0,0,0
radius_1p5x_c095,topbrain,topcow_mr_006,155,120,443,75,0,0,0,0,0
radius_1p5x_c095,topbrain,topcow_mr_006,156,160,0,0,0,0,0,0,0
radius_1p5x_c095,topbrain,topcow_mr_006,157,160,0,40,0,0,0,0,0
radius_1p5x_c095,topbrain,topcow_mr_006,158,160,0,75,0,0,0,0,0
radius_1p5x_c095,topbrain,topcow_mr_006,159,160,40,0,0,0,0,0,0
radius_1p5x_c095,topbrain,topcow_mr_006,160,160,40,40,0,0,0,0,0
radius_1p5x_c095,topbrain,topcow_mr_006,161,160,40,75,0,0,0,0,0
radius_1p5x_c095,topbrain,topcow_mr_006,162,160,80,0,0,0,0,0,0
radius_1p5x_c095,topbrain,topcow_mr_006,163,160,80,40,0,0,0,0,0
radius_1p5x_c095,topbrain,topcow_mr_006,164,160,80,75,12,12,4,6,2
radius_1p5x_c095,topbrain,topcow_mr_006,165,160,120,0,2,1,0,0,2
radius_1p5x_c095,topbrain,topcow_mr_006,166,160,120,40,18,17,4,10,4
radius_1p5x_c095,topbrain,topcow_mr_006,167,160,120,75,38,37,9,19,10
radius_1p5x_c095,topbrain,topcow_mr_006,168,160,160,0,5,3,0,1,4
radius_1p5x_c095,topbrain,topcow_mr_006,169,160,160,40,40,41,12,19,9
radius_1p5x_c095,topbrain,topcow_mr_006,170,160,160,75,46,49,14,24,8
radius_1p5x_c095,topbrain,topcow_mr_006,171,160,200,0,13,11,2,5,6
radius_1p5x_c095,topbrain,topcow_mr_006,172,160,200,40,43,38,8,19,16
radius_1p5x_c095,topbrain,topcow_mr_006,173,160,200,75,32,30,7,16,9
radius_1p5x_c095,topbrain,topcow_mr_006,174,160,240,0,19,17,4,9,6
radius_1p5x_c095,topbrain,topcow_mr_006,175,160,240,40,23,19,4,7,12
radius_1p5x_c095,topbrain,topcow_mr_006,176,160,240,75,17,14,3,5,9
radius_1p5x_c095,topbrain,topcow_mr_006,177,160,280,0,20,18,2,14,4
radius_1p5x_c095,topbrain,topcow_mr_006,178,160,280,40,4,2,0,0,4
radius_1p5x_c095,topbrain,topcow_mr_006,179,160,280,75,11,10,1,7,3
radius_1p5x_c095,topbrain,topcow_mr_006,180,160,320,0,42,40,4,36,2
radius_1p5x_c095,topbrain,topcow_mr_006,181,160,320,40,12,11,1,8,3
radius_1p5x_c095,topbrain,topcow_mr_006,182,160,320,75,23,22,2,19,2
radius_1p5x_c095,topbrain,topcow_mr_006,183,160,360,0,14,11,2,8,4
radius_1p5x_c095,topbrain,topcow_mr_006,184,160,360,40,6,5,0,4,2
radius_1p5x_c095,topbrain,topcow_mr_006,185,160,360,75,16,15,1,14,1
radius_1p5x_c095,topbrain,topcow_mr_006,186,160,400,0,0,0,0,0,0
radius_1p5x_c095,topbrain,topcow_mr_006,187,160,400,40,0,0,0,0,0
radius_1p5x_c095,topbrain,topcow_mr_006,188,160,400,75,0,0,0,0,0
radius_1p5x_c095,topbrain,topcow_mr_006,189,160,440,0,0,0,0,0,0
radius_1p5x_c095,topbrain,topcow_mr_006,190,160,440,40,0,0,0,0,0
radius_1p5x_c095,topbrain,topcow_mr_006,191,160,440,75,0,0,0,0,0
radius_1p5x_c095,topbrain,topcow_mr_006,192,160,443,0,0,0,0,0,0
radius_1p5x_c095,topbrain,topcow_mr_006,193,160,443,40,0,0,0,0,0
radius_1p5x_c095,topbrain,topcow_mr_006,194,160,443,75,0,0,0,0,0
radius_1p5x_c095,topbrain,topcow_mr_006,195,200,0,0,0,0,0,0,0
radius_1p5x_c095,topbrain,topcow_mr_006,196,200,0,40,0,0,0,0,0
radius_1p5x_c095,topbrain,topcow_mr_006,197,200,0,75,0,0,0,0,0
radius_1p5x_c095,topbrain,topcow_mr_006,198,200,40,0,0,0,0,0,0
radius_1p5x_c095,topbrain,topcow_mr_006,199,200,40,40,0,0,0,0,0
radius_1p5x_c095,topbrain,topcow_mr_006,200,200,40,75,0,0,0,0,0
radius_1p5x_c095,topbrain,topcow_mr_006,201,200,80,0,0,0,0,0,0
radius_1p5x_c095,topbrain,topcow_mr_006,202,200,80,40,0,0,0,0,0
radius_1p5x_c095,topbrain,topcow_mr_006,203,200,80,75,12,12,3,6,3
radius_1p5x_c095,topbrain,topcow_mr_006,204,200,120,0,0,0,0,0,0
radius_1p5x_c095,topbrain,topcow_mr_006,205,200,120,40,18,16,1,14,3
radius_1p5x_c095,topbrain,topcow_mr_006,206,200,120,75,42,41,8,25,9
radius_1p5x_c095,topbrain,topcow_mr_006,207,200,160,0,0,0,0,0,0
radius_1p5x_c095,topbrain,topcow_mr_006,208,200,160,40,41,43,11,23,7
radius_1p5x_c095,topbrain,topcow_mr_006,209,200,160,75,54,59,16,31,7
radius_1p5x_c095,topbrain,topcow_mr_006,210,200,200,0,8,6,1,2,5
radius_1p5x_c095,topbrain,topcow_mr_006,211,200,200,40,37,33,5,19,13
radius_1p5x_c095,topbrain,topcow_mr_006,212,200,200,75,31,28,5,15,11
radius_1p5x_c095,topbrain,topcow_mr_006,213,200,240,0,21,20,4,11,6
radius_1p5x_c095,topbrain,topcow_mr_006,214,200,240,40,33,29,4,19,10
radius_1p5x_c095,topbrain,topcow_mr_006,215,200,240,75,25,21,4,11,10
radius_1p5x_c095,topbrain,topcow_mr_006,216,200,280,0,38,41,8,26,4
radius_1p5x_c095,topbrain,topcow_mr_006,217,200,280,40,11,8,1,5,5
radius_1p5x_c095,topbrain,topcow_mr_006,218,200,280,75,15,13,2,9,4
radius_1p5x_c095,topbrain,topcow_mr_006,219,200,320,0,58,58,8,45,5
radius_1p5x_c095,topbrain,topcow_mr_006,220,200,320,40,13,10,1,5,7
radius_1p5x_c095,topbrain,topcow_mr_006,221,200,320,75,27,25,1,21,5
radius_1p5x_c095,topbrain,topcow_mr_006,222,200,360,0,7,5,1,3,3
radius_1p5x_c095,topbrain,topcow_mr_006,223,200,360,40,3,2,0,1,2
radius_1p5x_c095,topbrain,topcow_mr_006,224,200,360,75,13,11,0,9,4
radius_1p5x_c095,topbrain,topcow_mr_006,225,200,400,0,0,0,0,0,0
radius_1p5x_c095,topbrain,topcow_mr_006,226,200,400,40,0,0,0,0,0
radius_1p5x_c095,topbrain,topcow_mr_006,227,200,400,75,0,0,0,0,0
radius_1p5x_c095,topbrain,topcow_mr_006,228,200,440,0,0,0,0,0,0
radius_1p5x_c095,topbrain,topcow_mr_006,229,200,440,40,0,0,0,0,0
radius_1p5x_c095,topbrain,topcow_mr_006,230,200,440,75,0,0,0,0,0
radius_1p5x_c095,topbrain,topcow_mr_006,231,200,443,0,0,0,0,0,0
radius_1p5x_c095,topbrain,topcow_mr_006,232,200,443,40,0,0,0,0,0
radius_1p5x_c095,topbrain,topcow_mr_006,233,200,443,75,0,0,0,0,0
radius_1p5x_c095,topbrain,topcow_mr_006,234,240,0,0,0,0,0,0,0
radius_1p5x_c095,topbrain,topcow_mr_006,235,240,0,40,0,0,0,0,0
radius_1p5x_c095,topbrain,topcow_mr_006,236,240,0,75,0,0,0,0,0
radius_1p5x_c095,topbrain,topcow_mr_006,237,240,40,0,0,0,0,0,0
radius_1p5x_c095,topbrain,topcow_mr_006,238,240,40,40,0,0,0,0,0
radius_1p5x_c095,topbrain,topcow_mr_006,239,240,40,75,0,0,0,0,0
radius_1p5x_c095,topbrain,topcow_mr_006,240,240,80,0,0,0,0,0,0
radius_1p5x_c095,topbrain,topcow_mr_006,241,240,80,40,3,2,0,1,2
radius_1p5x_c095,topbrain,topcow_mr_006,242,240,80,75,10,8,1,6,3
radius_1p5x_c095,topbrain,topcow_mr_006,243,240,120,0,0,0,0,0,0
radius_1p5x_c095,topbrain,topcow_mr_006,244,240,120,40,20,16,2,12,6
radius_1p5x_c095,topbrain,topcow_mr_006,245,240,120,75,30,25,3,20,7
radius_1p5x_c095,topbrain,topcow_mr_006,246,240,160,0,0,0,0,0,0
radius_1p5x_c095,topbrain,topcow_mr_006,247,240,160,40,19,17,3,11,5
radius_1p5x_c095,topbrain,topcow_mr_006,248,240,160,75,25,21,4,13,8
radius_1p5x_c095,topbrain,topcow_mr_006,249,240,200,0,4,3,0,2,2
radius_1p5x_c095,topbrain,topcow_mr_006,250,240,200,40,19,16,1,11,7
radius_1p5x_c095,topbrain,topcow_mr_006,251,240,200,75,17,14,1,9,7
radius_1p5x_c095,topbrain,topcow_mr_006,252,240,240,0,13,11,0,9,4
radius_1p5x_c095,topbrain,topcow_mr_006,253,240,240,40,27,24,1,21,5
radius_1p5x_c095,topbrain,topcow_mr_006,254,240,240,75,17,14,1,11,5
radius_1p5x_c095,topbrain,topcow_mr_006,255,240,280,0,27,24,2,18,7
radius_1p5x_c095,topbrain,topcow_mr_006,256,240,280,40,24,20,2,16,6
radius_1p5x_c095,topbrain,topcow_mr_006,257,240,280,75,19,16,2,11,6
radius_1p5x_c095,topbrain,topcow_mr_006,258,240,320,0,11,10,1,6,4
radius_1p5x_c095,topbrain,topcow_mr_006,259,240,320,40,8,6,0,4,4
radius_1p5x_c095,topbrain,topcow_mr_006,260,240,320,75,27,25,2,21,4
radius_1p5x_c095,topbrain,topcow_mr_006,261,240,360,0,0,0,0,0,0
radius_1p5x_c095,topbrain,topcow_mr_006,262,240,360,40,3,2,0,1,2
radius_1p5x_c095,topbrain,topcow_mr_006,263,240,360,75,22,19,2,16,4
radius_1p5x_c095,topbrain,topcow_mr_006,264,240,400,0,0,0,0,0,0
radius_1p5x_c095,topbrain,topcow_mr_006,265,240,400,40,0,0,0,0,0
radius_1p5x_c095,topbrain,topcow_mr_006,266,240,400,75,2,1,1,0,1
radius_1p5x_c095,topbrain,topcow_mr_006,267,240,440,0,0,0,0,0,0
radius_1p5x_c095,topbrain,topcow_mr_006,268,240,440,40,0,0,0,0,0
radius_1p5x_c095,topbrain,topcow_mr_006,269,240,440,75,0,0,0,0,0
radius_1p5x_c095,topbrain,topcow_mr_006,270,240,443,0,0,0,0,0,0
radius_1p5x_c095,topbrain,topcow_mr_006,271,240,443,40,0,0,0,0,0
radius_1p5x_c095,topbrain,topcow_mr_006,272,240,443,75,0,0,0,0,0
radius_1p5x_c095,topbrain,topcow_mr_006,273,280,0,0,0,0,0,0,0
radius_1p5x_c095,topbrain,topcow_mr_006,274,280,0,40,0,0,0,0,0
radius_1p5x_c095,topbrain,topcow_mr_006,275,280,0,75,0,0,0,0,0
radius_1p5x_c095,topbrain,topcow_mr_006,276,280,40,0,0,0,0,0,0
radius_1p5x_c095,topbrain,topcow_mr_006,277,280,40,40,0,0,0,0,0
radius_1p5x_c095,topbrain,topcow_mr_006,278,280,40,75,0,0,0,0,0
radius_1p5x_c095,topbrain,topcow_mr_006,279,280,80,0,0,0,0,0,0
radius_1p5x_c095,topbrain,topcow_mr_006,280,280,80,40,6,5,0,4,2
radius_1p5x_c095,topbrain,topcow_mr_006,281,280,80,75,13,11,1,9,3
radius_1p5x_c095,topbrain,topcow_mr_006,282,280,120,0,0,0,0,0,0
radius_1p5x_c095,topbrain,topcow_mr_006,283,280,120,40,26,22,4,16,6
radius_1p5x_c095,topbrain,topcow_mr_006,284,280,120,75,47,42,7,33,7
radius_1p5x_c095,topbrain,topcow_mr_006,285,280,160,0,0,0,0,0,0
radius_1p5x_c095,topbrain,topcow_mr_006,286,280,160,40,25,22,6,15,4
radius_1p5x_c095,topbrain,topcow_mr_006,287,280,160,75,51,46,13,31,7
radius_1p5x_c095,topbrain,topcow_mr_006,288,280,200,0,6,5,1,4,1
radius_1p5x_c095,topbrain,topcow_mr_006,289,280,200,40,18,13,2,8,8
radius_1p5x_c095,topbrain,topcow_mr_006,290,280,200,75,44,40,9,26,9
radius_1p5x_c095,topbrain,topcow_mr_006,291,280,240,0,10,8,0,6,4
radius_1p5x_c095,topbrain,topcow_mr_006,292,280,240,40,11,9,0,7,4
radius_1p5x_c095,topbrain,topcow_mr_006,293,280,240,75,18,16,2,10,6
radius_1p5x_c095,topbrain,topcow_mr_006,294,280,280,0,10,9,1,8,1
radius_1p5x_c095,topbrain,topcow_mr_006,295,280,280,40,10,9,1,8,1
radius_1p5x_c095,topbrain,topcow_mr_006,296,280,280,75,9,8,0,7,2
radius_1p5x_c095,topbrain,topcow_mr_006,297,280,320,0,0,0,0,0,0
radius_1p5x_c095,topbrain,topcow_mr_006,298,280,320,40,0,0,0,0,0
radius_1p5x_c095,topbrain,topcow_mr_006,299,280,320,75,4,3,0,2,2
radius_1p5x_c095,topbrain,topcow_mr_006,300,280,360,0,0,0,0,0,0
radius_1p5x_c095,topbrain,topcow_mr_006,301,280,360,40,0,0,0,0,0
radius_1p5x_c095,topbrain,topcow_mr_006,302,280,360,75,0,0,0,0,0
radius_1p5x_c095,topbrain,topcow_mr_006,303,280,400,0,0,0,0,0,0
radius_1p5x_c095,topbrain,topcow_mr_006,304,280,400,40,0,0,0,0,0
radius_1p5x_c095,topbrain,topcow_mr_006,305,280,400,75,0,0,0,0,0
radius_1p5x_c095,topbrain,topcow_mr_006,306,280,440,0,0,0,0,0,0
radius_1p5x_c095,topbrain,topcow_mr_006,307,280,440,40,0,0,0,0,0
radius_1p5x_c095,topbrain,topcow_mr_006,308,280,440,75,0,0,0,0,0
radius_1p5x_c095,topbrain,topcow_mr_006,309,280,443,0,0,0,0,0,0
radius_1p5x_c095,topbrain,topcow_mr_006,310,280,443,40,0,0,0,0,0
radius_1p5x_c095,topbrain,topcow_mr_006,311,280,443,75,0,0,0,0,0
radius_1p5x_c095,topbrain,topcow_mr_006,312,320,0,0,0,0,0,0,0
radius_1p5x_c095,topbrain,topcow_mr_006,313,320,0,40,0,0,0,0,0
radius_1p5x_c095,topbrain,topcow_mr_006,314,320,0,75,0,0,0,0,0
radius_1p5x_c095,topbrain,topcow_mr_006,315,320,40,0,0,0,0,0,0
radius_1p5x_c095,topbrain,topcow_mr_006,316,320,40,40,0,0,0,0,0
radius_1p5x_c095,topbrain,topcow_mr_006,317,320,40,75,0,0,0,0,0
radius_1p5x_c095,topbrain,topcow_mr_006,318,320,80,0,0,0,0,0,0
radius_1p5x_c095,topbrain,topcow_mr_006,319,320,80,40,7,5,0,3,4
radius_1p5x_c095,topbrain,topcow_mr_006,320,320,80,75,7,5,0,3,4
radius_1p5x_c095,topbrain,topcow_mr_006,321,320,120,0,0,0,0,0,0
radius_1p5x_c095,topbrain,topcow_mr_006,322,320,120,40,18,15,2,8,8
radius_1p5x_c095,topbrain,topcow_mr_006,323,320,120,75,31,27,4,17,10
radius_1p5x_c095,topbrain,topcow_mr_006,324,320,160,0,7,6,1,3,3
radius_1p5x_c095,topbrain,topcow_mr_006,325,320,160,40,23,20,3,11,9
radius_1p5x_c095,topbrain,topcow_mr_006,326,320,160,75,41,35,8,21,12
radius_1p5x_c095,topbrain,topcow_mr_006,327,320,200,0,11,9,2,5,4
radius_1p5x_c095,topbrain,topcow_mr_006,328,320,200,40,21,16,1,10,10
radius_1p5x_c095,topbrain,topcow_mr_006,329,320,200,75,40,34,6,21,13
radius_1p5x_c095,topbrain,topcow_mr_006,330,320,240,0,2,1,1,0,1
radius_1p5x_c095,topbrain,topcow_mr_006,331,320,240,40,6,4,0,2,4
radius_1p5x_c095,topbrain,topcow_mr_006,332,320,240,75,21,18,1,13,7
radius_1p5x_c095,topbrain,topcow_mr_006,333,320,280,0,0,0,0,0,0
radius_1p5x_c095,topbrain,topcow_mr_006,334,320,280,40,0,0,0,0,0
radius_1p5x_c095,topbrain,topcow_mr_006,335,320,280,75,13,12,1,11,1
radius_1p5x_c095,topbrain,topcow_mr_006,336,320,320,0,0,0,0,0,0
radius_1p5x_c095,topbrain,topcow_mr_006,337,320,320,40,0,0,0,0,0
radius_1p5x_c095,topbrain,topcow_mr_006,338,320,320,75,4,3,1,2,1
radius_1p5x_c095,topbrain,topcow_mr_006,339,320,360,0,0,0,0,0,0
radius_1p5x_c095,topbrain,topcow_mr_006,340,320,360,40,0,0,0,0,0
radius_1p5x_c095,topbrain,topcow_mr_006,341,320,360,75,0,0,0,0,0
radius_1p5x_c095,topbrain,topcow_mr_006,342,320,400,0,0,0,0,0,0
radius_1p5x_c095,topbrain,topcow_mr_006,343,320,400,40,0,0,0,0,0
radius_1p5x_c095,topbrain,topcow_mr_006,344,320,400,75,0,0,0,0,0
radius_1p5x_c095,topbrain,topcow_mr_006,345,320,440,0,0,0,0,0,0
radius_1p5x_c095,topbrain,topcow_mr_006,346,320,440,40,0,0,0,0,0
radius_1p5x_c095,topbrain,topcow_mr_006,347,320,440,75,0,0,0,0,0
radius_1p5x_c095,topbrain,topcow_mr_006,348,320,443,0,0,0,0,0,0
radius_1p5x_c095,topbrain,topcow_mr_006,349,320,443,40,0,0,0,0,0
radius_1p5x_c095,topbrain,topcow_mr_006,350,320,443,75,0,0,0,0,0
radius_1p5x_c095,topbrain,topcow_mr_006,351,360,0,0,0,0,0,0,0
radius_1p5x_c095,topbrain,topcow_mr_006,352,360,0,40,0,0,0,0,0
radius_1p5x_c095,topbrain,topcow_mr_006,353,360,0,75,0,0,0,0,0
radius_1p5x_c095,topbrain,topcow_mr_006,354,360,40,0,0,0,0,0,0
radius_1p5x_c095,topbrain,topcow_mr_006,355,360,40,40,0,0,0,0,0
radius_1p5x_c095,topbrain,topcow_mr_006,356,360,40,75,0,0,0,0,0
radius_1p5x_c095,topbrain,topcow_mr_006,357,360,80,0,0,0,0,0,0
radius_1p5x_c095,topbrain,topcow_mr_006,358,360,80,40,0,0,0,0,0
radius_1p5x_c095,topbrain,topcow_mr_006,359,360,80,75,8,6,1,4,3
radius_1p5x_c095,topbrain,topcow_mr_006,360,360,120,0,0,0,0,0,0
radius_1p5x_c095,topbrain,topcow_mr_006,361,360,120,40,11,8,0,5,6
radius_1p5x_c095,topbrain,topcow_mr_006,362,360,120,75,26,24,2,22,2
radius_1p5x_c095,topbrain,topcow_mr_006,363,360,160,0,6,5,1,2,3
radius_1p5x_c095,topbrain,topcow_mr_006,364,360,160,40,27,25,2,19,6
radius_1p5x_c095,topbrain,topcow_mr_006,365,360,160,75,27,23,2,19,6
radius_1p5x_c095,topbrain,topcow_mr_006,366,360,200,0,32,29,5,22,5
radius_1p5x_c095,topbrain,topcow_mr_006,367,360,200,40,48,44,6,36,6
radius_1p5x_c095,topbrain,topcow_mr_006,368,360,200,75,36,31,4,26,6
radius_1p5x_c095,topbrain,topcow_mr_006,369,360,240,0,18,15,3,12,3
radius_1p5x_c095,topbrain,topcow_mr_006,370,360,240,40,17,13,4,9,4
radius_1p5x_c095,topbrain,topcow_mr_006,371,360,240,75,26,22,5,18,3
radius_1p5x_c095,topbrain,topcow_mr_006,372,360,280,0,0,0,0,0,0
radius_1p5x_c095,topbrain,topcow_mr_006,373,360,280,40,0,0,0,0,0
radius_1p5x_c095,topbrain,topcow_mr_006,374,360,280,75,0,0,0,0,0
radius_1p5x_c095,topbrain,topcow_mr_006,375,360,320,0,0,0,0,0,0
radius_1p5x_c095,topbrain,topcow_mr_006,376,360,320,40,0,0,0,0,0
radius_1p5x_c095,topbrain,topcow_mr_006,377,360,320,75,0,0,0,0,0
radius_1p5x_c095,topbrain,topcow_mr_006,378,360,360,0,0,0,0,0,0
radius_1p5x_c095,topbrain,topcow_mr_006,379,360,360,40,0,0,0,0,0
radius_1p5x_c095,topbrain,topcow_mr_006,380,360,360,75,0,0,0,0,0
radius_1p5x_c095,topbrain,topcow_mr_006,381,360,400,0,0,0,0,0,0
radius_1p5x_c095,topbrain,topcow_mr_006,382,360,400,40,0,0,0,0,0
radius_1p5x_c095,topbrain,topcow_mr_006,383,360,400,75,0,0,0,0,0
radius_1p5x_c095,topbrain,topcow_mr_006,384,360,440,0,0,0,0,0,0
radius_1p5x_c095,topbrain,topcow_mr_006,385,360,440,40,0,0,0,0,0
radius_1p5x_c095,topbrain,topcow_mr_006,386,360,440,75,0,0,0,0,0
radius_1p5x_c095,topbrain,topcow_mr_006,387,360,443,0,0,0,0,0,0
radius_1p5x_c095,topbrain,topcow_mr_006,388,360,443,40,0,0,0,0,0
radius_1p5x_c095,topbrain,topcow_mr_006,389,360,443,75,0,0,0,0,0
radius_1p5x_c095,topbrain,topcow_mr_006,390,365,0,0,0,0,0,0,0
radius_1p5x_c095,topbrain,topcow_mr_006,391,365,0,40,0,0,0,0,0
radius_1p5x_c095,topbrain,topcow_mr_006,392,365,0,75,0,0,0,0,0
radius_1p5x_c095,topbrain,topcow_mr_006,393,365,40,0,0,0,0,0,0
radius_1p5x_c095,topbrain,topcow_mr_006,394,365,40,40,0,0,0,0,0
radius_1p5x_c095,topbrain,topcow_mr_006,395,365,40,75,0,0,0,0,0
radius_1p5x_c095,topbrain,topcow_mr_006,396,365,80,0,0,0,0,0,0
radius_1p5x_c095,topbrain,topcow_mr_006,397,365,80,40,0,0,0,0,0
radius_1p5x_c095,topbrain,topcow_mr_006,398,365,80,75,8,6,1,4,3
radius_1p5x_c095,topbrain,topcow_mr_006,399,365,120,0,0,0,0,0,0
radius_1p5x_c095,topbrain,topcow_mr_006,400,365,120,40,7,5,0,3,4
radius_1p5x_c095,topbrain,topcow_mr_006,401,365,120,75,24,22,2,20,2
radius_1p5x_c095,topbrain,topcow_mr_006,402,365,160,0,6,4,0,2,4
radius_1p5x_c095,topbrain,topcow_mr_006,403,365,160,40,27,24,1,19,7
radius_1p5x_c095,topbrain,topcow_mr_006,404,365,160,75,25,22,1,19,5
radius_1p5x_c095,topbrain,topcow_mr_006,405,365,200,0,32,28,4,22,6
radius_1p5x_c095,topbrain,topcow_mr_006,406,365,200,40,48,43,5,36,7
radius_1p5x_c095,topbrain,topcow_mr_006,407,365,200,75,36,31,4,26,6
radius_1p5x_c095,topbrain,topcow_mr_006,408,365,240,0,18,15,3,12,3
radius_1p5x_c095,topbrain,topcow_mr_006,409,365,240,40,17,13,4,9,4
radius_1p5x_c095,topbrain,topcow_mr_006,410,365,240,75,26,22,5,18,3
radius_1p5x_c095,topbrain,topcow_mr_006,411,365,280,0,0,0,0,0,0
radius_1p5x_c095,topbrain,topcow_mr_006,412,365,280,40,0,0,0,0,0
radius_1p5x_c095,topbrain,topcow_mr_006,413,365,280,75,0,0,0,0,0
radius_1p5x_c095,topbrain,topcow_mr_006,414,365,320,0,0,0,0,0,0
radius_1p5x_c095,topbrain,topcow_mr_006,415,365,320,40,0,0,0,0,0
radius_1p5x_c095,topbrain,topcow_mr_006,416,365,320,75,0,0,0,0,0
radius_1p5x_c095,topbrain,topcow_mr_006,417,365,360,0,0,0,0,0,0
radius_1p5x_c095,topbrain,topcow_mr_006,418,365,360,40,0,0,0,0,0
radius_1p5x_c095,topbrain,topcow_mr_006,419,365,360,75,0,0,0,0,0
radius_1p5x_c095,topbrain,topcow_mr_006,420,365,400,0,0,0,0,0,0
radius_1p5x_c095,topbrain,topcow_mr_006,421,365,400,40,0,0,0,0,0
radius_1p5x_c095,topbrain,topcow_mr_006,422,365,400,75,0,0,0,0,0
radius_1p5x_c095,topbrain,topcow_mr_006,423,365,440,0,0,0,0,0,0
radius_1p5x_c095,topbrain,topcow_mr_006,424,365,440,40,0,0,0,0,0
radius_1p5x_c095,topbrain,topcow_mr_006,425,365,440,75,0,0,0,0,0
radius_1p5x_c095,topbrain,topcow_mr_006,426,365,443,0,0,0,0,0,0
radius_1p5x_c095,topbrain,topcow_mr_006,427,365,443,40,0,0,0,0,0
radius_1p5x_c095,topbrain,topcow_mr_006,428,365,443,75,0,0,0,0,0
radius_2x_c095,topbrain,topcow_mr_006,0,0,0,0,0,0,0,0,0
radius_2x_c095,topbrain,topcow_mr_006,1,0,0,40,0,0,0,0,0
radius_2x_c095,topbrain,topcow_mr_006,2,0,0,75,0,0,0,0,0
radius_2x_c095,topbrain,topcow_mr_006,3,0,40,0,0,0,0,0,0
radius_2x_c095,topbrain,topcow_mr_006,4,0,40,40,0,0,0,0,0
radius_2x_c095,topbrain,topcow_mr_006,5,0,40,75,0,0,0,0,0
radius_2x_c095,topbrain,topcow_mr_006,6,0,80,0,0,0,0,0,0
radius_2x_c095,topbrain,topcow_mr_006,7,0,80,40,8,7,0,6,2
radius_2x_c095,topbrain,topcow_mr_006,8,0,80,75,8,7,0,6,2
radius_2x_c095,topbrain,topcow_mr_006,9,0,120,0,3,2,0,1,2
radius_2x_c095,topbrain,topcow_mr_006,10,0,120,40,16,13,2,10,4
radius_2x_c095,topbrain,topcow_mr_006,11,0,120,75,26,22,7,16,3
radius_2x_c095,topbrain,topcow_mr_006,12,0,160,0,7,5,0,3,4
radius_2x_c095,topbrain,topcow_mr_006,13,0,160,40,13,11,0,9,4
radius_2x_c095,topbrain,topcow_mr_006,14,0,160,75,19,16,5,11,3
radius_2x_c095,topbrain,topcow_mr_006,15,0,200,0,10,9,1,8,1
radius_2x_c095,topbrain,topcow_mr_006,16,0,200,40,12,10,0,8,4
radius_2x_c095,topbrain,topcow_mr_006,17,0,200,75,10,8,1,6,3
radius_2x_c095,topbrain,topcow_mr_006,18,0,240,0,3,2,1,1,1
radius_2x_c095,topbrain,topcow_mr_006,19,0,240,40,0,0,0,0,0
radius_2x_c095,topbrain,topcow_mr_006,20,0,240,75,9,7,1,5,3
radius_2x_c095,topbrain,topcow_mr_006,21,0,280,0,0,0,0,0,0
radius_2x_c095,topbrain,topcow_mr_006,22,0,280,40,0,0,0,0,0
radius_2x_c095,topbrain,topcow_mr_006,23,0,280,75,0,0,0,0,0
radius_2x_c095,topbrain,topcow_mr_006,24,0,320,0,0,0,0,0,0
radius_2x_c095,topbrain,topcow_mr_006,25,0,320,40,0,0,0,0,0
radius_2x_c095,topbrain,topcow_mr_006,26,0,320,75,0,0,0,0,0
radius_2x_c095,topbrain,topcow_mr_006,27,0,360,0,0,0,0,0,0
radius_2x_c095,topbrain,topcow_mr_006,28,0,360,40,0,0,0,0,0
radius_2x_c095,topbrain,topcow_mr_006,29,0,360,75,0,0,0,0,0
radius_2x_c095,topbrain,topcow_mr_006,30,0,400,0,0,0,0,0,0
radius_2x_c095,topbrain,topcow_mr_006,31,0,400,40,0,0,0,0,0
radius_2x_c095,topbrain,topcow_mr_006,32,0,400,75,0,0,0,0,0
radius_2x_c095,topbrain,topcow_mr_006,33,0,440,0,0,0,0,0,0
radius_2x_c095,topbrain,topcow_mr_006,34,0,440,40,0,0,0,0,0
radius_2x_c095,topbrain,topcow_mr_006,35,0,440,75,0,0,0,0,0
radius_2x_c095,topbrain,topcow_mr_006,36,0,443,0,0,0,0,0,0
radius_2x_c095,topbrain,topcow_mr_006,37,0,443,40,0,0,0,0,0
radius_2x_c095,topbrain,topcow_mr_006,38,0,443,75,0,0,0,0,0
radius_2x_c095,topbrain,topcow_mr_006,39,40,0,0,0,0,0,0,0
radius_2x_c095,topbrain,topcow_mr_006,40,40,0,40,0,0,0,0,0
radius_2x_c095,topbrain,topcow_mr_006,41,40,0,75,0,0,0,0,0
radius_2x_c095,topbrain,topcow_mr_006,42,40,40,0,0,0,0,0,0
radius_2x_c095,topbrain,topcow_mr_006,43,40,40,40,0,0,0,0,0
radius_2x_c095,topbrain,topcow_mr_006,44,40,40,75,0,0,0,0,0
radius_2x_c095,topbrain,topcow_mr_006,45,40,80,0,0,0,0,0,0
radius_2x_c095,topbrain,topcow_mr_006,46,40,80,40,13,12,2,9,2
radius_2x_c095,topbrain,topcow_mr_006,47,40,80,75,11,10,1,7,3
radius_2x_c095,topbrain,topcow_mr_006,48,40,120,0,11,9,3,7,1
radius_2x_c095,topbrain,topcow_mr_006,49,40,120,40,51,44,11,28,12
radius_2x_c095,topbrain,topcow_mr_006,50,40,120,75,65,56,11,38,16
radius_2x_c095,topbrain,topcow_mr_006,51,40,160,0,11,9,3,7,1
radius_2x_c095,topbrain,topcow_mr_006,52,40,160,40,42,42,11,22,9
radius_2x_c095,topbrain,topcow_mr_006,53,40,160,75,63,62,14,35,14
radius_2x_c095,topbrain,topcow_mr_006,54,40,200,0,2,1,1,0,1
radius_2x_c095,topbrain,topcow_mr_006,55,40,200,40,8,6,1,2,5
radius_2x_c095,topbrain,topcow_mr_006,56,40,200,75,44,45,10,27,7
radius_2x_c095,topbrain,topcow_mr_006,57,40,240,0,2,1,1,0,1
radius_2x_c095,topbrain,topcow_mr_006,58,40,240,40,0,0,0,0,0
radius_2x_c095,topbrain,topcow_mr_006,59,40,240,75,21,18,1,13,7
radius_2x_c095,topbrain,topcow_mr_006,60,40,280,0,0,0,0,0,0
radius_2x_c095,topbrain,topcow_mr_006,61,40,280,40,0,0,0,0,0
radius_2x_c095,topbrain,topcow_mr_006,62,40,280,75,0,0,0,0,0
radius_2x_c095,topbrain,topcow_mr_006,63,40,320,0,0,0,0,0,0
radius_2x_c095,topbrain,topcow_mr_006,64,40,320,40,0,0,0,0,0
radius_2x_c095,topbrain,topcow_mr_006,65,40,320,75,0,0,0,0,0
radius_2x_c095,topbrain,topcow_mr_006,66,40,360,0,0,0,0,0,0
radius_2x_c095,topbrain,topcow_mr_006,67,40,360,40,0,0,0,0,0
radius_2x_c095,topbrain,topcow_mr_006,68,40,360,75,0,0,0,0,0
radius_2x_c095,topbrain,topcow_mr_006,69,40,400,0,0,0,0,0,0
radius_2x_c095,topbrain,topcow_mr_006,70,40,400,40,0,0,0,0,0
radius_2x_c095,topbrain,topcow_mr_006,71,40,400,75,0,0,0,0,0
radius_2x_c095,topbrain,topcow_mr_006,72,40,440,0,0,0,0,0,0
radius_2x_c095,topbrain,topcow_mr_006,73,40,440,40,0,0,0,0,0
radius_2x_c095,topbrain,topcow_mr_006,74,40,440,75,0,0,0,0,0
radius_2x_c095,topbrain,topcow_mr_006,75,40,443,0,0,0,0,0,0
radius_2x_c095,topbrain,topcow_mr_006,76,40,443,40,0,0,0,0,0
radius_2x_c095,topbrain,topcow_mr_006,77,40,443,75,0,0,0,0,0
radius_2x_c095,topbrain,topcow_mr_006,78,80,0,0,0,0,0,0,0
radius_2x_c095,topbrain,topcow_mr_006,79,80,0,40,0,0,0,0,0
radius_2x_c095,topbrain,topcow_mr_006,80,80,0,75,0,0,0,0,0
radius_2x_c095,topbrain,topcow_mr_006,81,80,40,0,0,0,0,0,0
radius_2x_c095,topbrain,topcow_mr_006,82,80,40,40,0,0,0,0,0
radius_2x_c095,topbrain,topcow_mr_006,83,80,40,75,0,0,0,0,0
radius_2x_c095,topbrain,topcow_mr_006,84,80,80,0,0,0,0,0,0
radius_2x_c095,topbrain,topcow_mr_006,85,80,80,40,7,5,1,3,3
radius_2x_c095,topbrain,topcow_mr_006,86,80,80,75,16,14,3,10,3
radius_2x_c095,topbrain,topcow_mr_006,87,80,120,0,2,1,2,0,0
radius_2x_c095,topbrain,topcow_mr_006,88,80,120,40,88,96,28,50,10
radius_2x_c095,topbrain,topcow_mr_006,89,80,120,75,109,118,29,71,9
radius_2x_c095,topbrain,topcow_mr_006,90,80,160,0,2,1,2,0,0
radius_2x_c095,topbrain,topcow_mr_006,91,80,160,40,88,98,29,45,14
radius_2x_c095,topbrain,topcow_mr_006,92,80,160,75,109,118,31,58,20
radius_2x_c095,topbrain,topcow_mr_006,93,80,200,0,3,2,0,1,2
radius_2x_c095,topbrain,topcow_mr_006,94,80,200,40,8,6,1,2,5
radius_2x_c095,topbrain,topcow_mr_006,95,80,200,75,33,34,9,18,6
radius_2x_c095,topbrain,topcow_mr_006,96,80,240,0,4,3,1,2,1
radius_2x_c095,topbrain,topcow_mr_006,97,80,240,40,0,0,0,0,0
radius_2x_c095,topbrain,topcow_mr_006,98,80,240,75,11,9,2,7,2
radius_2x_c095,topbrain,topcow_mr_006,99,80,280,0,0,0,0,0,0
radius_2x_c095,topbrain,topcow_mr_006,100,80,280,40,0,0,0,0,0
radius_2x_c095,topbrain,topcow_mr_006,101,80,280,75,2,1,1,0,1
radius_2x_c095,topbrain,topcow_mr_006,102,80,320,0,0,0,0,0,0
radius_2x_c095,topbrain,topcow_mr_006,103,80,320,40,0,0,0,0,0
radius_2x_c095,topbrain,topcow_mr_006,104,80,320,75,0,0,0,0,0
radius_2x_c095,topbrain,topcow_mr_006,105,80,360,0,0,0,0,0,0
radius_2x_c095,topbrain,topcow_mr_006,106,80,360,40,0,0,0,0,0
radius_2x_c095,topbrain,topcow_mr_006,107,80,360,75,0,0,0,0,0
radius_2x_c095,topbrain,topcow_mr_006,108,80,400,0,0,0,0,0,0
radius_2x_c095,topbrain,topcow_mr_006,109,80,400,40,0,0,0,0,0
radius_2x_c095,topbrain,topcow_mr_006,110,80,400,75,0,0,0,0,0
radius_2x_c095,topbrain,topcow_mr_006,111,80,440,0,0,0,0,0,0
radius_2x_c095,topbrain,topcow_mr_006,112,80,440,40,0,0,0,0,0
radius_2x_c095,topbrain,topcow_mr_006,113,80,440,75,0,0,0,0,0
radius_2x_c095,topbrain,topcow_mr_006,114,80,443,0,0,0,0,0,0
radius_2x_c095,topbrain,topcow_mr_006,115,80,443,40,0,0,0,0,0
radius_2x_c095,topbrain,topcow_mr_006,116,80,443,75,0,0,0,0,0
radius_2x_c095,topbrain,topcow_mr_006,117,120,0,0,0,0,0,0,0
radius_2x_c095,topbrain,topcow_mr_006,118,120,0,40,0,0,0,0,0
radius_2x_c095,topbrain,topcow_mr_006,119,120,0,75,0,0,0,0,0
radius_2x_c095,topbrain,topcow_mr_006,120,120,40,0,0,0,0,0,0
radius_2x_c095,topbrain,topcow_mr_006,121,120,40,40,0,0,0,0,0
radius_2x_c095,topbrain,topcow_mr_006,122,120,40,75,0,0,0,0,0
radius_2x_c095,topbrain,topcow_mr_006,123,120,80,0,0,0,0,0,0
radius_2x_c095,topbrain,topcow_mr_006,124,120,80,40,0,0,0,0,0
radius_2x_c095,topbrain,topcow_mr_006,125,120,80,75,10,9,3,6,1
radius_2x_c095,topbrain,topcow_mr_006,126,120,120,0,2,1,0,0,2
radius_2x_c095,topbrain,topcow_mr_006,127,120,120,40,39,39,9,19,11
radius_2x_c095,topbrain,topcow_mr_006,128,120,120,75,42,41,11,20,11
radius_2x_c095,topbrain,topcow_mr_006,129,120,160,0,5,3,0,1,4
radius_2x_c095,topbrain,topcow_mr_006,130,120,160,40,49,45,10,19,20
radius_2x_c095,topbrain,topcow_mr_006,131,120,160,75,39,37,9,15,15
radius_2x_c095,topbrain,topcow_mr_006,132,120,200,0,5,4,0,3,2
radius_2x_c095,topbrain,topcow_mr_006,133,120,200,40,18,14,3,6,9
radius_2x_c095,topbrain,topcow_mr_006,134,120,200,75,16,13,3,6,7
radius_2x_c095,topbrain,topcow_mr_006,135,120,240,0,8,5,1,2,5
radius_2x_c095,topbrain,topcow_mr_006,136,120,240,40,6,5,0,4,2
radius_2x_c095,topbrain,topcow_mr_006,137,120,240,75,7,6,0,5,2
radius_2x_c095,topbrain,topcow_mr_006,138,120,280,0,10,9,0,8,2
radius_2x_c095,topbrain,topcow_mr_006,139,120,280,40,3,2,0,1,2
radius_2x_c095,topbrain,topcow_mr_006,140,120,280,75,11,9,0,7,4
radius_2x_c095,topbrain,topcow_mr_006,141,120,320,0,2,1,0,0,2
radius_2x_c095,topbrain,topcow_mr_006,142,120,320,40,0,0,0,0,0
radius_2x_c095,topbrain,topcow_mr_006,143,120,320,75,25,22,2,19,4
radius_2x_c095,topbrain,topcow_mr_006,144,120,360,0,0,0,0,0,0
radius_2x_c095,topbrain,topcow_mr_006,145,120,360,40,0,0,0,0,0
radius_2x_c095,topbrain,topcow_mr_006,146,120,360,75,10,8,1,6,3
radius_2x_c095,topbrain,topcow_mr_006,147,120,400,0,0,0,0,0,0
radius_2x_c095,topbrain,topcow_mr_006,148,120,400,40,0,0,0,0,0
radius_2x_c095,topbrain,topcow_mr_006,149,120,400,75,0,0,0,0,0
radius_2x_c095,topbrain,topcow_mr_006,150,120,440,0,0,0,0,0,0
radius_2x_c095,topbrain,topcow_mr_006,151,120,440,40,0,0,0,0,0
radius_2x_c095,topbrain,topcow_mr_006,152,120,440,75,0,0,0,0,0
radius_2x_c095,topbrain,topcow_mr_006,153,120,443,0,0,0,0,0,0
radius_2x_c095,topbrain,topcow_mr_006,154,120,443,40,0,0,0,0,0
radius_2x_c095,topbrain,topcow_mr_006,155,120,443,75,0,0,0,0,0
radius_2x_c095,topbrain,topcow_mr_006,156,160,0,0,0,0,0,0,0
radius_2x_c095,topbrain,topcow_mr_006,157,160,0,40,0,0,0,0,0
radius_2x_c095,topbrain,topcow_mr_006,158,160,0,75,0,0,0,0,0
radius_2x_c095,topbrain,topcow_mr_006,159,160,40,0,0,0,0,0,0
radius_2x_c095,topbrain,topcow_mr_006,160,160,40,40,0,0,0,0,0
radius_2x_c095,topbrain,topcow_mr_006,161,160,40,75,0,0,0,0,0
radius_2x_c095,topbrain,topcow_mr_006,162,160,80,0,0,0,0,0,0
radius_2x_c095,topbrain,topcow_mr_006,163,160,80,40,0,0,0,0,0
radius_2x_c095,topbrain,topcow_mr_006,164,160,80,75,11,11,4,5,2
radius_2x_c095,topbrain,topcow_mr_006,165,160,120,0,2,1,0,0,2
radius_2x_c095,topbrain,topcow_mr_006,166,160,120,40,18,17,4,10,4
radius_2x_c095,topbrain,topcow_mr_006,167,160,120,75,37,36,9,18,10
radius_2x_c095,topbrain,topcow_mr_006,168,160,160,0,5,3,0,1,4
radius_2x_c095,topbrain,topcow_mr_006,169,160,160,40,40,41,12,19,9
radius_2x_c095,topbrain,topcow_mr_006,170,160,160,75,46,49,14,24,8
radius_2x_c095,topbrain,topcow_mr_006,171,160,200,0,13,11,2,5,6
radius_2x_c095,topbrain,topcow_mr_006,172,160,200,40,42,37,8,18,16
radius_2x_c095,topbrain,topcow_mr_006,173,160,200,75,31,29,7,15,9
radius_2x_c095,topbrain,topcow_mr_006,174,160,240,0,19,17,4,9,6
radius_2x_c095,topbrain,topcow_mr_006,175,160,240,40,22,18,4,6,12
radius_2x_c095,topbrain,topcow_mr_006,176,160,240,75,16,13,3,4,9
radius_2x_c095,topbrain,topcow_mr_006,177,160,280,0,19,17,2,13,4
radius_2x_c095,topbrain,topcow_mr_006,178,160,280,40,4,2,0,0,4
radius_2x_c095,topbrain,topcow_mr_006,179,160,280,75,10,9,1,6,3
radius_2x_c095,topbrain,topcow_mr_006,180,160,320,0,41,39,4,35,2
radius_2x_c095,topbrain,topcow_mr_006,181,160,320,40,12,11,1,8,3
radius_2x_c095,topbrain,topcow_mr_006,182,160,320,75,22,21,2,18,2
radius_2x_c095,topbrain,topcow_mr_006,183,160,360,0,14,11,2,8,4
radius_2x_c095,topbrain,topcow_mr_006,184,160,360,40,6,5,0,4,2
radius_2x_c095,topbrain,topcow_mr_006,185,160,360,75,16,15,1,14,1
radius_2x_c095,topbrain,topcow_mr_006,186,160,400,0,0,0,0,0,0
radius_2x_c095,topbrain,topcow_mr_006,187,160,400,40,0,0,0,0,0
radius_2x_c095,topbrain,topcow_mr_006,188,160,400,75,0,0,0,0,0
radius_2x_c095,topbrain,topcow_mr_006,189,160,440,0,0,0,0,0,0
radius_2x_c095,topbrain,topcow_mr_006,190,160,440,40,0,0,0,0,0
radius_2x_c095,topbrain,topcow_mr_006,191,160,440,75,0,0,0,0,0
radius_2x_c095,topbrain,topcow_mr_006,192,160,443,0,0,0,0,0,0
radius_2x_c095,topbrain,topcow_mr_006,193,160,443,40,0,0,0,0,0
radius_2x_c095,topbrain,topcow_mr_006,194,160,443,75,0,0,0,0,0
radius_2x_c095,topbrain,topcow_mr_006,195,200,0,0,0,0,0,0,0
radius_2x_c095,topbrain,topcow_mr_006,196,200,0,40,0,0,0,0,0
radius_2x_c095,topbrain,topcow_mr_006,197,200,0,75,0,0,0,0,0
radius_2x_c095,topbrain,topcow_mr_006,198,200,40,0,0,0,0,0,0
radius_2x_c095,topbrain,topcow_mr_006,199,200,40,40,0,0,0,0,0
radius_2x_c095,topbrain,topcow_mr_006,200,200,40,75,0,0,0,0,0
radius_2x_c095,topbrain,topcow_mr_006,201,200,80,0,0,0,0,0,0
radius_2x_c095,topbrain,topcow_mr_006,202,200,80,40,0,0,0,0,0
radius_2x_c095,topbrain,topcow_mr_006,203,200,80,75,11,11,3,5,3
radius_2x_c095,topbrain,topcow_mr_006,204,200,120,0,0,0,0,0,0
radius_2x_c095,topbrain,topcow_mr_006,205,200,120,40,18,16,1,14,3
radius_2x_c095,topbrain,topcow_mr_006,206,200,120,75,41,40,8,24,9
radius_2x_c095,topbrain,topcow_mr_006,207,200,160,0,0,0,0,0,0
radius_2x_c095,topbrain,topcow_mr_006,208,200,160,40,40,42,11,22,7
radius_2x_c095,topbrain,topcow_mr_006,209,200,160,75,53,58,16,30,7
radius_2x_c095,topbrain,topcow_mr_006,210,200,200,0,8,6,1,2,5
radius_2x_c095,topbrain,topcow_mr_006,211,200,200,40,34,30,5,16,13
radius_2x_c095,topbrain,topcow_mr_006,212,200,200,75,28,25,5,12,11
radius_2x_c095,topbrain,topcow_mr_006,213,200,240,0,21,20,4,11,6
radius_2x_c095,topbrain,topcow_mr_006,214,200,240,40,31,27,4,17,10
radius_2x_c095,topbrain,topcow_mr_006,215,200,240,75,23,19,4,9,10
radius_2x_c095,topbrain,topcow_mr_006,216,200,280,0,38,41,8,26,4
radius_2x_c095,topbrain,topcow_mr_006,217,200,280,40,11,8,1,5,5
radius_2x_c095,topbrain,topcow_mr_006,218,200,280,75,14,12,2,8,4
radius_2x_c095,topbrain,topcow_mr_006,219,200,320,0,58,58,8,45,5
radius_2x_c095,topbrain,topcow_mr_006,220,200,320,40,13,10,1,5,7
radius_2x_c095,topbrain,topcow_mr_006,221,200,320,75,26,24,1,20,5
radius_2x_c095,topbrain,topcow_mr_006,222,200,360,0,7,5,1,3,3
radius_2x_c095,topbrain,topcow_mr_006,223,200,360,40,3,2,0,1,2
radius_2x_c095,topbrain,topcow_mr_006,224,200,360,75,13,11,0,9,4
radius_2x_c095,topbrain,topcow_mr_006,225,200,400,0,0,0,0,0,0
radius_2x_c095,topbrain,topcow_mr_006,226,200,400,40,0,0,0,0,0
radius_2x_c095,topbrain,topcow_mr_006,227,200,400,75,0,0,0,0,0
radius_2x_c095,topbrain,topcow_mr_006,228,200,440,0,0,0,0,0,0
radius_2x_c095,topbrain,topcow_mr_006,229,200,440,40,0,0,0,0,0
radius_2x_c095,topbrain,topcow_mr_006,230,200,440,75,0,0,0,0,0
radius_2x_c095,topbrain,topcow_mr_006,231,200,443,0,0,0,0,0,0
radius_2x_c095,topbrain,topcow_mr_006,232,200,443,40,0,0,0,0,0
radius_2x_c095,topbrain,topcow_mr_006,233,200,443,75,0,0,0,0,0
radius_2x_c095,topbrain,topcow_mr_006,234,240,0,0,0,0,0,0,0
radius_2x_c095,topbrain,topcow_mr_006,235,240,0,40,0,0,0,0,0
radius_2x_c095,topbrain,topcow_mr_006,236,240,0,75,0,0,0,0,0
radius_2x_c095,topbrain,topcow_mr_006,237,240,40,0,0,0,0,0,0
radius_2x_c095,topbrain,topcow_mr_006,238,240,40,40,0,0,0,0,0
radius_2x_c095,topbrain,topcow_mr_006,239,240,40,75,0,0,0,0,0
radius_2x_c095,topbrain,topcow_mr_006,240,240,80,0,0,0,0,0,0
radius_2x_c095,topbrain,topcow_mr_006,241,240,80,40,3,2,0,1,2
radius_2x_c095,topbrain,topcow_mr_006,242,240,80,75,10,8,1,6,3
radius_2x_c095,topbrain,topcow_mr_006,243,240,120,0,0,0,0,0,0
radius_2x_c095,topbrain,topcow_mr_006,244,240,120,40,20,16,2,12,6
radius_2x_c095,topbrain,topcow_mr_006,245,240,120,75,29,24,3,19,7
radius_2x_c095,topbrain,topcow_mr_006,246,240,160,0,0,0,0,0,0
radius_2x_c095,topbrain,topcow_mr_006,247,240,160,40,18,16,3,10,5
radius_2x_c095,topbrain,topcow_mr_006,248,240,160,75,23,19,4,11,8
radius_2x_c095,topbrain,topcow_mr_006,249,240,200,0,4,3,0,2,2
radius_2x_c095,topbrain,topcow_mr_006,250,240,200,40,17,14,1,9,7
radius_2x_c095,topbrain,topcow_mr_006,251,240,200,75,15,12,1,7,7
radius_2x_c095,topbrain,topcow_mr_006,252,240,240,0,13,11,0,9,4
radius_2x_c095,topbrain,topcow_mr_006,253,240,240,40,26,23,1,20,5
radius_2x_c095,topbrain,topcow_mr_006,254,240,240,75,16,13,1,10,5
radius_2x_c095,topbrain,topcow_mr_006,255,240,280,0,27,24,2,18,7
radius_2x_c095,topbrain,topcow_mr_006,256,240,280,40,24,20,2,16,6
radius_2x_c095,topbrain,topcow_mr_006,257,240,280,75,18,15,2,10,6
radius_2x_c095,topbrain,topcow_mr_006,258,240,320,0,11,10,1,6,4
radius_2x_c095,topbrain,topcow_mr_006,259,240,320,40,8,6,0,4,4
radius_2x_c095,topbrain,topcow_mr_006,260,240,320,75,26,24,2,20,4
radius_2x_c095,topbrain,topcow_mr_006,261,240,360,0,0,0,0,0,0
radius_2x_c095,topbrain,topcow_mr_006,262,240,360,40,3,2,0,1,2
radius_2x_c095,topbrain,topcow_mr_006,263,240,360,75,22,19,2,16,4
radius_2x_c095,topbrain,topcow_mr_006,264,240,400,0,0,0,0,0,0
radius_2x_c095,topbrain,topcow_mr_006,265,240,400,40,0,0,0,0,0
radius_2x_c095,topbrain,topcow_mr_006,266,240,400,75,2,1,1,0,1
radius_2x_c095,topbrain,topcow_mr_006,267,240,440,0,0,0,0,0,0
radius_2x_c095,topbrain,topcow_mr_006,268,240,440,40,0,0,0,0,0
radius_2x_c095,topbrain,topcow_mr_006,269,240,440,75,0,0,0,0,0
radius_2x_c095,topbrain,topcow_mr_006,270,240,443,0,0,0,0,0,0
radius_2x_c095,topbrain,topcow_mr_006,271,240,443,40,0,0,0,0,0
radius_2x_c095,topbrain,topcow_mr_006,272,240,443,75,0,0,0,0,0
radius_2x_c095,topbrain,topcow_mr_006,273,280,0,0,0,0,0,0,0
radius_2x_c095,topbrain,topcow_mr_006,274,280,0,40,0,0,0,0,0
radius_2x_c095,topbrain,topcow_mr_006,275,280,0,75,0,0,0,0,0
radius_2x_c095,topbrain,topcow_mr_006,276,280,40,0,0,0,0,0,0
radius_2x_c095,topbrain,topcow_mr_006,277,280,40,40,0,0,0,0,0
radius_2x_c095,topbrain,topcow_mr_006,278,280,40,75,0,0,0,0,0
radius_2x_c095,topbrain,topcow_mr_006,279,280,80,0,0,0,0,0,0
radius_2x_c095,topbrain,topcow_mr_006,280,280,80,40,6,5,0,4,2
radius_2x_c095,topbrain,topcow_mr_006,281,280,80,75,13,11,1,9,3
radius_2x_c095,topbrain,topcow_mr_006,282,280,120,0,0,0,0,0,0
radius_2x_c095,topbrain,topcow_mr_006,283,280,120,40,26,22,4,16,6
radius_2x_c095,topbrain,topcow_mr_006,284,280,120,75,46,41,7,32,7
radius_2x_c095,topbrain,topcow_mr_006,285,280,160,0,0,0,0,0,0
radius_2x_c095,topbrain,topcow_mr_006,286,280,160,40,25,22,6,15,4
radius_2x_c095,topbrain,topcow_mr_006,287,280,160,75,50,45,13,30,7
radius_2x_c095,topbrain,topcow_mr_006,288,280,200,0,6,5,1,4,1
radius_2x_c095,topbrain,topcow_mr_006,289,280,200,40,18,13,2,8,8
radius_2x_c095,topbrain,topcow_mr_006,290,280,200,75,44,40,9,26,9
radius_2x_c095,topbrain,topcow_mr_006,291,280,240,0,10,8,0,6,4
radius_2x_c095,topbrain,topcow_mr_006,292,280,240,40,11,9,0,7,4
radius_2x_c095,topbrain,topcow_mr_006,293,280,240,75,18,16,2,10,6
radius_2x_c095,topbrain,topcow_mr_006,294,280,280,0,10,9,1,8,1
radius_2x_c095,topbrain,topcow_mr_006,295,280,280,40,10,9,1,8,1
radius_2x_c095,topbrain,topcow_mr_006,296,280,280,75,9,8,0,7,2
radius_2x_c095,topbrain,topcow_mr_006,297,280,320,0,0,0,0,0,0
radius_2x_c095,topbrain,topcow_mr_006,298,280,320,40,0,0,0,0,0
radius_2x_c095,topbrain,topcow_mr_006,299,280,320,75,4,3,0,2,2
radius_2x_c095,topbrain,topcow_mr_006,300,280,360,0,0,0,0,0,0
radius_2x_c095,topbrain,topcow_mr_006,301,280,360,40,0,0,0,0,0
radius_2x_c095,topbrain,topcow_mr_006,302,280,360,75,0,0,0,0,0
radius_2x_c095,topbrain,topcow_mr_006,303,280,400,0,0,0,0,0,0
radius_2x_c095,topbrain,topcow_mr_006,304,280,400,40,0,0,0,0,0
radius_2x_c095,topbrain,topcow_mr_006,305,280,400,75,0,0,0,0,0
radius_2x_c095,topbrain,topcow_mr_006,306,280,440,0,0,0,0,0,0
radius_2x_c095,topbrain,topcow_mr_006,307,280,440,40,0,0,0,0,0
radius_2x_c095,topbrain,topcow_mr_006,308,280,440,75,0,0,0,0,0
radius_2x_c095,topbrain,topcow_mr_006,309,280,443,0,0,0,0,0,0
radius_2x_c095,topbrain,topcow_mr_006,310,280,443,40,0,0,0,0,0
radius_2x_c095,topbrain,topcow_mr_006,311,280,443,75,0,0,0,0,0
radius_2x_c095,topbrain,topcow_mr_006,312,320,0,0,0,0,0,0,0
radius_2x_c095,topbrain,topcow_mr_006,313,320,0,40,0,0,0,0,0
radius_2x_c095,topbrain,topcow_mr_006,314,320,0,75,0,0,0,0,0
radius_2x_c095,topbrain,topcow_mr_006,315,320,40,0,0,0,0,0,0
radius_2x_c095,topbrain,topcow_mr_006,316,320,40,40,0,0,0,0,0
radius_2x_c095,topbrain,topcow_mr_006,317,320,40,75,0,0,0,0,0
radius_2x_c095,topbrain,topcow_mr_006,318,320,80,0,0,0,0,0,0
radius_2x_c095,topbrain,topcow_mr_006,319,320,80,40,7,5,0,3,4
radius_2x_c095,topbrain,topcow_mr_006,320,320,80,75,7,5,0,3,4
radius_2x_c095,topbrain,topcow_mr_006,321,320,120,0,0,0,0,0,0
radius_2x_c095,topbrain,topcow_mr_006,322,320,120,40,18,15,2,8,8
radius_2x_c095,topbrain,topcow_mr_006,323,320,120,75,31,27,4,17,10
radius_2x_c095,topbrain,topcow_mr_006,324,320,160,0,7,6,1,3,3
radius_2x_c095,topbrain,topcow_mr_006,325,320,160,40,23,20,3,11,9
radius_2x_c095,topbrain,topcow_mr_006,326,320,160,75,40,34,8,20,12
radius_2x_c095,topbrain,topcow_mr_006,327,320,200,0,11,9,2,5,4
radius_2x_c095,topbrain,topcow_mr_006,328,320,200,40,21,16,1,10,10
radius_2x_c095,topbrain,topcow_mr_006,329,320,200,75,40,34,6,21,13
radius_2x_c095,topbrain,topcow_mr_006,330,320,240,0,2,1,1,0,1
radius_2x_c095,topbrain,topcow_mr_006,331,320,240,40,6,4,0,2,4
radius_2x_c095,topbrain,topcow_mr_006,332,320,240,75,21,18,1,13,7
radius_2x_c095,topbrain,topcow_mr_006,333,320,280,0,0,0,0,0,0
radius_2x_c095,topbrain,topcow_mr_006,334,320,280,40,0,0,0,0,0
radius_2x_c095,topbrain,topcow_mr_006,335,320,280,75,13,12,1,11,1
radius_2x_c095,topbrain,topcow_mr_006,336,320,320,0,0,0,0,0,0
radius_2x_c095,topbrain,topcow_mr_006,337,320,320,40,0,0,0,0,0
radius_2x_c095,topbrain,topcow_mr_006,338,320,320,75,4,3,1,2,1
radius_2x_c095,topbrain,topcow_mr_006,339,320,360,0,0,0,0,0,0
radius_2x_c095,topbrain,topcow_mr_006,340,320,360,40,0,0,0,0,0
radius_2x_c095,topbrain,topcow_mr_006,341,320,360,75,0,0,0,0,0
radius_2x_c095,topbrain,topcow_mr_006,342,320,400,0,0,0,0,0,0
radius_2x_c095,topbrain,topcow_mr_006,343,320,400,40,0,0,0,0,0
radius_2x_c095,topbrain,topcow_mr_006,344,320,400,75,0,0,0,0,0
radius_2x_c095,topbrain,topcow_mr_006,345,320,440,0,0,0,0,0,0
radius_2x_c095,topbrain,topcow_mr_006,346,320,440,40,0,0,0,0,0
radius_2x_c095,topbrain,topcow_mr_006,347,320,440,75,0,0,0,0,0
radius_2x_c095,topbrain,topcow_mr_006,348,320,443,0,0,0,0,0,0
radius_2x_c095,topbrain,topcow_mr_006,349,320,443,40,0,0,0,0,0
radius_2x_c095,topbrain,topcow_mr_006,350,320,443,75,0,0,0,0,0
radius_2x_c095,topbrain,topcow_mr_006,351,360,0,0,0,0,0,0,0
radius_2x_c095,topbrain,topcow_mr_006,352,360,0,40,0,0,0,0,0
radius_2x_c095,topbrain,topcow_mr_006,353,360,0,75,0,0,0,0,0
radius_2x_c095,topbrain,topcow_mr_006,354,360,40,0,0,0,0,0,0
radius_2x_c095,topbrain,topcow_mr_006,355,360,40,40,0,0,0,0,0
radius_2x_c095,topbrain,topcow_mr_006,356,360,40,75,0,0,0,0,0
radius_2x_c095,topbrain,topcow_mr_006,357,360,80,0,0,0,0,0,0
radius_2x_c095,topbrain,topcow_mr_006,358,360,80,40,0,0,0,0,0
radius_2x_c095,topbrain,topcow_mr_006,359,360,80,75,8,6,1,4,3
radius_2x_c095,topbrain,topcow_mr_006,360,360,120,0,0,0,0,0,0
radius_2x_c095,topbrain,topcow_mr_006,361,360,120,40,11,8,0,5,6
radius_2x_c095,topbrain,topcow_mr_006,362,360,120,75,25,23,2,21,2
radius_2x_c095,topbrain,topcow_mr_006,363,360,160,0,6,5,1,2,3
radius_2x_c095,topbrain,topcow_mr_006,364,360,160,40,26,24,2,18,6
radius_2x_c095,topbrain,topcow_mr_006,365,360,160,75,27,23,2,19,6
radius_2x_c095,topbrain,topcow_mr_006,366,360,200,0,32,29,5,22,5
radius_2x_c095,topbrain,topcow_mr_006,367,360,200,40,47,43,6,35,6
radius_2x_c095,topbrain,topcow_mr_006,368,360,200,75,35,30,4,25,6
radius_2x_c095,topbrain,topcow_mr_006,369,360,240,0,18,15,3,12,3
radius_2x_c095,topbrain,topcow_mr_006,370,360,240,40,17,13,4,9,4
radius_2x_c095,topbrain,topcow_mr_006,371,360,240,75,25,21,5,17,3
radius_2x_c095,topbrain,topcow_mr_006,372,360,280,0,0,0,0,0,0
radius_2x_c095,topbrain,topcow_mr_006,373,360,280,40,0,0,0,0,0
radius_2x_c095,topbrain,topcow_mr_006,374,360,280,75,0,0,0,0,0
radius_2x_c095,topbrain,topcow_mr_006,375,360,320,0,0,0,0,0,0
radius_2x_c095,topbrain,topcow_mr_006,376,360,320,40,0,0,0,0,0
radius_2x_c095,topbrain,topcow_mr_006,377,360,320,75,0,0,0,0,0
radius_2x_c095,topbrain,topcow_mr_006,378,360,360,0,0,0,0,0,0
radius_2x_c095,topbrain,topcow_mr_006,379,360,360,40,0,0,0,0,0
radius_2x_c095,topbrain,topcow_mr_006,380,360,360,75,0,0,0,0,0
radius_2x_c095,topbrain,topcow_mr_006,381,360,400,0,0,0,0,0,0
radius_2x_c095,topbrain,topcow_mr_006,382,360,400,40,0,0,0,0,0
radius_2x_c095,topbrain,topcow_mr_006,383,360,400,75,0,0,0,0,0
radius_2x_c095,topbrain,topcow_mr_006,384,360,440,0,0,0,0,0,0
radius_2x_c095,topbrain,topcow_mr_006,385,360,440,40,0,0,0,0,0
radius_2x_c095,topbrain,topcow_mr_006,386,360,440,75,0,0,0,0,0
radius_2x_c095,topbrain,topcow_mr_006,387,360,443,0,0,0,0,0,0
radius_2x_c095,topbrain,topcow_mr_006,388,360,443,40,0,0,0,0,0
radius_2x_c095,topbrain,topcow_mr_006,389,360,443,75,0,0,0,0,0
radius_2x_c095,topbrain,topcow_mr_006,390,365,0,0,0,0,0,0,0
radius_2x_c095,topbrain,topcow_mr_006,391,365,0,40,0,0,0,0,0
radius_2x_c095,topbrain,topcow_mr_006,392,365,0,75,0,0,0,0,0
radius_2x_c095,topbrain,topcow_mr_006,393,365,40,0,0,0,0,0,0
radius_2x_c095,topbrain,topcow_mr_006,394,365,40,40,0,0,0,0,0
radius_2x_c095,topbrain,topcow_mr_006,395,365,40,75,0,0,0,0,0
radius_2x_c095,topbrain,topcow_mr_006,396,365,80,0,0,0,0,0,0
radius_2x_c095,topbrain,topcow_mr_006,397,365,80,40,0,0,0,0,0
radius_2x_c095,topbrain,topcow_mr_006,398,365,80,75,8,6,1,4,3
radius_2x_c095,topbrain,topcow_mr_006,399,365,120,0,0,0,0,0,0
radius_2x_c095,topbrain,topcow_mr_006,400,365,120,40,7,5,0,3,4
radius_2x_c095,topbrain,topcow_mr_006,401,365,120,75,23,21,2,19,2
radius_2x_c095,topbrain,topcow_mr_006,402,365,160,0,6,4,0,2,4
radius_2x_c095,topbrain,topcow_mr_006,403,365,160,40,26,23,1,18,7
radius_2x_c095,topbrain,topcow_mr_006,404,365,160,75,25,22,1,19,5
radius_2x_c095,topbrain,topcow_mr_006,405,365,200,0,32,28,4,22,6
radius_2x_c095,topbrain,topcow_mr_006,406,365,200,40,47,42,5,35,7
radius_2x_c095,topbrain,topcow_mr_006,407,365,200,75,35,30,4,25,6
radius_2x_c095,topbrain,topcow_mr_006,408,365,240,0,18,15,3,12,3
radius_2x_c095,topbrain,topcow_mr_006,409,365,240,40,17,13,4,9,4
radius_2x_c095,topbrain,topcow_mr_006,410,365,240,75,25,21,5,17,3
radius_2x_c095,topbrain,topcow_mr_006,411,365,280,0,0,0,0,0,0
radius_2x_c095,topbrain,topcow_mr_006,412,365,280,40,0,0,0,0,0
radius_2x_c095,topbrain,topcow_mr_006,413,365,280,75,0,0,0,0,0
radius_2x_c095,topbrain,topcow_mr_006,414,365,320,0,0,0,0,0,0
radius_2x_c095,topbrain,topcow_mr_006,415,365,320,40,0,0,0,0,0
radius_2x_c095,topbrain,topcow_mr_006,416,365,320,75,0,0,0,0,0
radius_2x_c095,topbrain,topcow_mr_006,417,365,360,0,0,0,0,0,0
radius_2x_c095,topbrain,topcow_mr_006,418,365,360,40,0,0,0,0,0
radius_2x_c095,topbrain,topcow_mr_006,419,365,360,75,0,0,0,0,0
radius_2x_c095,topbrain,topcow_mr_006,420,365,400,0,0,0,0,0,0
radius_2x_c095,topbrain,topcow_mr_006,421,365,400,40,0,0,0,0,0
radius_2x_c095,topbrain,topcow_mr_006,422,365,400,75,0,0,0,0,0
radius_2x_c095,topbrain,topcow_mr_006,423,365,440,0,0,0,0,0,0
radius_2x_c095,topbrain,topcow_mr_006,424,365,440,40,0,0,0,0,0
radius_2x_c095,topbrain,topcow_mr_006,425,365,440,75,0,0,0,0,0
radius_2x_c095,topbrain,topcow_mr_006,426,365,443,0,0,0,0,0,0
radius_2x_c095,topbrain,topcow_mr_006,427,365,443,40,0,0,0,0,0
radius_2x_c095,topbrain,topcow_mr_006,428,365,443,75,0,0,0,0,0
radius_1p5x_c095,topbrain,topcow_mr_024,0,0,0,0,0,0,0,0,0
radius_1p5x_c095,topbrain,topcow_mr_024,1,0,0,40,0,0,0,0,0
radius_1p5x_c095,topbrain,topcow_mr_024,2,0,0,80,0,0,0,0,0
radius_1p5x_c095,topbrain,topcow_mr_024,3,0,0,85,0,0,0,0,0
radius_1p5x_c095,topbrain,topcow_mr_024,4,0,40,0,0,0,0,0,0
radius_1p5x_c095,topbrain,topcow_mr_024,5,0,40,40,0,0,0,0,0
radius_1p5x_c095,topbrain,topcow_mr_024,6,0,40,80,0,0,0,0,0
radius_1p5x_c095,topbrain,topcow_mr_024,7,0,40,85,0,0,0,0,0
radius_1p5x_c095,topbrain,topcow_mr_024,8,0,80,0,0,0,0,0,0
radius_1p5x_c095,topbrain,topcow_mr_024,9,0,80,40,4,3,0,2,2
radius_1p5x_c095,topbrain,topcow_mr_024,10,0,80,80,4,3,1,2,1
radius_1p5x_c095,topbrain,topcow_mr_024,11,0,80,85,4,3,1,2,1
radius_1p5x_c095,topbrain,topcow_mr_024,12,0,120,0,0,0,0,0,0
radius_1p5x_c095,topbrain,topcow_mr_024,13,0,120,40,4,3,0,2,2
radius_1p5x_c095,topbrain,topcow_mr_024,14,0,120,80,6,4,2,2,2
radius_1p5x_c095,topbrain,topcow_mr_024,15,0,120,85,6,4,2,2,2
radius_1p5x_c095,topbrain,topcow_mr_024,16,0,160,0,4,3,1,2,1
radius_1p5x_c095,topbrain,topcow_mr_024,17,0,160,40,0,0,0,0,0
radius_1p5x_c095,topbrain,topcow_mr_024,18,0,160,80,2,1,1,0,1
radius_1p5x_c095,topbrain,topcow_mr_024,19,0,160,85,2,1,1,0,1
radius_1p5x_c095,topbrain,topcow_mr_024,20,0,200,0,7,6,1,5,1
radius_1p5x_c095,topbrain,topcow_mr_024,21,0,200,40,0,0,0,0,0
radius_1p5x_c095,topbrain,topcow_mr_024,22,0,200,80,3,2,1,1,1
radius_1p5x_c095,topbrain,topcow_mr_024,23,0,200,85,3,2,1,1,1
radius_1p5x_c095,topbrain,topcow_mr_024,24,0,240,0,2,1,1,0,1
radius_1p5x_c095,topbrain,topcow_mr_024,25,0,240,40,0,0,0,0,0
radius_1p5x_c095,topbrain,topcow_mr_024,26,0,240,80,4,2,2,0,2
radius_1p5x_c095,topbrain,topcow_mr_024,27,0,240,85,4,2,2,0,2
radius_1p5x_c095,topbrain,topcow_mr_024,28,0,280,0,0,0,0,0,0
radius_1p5x_c095,topbrain,topcow_mr_024,29,0,280,40,0,0,0,0,0
radius_1p5x_c095,topbrain,topcow_mr_024,30,0,280,80,4,2,2,0,2
radius_1p5x_c095,topbrain,topcow_mr_024,31,0,280,85,4,2,2,0,2
radius_1p5x_c095,topbrain,topcow_mr_024,32,0,320,0,0,0,0,0,0
radius_1p5x_c095,topbrain,topcow_mr_024,33,0,320,40,0,0,0,0,0
radius_1p5x_c095,topbrain,topcow_mr_024,34,0,320,80,0,0,0,0,0
radius_1p5x_c095,topbrain,topcow_mr_024,35,0,320,85,0,0,0,0,0
radius_1p5x_c095,topbrain,topcow_mr_024,36,0,360,0,0,0,0,0,0
radius_1p5x_c095,topbrain,topcow_mr_024,37,0,360,40,0,0,0,0,0
radius_1p5x_c095,topbrain,topcow_mr_024,38,0,360,80,0,0,0,0,0
radius_1p5x_c095,topbrain,topcow_mr_024,39,0,360,85,0,0,0,0,0
radius_1p5x_c095,topbrain,topcow_mr_024,40,0,400,0,0,0,0,0,0
radius_1p5x_c095,topbrain,topcow_mr_024,41,0,400,40,0,0,0,0,0
radius_1p5x_c095,topbrain,topcow_mr_024,42,0,400,80,0,0,0,0,0
radius_1p5x_c095,topbrain,topcow_mr_024,43,0,400,85,0,0,0,0,0
radius_1p5x_c095,topbrain,topcow_mr_024,44,0,440,0,0,0,0,0,0
radius_1p5x_c095,topbrain,topcow_mr_024,45,0,440,40,0,0,0,0,0
radius_1p5x_c095,topbrain,topcow_mr_024,46,0,440,80,0,0,0,0,0
radius_1p5x_c095,topbrain,topcow_mr_024,47,0,440,85,0,0,0,0,0
radius_1p5x_c095,topbrain,topcow_mr_024,48,0,480,0,0,0,0,0,0
radius_1p5x_c095,topbrain,topcow_mr_024,49,0,480,40,0,0,0,0,0
radius_1p5x_c095,topbrain,topcow_mr_024,50,0,480,80,0,0,0,0,0
radius_1p5x_c095,topbrain,topcow_mr_024,51,0,480,85,0,0,0,0,0
radius_1p5x_c095,topbrain,topcow_mr_024,52,0,506,0,0,0,0,0,0
radius_1p5x_c095,topbrain,topcow_mr_024,53,0,506,40,0,0,0,0,0
radius_1p5x_c095,topbrain,topcow_mr_024,54,0,506,80,0,0,0,0,0
radius_1p5x_c095,topbrain,topcow_mr_024,55,0,506,85,0,0,0,0,0
radius_1p5x_c095,topbrain,topcow_mr_024,56,40,0,0,0,0,0,0,0
radius_1p5x_c095,topbrain,topcow_mr_024,57,40,0,40,0,0,0,0,0
radius_1p5x_c095,topbrain,topcow_mr_024,58,40,0,80,0,0,0,0,0
radius_1p5x_c095,topbrain,topcow_mr_024,59,40,0,85,0,0,0,0,0
radius_1p5x_c095,topbrain,topcow_mr_024,60,40,40,0,0,0,0,0,0
radius_1p5x_c095,topbrain,topcow_mr_024,61,40,40,40,0,0,0,0,0
radius_1p5x_c095,topbrain,topcow_mr_024,62,40,40,80,0,0,0,0,0
radius_1p5x_c095,topbrain,topcow_mr_024,63,40,40,85,0,0,0,0,0
radius_1p5x_c095,topbrain,topcow_mr_024,64,40,80,0,5,4,1,3,1
radius_1p5x_c095,topbrain,topcow_mr_024,65,40,80,40,15,13,1,11,3
radius_1p5x_c095,topbrain,topcow_mr_024,66,40,80,80,19,15,3,11,5
radius_1p5x_c095,topbrain,topcow_mr_024,67,40,80,85,19,15,3,11,5
radius_1p5x_c095,topbrain,topcow_mr_024,68,40,120,0,3,2,1,1,1
radius_1p5x_c095,topbrain,topcow_mr_024,69,40,120,40,30,26,6,13,11
radius_1p5x_c095,topbrain,topcow_mr_024,70,40,120,80,46,42,13,23,10
radius_1p5x_c095,topbrain,topcow_mr_024,71,40,120,85,45,41,13,22,10
radius_1p5x_c095,topbrain,topcow_mr_024,72,40,160,0,0,0,0,0,0
radius_1p5x_c095,topbrain,topcow_mr_024,73,40,160,40,20,19,5,8,7
radius_1p5x_c095,topbrain,topcow_mr_024,74,40,160,80,33,31,10,13,10
radius_1p5x_c095,topbrain,topcow_mr_024,75,40,160,85,33,31,10,13,10
radius_1p5x_c095,topbrain,topcow_mr_024,76,40,200,0,2,1,1,0,1
radius_1p5x_c095,topbrain,topcow_mr_024,77,40,200,40,10,9,1,5,4
radius_1p5x_c095,topbrain,topcow_mr_024,78,40,200,80,24,21,6,9,9
radius_1p5x_c095,topbrain,topcow_mr_024,79,40,200,85,24,21,6,9,9
radius_1p5x_c095,topbrain,topcow_mr_024,80,40,240,0,2,1,1,0,1
radius_1p5x_c095,topbrain,topcow_mr_024,81,40,240,40,3,2,0,1,2
radius_1p5x_c095,topbrain,topcow_mr_024,82,40,240,80,18,13,3,8,7
radius_1p5x_c095,topbrain,topcow_mr_024,83,40,240,85,18,13,3,8,7
radius_1p5x_c095,topbrain,topcow_mr_024,84,40,280,0,0,0,0,0,0
radius_1p5x_c095,topbrain,topcow_mr_024,85,40,280,40,0,0,0,0,0
radius_1p5x_c095,topbrain,topcow_mr_024,86,40,280,80,18,15,3,12,3
radius_1p5x_c095,topbrain,topcow_mr_024,87,40,280,85,18,15,3,12,3
radius_1p5x_c095,topbrain,topcow_mr_024,88,40,320,0,0,0,0,0,0
radius_1p5x_c095,topbrain,topcow_mr_024,89,40,320,40,0,0,0,0,0
radius_1p5x_c095,topbrain,topcow_mr_024,90,40,320,80,0,0,0,0,0
radius_1p5x_c095,topbrain,topcow_mr_024,91,40,320,85,0,0,0,0,0
radius_1p5x_c095,topbrain,topcow_mr_024,92,40,360,0,0,0,0,0,0
radius_1p5x_c095,topbrain,topcow_mr_024,93,40,360,40,0,0,0,0,0
radius_1p5x_c095,topbrain,topcow_mr_024,94,40,360,80,0,0,0,0,0
radius_1p5x_c095,topbrain,topcow_mr_024,95,40,360,85,0,0,0,0,0
radius_1p5x_c095,topbrain,topcow_mr_024,96,40,400,0,0,0,0,0,0
radius_1p5x_c095,topbrain,topcow_mr_024,97,40,400,40,0,0,0,0,0
radius_1p5x_c095,topbrain,topcow_mr_024,98,40,400,80,0,0,0,0,0
radius_1p5x_c095,topbrain,topcow_mr_024,99,40,400,85,0,0,0,0,0
radius_1p5x_c095,topbrain,topcow_mr_024,100,40,440,0,0,0,0,0,0
radius_1p5x_c095,topbrain,topcow_mr_024,101,40,440,40,0,0,0,0,0
radius_1p5x_c095,topbrain,topcow_mr_024,102,40,440,80,0,0,0,0,0
radius_1p5x_c095,topbrain,topcow_mr_024,103,40,440,85,0,0,0,0,0
radius_1p5x_c095,topbrain,topcow_mr_024,104,40,480,0,0,0,0,0,0
radius_1p5x_c095,topbrain,topcow_mr_024,105,40,480,40,0,0,0,0,0
radius_1p5x_c095,topbrain,topcow_mr_024,106,40,480,80,0,0,0,0,0
radius_1p5x_c095,topbrain,topcow_mr_024,107,40,480,85,0,0,0,0,0
radius_1p5x_c095,topbrain,topcow_mr_024,108,40,506,0,0,0,0,0,0
radius_1p5x_c095,topbrain,topcow_mr_024,109,40,506,40,0,0,0,0,0
radius_1p5x_c095,topbrain,topcow_mr_024,110,40,506,80,0,0,0,0,0
radius_1p5x_c095,topbrain,topcow_mr_024,111,40,506,85,0,0,0,0,0
radius_1p5x_c095,topbrain,topcow_mr_024,112,80,0,0,0,0,0,0,0
radius_1p5x_c095,topbrain,topcow_mr_024,113,80,0,40,0,0,0,0,0
radius_1p5x_c095,topbrain,topcow_mr_024,114,80,0,80,0,0,0,0,0
radius_1p5x_c095,topbrain,topcow_mr_024,115,80,0,85,0,0,0,0,0
radius_1p5x_c095,topbrain,topcow_mr_024,116,80,40,0,0,0,0,0,0
radius_1p5x_c095,topbrain,topcow_mr_024,117,80,40,40,0,0,0,0,0
radius_1p5x_c095,topbrain,topcow_mr_024,118,80,40,80,10,9,1,8,1
radius_1p5x_c095,topbrain,topcow_mr_024,119,80,40,85,10,9,1,8,1
radius_1p5x_c095,topbrain,topcow_mr_024,120,80,80,0,5,4,1,3,1
radius_1p5x_c095,topbrain,topcow_mr_024,121,80,80,40,23,21,6,11,6
radius_1p5x_c095,topbrain,topcow_mr_024,122,80,80,80,42,39,8,28,6
radius_1p5x_c095,topbrain,topcow_mr_024,123,80,80,85,40,38,8,28,4
radius_1p5x_c095,topbrain,topcow_mr_024,124,80,120,0,3,2,1,1,1
radius_1p5x_c095,topbrain,topcow_mr_024,125,80,120,40,39,38,11,18,10
radius_1p5x_c095,topbrain,topcow_mr_024,126,80,120,80,62,59,12,37,13
radius_1p5x_c095,topbrain,topcow_mr_024,127,80,120,85,61,58,12,36,13
radius_1p5x_c095,topbrain,topcow_mr_024,128,80,160,0,10,8,2,6,2
radius_1p5x_c095,topbrain,topcow_mr_024,129,80,160,40,30,28,6,14,10
radius_1p5x_c095,topbrain,topcow_mr_024,130,80,160,80,51,51,10,30,11
radius_1p5x_c095,topbrain,topcow_mr_024,131,80,160,85,51,51,10,30,11
radius_1p5x_c095,topbrain,topcow_mr_024,132,80,200,0,10,9,2,8,0
radius_1p5x_c095,topbrain,topcow_mr_024,133,80,200,40,18,15,2,7,9
radius_1p5x_c095,topbrain,topcow_mr_024,134,80,200,80,41,42,11,23,7
radius_1p5x_c095,topbrain,topcow_mr_024,135,80,200,85,41,42,11,23,7
radius_1p5x_c095,topbrain,topcow_mr_024,136,80,240,0,0,0,0,0,0
radius_1p5x_c095,topbrain,topcow_mr_024,137,80,240,40,3,2,0,1,2
radius_1p5x_c095,topbrain,topcow_mr_024,138,80,240,80,26,25,6,14,6
radius_1p5x_c095,topbrain,topcow_mr_024,139,80,240,85,26,25,6,14,6
radius_1p5x_c095,topbrain,topcow_mr_024,140,80,280,0,0,0,0,0,0
radius_1p5x_c095,topbrain,topcow_mr_024,141,80,280,40,0,0,0,0,0
radius_1p5x_c095,topbrain,topcow_mr_024,142,80,280,80,20,20,4,14,2
radius_1p5x_c095,topbrain,topcow_mr_024,143,80,280,85,20,20,4,14,2
radius_1p5x_c095,topbrain,topcow_mr_024,144,80,320,0,0,0,0,0,0
radius_1p5x_c095,topbrain,topcow_mr_024,145,80,320,40,0,0,0,0,0
radius_1p5x_c095,topbrain,topcow_mr_024,146,80,320,80,0,0,0,0,0
radius_1p5x_c095,topbrain,topcow_mr_024,147,80,320,85,0,0,0,0,0
radius_1p5x_c095,topbrain,topcow_mr_024,148,80,360,0,0,0,0,0,0
radius_1p5x_c095,topbrain,topcow_mr_024,149,80,360,40,0,0,0,0,0
radius_1p5x_c095,topbrain,topcow_mr_024,150,80,360,80,0,0,0,0,0
radius_1p5x_c095,topbrain,topcow_mr_024,151,80,360,85,0,0,0,0,0
radius_1p5x_c095,topbrain,topcow_mr_024,152,80,400,0,0,0,0,0,0
radius_1p5x_c095,topbrain,topcow_mr_024,153,80,400,40,0,0,0,0,0
radius_1p5x_c095,topbrain,topcow_mr_024,154,80,400,80,0,0,0,0,0
radius_1p5x_c095,topbrain,topcow_mr_024,155,80,400,85,0,0,0,0,0
radius_1p5x_c095,topbrain,topcow_mr_024,156,80,440,0,0,0,0,0,0
radius_1p5x_c095,topbrain,topcow_mr_024,157,80,440,40,0,0,0,0,0
radius_1p5x_c095,topbrain,topcow_mr_024,158,80,440,80,0,0,0,0,0
radius_1p5x_c095,topbrain,topcow_mr_024,159,80,440,85,0,0,0,0,0
radius_1p5x_c095,topbrain,topcow_mr_024,160,80,480,0,0,0,0,0,0
radius_1p5x_c095,topbrain,topcow_mr_024,161,80,480,40,0,0,0,0,0
radius_1p5x_c095,topbrain,topcow_mr_024,162,80,480,80,0,0,0,0,0
radius_1p5x_c095,topbrain,topcow_mr_024,163,80,480,85,0,0,0,0,0
radius_1p5x_c095,topbrain,topcow_mr_024,164,80,506,0,0,0,0,0,0
radius_1p5x_c095,topbrain,topcow_mr_024,165,80,506,40,0,0,0,0,0
radius_1p5x_c095,topbrain,topcow_mr_024,166,80,506,80,0,0,0,0,0
radius_1p5x_c095,topbrain,topcow_mr_024,167,80,506,85,0,0,0,0,0
radius_1p5x_c095,topbrain,topcow_mr_024,168,120,0,0,0,0,0,0,0
radius_1p5x_c095,topbrain,topcow_mr_024,169,120,0,40,0,0,0,0,0
radius_1p5x_c095,topbrain,topcow_mr_024,170,120,0,80,0,0,0,0,0
radius_1p5x_c095,topbrain,topcow_mr_024,171,120,0,85,0,0,0,0,0
radius_1p5x_c095,topbrain,topcow_mr_024,172,120,40,0,0,0,0,0,0
radius_1p5x_c095,topbrain,topcow_mr_024,173,120,40,40,0,0,0,0,0
radius_1p5x_c095,topbrain,topcow_mr_024,174,120,40,80,7,6,0,5,2
radius_1p5x_c095,topbrain,topcow_mr_024,175,120,40,85,7,6,0,5,2
radius_1p5x_c095,topbrain,topcow_mr_024,176,120,80,0,0,0,0,0,0
radius_1p5x_c095,topbrain,topcow_mr_024,177,120,80,40,12,11,5,4,3
radius_1p5x_c095,topbrain,topcow_mr_024,178,120,80,80,24,22,5,14,5
radius_1p5x_c095,topbrain,topcow_mr_024,179,120,80,85,24,22,5,14,5
radius_1p5x_c095,topbrain,topcow_mr_024,180,120,120,0,0,0,0,0,0
radius_1p5x_c095,topbrain,topcow_mr_024,181,120,120,40,16,14,4,6,6
radius_1p5x_c095,topbrain,topcow_mr_024,182,120,120,80,22,18,3,10,9
radius_1p5x_c095,topbrain,topcow_mr_024,183,120,120,85,22,18,3,10,9
radius_1p5x_c095,topbrain,topcow_mr_024,184,120,160,0,8,6,1,4,3
radius_1p5x_c095,topbrain,topcow_mr_024,185,120,160,40,6,4,0,2,4
radius_1p5x_c095,topbrain,topcow_mr_024,186,120,160,80,9,6,0,3,6
radius_1p5x_c095,topbrain,topcow_mr_024,187,120,160,85,9,6,0,3,6
radius_1p5x_c095,topbrain,topcow_mr_024,188,120,200,0,10,8,2,6,2
radius_1p5x_c095,topbrain,topcow_mr_024,189,120,200,40,3,2,0,1,2
radius_1p5x_c095,topbrain,topcow_mr_024,190,120,200,80,7,5,0,3,4
radius_1p5x_c095,topbrain,topcow_mr_024,191,120,200,85,5,4,0,3,2
radius_1p5x_c095,topbrain,topcow_mr_024,192,120,240,0,3,2,1,1,1
radius_1p5x_c095,topbrain,topcow_mr_024,193,120,240,40,4,3,0,2,2
radius_1p5x_c095,topbrain,topcow_mr_024,194,120,240,80,8,5,0,2,6
radius_1p5x_c095,topbrain,topcow_mr_024,195,120,240,85,5,3,0,1,4
radius_1p5x_c095,topbrain,topcow_mr_024,196,120,280,0,0,0,0,0,0
radius_1p5x_c095,topbrain,topcow_mr_024,197,120,280,40,6,5,1,2,3
radius_1p5x_c095,topbrain,topcow_mr_024,198,120,280,80,8,6,1,2,5
radius_1p5x_c095,topbrain,topcow_mr_024,199,120,280,85,2,1,0,0,2
radius_1p5x_c095,topbrain,topcow_mr_024,200,120,320,0,2,1,1,0,1
radius_1p5x_c095,topbrain,topcow_mr_024,201,120,320,40,11,10,1,7,3
radius_1p5x_c095,topbrain,topcow_mr_024,202,120,320,80,11,10,1,7,3
radius_1p5x_c095,topbrain,topcow_mr_024,203,120,320,85,4,3,0,2,2
radius_1p5x_c095,topbrain,topcow_mr_024,204,120,360,0,0,0,0,0,0
radius_1p5x_c095,topbrain,topcow_mr_024,205,120,360,40,7,6,1,5,1
radius_1p5x_c095,topbrain,topcow_mr_024,206,120,360,80,7,6,1,5,1
radius_1p5x_c095,topbrain,topcow_mr_024,207,120,360,85,6,4,1,2,3
radius_1p5x_c095,topbrain,topcow_mr_024,208,120,400,0,0,0,0,0,0
radius_1p5x_c095,topbrain,topcow_mr_024,209,120,400,40,0,0,0,0,0
radius_1p5x_c095,topbrain,topcow_mr_024,210,120,400,80,0,0,0,0,0
radius_1p5x_c095,topbrain,topcow_mr_024,211,120,400,85,0,0,0,0,0
radius_1p5x_c095,topbrain,topcow_mr_024,212,120,440,0,0,0,0,0,0
radius_1p5x_c095,topbrain,topcow_mr_024,213,120,440,40,0,0,0,0,0
radius_1p5x_c095,topbrain,topcow_mr_024,214,120,440,80,0,0,0,0,0
radius_1p5x_c095,topbrain,topcow_mr_024,215,120,440,85,0,0,0,0,0
radius_1p5x_c095,topbrain,topcow_mr_024,216,120,480,0,0,0,0,0,0
radius_1p5x_c095,topbrain,topcow_mr_024,217,120,480,40,0,0,0,0,0
radius_1p5x_c095,topbrain,topcow_mr_024,218,120,480,80,0,0,0,0,0
radius_1p5x_c095,topbrain,topcow_mr_024,219,120,480,85,0,0,0,0,0
radius_1p5x_c095,topbrain,topcow_mr_024,220,120,506,0,0,0,0,0,0
radius_1p5x_c095,topbrain,topcow_mr_024,221,120,506,40,0,0,0,0,0
radius_1p5x_c095,topbrain,topcow_mr_024,222,120,506,80,0,0,0,0,0
radius_1p5x_c095,topbrain,topcow_mr_024,223,120,506,85,0,0,0,0,0
radius_1p5x_c095,topbrain,topcow_mr_024,224,160,0,0,0,0,0,0,0
radius_1p5x_c095,topbrain,topcow_mr_024,225,160,0,40,0,0,0,0,0
radius_1p5x_c095,topbrain,topcow_mr_024,226,160,0,80,0,0,0,0,0
radius_1p5x_c095,topbrain,topcow_mr_024,227,160,0,85,0,0,0,0,0
radius_1p5x_c095,topbrain,topcow_mr_024,228,160,40,0,0,0,0,0,0
radius_1p5x_c095,topbrain,topcow_mr_024,229,160,40,40,0,0,0,0,0
radius_1p5x_c095,topbrain,topcow_mr_024,230,160,40,80,0,0,0,0,0
radius_1p5x_c095,topbrain,topcow_mr_024,231,160,40,85,0,0,0,0,0
radius_1p5x_c095,topbrain,topcow_mr_024,232,160,80,0,0,0,0,0,0
radius_1p5x_c095,topbrain,topcow_mr_024,233,160,80,40,2,1,1,0,1
radius_1p5x_c095,topbrain,topcow_mr_024,234,160,80,80,0,0,0,0,0
radius_1p5x_c095,topbrain,topcow_mr_024,235,160,80,85,0,0,0,0,0
radius_1p5x_c095,topbrain,topcow_mr_024,236,160,120,0,3,2,0,1,2
radius_1p5x_c095,topbrain,topcow_mr_024,237,160,120,40,14,13,4,6,4
radius_1p5x_c095,topbrain,topcow_mr_024,238,160,120,80,2,1,0,0,2
radius_1p5x_c095,topbrain,topcow_mr_024,239,160,120,85,0,0,0,0,0
radius_1p5x_c095,topbrain,topcow_mr_024,240,160,160,0,4,3,0,2,2
radius_1p5x_c095,topbrain,topcow_mr_024,241,160,160,40,25,22,3,15,7
radius_1p5x_c095,topbrain,topcow_mr_024,242,160,160,80,8,6,1,4,3
radius_1p5x_c095,topbrain,topcow_mr_024,243,160,160,85,0,0,0,0,0
radius_1p5x_c095,topbrain,topcow_mr_024,244,160,200,0,5,3,1,1,3
radius_1p5x_c095,topbrain,topcow_mr_024,245,160,200,40,25,21,4,15,6
radius_1p5x_c095,topbrain,topcow_mr_024,246,160,200,80,4,2,1,0,3
radius_1p5x_c095,topbrain,topcow_mr_024,247,160,200,85,0,0,0,0,0
radius_1p5x_c095,topbrain,topcow_mr_024,248,160,240,0,4,2,1,0,3
radius_1p5x_c095,topbrain,topcow_mr_024,249,160,240,40,16,13,2,10,4
radius_1p5x_c095,topbrain,topcow_mr_024,250,160,240,80,6,5,0,4,2
radius_1p5x_c095,topbrain,topcow_mr_024,251,160,240,85,0,0,0,0,0
radius_1p5x_c095,topbrain,topcow_mr_024,252,160,280,0,12,10,1,8,3
radius_1p5x_c095,topbrain,topcow_mr_024,253,160,280,40,12,11,1,8,3
radius_1p5x_c095,topbrain,topcow_mr_024,254,160,280,80,12,11,1,8,3
radius_1p5x_c095,topbrain,topcow_mr_024,255,160,280,85,4,3,0,2,2
radius_1p5x_c095,topbrain,topcow_mr_024,256,160,320,0,16,13,3,10,3
radius_1p5x_c095,topbrain,topcow_mr_024,257,160,320,40,14,13,2,10,2
radius_1p5x_c095,topbrain,topcow_mr_024,258,160,320,80,14,13,2,10,2
radius_1p5x_c095,topbrain,topcow_mr_024,259,160,320,85,8,6,1,4,3
radius_1p5x_c095,topbrain,topcow_mr_024,260,160,360,0,4,3,1,2,1
radius_1p5x_c095,topbrain,topcow_mr_024,261,160,360,40,7,6,1,5,1
radius_1p5x_c095,topbrain,topcow_mr_024,262,160,360,80,7,6,1,5,1
radius_1p5x_c095,topbrain,topcow_mr_024,263,160,360,85,6,4,1,2,3
radius_1p5x_c095,topbrain,topcow_mr_024,264,160,400,0,0,0,0,0,0
radius_1p5x_c095,topbrain,topcow_mr_024,265,160,400,40,0,0,0,0,0
radius_1p5x_c095,topbrain,topcow_mr_024,266,160,400,80,0,0,0,0,0
radius_1p5x_c095,topbrain,topcow_mr_024,267,160,400,85,0,0,0,0,0
radius_1p5x_c095,topbrain,topcow_mr_024,268,160,440,0,0,0,0,0,0
radius_1p5x_c095,topbrain,topcow_mr_024,269,160,440,40,0,0,0,0,0
radius_1p5x_c095,topbrain,topcow_mr_024,270,160,440,80,0,0,0,0,0
radius_1p5x_c095,topbrain,topcow_mr_024,271,160,440,85,0,0,0,0,0
radius_1p5x_c095,topbrain,topcow_mr_024,272,160,480,0,0,0,0,0,0
radius_1p5x_c095,topbrain,topcow_mr_024,273,160,480,40,0,0,0,0,0
radius_1p5x_c095,topbrain,topcow_mr_024,274,160,480,80,0,0,0,0,0
radius_1p5x_c095,topbrain,topcow_mr_024,275,160,480,85,0,0,0,0,0
radius_1p5x_c095,topbrain,topcow_mr_024,276,160,506,0,0,0,0,0,0
radius_1p5x_c095,topbrain,topcow_mr_024,277,160,506,40,0,0,0,0,0
radius_1p5x_c095,topbrain,topcow_mr_024,278,160,506,80,0,0,0,0,0
radius_1p5x_c095,topbrain,topcow_mr_024,279,160,506,85,0,0,0,0,0
radius_1p5x_c095,topbrain,topcow_mr_024,280,200,0,0,0,0,0,0,0
radius_1p5x_c095,topbrain,topcow_mr_024,281,200,0,40,0,0,0,0,0
radius_1p5x_c095,topbrain,topcow_mr_024,282,200,0,80,0,0,0,0,0
radius_1p5x_c095,topbrain,topcow_mr_024,283,200,0,85,0,0,0,0,0
radius_1p5x_c095,topbrain,topcow_mr_024,284,200,40,0,0,0,0,0,0
radius_1p5x_c095,topbrain,topcow_mr_024,285,200,40,40,0,0,0,0,0
radius_1p5x_c095,topbrain,topcow_mr_024,286,200,40,80,11,11,5,1,5
radius_1p5x_c095,topbrain,topcow_mr_024,287,200,40,85,11,11,5,1,5
radius_1p5x_c095,topbrain,topcow_mr_024,288,200,80,0,0,0,0,0,0
radius_1p5x_c095,topbrain,topcow_mr_024,289,200,80,40,8,5,1,2,5
radius_1p5x_c095,topbrain,topcow_mr_024,290,200,80,80,20,23,12,6,2
radius_1p5x_c095,topbrain,topcow_mr_024,291,200,80,85,20,23,12,6,2
radius_1p5x_c095,topbrain,topcow_mr_024,292,200,120,0,4,2,0,0,4
radius_1p5x_c095,topbrain,topcow_mr_024,293,200,120,40,22,19,5,8,9
radius_1p5x_c095,topbrain,topcow_mr_024,294,200,120,80,16,13,5,4,7
radius_1p5x_c095,topbrain,topcow_mr_024,295,200,120,85,12,8,3,2,7
radius_1p5x_c095,topbrain,topcow_mr_024,296,200,160,0,2,1,0,0,2
radius_1p5x_c095,topbrain,topcow_mr_024,297,200,160,40,29,23,2,15,12
radius_1p5x_c095,topbrain,topcow_mr_024,298,200,160,80,12,9,1,6,5
radius_1p5x_c095,topbrain,topcow_mr_024,299,200,160,85,0,0,0,0,0
radius_1p5x_c095,topbrain,topcow_mr_024,300,200,200,0,4,2,0,0,4
radius_1p5x_c095,topbrain,topcow_mr_024,301,200,200,40,23,20,5,9,9
radius_1p5x_c095,topbrain,topcow_mr_024,302,200,200,80,2,1,1,0,1
radius_1p5x_c095,topbrain,topcow_mr_024,303,200,200,85,0,0,0,0,0
radius_1p5x_c095,topbrain,topcow_mr_024,304,200,240,0,5,4,1,1,3
radius_1p5x_c095,topbrain,topcow_mr_024,305,200,240,40,5,3,0,1,4
radius_1p5x_c095,topbrain,topcow_mr_024,306,200,240,80,0,0,0,0,0
radius_1p5x_c095,topbrain,topcow_mr_024,307,200,240,85,0,0,0,0,0
radius_1p5x_c095,topbrain,topcow_mr_024,308,200,280,0,14,10,2,4,8
radius_1p5x_c095,topbrain,topcow_mr_024,309,200,280,40,5,3,0,1,4
radius_1p5x_c095,topbrain,topcow_mr_024,310,200,280,80,5,3,0,1,4
radius_1p5x_c095,topbrain,topcow_mr_024,311,200,280,85,5,3,0,1,4
radius_1p5x_c095,topbrain,topcow_mr_024,312,200,320,0,25,20,2,15,8
radius_1p5x_c095,topbrain,topcow_mr_024,313,200,320,40,5,3,1,1,3
radius_1p5x_c095,topbrain,topcow_mr_024,314,200,320,80,5,3,1,1,3
radius_1p5x_c095,topbrain,topcow_mr_024,315,200,320,85,5,3,1,1,3
radius_1p5x_c095,topbrain,topcow_mr_024,316,200,360,0,8,6,1,4,3
radius_1p5x_c095,topbrain,topcow_mr_024,317,200,360,40,0,0,0,0,0
radius_1p5x_c095,topbrain,topcow_mr_024,318,200,360,80,6,5,1,2,3
radius_1p5x_c095,topbrain,topcow_mr_024,319,200,360,85,6,5,1,2,3
radius_1p5x_c095,topbrain,topcow_mr_024,320,200,400,0,0,0,0,0,0
radius_1p5x_c095,topbrain,topcow_mr_024,321,200,400,40,0,0,0,0,0
radius_1p5x_c095,topbrain,topcow_mr_024,322,200,400,80,7,6,1,3,3
radius_1p5x_c095,topbrain,topcow_mr_024,323,200,400,85,7,6,1,3,3
radius_1p5x_c095,topbrain,topcow_mr_024,324,200,440,0,0,0,0,0,0
radius_1p5x_c095,topbrain,topcow_mr_024,325,200,440,40,0,0,0,0,0
radius_1p5x_c095,topbrain,topcow_mr_024,326,200,440,80,0,0,0,0,0
radius_1p5x_c095,topbrain,topcow_mr_024,327,200,440,85,0,0,0,0,0
radius_1p5x_c095,topbrain,topcow_mr_024,328,200,480,0,0,0,0,0,0
radius_1p5x_c095,topbrain,topcow_mr_024,329,200,480,40,0,0,0,0,0
radius_1p5x_c095,topbrain,topcow_mr_024,330,200,480,80,0,0,0,0,0
radius_1p5x_c095,topbrain,topcow_mr_024,331,200,480,85,0,0,0,0,0
radius_1p5x_c095,topbrain,topcow_mr_024,332,200,506,0,0,0,0,0,0
radius_1p5x_c095,topbrain,topcow_mr_024,333,200,506,40,0,0,0,0,0
radius_1p5x_c095,topbrain,topcow_mr_024,334,200,506,80,0,0,0,0,0
radius_1p5x_c095,topbrain,topcow_mr_024,335,200,506,85,0,0,0,0,0
radius_1p5x_c095,topbrain,topcow_mr_024,336,240,0,0,0,0,0,0,0
radius_1p5x_c095,topbrain,topcow_mr_024,337,240,0,40,0,0,0,0,0
radius_1p5x_c095,topbrain,topcow_mr_024,338,240,0,80,0,0,0,0,0
radius_1p5x_c095,topbrain,topcow_mr_024,339,240,0,85,0,0,0,0,0
radius_1p5x_c095,topbrain,topcow_mr_024,340,240,40,0,0,0,0,0,0
radius_1p5x_c095,topbrain,topcow_mr_024,341,240,40,40,0,0,0,0,0
radius_1p5x_c095,topbrain,topcow_mr_024,342,240,40,80,11,11,5,1,5
radius_1p5x_c095,topbrain,topcow_mr_024,343,240,40,85,11,11,5,1,5
radius_1p5x_c095,topbrain,topcow_mr_024,344,240,80,0,0,0,0,0,0
radius_1p5x_c095,topbrain,topcow_mr_024,345,240,80,40,7,4,1,1,5
radius_1p5x_c095,topbrain,topcow_mr_024,346,240,80,80,19,22,11,5,3
radius_1p5x_c095,topbrain,topcow_mr_024,347,240,80,85,19,22,11,5,3
radius_1p5x_c095,topbrain,topcow_mr_024,348,240,120,0,3,2,0,1,2
radius_1p5x_c095,topbrain,topcow_mr_024,349,240,120,40,18,16,5,6,7
radius_1p5x_c095,topbrain,topcow_mr_024,350,240,120,80,17,12,3,3,11
radius_1p5x_c095,topbrain,topcow_mr_024,351,240,120,85,11,7,2,1,8
radius_1p5x_c095,topbrain,topcow_mr_024,352,240,160,0,5,4,0,3,2
radius_1p5x_c095,topbrain,topcow_mr_024,353,240,160,40,23,20,3,13,7
radius_1p5x_c095,topbrain,topcow_mr_024,354,240,160,80,12,9,1,6,5
radius_1p5x_c095,topbrain,topcow_mr_024,355,240,160,85,0,0,0,0,0
radius_1p5x_c095,topbrain,topcow_mr_024,356,240,200,0,12,9,0,6,6
radius_1p5x_c095,topbrain,topcow_mr_024,357,240,200,40,26,22,3,14,9
radius_1p5x_c095,topbrain,topcow_mr_024,358,240,200,80,5,4,1,3,1
radius_1p5x_c095,topbrain,topcow_mr_024,359,240,200,85,0,0,0,0,0
radius_1p5x_c095,topbrain,topcow_mr_024,360,240,240,0,10,8,0,6,4
radius_1p5x_c095,topbrain,topcow_mr_024,361,240,240,40,17,15,0,13,4
radius_1p5x_c095,topbrain,topcow_mr_024,362,240,240,80,7,5,0,3,4
radius_1p5x_c095,topbrain,topcow_mr_024,363,240,240,85,2,1,0,0,2
radius_1p5x_c095,topbrain,topcow_mr_024,364,240,280,0,10,9,1,6,3
radius_1p5x_c095,topbrain,topcow_mr_024,365,240,280,40,13,11,1,9,3
radius_1p5x_c095,topbrain,topcow_mr_024,366,240,280,80,11,9,0,7,4
radius_1p5x_c095,topbrain,topcow_mr_024,367,240,280,85,4,3,0,2,2
radius_1p5x_c095,topbrain,topcow_mr_024,368,240,320,0,17,14,2,11,4
radius_1p5x_c095,topbrain,topcow_mr_024,369,240,320,40,6,5,2,2,2
radius_1p5x_c095,topbrain,topcow_mr_024,370,240,320,80,8,7,2,4,2
radius_1p5x_c095,topbrain,topcow_mr_024,371,240,320,85,8,7,2,4,2
radius_1p5x_c095,topbrain,topcow_mr_024,372,240,360,0,4,3,0,2,2
radius_1p5x_c095,topbrain,topcow_mr_024,373,240,360,40,2,1,0,0,2
radius_1p5x_c095,topbrain,topcow_mr_024,374,240,360,80,16,14,2,10,4
radius_1p5x_c095,topbrain,topcow_mr_024,375,240,360,85,16,14,2,10,4
radius_1p5x_c095,topbrain,topcow_mr_024,376,240,400,0,0,0,0,0,0
radius_1p5x_c095,topbrain,topcow_mr_024,377,240,400,40,0,0,0,0,0
radius_1p5x_c095,topbrain,topcow_mr_024,378,240,400,80,14,13,3,10,1
radius_1p5x_c095,topbrain,topcow_mr_024,379,240,400,85,14,13,3,10,1
radius_1p5x_c095,topbrain,topcow_mr_024,380,240,440,0,0,0,0,0,0
radius_1p5x_c095,topbrain,topcow_mr_024,381,240,440,40,0,0,0,0,0
radius_1p5x_c095,topbrain,topcow_mr_024,382,240,440,80,0,0,0,0,0
radius_1p5x_c095,topbrain,topcow_mr_024,383,240,440,85,0,0,0,0,0
radius_1p5x_c095,topbrain,topcow_mr_024,384,240,480,0,0,0,0,0,0
radius_1p5x_c095,topbrain,topcow_mr_024,385,240,480,40,0,0,0,0,0
radius_1p5x_c095,topbrain,topcow_mr_024,386,240,480,80,0,0,0,0,0
radius_1p5x_c095,topbrain,topcow_mr_024,387,240,480,85,0,0,0,0,0
radius_1p5x_c095,topbrain,topcow_mr_024,388,240,506,0,0,0,0,0,0
radius_1p5x_c095,topbrain,topcow_mr_024,389,240,506,40,0,0,0,0,0
radius_1p5x_c095,topbrain,topcow_mr_024,390,240,506,80,0,0,0,0,0
radius_1p5x_c095,topbrain,topcow_mr_024,391,240,506,85,0,0,0,0,0
radius_1p5x_c095,topbrain,topcow_mr_024,392,280,0,0,0,0,0,0,0
radius_1p5x_c095,topbrain,topcow_mr_024,393,280,0,40,0,0,0,0,0
radius_1p5x_c095,topbrain,topcow_mr_024,394,280,0,80,0,0,0,0,0
radius_1p5x_c095,topbrain,topcow_mr_024,395,280,0,85,0,0,0,0,0
radius_1p5x_c095,topbrain,topcow_mr_024,396,280,40,0,0,0,0,0,0
radius_1p5x_c095,topbrain,topcow_mr_024,397,280,40,40,0,0,0,0,0
radius_1p5x_c095,topbrain,topcow_mr_024,398,280,40,80,0,0,0,0,0
radius_1p5x_c095,topbrain,topcow_mr_024,399,280,40,85,0,0,0,0,0
radius_1p5x_c095,topbrain,topcow_mr_024,400,280,80,0,0,0,0,0,0
radius_1p5x_c095,topbrain,topcow_mr_024,401,280,80,40,2,1,1,0,1
radius_1p5x_c095,topbrain,topcow_mr_024,402,280,80,80,0,0,0,0,0
radius_1p5x_c095,topbrain,topcow_mr_024,403,280,80,85,0,0,0,0,0
radius_1p5x_c095,topbrain,topcow_mr_024,404,280,120,0,3,2,0,1,2
radius_1p5x_c095,topbrain,topcow_mr_024,405,280,120,40,20,17,5,6,9
radius_1p5x_c095,topbrain,topcow_mr_024,406,280,120,80,7,4,0,1,6
radius_1p5x_c095,topbrain,topcow_mr_024,407,280,120,85,0,0,0,0,0
radius_1p5x_c095,topbrain,topcow_mr_024,408,280,160,0,8,6,0,4,4
radius_1p5x_c095,topbrain,topcow_mr_024,409,280,160,40,22,20,4,12,6
radius_1p5x_c095,topbrain,topcow_mr_024,410,280,160,80,12,9,1,6,5
radius_1p5x_c095,topbrain,topcow_mr_024,411,280,160,85,0,0,0,0,0
radius_1p5x_c095,topbrain,topcow_mr_024,412,280,200,0,16,13,1,10,5
radius_1p5x_c095,topbrain,topcow_mr_024,413,280,200,40,19,15,1,11,7
radius_1p5x_c095,topbrain,topcow_mr_024,414,280,200,80,5,4,1,3,1
radius_1p5x_c095,topbrain,topcow_mr_024,415,280,200,85,0,0,0,0,0
radius_1p5x_c095,topbrain,topcow_mr_024,416,280,240,0,12,10,0,8,4
radius_1p5x_c095,topbrain,topcow_mr_024,417,280,240,40,15,13,0,11,4
radius_1p5x_c095,topbrain,topcow_mr_024,418,280,240,80,3,2,0,1,2
radius_1p5x_c095,topbrain,topcow_mr_024,419,280,240,85,2,1,0,0,2
radius_1p5x_c095,topbrain,topcow_mr_024,420,280,280,0,5,4,0,3,2
radius_1p5x_c095,topbrain,topcow_mr_024,421,280,280,40,7,5,0,3,4
radius_1p5x_c095,topbrain,topcow_mr_024,422,280,280,80,3,2,0,1,2
radius_1p5x_c095,topbrain,topcow_mr_024,423,280,280,85,3,2,0,1,2
radius_1p5x_c095,topbrain,topcow_mr_024,424,280,320,0,5,4,0,3,2
radius_1p5x_c095,topbrain,topcow_mr_024,425,280,320,40,0,0,0,0,0
radius_1p5x_c095,topbrain,topcow_mr_024,426,280,320,80,3,2,0,1,2
radius_1p5x_c095,topbrain,topcow_mr_024,427,280,320,85,3,2,0,1,2
radius_1p5x_c095,topbrain,topcow_mr_024,428,280,360,0,0,0,0,0,0
radius_1p5x_c095,topbrain,topcow_mr_024,429,280,360,40,0,0,0,0,0
radius_1p5x_c095,topbrain,topcow_mr_024,430,280,360,80,9,8,0,7,2
radius_1p5x_c095,topbrain,topcow_mr_024,431,280,360,85,9,8,0,7,2
radius_1p5x_c095,topbrain,topcow_mr_024,432,280,400,0,0,0,0,0,0
radius_1p5x_c095,topbrain,topcow_mr_024,433,280,400,40,0,0,0,0,0
radius_1p5x_c095,topbrain,topcow_mr_024,434,280,400,80,5,4,0,3,2
radius_1p5x_c095,topbrain,topcow_mr_024,435,280,400,85,5,4,0,3,2
radius_1p5x_c095,topbrain,topcow_mr_024,436,280,440,0,0,0,0,0,0
radius_1p5x_c095,topbrain,topcow_mr_024,437,280,440,40,0,0,0,0,0
radius_1p5x_c095,topbrain,topcow_mr_024,438,280,440,80,0,0,0,0,0
radius_1p5x_c095,topbrain,topcow_mr_024,439,280,440,85,0,0,0,0,0
radius_1p5x_c095,topbrain,topcow_mr_024,440,280,480,0,0,0,0,0,0
radius_1p5x_c095,topbrain,topcow_mr_024,441,280,480,40,0,0,0,0,0
radius_1p5x_c095,topbrain,topcow_mr_024,442,280,480,80,0,0,0,0,0
radius_1p5x_c095,topbrain,topcow_mr_024,443,280,480,85,0,0,0,0,0
radius_1p5x_c095,topbrain,topcow_mr_024,444,280,506,0,0,0,0,0,0
radius_1p5x_c095,topbrain,topcow_mr_024,445,280,506,40,0,0,0,0,0
radius_1p5x_c095,topbrain,topcow_mr_024,446,280,506,80,0,0,0,0,0
radius_1p5x_c095,topbrain,topcow_mr_024,447,280,506,85,0,0,0,0,0
radius_1p5x_c095,topbrain,topcow_mr_024,448,320,0,0,0,0,0,0,0
radius_1p5x_c095,topbrain,topcow_mr_024,449,320,0,40,0,0,0,0,0
radius_1p5x_c095,topbrain,topcow_mr_024,450,320,0,80,0,0,0,0,0
radius_1p5x_c095,topbrain,topcow_mr_024,451,320,0,85,0,0,0,0,0
radius_1p5x_c095,topbrain,topcow_mr_024,452,320,40,0,0,0,0,0,0
radius_1p5x_c095,topbrain,topcow_mr_024,453,320,40,40,0,0,0,0,0
radius_1p5x_c095,topbrain,topcow_mr_024,454,320,40,80,0,0,0,0,0
radius_1p5x_c095,topbrain,topcow_mr_024,455,320,40,85,0,0,0,0,0
radius_1p5x_c095,topbrain,topcow_mr_024,456,320,80,0,0,0,0,0,0
radius_1p5x_c095,topbrain,topcow_mr_024,457,320,80,40,3,2,0,1,2
radius_1p5x_c095,topbrain,topcow_mr_024,458,320,80,80,9,7,1,5,3
radius_1p5x_c095,topbrain,topcow_mr_024,459,320,80,85,6,5,1,4,1
radius_1p5x_c095,topbrain,topcow_mr_024,460,320,120,0,3,2,0,1,2
radius_1p5x_c095,topbrain,topcow_mr_024,461,320,120,40,19,17,3,11,5
radius_1p5x_c095,topbrain,topcow_mr_024,462,320,120,80,20,16,1,12,7
radius_1p5x_c095,topbrain,topcow_mr_024,463,320,120,85,16,13,1,10,5
radius_1p5x_c095,topbrain,topcow_mr_024,464,320,160,0,9,8,2,5,2
radius_1p5x_c095,topbrain,topcow_mr_024,465,320,160,40,21,17,4,7,10
radius_1p5x_c095,topbrain,topcow_mr_024,466,320,160,80,29,21,3,6,20
radius_1p5x_c095,topbrain,topcow_mr_024,467,320,160,85,23,17,2,6,15
radius_1p5x_c095,topbrain,topcow_mr_024,468,320,200,0,12,10,3,6,3
radius_1p5x_c095,topbrain,topcow_mr_024,469,320,200,40,9,8,1,5,3
radius_1p5x_c095,topbrain,topcow_mr_024,470,320,200,80,39,37,11,14,14
radius_1p5x_c095,topbrain,topcow_mr_024,471,320,200,85,41,38,11,14,16
radius_1p5x_c095,topbrain,topcow_mr_024,472,320,240,0,5,4,0,3,2
radius_1p5x_c095,topbrain,topcow_mr_024,473,320,240,40,5,4,0,3,2
radius_1p5x_c095,topbrain,topcow_mr_024,474,320,240,80,28,24,2,18,8
radius_1p5x_c095,topbrain,topcow_mr_024,475,320,240,85,28,24,2,18,8
radius_1p5x_c095,topbrain,topcow_mr_024,476,320,280,0,0,0,0,0,0
radius_1p5x_c095,topbrain,topcow_mr_024,477,320,280,40,0,0,0,0,0
radius_1p5x_c095,topbrain,topcow_mr_024,478,320,280,80,11,9,0,7,4
radius_1p5x_c095,topbrain,topcow_mr_024,479,320,280,85,11,9,0,7,4
radius_1p5x_c095,topbrain,topcow_mr_024,480,320,320,0,0,0,0,0,0
radius_1p5x_c095,topbrain,topcow_mr_024,481,320,320,40,0,0,0,0,0
radius_1p5x_c095,topbrain,topcow_mr_024,482,320,320,80,0,0,0,0,0
radius_1p5x_c095,topbrain,topcow_mr_024,483,320,320,85,0,0,0,0,0
radius_1p5x_c095,topbrain,topcow_mr_024,484,320,360,0,0,0,0,0,0
radius_1p5x_c095,topbrain,topcow_mr_024,485,320,360,40,0,0,0,0,0
radius_1p5x_c095,topbrain,topcow_mr_024,486,320,360,80,0,0,0,0,0
radius_1p5x_c095,topbrain,topcow_mr_024,487,320,360,85,0,0,0,0,0
radius_1p5x_c095,topbrain,topcow_mr_024,488,320,400,0,0,0,0,0,0
radius_1p5x_c095,topbrain,topcow_mr_024,489,320,400,40,0,0,0,0,0
radius_1p5x_c095,topbrain,topcow_mr_024,490,320,400,80,0,0,0,0,0
radius_1p5x_c095,topbrain,topcow_mr_024,491,320,400,85,0,0,0,0,0
radius_1p5x_c095,topbrain,topcow_mr_024,492,320,440,0,0,0,0,0,0
radius_1p5x_c095,topbrain,topcow_mr_024,493,320,440,40,0,0,0,0,0
radius_1p5x_c095,topbrain,topcow_mr_024,494,320,440,80,0,0,0,0,0
radius_1p5x_c095,topbrain,topcow_mr_024,495,320,440,85,0,0,0,0,0
radius_1p5x_c095,topbrain,topcow_mr_024,496,320,480,0,0,0,0,0,0
radius_1p5x_c095,topbrain,topcow_mr_024,497,320,480,40,0,0,0,0,0
radius_1p5x_c095,topbrain,topcow_mr_024,498,320,480,80,0,0,0,0,0
radius_1p5x_c095,topbrain,topcow_mr_024,499,320,480,85,0,0,0,0,0
radius_1p5x_c095,topbrain,topcow_mr_024,500,320,506,0,0,0,0,0,0
radius_1p5x_c095,topbrain,topcow_mr_024,501,320,506,40,0,0,0,0,0
radius_1p5x_c095,topbrain,topcow_mr_024,502,320,506,80,0,0,0,0,0
radius_1p5x_c095,topbrain,topcow_mr_024,503,320,506,85,0,0,0,0,0
radius_1p5x_c095,topbrain,topcow_mr_024,504,360,0,0,0,0,0,0,0
radius_1p5x_c095,topbrain,topcow_mr_024,505,360,0,40,0,0,0,0,0
radius_1p5x_c095,topbrain,topcow_mr_024,506,360,0,80,0,0,0,0,0
radius_1p5x_c095,topbrain,topcow_mr_024,507,360,0,85,0,0,0,0,0
radius_1p5x_c095,topbrain,topcow_mr_024,508,360,40,0,0,0,0,0,0
radius_1p5x_c095,topbrain,topcow_mr_024,509,360,40,40,0,0,0,0,0
radius_1p5x_c095,topbrain,topcow_mr_024,510,360,40,80,0,0,0,0,0
radius_1p5x_c095,topbrain,topcow_mr_024,511,360,40,85,0,0,0,0,0
radius_1p5x_c095,topbrain,topcow_mr_024,512,360,80,0,0,0,0,0,0
radius_1p5x_c095,topbrain,topcow_mr_024,513,360,80,40,6,4,0,2,4
radius_1p5x_c095,topbrain,topcow_mr_024,514,360,80,80,9,7,1,5,3
radius_1p5x_c095,topbrain,topcow_mr_024,515,360,80,85,6,5,1,4,1
radius_1p5x_c095,topbrain,topcow_mr_024,516,360,120,0,8,7,0,6,2
radius_1p5x_c095,topbrain,topcow_mr_024,517,360,120,40,30,26,2,20,8
radius_1p5x_c095,topbrain,topcow_mr_024,518,360,120,80,28,25,1,22,5
radius_1p5x_c095,topbrain,topcow_mr_024,519,360,120,85,26,23,1,20,5
radius_1p5x_c095,topbrain,topcow_mr_024,520,360,160,0,7,5,0,3,4
radius_1p5x_c095,topbrain,topcow_mr_024,521,360,160,40,32,27,8,10,14
radius_1p5x_c095,topbrain,topcow_mr_024,522,360,160,80,45,41,11,17,17
radius_1p5x_c095,topbrain,topcow_mr_024,523,360,160,85,41,38,10,17,14
radius_1p5x_c095,topbrain,topcow_mr_024,524,360,200,0,4,2,1,0,3
radius_1p5x_c095,topbrain,topcow_mr_024,525,360,200,40,17,14,2,7,8
radius_1p5x_c095,topbrain,topcow_mr_024,526,360,200,80,46,48,15,22,9
radius_1p5x_c095,topbrain,topcow_mr_024,527,360,200,85,48,49,15,22,11
radius_1p5x_c095,topbrain,topcow_mr_024,528,360,240,0,0,0,0,0,0
radius_1p5x_c095,topbrain,topcow_mr_024,529,360,240,40,6,5,0,4,2
radius_1p5x_c095,topbrain,topcow_mr_024,530,360,240,80,35,28,2,19,14
radius_1p5x_c095,topbrain,topcow_mr_024,531,360,240,85,35,28,2,19,14
radius_1p5x_c095,topbrain,topcow_mr_024,532,360,280,0,0,0,0,0,0
radius_1p5x_c095,topbrain,topcow_mr_024,533,360,280,40,0,0,0,0,0
radius_1p5x_c095,topbrain,topcow_mr_024,534,360,280,80,22,19,2,16,4
radius_1p5x_c095,topbrain,topcow_mr_024,535,360,280,85,22,19,2,16,4
radius_1p5x_c095,topbrain,topcow_mr_024,536,360,320,0,0,0,0,0,0
radius_1p5x_c095,topbrain,topcow_mr_024,537,360,320,40,0,0,0,0,0
radius_1p5x_c095,topbrain,topcow_mr_024,538,360,320,80,7,6,1,5,1
radius_1p5x_c095,topbrain,topcow_mr_024,539,360,320,85,7,6,1,5,1
radius_1p5x_c095,topbrain,topcow_mr_024,540,360,360,0,0,0,0,0,0
radius_1p5x_c095,topbrain,topcow_mr_024,541,360,360,40,0,0,0,0,0
radius_1p5x_c095,topbrain,topcow_mr_024,542,360,360,80,0,0,0,0,0
radius_1p5x_c095,topbrain,topcow_mr_024,543,360,360,85,0,0,0,0,0
radius_1p5x_c095,topbrain,topcow_mr_024,544,360,400,0,0,0,0,0,0
radius_1p5x_c095,topbrain,topcow_mr_024,545,360,400,40,0,0,0,0,0
radius_1p5x_c095,topbrain,topcow_mr_024,546,360,400,80,0,0,0,0,0
radius_1p5x_c095,topbrain,topcow_mr_024,547,360,400,85,0,0,0,0,0
radius_1p5x_c095,topbrain,topcow_mr_024,548,360,440,0,0,0,0,0,0
radius_1p5x_c095,topbrain,topcow_mr_024,549,360,440,40,0,0,0,0,0
radius_1p5x_c095,topbrain,topcow_mr_024,550,360,440,80,0,0,0,0,0
radius_1p5x_c095,topbrain,topcow_mr_024,551,360,440,85,0,0,0,0,0
radius_1p5x_c095,topbrain,topcow_mr_024,552,360,480,0,0,0,0,0,0
radius_1p5x_c095,topbrain,topcow_mr_024,553,360,480,40,0,0,0,0,0
radius_1p5x_c095,topbrain,topcow_mr_024,554,360,480,80,0,0,0,0,0
radius_1p5x_c095,topbrain,topcow_mr_024,555,360,480,85,0,0,0,0,0
radius_1p5x_c095,topbrain,topcow_mr_024,556,360,506,0,0,0,0,0,0
radius_1p5x_c095,topbrain,topcow_mr_024,557,360,506,40,0,0,0,0,0
radius_1p5x_c095,topbrain,topcow_mr_024,558,360,506,80,0,0,0,0,0
radius_1p5x_c095,topbrain,topcow_mr_024,559,360,506,85,0,0,0,0,0
radius_1p5x_c095,topbrain,topcow_mr_024,560,400,0,0,0,0,0,0,0
radius_1p5x_c095,topbrain,topcow_mr_024,561,400,0,40,0,0,0,0,0
radius_1p5x_c095,topbrain,topcow_mr_024,562,400,0,80,0,0,0,0,0
radius_1p5x_c095,topbrain,topcow_mr_024,563,400,0,85,0,0,0,0,0
radius_1p5x_c095,topbrain,topcow_mr_024,564,400,40,0,0,0,0,0,0
radius_1p5x_c095,topbrain,topcow_mr_024,565,400,40,40,0,0,0,0,0
radius_1p5x_c095,topbrain,topcow_mr_024,566,400,40,80,0,0,0,0,0
radius_1p5x_c095,topbrain,topcow_mr_024,567,400,40,85,0,0,0,0,0
radius_1p5x_c095,topbrain,topcow_mr_024,568,400,80,0,0,0,0,0,0
radius_1p5x_c095,topbrain,topcow_mr_024,569,400,80,40,3,2,0,1,2
radius_1p5x_c095,topbrain,topcow_mr_024,570,400,80,80,2,1,0,0,2
radius_1p5x_c095,topbrain,topcow_mr_024,571,400,80,85,0,0,0,0,0
radius_1p5x_c095,topbrain,topcow_mr_024,572,400,120,0,4,3,0,2,2
radius_1p5x_c095,topbrain,topcow_mr_024,573,400,120,40,16,14,1,12,3
radius_1p5x_c095,topbrain,topcow_mr_024,574,400,120,80,18,15,2,12,4
radius_1p5x_c095,topbrain,topcow_mr_024,575,400,120,85,18,15,2,12,4
radius_1p5x_c095,topbrain,topcow_mr_024,576,400,160,0,0,0,0,0,0
radius_1p5x_c095,topbrain,topcow_mr_024,577,400,160,40,7,4,1,1,5
radius_1p5x_c095,topbrain,topcow_mr_024,578,400,160,80,18,13,3,8,7
radius_1p5x_c095,topbrain,topcow_mr_024,579,400,160,85,18,13,4,8,6
radius_1p5x_c095,topbrain,topcow_mr_024,580,400,200,0,4,3,1,2,1
radius_1p5x_c095,topbrain,topcow_mr_024,581,400,200,40,2,1,0,0,2
radius_1p5x_c095,topbrain,topcow_mr_024,582,400,200,80,13,9,3,5,5
radius_1p5x_c095,topbrain,topcow_mr_024,583,400,200,85,13,9,4,5,4
radius_1p5x_c095,topbrain,topcow_mr_024,584,400,240,0,4,3,1,2,1
radius_1p5x_c095,topbrain,topcow_mr_024,585,400,240,40,0,0,0,0,0
radius_1p5x_c095,topbrain,topcow_mr_024,586,400,240,80,8,6,1,4,3
radius_1p5x_c095,topbrain,topcow_mr_024,587,400,240,85,8,6,1,4,3
radius_1p5x_c095,topbrain,topcow_mr_024,588,400,280,0,0,0,0,0,0
radius_1p5x_c095,topbrain,topcow_mr_024,589,400,280,40,0,0,0,0,0
radius_1p5x_c095,topbrain,topcow_mr_024,590,400,280,80,7,5,2,3,2
radius_1p5x_c095,topbrain,topcow_mr_024,591,400,280,85,7,5,2,3,2
radius_1p5x_c095,topbrain,topcow_mr_024,592,400,320,0,0,0,0,0,0
radius_1p5x_c095,topbrain,topcow_mr_024,593,400,320,40,0,0,0,0,0
radius_1p5x_c095,topbrain,topcow_mr_024,594,400,320,80,3,2,1,1,1
radius_1p5x_c095,topbrain,topcow_mr_024,595,400,320,85,3,2,1,1,1
radius_1p5x_c095,topbrain,topcow_mr_024,596,400,360,0,0,0,0,0,0
radius_1p5x_c095,topbrain,topcow_mr_024,597,400,360,40,0,0,0,0,0
radius_1p5x_c095,topbrain,topcow_mr_024,598,400,360,80,0,0,0,0,0
radius_1p5x_c095,topbrain,topcow_mr_024,599,400,360,85,0,0,0,0,0
radius_1p5x_c095,topbrain,topcow_mr_024,600,400,400,0,0,0,0,0,0
radius_1p5x_c095,topbrain,topcow_mr_024,601,400,400,40,0,0,0,0,0
radius_1p5x_c095,topbrain,topcow_mr_024,602,400,400,80,0,0,0,0,0
radius_1p5x_c095,topbrain,topcow_mr_024,603,400,400,85,0,0,0,0,0
radius_1p5x_c095,topbrain,topcow_mr_024,604,400,440,0,0,0,0,0,0
radius_1p5x_c095,topbrain,topcow_mr_024,605,400,440,40,0,0,0,0,0
radius_1p5x_c095,topbrain,topcow_mr_024,606,400,440,80,0,0,0,0,0
radius_1p5x_c095,topbrain,topcow_mr_024,607,400,440,85,0,0,0,0,0
radius_1p5x_c095,topbrain,topcow_mr_024,608,400,480,0,0,0,0,0,0
radius_1p5x_c095,topbrain,topcow_mr_024,609,400,480,40,0,0,0,0,0
radius_1p5x_c095,topbrain,topcow_mr_024,610,400,480,80,0,0,0,0,0
radius_1p5x_c095,topbrain,topcow_mr_024,611,400,480,85,0,0,0,0,0
radius_1p5x_c095,topbrain,topcow_mr_024,612,400,506,0,0,0,0,0,0
radius_1p5x_c095,topbrain,topcow_mr_024,613,400,506,40,0,0,0,0,0
radius_1p5x_c095,topbrain,topcow_mr_024,614,400,506,80,0,0,0,0,0
radius_1p5x_c095,topbrain,topcow_mr_024,615,400,506,85,0,0,0,0,0
radius_1p5x_c095,topbrain,topcow_mr_024,616,411,0,0,0,0,0,0,0
radius_1p5x_c095,topbrain,topcow_mr_024,617,411,0,40,0,0,0,0,0
radius_1p5x_c095,topbrain,topcow_mr_024,618,411,0,80,0,0,0,0,0
radius_1p5x_c095,topbrain,topcow_mr_024,619,411,0,85,0,0,0,0,0
radius_1p5x_c095,topbrain,topcow_mr_024,620,411,40,0,0,0,0,0,0
radius_1p5x_c095,topbrain,topcow_mr_024,621,411,40,40,0,0,0,0,0
radius_1p5x_c095,topbrain,topcow_mr_024,622,411,40,80,0,0,0,0,0
radius_1p5x_c095,topbrain,topcow_mr_024,623,411,40,85,0,0,0,0,0
radius_1p5x_c095,topbrain,topcow_mr_024,624,411,80,0,0,0,0,0,0
radius_1p5x_c095,topbrain,topcow_mr_024,625,411,80,40,3,2,0,1,2
radius_1p5x_c095,topbrain,topcow_mr_024,626,411,80,80,2,1,0,0,2
radius_1p5x_c095,topbrain,topcow_mr_024,627,411,80,85,0,0,0,0,0
radius_1p5x_c095,topbrain,topcow_mr_024,628,411,120,0,2,1,0,0,2
radius_1p5x_c095,topbrain,topcow_mr_024,629,411,120,40,12,10,1,8,3
radius_1p5x_c095,topbrain,topcow_mr_024,630,411,120,80,15,12,2,9,4
radius_1p5x_c095,topbrain,topcow_mr_024,631,411,120,85,15,12,2,9,4
radius_1p5x_c095,topbrain,topcow_mr_024,632,411,160,0,0,0,0,0,0
radius_1p5x_c095,topbrain,topcow_mr_024,633,411,160,40,5,3,1,1,3
radius_1p5x_c095,topbrain,topcow_mr_024,634,411,160,80,17,12,3,7,7
radius_1p5x_c095,topbrain,topcow_mr_024,635,411,160,85,17,12,4,7,6
radius_1p5x_c095,topbrain,topcow_mr_024,636,411,200,0,9,8,2,7,0
radius_1p5x_c095,topbrain,topcow_mr_024,637,411,200,40,0,0,0,0,0
radius_1p5x_c095,topbrain,topcow_mr_024,638,411,200,80,12,8,3,4,5
radius_1p5x_c095,topbrain,topcow_mr_024,639,411,200,85,12,8,4,4,4
radius_1p5x_c095,topbrain,topcow_mr_024,640,411,240,0,9,8,1,7,1
radius_1p5x_c095,topbrain,topcow_mr_024,641,411,240,40,0,0,0,0,0
radius_1p5x_c095,topbrain,topcow_mr_024,642,411,240,80,7,5,1,3,3
radius_1p5x_c095,topbrain,topcow_mr_024,643,411,240,85,7,5,1,3,3
radius_1p5x_c095,topbrain,topcow_mr_024,644,411,280,0,0,0,0,0,0
radius_1p5x_c095,topbrain,topcow_mr_024,645,411,280,40,0,0,0,0,0
radius_1p5x_c095,topbrain,topcow_mr_024,646,411,280,80,6,4,2,2,2
radius_1p5x_c095,topbrain,topcow_mr_024,647,411,280,85,6,4,2,2,2
radius_1p5x_c095,topbrain,topcow_mr_024,648,411,320,0,0,0,0,0,0
radius_1p5x_c095,topbrain,topcow_mr_024,649,411,320,40,0,0,0,0,0
radius_1p5x_c095,topbrain,topcow_mr_024,650,411,320,80,3,2,1,1,1
radius_1p5x_c095,topbrain,topcow_mr_024,651,411,320,85,3,2,1,1,1
radius_1p5x_c095,topbrain,topcow_mr_024,652,411,360,0,0,0,0,0,0
radius_1p5x_c095,topbrain,topcow_mr_024,653,411,360,40,0,0,0,0,0
radius_1p5x_c095,topbrain,topcow_mr_024,654,411,360,80,0,0,0,0,0
radius_1p5x_c095,topbrain,topcow_mr_024,655,411,360,85,0,0,0,0,0
radius_1p5x_c095,topbrain,topcow_mr_024,656,411,400,0,0,0,0,0,0
radius_1p5x_c095,topbrain,topcow_mr_024,657,411,400,40,0,0,0,0,0
radius_1p5x_c095,topbrain,topcow_mr_024,658,411,400,80,0,0,0,0,0
radius_1p5x_c095,topbrain,topcow_mr_024,659,411,400,85,0,0,0,0,0
radius_1p5x_c095,topbrain,topcow_mr_024,660,411,440,0,0,0,0,0,0
radius_1p5x_c095,topbrain,topcow_mr_024,661,411,440,40,0,0,0,0,0
radius_1p5x_c095,topbrain,topcow_mr_024,662,411,440,80,0,0,0,0,0
radius_1p5x_c095,topbrain,topcow_mr_024,663,411,440,85,0,0,0,0,0
radius_1p5x_c095,topbrain,topcow_mr_024,664,411,480,0,0,0,0,0,0
radius_1p5x_c095,topbrain,topcow_mr_024,665,411,480,40,0,0,0,0,0
radius_1p5x_c095,topbrain,topcow_mr_024,666,411,480,80,0,0,0,0,0
radius_1p5x_c095,topbrain,topcow_mr_024,667,411,480,85,0,0,0,0,0
radius_1p5x_c095,topbrain,topcow_mr_024,668,411,506,0,0,0,0,0,0
radius_1p5x_c095,topbrain,topcow_mr_024,669,411,506,40,0,0,0,0,0
radius_1p5x_c095,topbrain,topcow_mr_024,670,411,506,80,0,0,0,0,0
radius_1p5x_c095,topbrain,topcow_mr_024,671,411,506,85,0,0,0,0,0
radius_2x_c095,topbrain,topcow_mr_024,0,0,0,0,0,0,0,0,0
radius_2x_c095,topbrain,topcow_mr_024,1,0,0,40,0,0,0,0,0
radius_2x_c095,topbrain,topcow_mr_024,2,0,0,80,0,0,0,0,0
radius_2x_c095,topbrain,topcow_mr_024,3,0,0,85,0,0,0,0,0
radius_2x_c095,topbrain,topcow_mr_024,4,0,40,0,0,0,0,0,0
radius_2x_c095,topbrain,topcow_mr_024,5,0,40,40,0,0,0,0,0
radius_2x_c095,topbrain,topcow_mr_024,6,0,40,80,0,0,0,0,0
radius_2x_c095,topbrain,topcow_mr_024,7,0,40,85,0,0,0,0,0
radius_2x_c095,topbrain,topcow_mr_024,8,0,80,0,0,0,0,0,0
radius_2x_c095,topbrain,topcow_mr_024,9,0,80,40,4,3,0,2,2
radius_2x_c095,topbrain,topcow_mr_024,10,0,80,80,4,3,1,2,1
radius_2x_c095,topbrain,topcow_mr_024,11,0,80,85,4,3,1,2,1
radius_2x_c095,topbrain,topcow_mr_024,12,0,120,0,0,0,0,0,0
radius_2x_c095,topbrain,topcow_mr_024,13,0,120,40,4,3,0,2,2
radius_2x_c095,topbrain,topcow_mr_024,14,0,120,80,6,4,2,2,2
radius_2x_c095,topbrain,topcow_mr_024,15,0,120,85,6,4,2,2,2
radius_2x_c095,topbrain,topcow_mr_024,16,0,160,0,4,3,1,2,1
radius_2x_c095,topbrain,topcow_mr_024,17,0,160,40,0,0,0,0,0
radius_2x_c095,topbrain,topcow_mr_024,18,0,160,80,2,1,1,0,1
radius_2x_c095,topbrain,topcow_mr_024,19,0,160,85,2,1,1,0,1
radius_2x_c095,topbrain,topcow_mr_024,20,0,200,0,7,6,1,5,1
radius_2x_c095,topbrain,topcow_mr_024,21,0,200,40,0,0,0,0,0
radius_2x_c095,topbrain,topcow_mr_024,22,0,200,80,3,2,1,1,1
radius_2x_c095,topbrain,topcow_mr_024,23,0,200,85,3,2,1,1,1
radius_2x_c095,topbrain,topcow_mr_024,24,0,240,0,2,1,1,0,1
radius_2x_c095,topbrain,topcow_mr_024,25,0,240,40,0,0,0,0,0
radius_2x_c095,topbrain,topcow_mr_024,26,0,240,80,4,2,2,0,2
radius_2x_c095,topbrain,topcow_mr_024,27,0,240,85,4,2,2,0,2
radius_2x_c095,topbrain,topcow_mr_024,28,0,280,0,0,0,0,0,0
radius_2x_c095,topbrain,topcow_mr_024,29,0,280,40,0,0,0,0,0
radius_2x_c095,topbrain,topcow_mr_024,30,0,280,80,4,2,2,0,2
radius_2x_c095,topbrain,topcow_mr_024,31,0,280,85,4,2,2,0,2
radius_2x_c095,topbrain,topcow_mr_024,32,0,320,0,0,0,0,0,0
radius_2x_c095,topbrain,topcow_mr_024,33,0,320,40,0,0,0,0,0
radius_2x_c095,topbrain,topcow_mr_024,34,0,320,80,0,0,0,0,0
radius_2x_c095,topbrain,topcow_mr_024,35,0,320,85,0,0,0,0,0
radius_2x_c095,topbrain,topcow_mr_024,36,0,360,0,0,0,0,0,0
radius_2x_c095,topbrain,topcow_mr_024,37,0,360,40,0,0,0,0,0
radius_2x_c095,topbrain,topcow_mr_024,38,0,360,80,0,0,0,0,0
radius_2x_c095,topbrain,topcow_mr_024,39,0,360,85,0,0,0,0,0
radius_2x_c095,topbrain,topcow_mr_024,40,0,400,0,0,0,0,0,0
radius_2x_c095,topbrain,topcow_mr_024,41,0,400,40,0,0,0,0,0
radius_2x_c095,topbrain,topcow_mr_024,42,0,400,80,0,0,0,0,0
radius_2x_c095,topbrain,topcow_mr_024,43,0,400,85,0,0,0,0,0
radius_2x_c095,topbrain,topcow_mr_024,44,0,440,0,0,0,0,0,0
radius_2x_c095,topbrain,topcow_mr_024,45,0,440,40,0,0,0,0,0
radius_2x_c095,topbrain,topcow_mr_024,46,0,440,80,0,0,0,0,0
radius_2x_c095,topbrain,topcow_mr_024,47,0,440,85,0,0,0,0,0
radius_2x_c095,topbrain,topcow_mr_024,48,0,480,0,0,0,0,0,0
radius_2x_c095,topbrain,topcow_mr_024,49,0,480,40,0,0,0,0,0
radius_2x_c095,topbrain,topcow_mr_024,50,0,480,80,0,0,0,0,0
radius_2x_c095,topbrain,topcow_mr_024,51,0,480,85,0,0,0,0,0
radius_2x_c095,topbrain,topcow_mr_024,52,0,506,0,0,0,0,0,0
radius_2x_c095,topbrain,topcow_mr_024,53,0,506,40,0,0,0,0,0
radius_2x_c095,topbrain,topcow_mr_024,54,0,506,80,0,0,0,0,0
radius_2x_c095,topbrain,topcow_mr_024,55,0,506,85,0,0,0,0,0
radius_2x_c095,topbrain,topcow_mr_024,56,40,0,0,0,0,0,0,0
radius_2x_c095,topbrain,topcow_mr_024,57,40,0,40,0,0,0,0,0
radius_2x_c095,topbrain,topcow_mr_024,58,40,0,80,0,0,0,0,0
radius_2x_c095,topbrain,topcow_mr_024,59,40,0,85,0,0,0,0,0
radius_2x_c095,topbrain,topcow_mr_024,60,40,40,0,0,0,0,0,0
radius_2x_c095,topbrain,topcow_mr_024,61,40,40,40,0,0,0,0,0
radius_2x_c095,topbrain,topcow_mr_024,62,40,40,80,0,0,0,0,0
radius_2x_c095,topbrain,topcow_mr_024,63,40,40,85,0,0,0,0,0
radius_2x_c095,topbrain,topcow_mr_024,64,40,80,0,5,4,1,3,1
radius_2x_c095,topbrain,topcow_mr_024,65,40,80,40,15,13,1,11,3
radius_2x_c095,topbrain,topcow_mr_024,66,40,80,80,19,15,3,11,5
radius_2x_c095,topbrain,topcow_mr_024,67,40,80,85,19,15,3,11,5
radius_2x_c095,topbrain,topcow_mr_024,68,40,120,0,3,2,1,1,1
radius_2x_c095,topbrain,topcow_mr_024,69,40,120,40,30,26,6,13,11
radius_2x_c095,topbrain,topcow_mr_024,70,40,120,80,44,40,13,21,10
radius_2x_c095,topbrain,topcow_mr_024,71,40,120,85,43,39,13,20,10
radius_2x_c095,topbrain,topcow_mr_024,72,40,160,0,0,0,0,0,0
radius_2x_c095,topbrain,topcow_mr_024,73,40,160,40,20,19,5,8,7
radius_2x_c095,topbrain,topcow_mr_024,74,40,160,80,31,29,10,11,10
radius_2x_c095,topbrain,topcow_mr_024,75,40,160,85,31,29,10,11,10
radius_2x_c095,topbrain,topcow_mr_024,76,40,200,0,2,1,1,0,1
radius_2x_c095,topbrain,topcow_mr_024,77,40,200,40,10,9,1,5,4
radius_2x_c095,topbrain,topcow_mr_024,78,40,200,80,24,21,6,9,9
radius_2x_c095,topbrain,topcow_mr_024,79,40,200,85,24,21,6,9,9
radius_2x_c095,topbrain,topcow_mr_024,80,40,240,0,2,1,1,0,1
radius_2x_c095,topbrain,topcow_mr_024,81,40,240,40,3,2,0,1,2
radius_2x_c095,topbrain,topcow_mr_024,82,40,240,80,18,13,3,8,7
radius_2x_c095,topbrain,topcow_mr_024,83,40,240,85,18,13,3,8,7
radius_2x_c095,topbrain,topcow_mr_024,84,40,280,0,0,0,0,0,0
radius_2x_c095,topbrain,topcow_mr_024,85,40,280,40,0,0,0,0,0
radius_2x_c095,topbrain,topcow_mr_024,86,40,280,80,18,15,3,12,3
radius_2x_c095,topbrain,topcow_mr_024,87,40,280,85,18,15,3,12,3
radius_2x_c095,topbrain,topcow_mr_024,88,40,320,0,0,0,0,0,0
radius_2x_c095,topbrain,topcow_mr_024,89,40,320,40,0,0,0,0,0
radius_2x_c095,topbrain,topcow_mr_024,90,40,320,80,0,0,0,0,0
radius_2x_c095,topbrain,topcow_mr_024,91,40,320,85,0,0,0,0,0
radius_2x_c095,topbrain,topcow_mr_024,92,40,360,0,0,0,0,0,0
radius_2x_c095,topbrain,topcow_mr_024,93,40,360,40,0,0,0,0,0
radius_2x_c095,topbrain,topcow_mr_024,94,40,360,80,0,0,0,0,0
radius_2x_c095,topbrain,topcow_mr_024,95,40,360,85,0,0,0,0,0
radius_2x_c095,topbrain,topcow_mr_024,96,40,400,0,0,0,0,0,0
radius_2x_c095,topbrain,topcow_mr_024,97,40,400,40,0,0,0,0,0
radius_2x_c095,topbrain,topcow_mr_024,98,40,400,80,0,0,0,0,0
radius_2x_c095,topbrain,topcow_mr_024,99,40,400,85,0,0,0,0,0
radius_2x_c095,topbrain,topcow_mr_024,100,40,440,0,0,0,0,0,0
radius_2x_c095,topbrain,topcow_mr_024,101,40,440,40,0,0,0,0,0
radius_2x_c095,topbrain,topcow_mr_024,102,40,440,80,0,0,0,0,0
radius_2x_c095,topbrain,topcow_mr_024,103,40,440,85,0,0,0,0,0
radius_2x_c095,topbrain,topcow_mr_024,104,40,480,0,0,0,0,0,0
radius_2x_c095,topbrain,topcow_mr_024,105,40,480,40,0,0,0,0,0
radius_2x_c095,topbrain,topcow_mr_024,106,40,480,80,0,0,0,0,0
radius_2x_c095,topbrain,topcow_mr_024,107,40,480,85,0,0,0,0,0
radius_2x_c095,topbrain,topcow_mr_024,108,40,506,0,0,0,0,0,0
radius_2x_c095,topbrain,topcow_mr_024,109,40,506,40,0,0,0,0,0
radius_2x_c095,topbrain,topcow_mr_024,110,40,506,80,0,0,0,0,0
radius_2x_c095,topbrain,topcow_mr_024,111,40,506,85,0,0,0,0,0
radius_2x_c095,topbrain,topcow_mr_024,112,80,0,0,0,0,0,0,0
radius_2x_c095,topbrain,topcow_mr_024,113,80,0,40,0,0,0,0,0
radius_2x_c095,topbrain,topcow_mr_024,114,80,0,80,0,0,0,0,0
radius_2x_c095,topbrain,topcow_mr_024,115,80,0,85,0,0,0,0,0
radius_2x_c095,topbrain,topcow_mr_024,116,80,40,0,0,0,0,0,0
radius_2x_c095,topbrain,topcow_mr_024,117,80,40,40,0,0,0,0,0
radius_2x_c095,topbrain,topcow_mr_024,118,80,40,80,10,9,1,8,1
radius_2x_c095,topbrain,topcow_mr_024,119,80,40,85,10,9,1,8,1
radius_2x_c095,topbrain,topcow_mr_024,120,80,80,0,5,4,1,3,1
radius_2x_c095,topbrain,topcow_mr_024,121,80,80,40,23,21,6,11,6
radius_2x_c095,topbrain,topcow_mr_024,122,80,80,80,42,39,8,28,6
radius_2x_c095,topbrain,topcow_mr_024,123,80,80,85,40,38,8,28,4
radius_2x_c095,topbrain,topcow_mr_024,124,80,120,0,3,2,1,1,1
radius_2x_c095,topbrain,topcow_mr_024,125,80,120,40,39,38,11,18,10
radius_2x_c095,topbrain,topcow_mr_024,126,80,120,80,60,57,12,35,13
radius_2x_c095,topbrain,topcow_mr_024,127,80,120,85,59,56,12,34,13
radius_2x_c095,topbrain,topcow_mr_024,128,80,160,0,10,8,2,6,2
radius_2x_c095,topbrain,topcow_mr_024,129,80,160,40,30,28,6,14,10
radius_2x_c095,topbrain,topcow_mr_024,130,80,160,80,47,47,10,26,11
radius_2x_c095,topbrain,topcow_mr_024,131,80,160,85,47,47,10,26,11
radius_2x_c095,topbrain,topcow_mr_024,132,80,200,0,10,9,2,8,0
radius_2x_c095,topbrain,topcow_mr_024,133,80,200,40,18,15,2,7,9
radius_2x_c095,topbrain,topcow_mr_024,134,80,200,80,39,40,11,21,7
radius_2x_c095,topbrain,topcow_mr_024,135,80,200,85,39,40,11,21,7
radius_2x_c095,topbrain,topcow_mr_024,136,80,240,0,0,0,0,0,0
radius_2x_c095,topbrain,topcow_mr_024,137,80,240,40,3,2,0,1,2
radius_2x_c095,topbrain,topcow_mr_024,138,80,240,80,26,25,6,14,6
radius_2x_c095,topbrain,topcow_mr_024,139,80,240,85,26,25,6,14,6
radius_2x_c095,topbrain,topcow_mr_024,140,80,280,0,0,0,0,0,0
radius_2x_c095,topbrain,topcow_mr_024,141,80,280,40,0,0,0,0,0
radius_2x_c095,topbrain,topcow_mr_024,142,80,280,80,20,20,4,14,2
radius_2x_c095,topbrain,topcow_mr_024,143,80,280,85,20,20,4,14,2
radius_2x_c095,topbrain,topcow_mr_024,144,80,320,0,0,0,0,0,0
radius_2x_c095,topbrain,topcow_mr_024,145,80,320,40,0,0,0,0,0
radius_2x_c095,topbrain,topcow_mr_024,146,80,320,80,0,0,0,0,0
radius_2x_c095,topbrain,topcow_mr_024,147,80,320,85,0,0,0,0,0
radius_2x_c095,topbrain,topcow_mr_024,148,80,360,0,0,0,0,0,0
radius_2x_c095,topbrain,topcow_mr_024,149,80,360,40,0,0,0,0,0
radius_2x_c095,topbrain,topcow_mr_024,150,80,360,80,0,0,0,0,0
radius_2x_c095,topbrain,topcow_mr_024,151,80,360,85,0,0,0,0,0
radius_2x_c095,topbrain,topcow_mr_024,152,80,400,0,0,0,0,0,0
radius_2x_c095,topbrain,topcow_mr_024,153,80,400,40,0,0,0,0,0
radius_2x_c095,topbrain,topcow_mr_024,154,80,400,80,0,0,0,0,0
radius_2x_c095,topbrain,topcow_mr_024,155,80,400,85,0,0,0,0,0
radius_2x_c095,topbrain,topcow_mr_024,156,80,440,0,0,0,0,0,0
radius_2x_c095,topbrain,topcow_mr_024,157,80,440,40,0,0,0,0,0
radius_2x_c095,topbrain,topcow_mr_024,158,80,440,80,0,0,0,0,0
radius_2x_c095,topbrain,topcow_mr_024,159,80,440,85,0,0,0,0,0
radius_2x_c095,topbrain,topcow_mr_024,160,80,480,0,0,0,0,0,0
radius_2x_c095,topbrain,topcow_mr_024,161,80,480,40,0,0,0,0,0
radius_2x_c095,topbrain,topcow_mr_024,162,80,480,80,0,0,0,0,0
radius_2x_c095,topbrain,topcow_mr_024,163,80,480,85,0,0,0,0,0
radius_2x_c095,topbrain,topcow_mr_024,164,80,506,0,0,0,0,0,0
radius_2x_c095,topbrain,topcow_mr_024,165,80,506,40,0,0,0,0,0
radius_2x_c095,topbrain,topcow_mr_024,166,80,506,80,0,0,0,0,0
radius_2x_c095,topbrain,topcow_mr_024,167,80,506,85,0,0,0,0,0
radius_2x_c095,topbrain,topcow_mr_024,168,120,0,0,0,0,0,0,0
radius_2x_c095,topbrain,topcow_mr_024,169,120,0,40,0,0,0,0,0
radius_2x_c095,topbrain,topcow_mr_024,170,120,0,80,0,0,0,0,0
radius_2x_c095,topbrain,topcow_mr_024,171,120,0,85,0,0,0,0,0
radius_2x_c095,topbrain,topcow_mr_024,172,120,40,0,0,0,0,0,0
radius_2x_c095,topbrain,topcow_mr_024,173,120,40,40,0,0,0,0,0
radius_2x_c095,topbrain,topcow_mr_024,174,120,40,80,7,6,0,5,2
radius_2x_c095,topbrain,topcow_mr_024,175,120,40,85,7,6,0,5,2
radius_2x_c095,topbrain,topcow_mr_024,176,120,80,0,0,0,0,0,0
radius_2x_c095,topbrain,topcow_mr_024,177,120,80,40,12,11,5,4,3
radius_2x_c095,topbrain,topcow_mr_024,178,120,80,80,24,22,5,14,5
radius_2x_c095,topbrain,topcow_mr_024,179,120,80,85,24,22,5,14,5
radius_2x_c095,topbrain,topcow_mr_024,180,120,120,0,0,0,0,0,0
radius_2x_c095,topbrain,topcow_mr_024,181,120,120,40,16,14,4,6,6
radius_2x_c095,topbrain,topcow_mr_024,182,120,120,80,22,18,3,10,9
radius_2x_c095,topbrain,topcow_mr_024,183,120,120,85,22,18,3,10,9
radius_2x_c095,topbrain,topcow_mr_024,184,120,160,0,8,6,1,4,3
radius_2x_c095,topbrain,topcow_mr_024,185,120,160,40,6,4,0,2,4
radius_2x_c095,topbrain,topcow_mr_024,186,120,160,80,9,6,0,3,6
radius_2x_c095,topbrain,topcow_mr_024,187,120,160,85,9,6,0,3,6
radius_2x_c095,topbrain,topcow_mr_024,188,120,200,0,10,8,2,6,2
radius_2x_c095,topbrain,topcow_mr_024,189,120,200,40,3,2,0,1,2
radius_2x_c095,topbrain,topcow_mr_024,190,120,200,80,7,5,0,3,4
radius_2x_c095,topbrain,topcow_mr_024,191,120,200,85,5,4,0,3,2
radius_2x_c095,topbrain,topcow_mr_024,192,120,240,0,3,2,1,1,1
radius_2x_c095,topbrain,topcow_mr_024,193,120,240,40,4,3,0,2,2
radius_2x_c095,topbrain,topcow_mr_024,194,120,240,80,8,5,0,2,6
radius_2x_c095,topbrain,topcow_mr_024,195,120,240,85,5,3,0,1,4
radius_2x_c095,topbrain,topcow_mr_024,196,120,280,0,0,0,0,0,0
radius_2x_c095,topbrain,topcow_mr_024,197,120,280,40,6,5,1,2,3
radius_2x_c095,topbrain,topcow_mr_024,198,120,280,80,8,6,1,2,5
radius_2x_c095,topbrain,topcow_mr_024,199,120,280,85,2,1,0,0,2
radius_2x_c095,topbrain,topcow_mr_024,200,120,320,0,2,1,1,0,1
radius_2x_c095,topbrain,topcow_mr_024,201,120,320,40,11,10,1,7,3
radius_2x_c095,topbrain,topcow_mr_024,202,120,320,80,11,10,1,7,3
radius_2x_c095,topbrain,topcow_mr_024,203,120,320,85,4,3,0,2,2
radius_2x_c095,topbrain,topcow_mr_024,204,120,360,0,0,0,0,0,0
radius_2x_c095,topbrain,topcow_mr_024,205,120,360,40,7,6,1,5,1
radius_2x_c095,topbrain,topcow_mr_024,206,120,360,80,7,6,1,5,1
radius_2x_c095,topbrain,topcow_mr_024,207,120,360,85,6,4,1,2,3
radius_2x_c095,topbrain,topcow_mr_024,208,120,400,0,0,0,0,0,0
radius_2x_c095,topbrain,topcow_mr_024,209,120,400,40,0,0,0,0,0
radius_2x_c095,topbrain,topcow_mr_024,210,120,400,80,0,0,0,0,0
radius_2x_c095,topbrain,topcow_mr_024,211,120,400,85,0,0,0,0,0
radius_2x_c095,topbrain,topcow_mr_024,212,120,440,0,0,0,0,0,0
radius_2x_c095,topbrain,topcow_mr_024,213,120,440,40,0,0,0,0,0
radius_2x_c095,topbrain,topcow_mr_024,214,120,440,80,0,0,0,0,0
radius_2x_c095,topbrain,topcow_mr_024,215,120,440,85,0,0,0,0,0
radius_2x_c095,topbrain,topcow_mr_024,216,120,480,0,0,0,0,0,0
radius_2x_c095,topbrain,topcow_mr_024,217,120,480,40,0,0,0,0,0
radius_2x_c095,topbrain,topcow_mr_024,218,120,480,80,0,0,0,0,0
radius_2x_c095,topbrain,topcow_mr_024,219,120,480,85,0,0,0,0,0
radius_2x_c095,topbrain,topcow_mr_024,220,120,506,0,0,0,0,0,0
radius_2x_c095,topbrain,topcow_mr_024,221,120,506,40,0,0,0,0,0
radius_2x_c095,topbrain,topcow_mr_024,222,120,506,80,0,0,0,0,0
radius_2x_c095,topbrain,topcow_mr_024,223,120,506,85,0,0,0,0,0
radius_2x_c095,topbrain,topcow_mr_024,224,160,0,0,0,0,0,0,0
radius_2x_c095,topbrain,topcow_mr_024,225,160,0,40,0,0,0,0,0
radius_2x_c095,topbrain,topcow_mr_024,226,160,0,80,0,0,0,0,0
radius_2x_c095,topbrain,topcow_mr_024,227,160,0,85,0,0,0,0,0
radius_2x_c095,topbrain,topcow_mr_024,228,160,40,0,0,0,0,0,0
radius_2x_c095,topbrain,topcow_mr_024,229,160,40,40,0,0,0,0,0
radius_2x_c095,topbrain,topcow_mr_024,230,160,40,80,0,0,0,0,0
radius_2x_c095,topbrain,topcow_mr_024,231,160,40,85,0,0,0,0,0
radius_2x_c095,topbrain,topcow_mr_024,232,160,80,0,0,0,0,0,0
radius_2x_c095,topbrain,topcow_mr_024,233,160,80,40,2,1,1,0,1
radius_2x_c095,topbrain,topcow_mr_024,234,160,80,80,0,0,0,0,0
radius_2x_c095,topbrain,topcow_mr_024,235,160,80,85,0,0,0,0,0
radius_2x_c095,topbrain,topcow_mr_024,236,160,120,0,3,2,0,1,2
radius_2x_c095,topbrain,topcow_mr_024,237,160,120,40,14,13,4,6,4
radius_2x_c095,topbrain,topcow_mr_024,238,160,120,80,2,1,0,0,2
radius_2x_c095,topbrain,topcow_mr_024,239,160,120,85,0,0,0,0,0
radius_2x_c095,topbrain,topcow_mr_024,240,160,160,0,4,3,0,2,2
radius_2x_c095,topbrain,topcow_mr_024,241,160,160,40,25,22,3,15,7
radius_2x_c095,topbrain,topcow_mr_024,242,160,160,80,8,6,1,4,3
radius_2x_c095,topbrain,topcow_mr_024,243,160,160,85,0,0,0,0,0
radius_2x_c095,topbrain,topcow_mr_024,244,160,200,0,5,3,1,1,3
radius_2x_c095,topbrain,topcow_mr_024,245,160,200,40,25,21,4,15,6
radius_2x_c095,topbrain,topcow_mr_024,246,160,200,80,4,2,1,0,3
radius_2x_c095,topbrain,topcow_mr_024,247,160,200,85,0,0,0,0,0
radius_2x_c095,topbrain,topcow_mr_024,248,160,240,0,4,2,1,0,3
radius_2x_c095,topbrain,topcow_mr_024,249,160,240,40,16,13,2,10,4
radius_2x_c095,topbrain,topcow_mr_024,250,160,240,80,6,5,0,4,2
radius_2x_c095,topbrain,topcow_mr_024,251,160,240,85,0,0,0,0,0
radius_2x_c095,topbrain,topcow_mr_024,252,160,280,0,11,9,1,7,3
radius_2x_c095,topbrain,topcow_mr_024,253,160,280,40,12,11,1,8,3
radius_2x_c095,topbrain,topcow_mr_024,254,160,280,80,12,11,1,8,3
radius_2x_c095,topbrain,topcow_mr_024,255,160,280,85,4,3,0,2,2
radius_2x_c095,topbrain,topcow_mr_024,256,160,320,0,15,12,3,9,3
radius_2x_c095,topbrain,topcow_mr_024,257,160,320,40,14,13,2,10,2
radius_2x_c095,topbrain,topcow_mr_024,258,160,320,80,14,13,2,10,2
radius_2x_c095,topbrain,topcow_mr_024,259,160,320,85,8,6,1,4,3
radius_2x_c095,topbrain,topcow_mr_024,260,160,360,0,4,3,1,2,1
radius_2x_c095,topbrain,topcow_mr_024,261,160,360,40,7,6,1,5,1
radius_2x_c095,topbrain,topcow_mr_024,262,160,360,80,7,6,1,5,1
radius_2x_c095,topbrain,topcow_mr_024,263,160,360,85,6,4,1,2,3
radius_2x_c095,topbrain,topcow_mr_024,264,160,400,0,0,0,0,0,0
radius_2x_c095,topbrain,topcow_mr_024,265,160,400,40,0,0,0,0,0
radius_2x_c095,topbrain,topcow_mr_024,266,160,400,80,0,0,0,0,0
radius_2x_c095,topbrain,topcow_mr_024,267,160,400,85,0,0,0,0,0
radius_2x_c095,topbrain,topcow_mr_024,268,160,440,0,0,0,0,0,0
radius_2x_c095,topbrain,topcow_mr_024,269,160,440,40,0,0,0,0,0
radius_2x_c095,topbrain,topcow_mr_024,270,160,440,80,0,0,0,0,0
radius_2x_c095,topbrain,topcow_mr_024,271,160,440,85,0,0,0,0,0
radius_2x_c095,topbrain,topcow_mr_024,272,160,480,0,0,0,0,0,0
radius_2x_c095,topbrain,topcow_mr_024,273,160,480,40,0,0,0,0,0
radius_2x_c095,topbrain,topcow_mr_024,274,160,480,80,0,0,0,0,0
radius_2x_c095,topbrain,topcow_mr_024,275,160,480,85,0,0,0,0,0
radius_2x_c095,topbrain,topcow_mr_024,276,160,506,0,0,0,0,0,0
radius_2x_c095,topbrain,topcow_mr_024,277,160,506,40,0,0,0,0,0
radius_2x_c095,topbrain,topcow_mr_024,278,160,506,80,0,0,0,0,0
radius_2x_c095,topbrain,topcow_mr_024,279,160,506,85,0,0,0,0,0
radius_2x_c095,topbrain,topcow_mr_024,280,200,0,0,0,0,0,0,0
radius_2x_c095,topbrain,topcow_mr_024,281,200,0,40,0,0,0,0,0
radius_2x_c095,topbrain,topcow_mr_024,282,200,0,80,0,0,0,0,0
radius_2x_c095,topbrain,topcow_mr_024,283,200,0,85,0,0,0,0,0
radius_2x_c095,topbrain,topcow_mr_024,284,200,40,0,0,0,0,0,0
radius_2x_c095,topbrain,topcow_mr_024,285,200,40,40,0,0,0,0,0
radius_2x_c095,topbrain,topcow_mr_024,286,200,40,80,11,11,5,1,5
radius_2x_c095,topbrain,topcow_mr_024,287,200,40,85,11,11,5,1,5
radius_2x_c095,topbrain,topcow_mr_024,288,200,80,0,0,0,0,0,0
radius_2x_c095,topbrain,topcow_mr_024,289,200,80,40,8,5,1,2,5
radius_2x_c095,topbrain,topcow_mr_024,290,200,80,80,20,23,12,6,2
radius_2x_c095,topbrain,topcow_mr_024,291,200,80,85,20,23,12,6,2
radius_2x_c095,topbrain,topcow_mr_024,292,200,120,0,4,2,0,0,4
radius_2x_c095,topbrain,topcow_mr_024,293,200,120,40,22,19,5,8,9
radius_2x_c095,topbrain,topcow_mr_024,294,200,120,80,16,13,5,4,7
radius_2x_c095,topbrain,topcow_mr_024,295,200,120,85,12,8,3,2,7
radius_2x_c095,topbrain,topcow_mr_024,296,200,160,0,2,1,0,0,2
radius_2x_c095,topbrain,topcow_mr_024,297,200,160,40,29,23,2,15,12
radius_2x_c095,topbrain,topcow_mr_024,298,200,160,80,12,9,1,6,5
radius_2x_c095,topbrain,topcow_mr_024,299,200,160,85,0,0,0,0,0
radius_2x_c095,topbrain,topcow_mr_024,300,200,200,0,4,2,0,0,4
radius_2x_c095,topbrain,topcow_mr_024,301,200,200,40,23,20,5,9,9
radius_2x_c095,topbrain,topcow_mr_024,302,200,200,80,2,1,1,0,1
radius_2x_c095,topbrain,topcow_mr_024,303,200,200,85,0,0,0,0,0
radius_2x_c095,topbrain,topcow_mr_024,304,200,240,0,5,4,1,1,3
radius_2x_c095,topbrain,topcow_mr_024,305,200,240,40,5,3,0,1,4
radius_2x_c095,topbrain,topcow_mr_024,306,200,240,80,0,0,0,0,0
radius_2x_c095,topbrain,topcow_mr_024,307,200,240,85,0,0,0,0,0
radius_2x_c095,topbrain,topcow_mr_024,308,200,280,0,14,10,2,4,8
radius_2x_c095,topbrain,topcow_mr_024,309,200,280,40,5,3,0,1,4
radius_2x_c095,topbrain,topcow_mr_024,310,200,280,80,5,3,0,1,4
radius_2x_c095,topbrain,topcow_mr_024,311,200,280,85,5,3,0,1,4
radius_2x_c095,topbrain,topcow_mr_024,312,200,320,0,24,19,2,14,8
radius_2x_c095,topbrain,topcow_mr_024,313,200,320,40,5,3,1,1,3
radius_2x_c095,topbrain,topcow_mr_024,314,200,320,80,5,3,1,1,3
radius_2x_c095,topbrain,topcow_mr_024,315,200,320,85,5,3,1,1,3
radius_2x_c095,topbrain,topcow_mr_024,316,200,360,0,8,6,1,4,3
radius_2x_c095,topbrain,topcow_mr_024,317,200,360,40,0,0,0,0,0
radius_2x_c095,topbrain,topcow_mr_024,318,200,360,80,6,5,1,2,3
radius_2x_c095,topbrain,topcow_mr_024,319,200,360,85,6,5,1,2,3
radius_2x_c095,topbrain,topcow_mr_024,320,200,400,0,0,0,0,0,0
radius_2x_c095,topbrain,topcow_mr_024,321,200,400,40,0,0,0,0,0
radius_2x_c095,topbrain,topcow_mr_024,322,200,400,80,7,6,1,3,3
radius_2x_c095,topbrain,topcow_mr_024,323,200,400,85,7,6,1,3,3
radius_2x_c095,topbrain,topcow_mr_024,324,200,440,0,0,0,0,0,0
radius_2x_c095,topbrain,topcow_mr_024,325,200,440,40,0,0,0,0,0
radius_2x_c095,topbrain,topcow_mr_024,326,200,440,80,0,0,0,0,0
radius_2x_c095,topbrain,topcow_mr_024,327,200,440,85,0,0,0,0,0
radius_2x_c095,topbrain,topcow_mr_024,328,200,480,0,0,0,0,0,0
radius_2x_c095,topbrain,topcow_mr_024,329,200,480,40,0,0,0,0,0
radius_2x_c095,topbrain,topcow_mr_024,330,200,480,80,0,0,0,0,0
radius_2x_c095,topbrain,topcow_mr_024,331,200,480,85,0,0,0,0,0
radius_2x_c095,topbrain,topcow_mr_024,332,200,506,0,0,0,0,0,0
radius_2x_c095,topbrain,topcow_mr_024,333,200,506,40,0,0,0,0,0
radius_2x_c095,topbrain,topcow_mr_024,334,200,506,80,0,0,0,0,0
radius_2x_c095,topbrain,topcow_mr_024,335,200,506,85,0,0,0,0,0
radius_2x_c095,topbrain,topcow_mr_024,336,240,0,0,0,0,0,0,0
radius_2x_c095,topbrain,topcow_mr_024,337,240,0,40,0,0,0,0,0
radius_2x_c095,topbrain,topcow_mr_024,338,240,0,80,0,0,0,0,0
radius_2x_c095,topbrain,topcow_mr_024,339,240,0,85,0,0,0,0,0
radius_2x_c095,topbrain,topcow_mr_024,340,240,40,0,0,0,0,0,0
radius_2x_c095,topbrain,topcow_mr_024,341,240,40,40,0,0,0,0,0
radius_2x_c095,topbrain,topcow_mr_024,342,240,40,80,11,11,5,1,5
radius_2x_c095,topbrain,topcow_mr_024,343,240,40,85,11,11,5,1,5
radius_2x_c095,topbrain,topcow_mr_024,344,240,80,0,0,0,0,0,0
radius_2x_c095,topbrain,topcow_mr_024,345,240,80,40,7,4,1,1,5
radius_2x_c095,topbrain,topcow_mr_024,346,240,80,80,19,22,11,5,3
radius_2x_c095,topbrain,topcow_mr_024,347,240,80,85,19,22,11,5,3
radius_2x_c095,topbrain,topcow_mr_024,348,240,120,0,3,2,0,1,2
radius_2x_c095,topbrain,topcow_mr_024,349,240,120,40,18,16,5,6,7
radius_2x_c095,topbrain,topcow_mr_024,350,240,120,80,17,12,3,3,11
radius_2x_c095,topbrain,topcow_mr_024,351,240,120,85,11,7,2,1,8
radius_2x_c095,topbrain,topcow_mr_024,352,240,160,0,5,4,0,3,2
radius_2x_c095,topbrain,topcow_mr_024,353,240,160,40,23,20,3,13,7
radius_2x_c095,topbrain,topcow_mr_024,354,240,160,80,12,9,1,6,5
radius_2x_c095,topbrain,topcow_mr_024,355,240,160,85,0,0,0,0,0
radius_2x_c095,topbrain,topcow_mr_024,356,240,200,0,12,9,0,6,6
radius_2x_c095,topbrain,topcow_mr_024,357,240,200,40,25,21,3,13,9
radius_2x_c095,topbrain,topcow_mr_024,358,240,200,80,5,4,1,3,1
radius_2x_c095,topbrain,topcow_mr_024,359,240,200,85,0,0,0,0,0
radius_2x_c095,topbrain,topcow_mr_024,360,240,240,0,10,8,0,6,4
radius_2x_c095,topbrain,topcow_mr_024,361,240,240,40,17,15,0,13,4
radius_2x_c095,topbrain,topcow_mr_024,362,240,240,80,7,5,0,3,4
radius_2x_c095,topbrain,topcow_mr_024,363,240,240,85,2,1,0,0,2
radius_2x_c095,topbrain,topcow_mr_024,364,240,280,0,10,9,1,6,3
radius_2x_c095,topbrain,topcow_mr_024,365,240,280,40,13,11,1,9,3
radius_2x_c095,topbrain,topcow_mr_024,366,240,280,80,11,9,0,7,4
radius_2x_c095,topbrain,topcow_mr_024,367,240,280,85,4,3,0,2,2
radius_2x_c095,topbrain,topcow_mr_024,368,240,320,0,16,13,2,10,4
radius_2x_c095,topbrain,topcow_mr_024,369,240,320,40,6,5,2,2,2
radius_2x_c095,topbrain,topcow_mr_024,370,240,320,80,8,7,2,4,2
radius_2x_c095,topbrain,topcow_mr_024,371,240,320,85,8,7,2,4,2
radius_2x_c095,topbrain,topcow_mr_024,372,240,360,0,4,3,0,2,2
radius_2x_c095,topbrain,topcow_mr_024,373,240,360,40,2,1,0,0,2
radius_2x_c095,topbrain,topcow_mr_024,374,240,360,80,16,14,2,10,4
radius_2x_c095,topbrain,topcow_mr_024,375,240,360,85,16,14,2,10,4
radius_2x_c095,topbrain,topcow_mr_024,376,240,400,0,0,0,0,0,0
radius_2x_c095,topbrain,topcow_mr_024,377,240,400,40,0,0,0,0,0
radius_2x_c095,topbrain,topcow_mr_024,378,240,400,80,14,13,3,10,1
radius_2x_c095,topbrain,topcow_mr_024,379,240,400,85,14,13,3,10,1
radius_2x_c095,topbrain,topcow_mr_024,380,240,440,0,0,0,0,0,0
radius_2x_c095,topbrain,topcow_mr_024,381,240,440,40,0,0,0,0,0
radius_2x_c095,topbrain,topcow_mr_024,382,240,440,80,0,0,0,0,0
radius_2x_c095,topbrain,topcow_mr_024,383,240,440,85,0,0,0,0,0
radius_2x_c095,topbrain,topcow_mr_024,384,240,480,0,0,0,0,0,0
radius_2x_c095,topbrain,topcow_mr_024,385,240,480,40,0,0,0,0,0
radius_2x_c095,topbrain,topcow_mr_024,386,240,480,80,0,0,0,0,0
radius_2x_c095,topbrain,topcow_mr_024,387,240,480,85,0,0,0,0,0
radius_2x_c095,topbrain,topcow_mr_024,388,240,506,0,0,0,0,0,0
radius_2x_c095,topbrain,topcow_mr_024,389,240,506,40,0,0,0,0,0
radius_2x_c095,topbrain,topcow_mr_024,390,240,506,80,0,0,0,0,0
radius_2x_c095,topbrain,topcow_mr_024,391,240,506,85,0,0,0,0,0
radius_2x_c095,topbrain,topcow_mr_024,392,280,0,0,0,0,0,0,0
radius_2x_c095,topbrain,topcow_mr_024,393,280,0,40,0,0,0,0,0
radius_2x_c095,topbrain,topcow_mr_024,394,280,0,80,0,0,0,0,0
radius_2x_c095,topbrain,topcow_mr_024,395,280,0,85,0,0,0,0,0
radius_2x_c095,topbrain,topcow_mr_024,396,280,40,0,0,0,0,0,0
radius_2x_c095,topbrain,topcow_mr_024,397,280,40,40,0,0,0,0,0
radius_2x_c095,topbrain,topcow_mr_024,398,280,40,80,0,0,0,0,0
radius_2x_c095,topbrain,topcow_mr_024,399,280,40,85,0,0,0,0,0
radius_2x_c095,topbrain,topcow_mr_024,400,280,80,0,0,0,0,0,0
radius_2x_c095,topbrain,topcow_mr_024,401,280,80,40,2,1,1,0,1
radius_2x_c095,topbrain,topcow_mr_024,402,280,80,80,0,0,0,0,0
radius_2x_c095,topbrain,topcow_mr_024,403,280,80,85,0,0,0,0,0
radius_2x_c095,topbrain,topcow_mr_024,404,280,120,0,3,2,0,1,2
radius_2x_c095,topbrain,topcow_mr_024,405,280,120,40,20,17,5,6,9
radius_2x_c095,topbrain,topcow_mr_024,406,280,120,80,7,4,0,1,6
radius_2x_c095,topbrain,topcow_mr_024,407,280,120,85,0,0,0,0,0
radius_2x_c095,topbrain,topcow_mr_024,408,280,160,0,8,6,0,4,4
radius_2x_c095,topbrain,topcow_mr_024,409,280,160,40,22,20,4,12,6
radius_2x_c095,topbrain,topcow_mr_024,410,280,160,80,12,9,1,6,5
radius_2x_c095,topbrain,topcow_mr_024,411,280,160,85,0,0,0,0,0
radius_2x_c095,topbrain,topcow_mr_024,412,280,200,0,16,13,1,10,5
radius_2x_c095,topbrain,topcow_mr_024,413,280,200,40,18,14,1,10,7
radius_2x_c095,topbrain,topcow_mr_024,414,280,200,80,5,4,1,3,1
radius_2x_c095,topbrain,topcow_mr_024,415,280,200,85,0,0,0,0,0
radius_2x_c095,topbrain,topcow_mr_024,416,280,240,0,12,10,0,8,4
radius_2x_c095,topbrain,topcow_mr_024,417,280,240,40,15,13,0,11,4
radius_2x_c095,topbrain,topcow_mr_024,418,280,240,80,3,2,0,1,2
radius_2x_c095,topbrain,topcow_mr_024,419,280,240,85,2,1,0,0,2
radius_2x_c095,topbrain,topcow_mr_024,420,280,280,0,5,4,0,3,2
radius_2x_c095,topbrain,topcow_mr_024,421,280,280,40,7,5,0,3,4
radius_2x_c095,topbrain,topcow_mr_024,422,280,280,80,3,2,0,1,2
radius_2x_c095,topbrain,topcow_mr_024,423,280,280,85,3,2,0,1,2
radius_2x_c095,topbrain,topcow_mr_024,424,280,320,0,5,4,0,3,2
radius_2x_c095,topbrain,topcow_mr_024,425,280,320,40,0,0,0,0,0
radius_2x_c095,topbrain,topcow_mr_024,426,280,320,80,3,2,0,1,2
radius_2x_c095,topbrain,topcow_mr_024,427,280,320,85,3,2,0,1,2
radius_2x_c095,topbrain,topcow_mr_024,428,280,360,0,0,0,0,0,0
radius_2x_c095,topbrain,topcow_mr_024,429,280,360,40,0,0,0,0,0
radius_2x_c095,topbrain,topcow_mr_024,430,280,360,80,9,8,0,7,2
radius_2x_c095,topbrain,topcow_mr_024,431,280,360,85,9,8,0,7,2
radius_2x_c095,topbrain,topcow_mr_024,432,280,400,0,0,0,0,0,0
radius_2x_c095,topbrain,topcow_mr_024,433,280,400,40,0,0,0,0,0
radius_2x_c095,topbrain,topcow_mr_024,434,280,400,80,5,4,0,3,2
radius_2x_c095,topbrain,topcow_mr_024,435,280,400,85,5,4,0,3,2
radius_2x_c095,topbrain,topcow_mr_024,436,280,440,0,0,0,0,0,0
radius_2x_c095,topbrain,topcow_mr_024,437,280,440,40,0,0,0,0,0
radius_2x_c095,topbrain,topcow_mr_024,438,280,440,80,0,0,0,0,0
radius_2x_c095,topbrain,topcow_mr_024,439,280,440,85,0,0,0,0,0
radius_2x_c095,topbrain,topcow_mr_024,440,280,480,0,0,0,0,0,0
radius_2x_c095,topbrain,topcow_mr_024,441,280,480,40,0,0,0,0,0
radius_2x_c095,topbrain,topcow_mr_024,442,280,480,80,0,0,0,0,0
radius_2x_c095,topbrain,topcow_mr_024,443,280,480,85,0,0,0,0,0
radius_2x_c095,topbrain,topcow_mr_024,444,280,506,0,0,0,0,0,0
radius_2x_c095,topbrain,topcow_mr_024,445,280,506,40,0,0,0,0,0
radius_2x_c095,topbrain,topcow_mr_024,446,280,506,80,0,0,0,0,0
radius_2x_c095,topbrain,topcow_mr_024,447,280,506,85,0,0,0,0,0
radius_2x_c095,topbrain,topcow_mr_024,448,320,0,0,0,0,0,0,0
radius_2x_c095,topbrain,topcow_mr_024,449,320,0,40,0,0,0,0,0
radius_2x_c095,topbrain,topcow_mr_024,450,320,0,80,0,0,0,0,0
radius_2x_c095,topbrain,topcow_mr_024,451,320,0,85,0,0,0,0,0
radius_2x_c095,topbrain,topcow_mr_024,452,320,40,0,0,0,0,0,0
radius_2x_c095,topbrain,topcow_mr_024,453,320,40,40,0,0,0,0,0
radius_2x_c095,topbrain,topcow_mr_024,454,320,40,80,0,0,0,0,0
radius_2x_c095,topbrain,topcow_mr_024,455,320,40,85,0,0,0,0,0
radius_2x_c095,topbrain,topcow_mr_024,456,320,80,0,0,0,0,0,0
radius_2x_c095,topbrain,topcow_mr_024,457,320,80,40,3,2,0,1,2
radius_2x_c095,topbrain,topcow_mr_024,458,320,80,80,9,7,1,5,3
radius_2x_c095,topbrain,topcow_mr_024,459,320,80,85,6,5,1,4,1
radius_2x_c095,topbrain,topcow_mr_024,460,320,120,0,3,2,0,1,2
radius_2x_c095,topbrain,topcow_mr_024,461,320,120,40,19,17,3,11,5
radius_2x_c095,topbrain,topcow_mr_024,462,320,120,80,20,16,1,12,7
radius_2x_c095,topbrain,topcow_mr_024,463,320,120,85,16,13,1,10,5
radius_2x_c095,topbrain,topcow_mr_024,464,320,160,0,9,8,2,5,2
radius_2x_c095,topbrain,topcow_mr_024,465,320,160,40,21,17,4,7,10
radius_2x_c095,topbrain,topcow_mr_024,466,320,160,80,29,21,3,6,20
radius_2x_c095,topbrain,topcow_mr_024,467,320,160,85,23,17,2,6,15
radius_2x_c095,topbrain,topcow_mr_024,468,320,200,0,12,10,3,6,3
radius_2x_c095,topbrain,topcow_mr_024,469,320,200,40,9,8,1,5,3
radius_2x_c095,topbrain,topcow_mr_024,470,320,200,80,39,37,11,14,14
radius_2x_c095,topbrain,topcow_mr_024,471,320,200,85,41,38,11,14,16
radius_2x_c095,topbrain,topcow_mr_024,472,320,240,0,5,4,0,3,2
radius_2x_c095,topbrain,topcow_mr_024,473,320,240,40,5,4,0,3,2
radius_2x_c095,topbrain,topcow_mr_024,474,320,240,80,28,24,2,18,8
radius_2x_c095,topbrain,topcow_mr_024,475,320,240,85,28,24,2,18,8
radius_2x_c095,topbrain,topcow_mr_024,476,320,280,0,0,0,0,0,0
radius_2x_c095,topbrain,topcow_mr_024,477,320,280,40,0,0,0,0,0
radius_2x_c095,topbrain,topcow_mr_024,478,320,280,80,11,9,0,7,4
radius_2x_c095,topbrain,topcow_mr_024,479,320,280,85,11,9,0,7,4
radius_2x_c095,topbrain,topcow_mr_024,480,320,320,0,0,0,0,0,0
radius_2x_c095,topbrain,topcow_mr_024,481,320,320,40,0,0,0,0,0
radius_2x_c095,topbrain,topcow_mr_024,482,320,320,80,0,0,0,0,0
radius_2x_c095,topbrain,topcow_mr_024,483,320,320,85,0,0,0,0,0
radius_2x_c095,topbrain,topcow_mr_024,484,320,360,0,0,0,0,0,0
radius_2x_c095,topbrain,topcow_mr_024,485,320,360,40,0,0,0,0,0
radius_2x_c095,topbrain,topcow_mr_024,486,320,360,80,0,0,0,0,0
radius_2x_c095,topbrain,topcow_mr_024,487,320,360,85,0,0,0,0,0
radius_2x_c095,topbrain,topcow_mr_024,488,320,400,0,0,0,0,0,0
radius_2x_c095,topbrain,topcow_mr_024,489,320,400,40,0,0,0,0,0
radius_2x_c095,topbrain,topcow_mr_024,490,320,400,80,0,0,0,0,0
radius_2x_c095,topbrain,topcow_mr_024,491,320,400,85,0,0,0,0,0
radius_2x_c095,topbrain,topcow_mr_024,492,320,440,0,0,0,0,0,0
radius_2x_c095,topbrain,topcow_mr_024,493,320,440,40,0,0,0,0,0
radius_2x_c095,topbrain,topcow_mr_024,494,320,440,80,0,0,0,0,0
radius_2x_c095,topbrain,topcow_mr_024,495,320,440,85,0,0,0,0,0
radius_2x_c095,topbrain,topcow_mr_024,496,320,480,0,0,0,0,0,0
radius_2x_c095,topbrain,topcow_mr_024,497,320,480,40,0,0,0,0,0
radius_2x_c095,topbrain,topcow_mr_024,498,320,480,80,0,0,0,0,0
radius_2x_c095,topbrain,topcow_mr_024,499,320,480,85,0,0,0,0,0
radius_2x_c095,topbrain,topcow_mr_024,500,320,506,0,0,0,0,0,0
radius_2x_c095,topbrain,topcow_mr_024,501,320,506,40,0,0,0,0,0
radius_2x_c095,topbrain,topcow_mr_024,502,320,506,80,0,0,0,0,0
radius_2x_c095,topbrain,topcow_mr_024,503,320,506,85,0,0,0,0,0
radius_2x_c095,topbrain,topcow_mr_024,504,360,0,0,0,0,0,0,0
radius_2x_c095,topbrain,topcow_mr_024,505,360,0,40,0,0,0,0,0
radius_2x_c095,topbrain,topcow_mr_024,506,360,0,80,0,0,0,0,0
radius_2x_c095,topbrain,topcow_mr_024,507,360,0,85,0,0,0,0,0
radius_2x_c095,topbrain,topcow_mr_024,508,360,40,0,0,0,0,0,0
radius_2x_c095,topbrain,topcow_mr_024,509,360,40,40,0,0,0,0,0
radius_2x_c095,topbrain,topcow_mr_024,510,360,40,80,0,0,0,0,0
radius_2x_c095,topbrain,topcow_mr_024,511,360,40,85,0,0,0,0,0
radius_2x_c095,topbrain,topcow_mr_024,512,360,80,0,0,0,0,0,0
radius_2x_c095,topbrain,topcow_mr_024,513,360,80,40,6,4,0,2,4
radius_2x_c095,topbrain,topcow_mr_024,514,360,80,80,9,7,1,5,3
radius_2x_c095,topbrain,topcow_mr_024,515,360,80,85,6,5,1,4,1
radius_2x_c095,topbrain,topcow_mr_024,516,360,120,0,8,7,0,6,2
radius_2x_c095,topbrain,topcow_mr_024,517,360,120,40,30,26,2,20,8
radius_2x_c095,topbrain,topcow_mr_024,518,360,120,80,28,25,1,22,5
radius_2x_c095,topbrain,topcow_mr_024,519,360,120,85,26,23,1,20,5
radius_2x_c095,topbrain,topcow_mr_024,520,360,160,0,7,5,0,3,4
radius_2x_c095,topbrain,topcow_mr_024,521,360,160,40,32,27,8,10,14
radius_2x_c095,topbrain,topcow_mr_024,522,360,160,80,46,42,11,18,17
radius_2x_c095,topbrain,topcow_mr_024,523,360,160,85,42,39,10,18,14
radius_2x_c095,topbrain,topcow_mr_024,524,360,200,0,4,2,1,0,3
radius_2x_c095,topbrain,topcow_mr_024,525,360,200,40,17,14,2,7,8
radius_2x_c095,topbrain,topcow_mr_024,526,360,200,80,47,49,15,23,9
radius_2x_c095,topbrain,topcow_mr_024,527,360,200,85,49,50,15,23,11
radius_2x_c095,topbrain,topcow_mr_024,528,360,240,0,0,0,0,0,0
radius_2x_c095,topbrain,topcow_mr_024,529,360,240,40,6,5,0,4,2
radius_2x_c095,topbrain,topcow_mr_024,530,360,240,80,35,28,2,19,14
radius_2x_c095,topbrain,topcow_mr_024,531,360,240,85,35,28,2,19,14
radius_2x_c095,topbrain,topcow_mr_024,532,360,280,0,0,0,0,0,0
radius_2x_c095,topbrain,topcow_mr_024,533,360,280,40,0,0,0,0,0
radius_2x_c095,topbrain,topcow_mr_024,534,360,280,80,22,19,2,16,4
radius_2x_c095,topbrain,topcow_mr_024,535,360,280,85,22,19,2,16,4
radius_2x_c095,topbrain,topcow_mr_024,536,360,320,0,0,0,0,0,0
radius_2x_c095,topbrain,topcow_mr_024,537,360,320,40,0,0,0,0,0
radius_2x_c095,topbrain,topcow_mr_024,538,360,320,80,7,6,1,5,1
radius_2x_c095,topbrain,topcow_mr_024,539,360,320,85,7,6,1,5,1
radius_2x_c095,topbrain,topcow_mr_024,540,360,360,0,0,0,0,0,0
radius_2x_c095,topbrain,topcow_mr_024,541,360,360,40,0,0,0,0,0
radius_2x_c095,topbrain,topcow_mr_024,542,360,360,80,0,0,0,0,0
radius_2x_c095,topbrain,topcow_mr_024,543,360,360,85,0,0,0,0,0
radius_2x_c095,topbrain,topcow_mr_024,544,360,400,0,0,0,0,0,0
radius_2x_c095,topbrain,topcow_mr_024,545,360,400,40,0,0,0,0,0
radius_2x_c095,topbrain,topcow_mr_024,546,360,400,80,0,0,0,0,0
radius_2x_c095,topbrain,topcow_mr_024,547,360,400,85,0,0,0,0,0
radius_2x_c095,topbrain,topcow_mr_024,548,360,440,0,0,0,0,0,0
radius_2x_c095,topbrain,topcow_mr_024,549,360,440,40,0,0,0,0,0
radius_2x_c095,topbrain,topcow_mr_024,550,360,440,80,0,0,0,0,0
radius_2x_c095,topbrain,topcow_mr_024,551,360,440,85,0,0,0,0,0
radius_2x_c095,topbrain,topcow_mr_024,552,360,480,0,0,0,0,0,0
radius_2x_c095,topbrain,topcow_mr_024,553,360,480,40,0,0,0,0,0
radius_2x_c095,topbrain,topcow_mr_024,554,360,480,80,0,0,0,0,0
radius_2x_c095,topbrain,topcow_mr_024,555,360,480,85,0,0,0,0,0
radius_2x_c095,topbrain,topcow_mr_024,556,360,506,0,0,0,0,0,0
radius_2x_c095,topbrain,topcow_mr_024,557,360,506,40,0,0,0,0,0
radius_2x_c095,topbrain,topcow_mr_024,558,360,506,80,0,0,0,0,0
radius_2x_c095,topbrain,topcow_mr_024,559,360,506,85,0,0,0,0,0
radius_2x_c095,topbrain,topcow_mr_024,560,400,0,0,0,0,0,0,0
radius_2x_c095,topbrain,topcow_mr_024,561,400,0,40,0,0,0,0,0
radius_2x_c095,topbrain,topcow_mr_024,562,400,0,80,0,0,0,0,0
radius_2x_c095,topbrain,topcow_mr_024,563,400,0,85,0,0,0,0,0
radius_2x_c095,topbrain,topcow_mr_024,564,400,40,0,0,0,0,0,0
radius_2x_c095,topbrain,topcow_mr_024,565,400,40,40,0,0,0,0,0
radius_2x_c095,topbrain,topcow_mr_024,566,400,40,80,0,0,0,0,0
radius_2x_c095,topbrain,topcow_mr_024,567,400,40,85,0,0,0,0,0
radius_2x_c095,topbrain,topcow_mr_024,568,400,80,0,0,0,0,0,0
radius_2x_c095,topbrain,topcow_mr_024,569,400,80,40,3,2,0,1,2
radius_2x_c095,topbrain,topcow_mr_024,570,400,80,80,2,1,0,0,2
radius_2x_c095,topbrain,topcow_mr_024,571,400,80,85,0,0,0,0,0
radius_2x_c095,topbrain,topcow_mr_024,572,400,120,0,4,3,0,2,2
radius_2x_c095,topbrain,topcow_mr_024,573,400,120,40,16,14,1,12,3
radius_2x_c095,topbrain,topcow_mr_024,574,400,120,80,18,15,2,12,4
radius_2x_c095,topbrain,topcow_mr_024,575,400,120,85,18,15,2,12,4
radius_2x_c095,topbrain,topcow_mr_024,576,400,160,0,0,0,0,0,0
radius_2x_c095,topbrain,topcow_mr_024,577,400,160,40,7,4,1,1,5
radius_2x_c095,topbrain,topcow_mr_024,578,400,160,80,18,13,3,8,7
radius_2x_c095,topbrain,topcow_mr_024,579,400,160,85,18,13,4,8,6
radius_2x_c095,topbrain,topcow_mr_024,580,400,200,0,4,3,1,2,1
radius_2x_c095,topbrain,topcow_mr_024,581,400,200,40,2,1,0,0,2
radius_2x_c095,topbrain,topcow_mr_024,582,400,200,80,13,9,3,5,5
radius_2x_c095,topbrain,topcow_mr_024,583,400,200,85,13,9,4,5,4
radius_2x_c095,topbrain,topcow_mr_024,584,400,240,0,4,3,1,2,1
radius_2x_c095,topbrain,topcow_mr_024,585,400,240,40,0,0,0,0,0
radius_2x_c095,topbrain,topcow_mr_024,586,400,240,80,8,6,1,4,3
radius_2x_c095,topbrain,topcow_mr_024,587,400,240,85,8,6,1,4,3
radius_2x_c095,topbrain,topcow_mr_024,588,400,280,0,0,0,0,0,0
radius_2x_c095,topbrain,topcow_mr_024,589,400,280,40,0,0,0,0,0
radius_2x_c095,topbrain,topcow_mr_024,590,400,280,80,7,5,2,3,2
radius_2x_c095,topbrain,topcow_mr_024,591,400,280,85,7,5,2,3,2
radius_2x_c095,topbrain,topcow_mr_024,592,400,320,0,0,0,0,0,0
radius_2x_c095,topbrain,topcow_mr_024,593,400,320,40,0,0,0,0,0
radius_2x_c095,topbrain,topcow_mr_024,594,400,320,80,3,2,1,1,1
radius_2x_c095,topbrain,topcow_mr_024,595,400,320,85,3,2,1,1,1
radius_2x_c095,topbrain,topcow_mr_024,596,400,360,0,0,0,0,0,0
radius_2x_c095,topbrain,topcow_mr_024,597,400,360,40,0,0,0,0,0
radius_2x_c095,topbrain,topcow_mr_024,598,400,360,80,0,0,0,0,0
radius_2x_c095,topbrain,topcow_mr_024,599,400,360,85,0,0,0,0,0
radius_2x_c095,topbrain,topcow_mr_024,600,400,400,0,0,0,0,0,0
radius_2x_c095,topbrain,topcow_mr_024,601,400,400,40,0,0,0,0,0
radius_2x_c095,topbrain,topcow_mr_024,602,400,400,80,0,0,0,0,0
radius_2x_c095,topbrain,topcow_mr_024,603,400,400,85,0,0,0,0,0
radius_2x_c095,topbrain,topcow_mr_024,604,400,440,0,0,0,0,0,0
radius_2x_c095,topbrain,topcow_mr_024,605,400,440,40,0,0,0,0,0
radius_2x_c095,topbrain,topcow_mr_024,606,400,440,80,0,0,0,0,0
radius_2x_c095,topbrain,topcow_mr_024,607,400,440,85,0,0,0,0,0
radius_2x_c095,topbrain,topcow_mr_024,608,400,480,0,0,0,0,0,0
radius_2x_c095,topbrain,topcow_mr_024,609,400,480,40,0,0,0,0,0
radius_2x_c095,topbrain,topcow_mr_024,610,400,480,80,0,0,0,0,0
radius_2x_c095,topbrain,topcow_mr_024,611,400,480,85,0,0,0,0,0
radius_2x_c095,topbrain,topcow_mr_024,612,400,506,0,0,0,0,0,0
radius_2x_c095,topbrain,topcow_mr_024,613,400,506,40,0,0,0,0,0
radius_2x_c095,topbrain,topcow_mr_024,614,400,506,80,0,0,0,0,0
radius_2x_c095,topbrain,topcow_mr_024,615,400,506,85,0,0,0,0,0
radius_2x_c095,topbrain,topcow_mr_024,616,411,0,0,0,0,0,0,0
radius_2x_c095,topbrain,topcow_mr_024,617,411,0,40,0,0,0,0,0
radius_2x_c095,topbrain,topcow_mr_024,618,411,0,80,0,0,0,0,0
radius_2x_c095,topbrain,topcow_mr_024,619,411,0,85,0,0,0,0,0
radius_2x_c095,topbrain,topcow_mr_024,620,411,40,0,0,0,0,0,0
radius_2x_c095,topbrain,topcow_mr_024,621,411,40,40,0,0,0,0,0
radius_2x_c095,topbrain,topcow_mr_024,622,411,40,80,0,0,0,0,0
radius_2x_c095,topbrain,topcow_mr_024,623,411,40,85,0,0,0,0,0
radius_2x_c095,topbrain,topcow_mr_024,624,411,80,0,0,0,0,0,0
radius_2x_c095,topbrain,topcow_mr_024,625,411,80,40,3,2,0,1,2
radius_2x_c095,topbrain,topcow_mr_024,626,411,80,80,2,1,0,0,2
radius_2x_c095,topbrain,topcow_mr_024,627,411,80,85,0,0,0,0,0
radius_2x_c095,topbrain,topcow_mr_024,628,411,120,0,2,1,0,0,2
radius_2x_c095,topbrain,topcow_mr_024,629,411,120,40,12,10,1,8,3
radius_2x_c095,topbrain,topcow_mr_024,630,411,120,80,15,12,2,9,4
radius_2x_c095,topbrain,topcow_mr_024,631,411,120,85,15,12,2,9,4
radius_2x_c095,topbrain,topcow_mr_024,632,411,160,0,0,0,0,0,0
radius_2x_c095,topbrain,topcow_mr_024,633,411,160,40,5,3,1,1,3
radius_2x_c095,topbrain,topcow_mr_024,634,411,160,80,17,12,3,7,7
radius_2x_c095,topbrain,topcow_mr_024,635,411,160,85,17,12,4,7,6
radius_2x_c095,topbrain,topcow_mr_024,636,411,200,0,9,8,2,7,0
radius_2x_c095,topbrain,topcow_mr_024,637,411,200,40,0,0,0,0,0
radius_2x_c095,topbrain,topcow_mr_024,638,411,200,80,12,8,3,4,5
radius_2x_c095,topbrain,topcow_mr_024,639,411,200,85,12,8,4,4,4
radius_2x_c095,topbrain,topcow_mr_024,640,411,240,0,9,8,1,7,1
radius_2x_c095,topbrain,topcow_mr_024,641,411,240,40,0,0,0,0,0
radius_2x_c095,topbrain,topcow_mr_024,642,411,240,80,7,5,1,3,3
radius_2x_c095,topbrain,topcow_mr_024,643,411,240,85,7,5,1,3,3
radius_2x_c095,topbrain,topcow_mr_024,644,411,280,0,0,0,0,0,0
radius_2x_c095,topbrain,topcow_mr_024,645,411,280,40,0,0,0,0,0
radius_2x_c095,topbrain,topcow_mr_024,646,411,280,80,6,4,2,2,2
radius_2x_c095,topbrain,topcow_mr_024,647,411,280,85,6,4,2,2,2
radius_2x_c095,topbrain,topcow_mr_024,648,411,320,0,0,0,0,0,0
radius_2x_c095,topbrain,topcow_mr_024,649,411,320,40,0,0,0,0,0
radius_2x_c095,topbrain,topcow_mr_024,650,411,320,80,3,2,1,1,1
radius_2x_c095,topbrain,topcow_mr_024,651,411,320,85,3,2,1,1,1
radius_2x_c095,topbrain,topcow_mr_024,652,411,360,0,0,0,0,0,0
radius_2x_c095,topbrain,topcow_mr_024,653,411,360,40,0,0,0,0,0
radius_2x_c095,topbrain,topcow_mr_024,654,411,360,80,0,0,0,0,0
radius_2x_c095,topbrain,topcow_mr_024,655,411,360,85,0,0,0,0,0
radius_2x_c095,topbrain,topcow_mr_024,656,411,400,0,0,0,0,0,0
radius_2x_c095,topbrain,topcow_mr_024,657,411,400,40,0,0,0,0,0
radius_2x_c095,topbrain,topcow_mr_024,658,411,400,80,0,0,0,0,0
radius_2x_c095,topbrain,topcow_mr_024,659,411,400,85,0,0,0,0,0
radius_2x_c095,topbrain,topcow_mr_024,660,411,440,0,0,0,0,0,0
radius_2x_c095,topbrain,topcow_mr_024,661,411,440,40,0,0,0,0,0
radius_2x_c095,topbrain,topcow_mr_024,662,411,440,80,0,0,0,0,0
radius_2x_c095,topbrain,topcow_mr_024,663,411,440,85,0,0,0,0,0
radius_2x_c095,topbrain,topcow_mr_024,664,411,480,0,0,0,0,0,0
radius_2x_c095,topbrain,topcow_mr_024,665,411,480,40,0,0,0,0,0
radius_2x_c095,topbrain,topcow_mr_024,666,411,480,80,0,0,0,0,0
radius_2x_c095,topbrain,topcow_mr_024,667,411,480,85,0,0,0,0,0
radius_2x_c095,topbrain,topcow_mr_024,668,411,506,0,0,0,0,0,0
radius_2x_c095,topbrain,topcow_mr_024,669,411,506,40,0,0,0,0,0
radius_2x_c095,topbrain,topcow_mr_024,670,411,506,80,0,0,0,0,0
radius_2x_c095,topbrain,topcow_mr_024,671,411,506,85,0,0,0,0,0
radius_1p5x_c095,topbrain,topcow_mr_027,0,0,0,0,0,0,0,0,0
radius_1p5x_c095,topbrain,topcow_mr_027,1,0,0,40,0,0,0,0,0
radius_1p5x_c095,topbrain,topcow_mr_027,2,0,0,80,0,0,0,0,0
radius_1p5x_c095,topbrain,topcow_mr_027,3,0,0,117,0,0,0,0,0
radius_1p5x_c095,topbrain,topcow_mr_027,4,0,40,0,0,0,0,0,0
radius_1p5x_c095,topbrain,topcow_mr_027,5,0,40,40,0,0,0,0,0
radius_1p5x_c095,topbrain,topcow_mr_027,6,0,40,80,0,0,0,0,0
radius_1p5x_c095,topbrain,topcow_mr_027,7,0,40,117,0,0,0,0,0
radius_1p5x_c095,topbrain,topcow_mr_027,8,0,80,0,0,0,0,0,0
radius_1p5x_c095,topbrain,topcow_mr_027,9,0,80,40,0,0,0,0,0
radius_1p5x_c095,topbrain,topcow_mr_027,10,0,80,80,9,8,0,7,2
radius_1p5x_c095,topbrain,topcow_mr_027,11,0,80,117,20,19,0,18,2
radius_1p5x_c095,topbrain,topcow_mr_027,12,0,120,0,0,0,0,0,0
radius_1p5x_c095,topbrain,topcow_mr_027,13,0,120,40,0,0,0,0,0
radius_1p5x_c095,topbrain,topcow_mr_027,14,0,120,80,9,6,3,3,3
radius_1p5x_c095,topbrain,topcow_mr_027,15,0,120,117,19,14,4,9,6
radius_1p5x_c095,topbrain,topcow_mr_027,16,0,160,0,13,12,0,11,2
radius_1p5x_c095,topbrain,topcow_mr_027,17,0,160,40,17,16,1,15,1
radius_1p5x_c095,topbrain,topcow_mr_027,18,0,160,80,6,4,1,2,3
radius_1p5x_c095,topbrain,topcow_mr_027,19,0,160,117,8,5,2,2,4
radius_1p5x_c095,topbrain,topcow_mr_027,20,0,200,0,11,8,0,5,6
radius_1p5x_c095,topbrain,topcow_mr_027,21,0,200,40,11,9,0,7,4
radius_1p5x_c095,topbrain,topcow_mr_027,22,0,200,80,8,6,2,4,2
radius_1p5x_c095,topbrain,topcow_mr_027,23,0,200,117,8,6,2,4,2
radius_1p5x_c095,topbrain,topcow_mr_027,24,0,240,0,0,0,0,0,0
radius_1p5x_c095,topbrain,topcow_mr_027,25,0,240,40,0,0,0,0,0
radius_1p5x_c095,topbrain,topcow_mr_027,26,0,240,80,8,7,1,6,1
radius_1p5x_c095,topbrain,topcow_mr_027,27,0,240,117,8,7,1,6,1
radius_1p5x_c095,topbrain,topcow_mr_027,28,0,280,0,0,0,0,0,0
radius_1p5x_c095,topbrain,topcow_mr_027,29,0,280,40,0,0,0,0,0
radius_1p5x_c095,topbrain,topcow_mr_027,30,0,280,80,8,6,0,4,4
radius_1p5x_c095,topbrain,topcow_mr_027,31,0,280,117,10,9,3,4,3
radius_1p5x_c095,topbrain,topcow_mr_027,32,0,320,0,0,0,0,0,0
radius_1p5x_c095,topbrain,topcow_mr_027,33,0,320,40,0,0,0,0,0
radius_1p5x_c095,topbrain,topcow_mr_027,34,0,320,80,8,6,0,4,4
radius_1p5x_c095,topbrain,topcow_mr_027,35,0,320,117,14,13,5,6,3
radius_1p5x_c095,topbrain,topcow_mr_027,36,0,360,0,0,0,0,0,0
radius_1p5x_c095,topbrain,topcow_mr_027,37,0,360,40,0,0,0,0,0
radius_1p5x_c095,topbrain,topcow_mr_027,38,0,360,80,0,0,0,0,0
radius_1p5x_c095,topbrain,topcow_mr_027,39,0,360,117,6,4,1,2,3
radius_1p5x_c095,topbrain,topcow_mr_027,40,0,400,0,0,0,0,0,0
radius_1p5x_c095,topbrain,topcow_mr_027,41,0,400,40,0,0,0,0,0
radius_1p5x_c095,topbrain,topcow_mr_027,42,0,400,80,0,0,0,0,0
radius_1p5x_c095,topbrain,topcow_mr_027,43,0,400,117,0,0,0,0,0
radius_1p5x_c095,topbrain,topcow_mr_027,44,0,440,0,0,0,0,0,0
radius_1p5x_c095,topbrain,topcow_mr_027,45,0,440,40,0,0,0,0,0
radius_1p5x_c095,topbrain,topcow_mr_027,46,0,440,80,0,0,0,0,0
radius_1p5x_c095,topbrain,topcow_mr_027,47,0,440,117,0,0,0,0,0
radius_1p5x_c095,topbrain,topcow_mr_027,48,0,480,0,0,0,0,0,0
radius_1p5x_c095,topbrain,topcow_mr_027,49,0,480,40,0,0,0,0,0
radius_1p5x_c095,topbrain,topcow_mr_027,50,0,480,80,0,0,0,0,0
radius_1p5x_c095,topbrain,topcow_mr_027,51,0,480,117,0,0,0,0,0
radius_1p5x_c095,topbrain,topcow_mr_027,52,0,520,0,0,0,0,0,0
radius_1p5x_c095,topbrain,topcow_mr_027,53,0,520,40,0,0,0,0,0
radius_1p5x_c095,topbrain,topcow_mr_027,54,0,520,80,0,0,0,0,0
radius_1p5x_c095,topbrain,topcow_mr_027,55,0,520,117,0,0,0,0,0
radius_1p5x_c095,topbrain,topcow_mr_027,56,0,533,0,0,0,0,0,0
radius_1p5x_c095,topbrain,topcow_mr_027,57,0,533,40,0,0,0,0,0
radius_1p5x_c095,topbrain,topcow_mr_027,58,0,533,80,0,0,0,0,0
radius_1p5x_c095,topbrain,topcow_mr_027,59,0,533,117,0,0,0,0,0
radius_1p5x_c095,topbrain,topcow_mr_027,60,40,0,0,0,0,0,0,0
radius_1p5x_c095,topbrain,topcow_mr_027,61,40,0,40,0,0,0,0,0
radius_1p5x_c095,topbrain,topcow_mr_027,62,40,0,80,0,0,0,0,0
radius_1p5x_c095,topbrain,topcow_mr_027,63,40,0,117,0,0,0,0,0
radius_1p5x_c095,topbrain,topcow_mr_027,64,40,40,0,0,0,0,0,0
radius_1p5x_c095,topbrain,topcow_mr_027,65,40,40,40,0,0,0,0,0
radius_1p5x_c095,topbrain,topcow_mr_027,66,40,40,80,0,0,0,0,0
radius_1p5x_c095,topbrain,topcow_mr_027,67,40,40,117,0,0,0,0,0
radius_1p5x_c095,topbrain,topcow_mr_027,68,40,80,0,0,0,0,0,0
radius_1p5x_c095,topbrain,topcow_mr_027,69,40,80,40,0,0,0,0,0
radius_1p5x_c095,topbrain,topcow_mr_027,70,40,80,80,0,0,0,0,0
radius_1p5x_c095,topbrain,topcow_mr_027,71,40,80,117,0,0,0,0,0
radius_1p5x_c095,topbrain,topcow_mr_027,72,40,120,0,0,0,0,0,0
radius_1p5x_c095,topbrain,topcow_mr_027,73,40,120,40,5,4,0,3,2
radius_1p5x_c095,topbrain,topcow_mr_027,74,40,120,80,27,25,5,18,4
radius_1p5x_c095,topbrain,topcow_mr_027,75,40,120,117,24,21,3,15,6
radius_1p5x_c095,topbrain,topcow_mr_027,76,40,160,0,7,6,0,5,2
radius_1p5x_c095,topbrain,topcow_mr_027,77,40,160,40,6,5,0,4,2
radius_1p5x_c095,topbrain,topcow_mr_027,78,40,160,80,42,40,10,18,14
radius_1p5x_c095,topbrain,topcow_mr_027,79,40,160,117,40,37,7,22,11
radius_1p5x_c095,topbrain,topcow_mr_027,80,40,200,0,5,4,0,3,2
radius_1p5x_c095,topbrain,topcow_mr_027,81,40,200,40,2,1,0,0,2
radius_1p5x_c095,topbrain,topcow_mr_027,82,40,200,80,69,68,20,31,18
radius_1p5x_c095,topbrain,topcow_mr_027,83,40,200,117,61,60,17,29,15
radius_1p5x_c095,topbrain,topcow_mr_027,84,40,240,0,0,0,0,0,0
radius_1p5x_c095,topbrain,topcow_mr_027,85,40,240,40,0,0,0,0,0
radius_1p5x_c095,topbrain,topcow_mr_027,86,40,240,80,62,63,16,35,11
radius_1p5x_c095,topbrain,topcow_mr_027,87,40,240,117,62,63,16,35,11
radius_1p5x_c095,topbrain,topcow_mr_027,88,40,280,0,0,0,0,0,0
radius_1p5x_c095,topbrain,topcow_mr_027,89,40,280,40,0,0,0,0,0
radius_1p5x_c095,topbrain,topcow_mr_027,90,40,280,80,30,26,5,14,11
radius_1p5x_c095,topbrain,topcow_mr_027,91,40,280,117,34,32,8,16,10
radius_1p5x_c095,topbrain,topcow_mr_027,92,40,320,0,0,0,0,0,0
radius_1p5x_c095,topbrain,topcow_mr_027,93,40,320,40,0,0,0,0,0
radius_1p5x_c095,topbrain,topcow_mr_027,94,40,320,80,15,12,0,9,6
radius_1p5x_c095,topbrain,topcow_mr_027,95,40,320,117,23,21,4,13,6
radius_1p5x_c095,topbrain,topcow_mr_027,96,40,360,0,0,0,0,0,0
radius_1p5x_c095,topbrain,topcow_mr_027,97,40,360,40,0,0,0,0,0
radius_1p5x_c095,topbrain,topcow_mr_027,98,40,360,80,0,0,0,0,0
radius_1p5x_c095,topbrain,topcow_mr_027,99,40,360,117,7,5,1,3,3
radius_1p5x_c095,topbrain,topcow_mr_027,100,40,400,0,0,0,0,0,0
radius_1p5x_c095,topbrain,topcow_mr_027,101,40,400,40,0,0,0,0,0
radius_1p5x_c095,topbrain,topcow_mr_027,102,40,400,80,0,0,0,0,0
radius_1p5x_c095,topbrain,topcow_mr_027,103,40,400,117,0,0,0,0,0
radius_1p5x_c095,topbrain,topcow_mr_027,104,40,440,0,0,0,0,0,0
radius_1p5x_c095,topbrain,topcow_mr_027,105,40,440,40,0,0,0,0,0
radius_1p5x_c095,topbrain,topcow_mr_027,106,40,440,80,0,0,0,0,0
radius_1p5x_c095,topbrain,topcow_mr_027,107,40,440,117,0,0,0,0,0
radius_1p5x_c095,topbrain,topcow_mr_027,108,40,480,0,0,0,0,0,0
radius_1p5x_c095,topbrain,topcow_mr_027,109,40,480,40,0,0,0,0,0
radius_1p5x_c095,topbrain,topcow_mr_027,110,40,480,80,0,0,0,0,0
radius_1p5x_c095,topbrain,topcow_mr_027,111,40,480,117,0,0,0,0,0
radius_1p5x_c095,topbrain,topcow_mr_027,112,40,520,0,0,0,0,0,0
radius_1p5x_c095,topbrain,topcow_mr_027,113,40,520,40,0,0,0,0,0
radius_1p5x_c095,topbrain,topcow_mr_027,114,40,520,80,0,0,0,0,0
radius_1p5x_c095,topbrain,topcow_mr_027,115,40,520,117,0,0,0,0,0
radius_1p5x_c095,topbrain,topcow_mr_027,116,40,533,0,0,0,0,0,0
radius_1p5x_c095,topbrain,topcow_mr_027,117,40,533,40,0,0,0,0,0
radius_1p5x_c095,topbrain,topcow_mr_027,118,40,533,80,0,0,0,0,0
radius_1p5x_c095,topbrain,topcow_mr_027,119,40,533,117,0,0,0,0,0
radius_1p5x_c095,topbrain,topcow_mr_027,120,80,0,0,0,0,0,0,0
radius_1p5x_c095,topbrain,topcow_mr_027,121,80,0,40,0,0,0,0,0
radius_1p5x_c095,topbrain,topcow_mr_027,122,80,0,80,0,0,0,0,0
radius_1p5x_c095,topbrain,topcow_mr_027,123,80,0,117,0,0,0,0,0
radius_1p5x_c095,topbrain,topcow_mr_027,124,80,40,0,0,0,0,0,0
radius_1p5x_c095,topbrain,topcow_mr_027,125,80,40,40,0,0,0,0,0
radius_1p5x_c095,topbrain,topcow_mr_027,126,80,40,80,0,0,0,0,0
radius_1p5x_c095,topbrain,topcow_mr_027,127,80,40,117,0,0,0,0,0
radius_1p5x_c095,topbrain,topcow_mr_027,128,80,80,0,0,0,0,0,0
radius_1p5x_c095,topbrain,topcow_mr_027,129,80,80,40,0,0,0,0,0
radius_1p5x_c095,topbrain,topcow_mr_027,130,80,80,80,0,0,0,0,0
radius_1p5x_c095,topbrain,topcow_mr_027,131,80,80,117,0,0,0,0,0
radius_1p5x_c095,topbrain,topcow_mr_027,132,80,120,0,0,0,0,0,0
radius_1p5x_c095,topbrain,topcow_mr_027,133,80,120,40,5,4,0,3,2
radius_1p5x_c095,topbrain,topcow_mr_027,134,80,120,80,29,26,3,18,8
radius_1p5x_c095,topbrain,topcow_mr_027,135,80,120,117,31,28,5,17,9
radius_1p5x_c095,topbrain,topcow_mr_027,136,80,160,0,15,13,0,11,4
radius_1p5x_c095,topbrain,topcow_mr_027,137,80,160,40,14,13,0,12,2
radius_1p5x_c095,topbrain,topcow_mr_027,138,80,160,80,62,62,15,34,13
radius_1p5x_c095,topbrain,topcow_mr_027,139,80,160,117,55,55,11,36,8
radius_1p5x_c095,topbrain,topcow_mr_027,140,80,200,0,17,13,0,9,8
radius_1p5x_c095,topbrain,topcow_mr_027,141,80,200,40,12,10,0,8,4
radius_1p5x_c095,topbrain,topcow_mr_027,142,80,200,80,63,64,18,27,18
radius_1p5x_c095,topbrain,topcow_mr_027,143,80,200,117,57,56,14,25,18
radius_1p5x_c095,topbrain,topcow_mr_027,144,80,240,0,5,3,0,1,4
radius_1p5x_c095,topbrain,topcow_mr_027,145,80,240,40,3,2,0,1,2
radius_1p5x_c095,topbrain,topcow_mr_027,146,80,240,80,55,58,16,27,12
radius_1p5x_c095,topbrain,topcow_mr_027,147,80,240,117,57,61,16,31,10
radius_1p5x_c095,topbrain,topcow_mr_027,148,80,280,0,3,2,1,1,1
radius_1p5x_c095,topbrain,topcow_mr_027,149,80,280,40,0,0,0,0,0
radius_1p5x_c095,topbrain,topcow_mr_027,150,80,280,80,24,22,5,10,9
radius_1p5x_c095,topbrain,topcow_mr_027,151,80,280,117,28,28,6,16,6
radius_1p5x_c095,topbrain,topcow_mr_027,152,80,320,0,2,1,1,0,1
radius_1p5x_c095,topbrain,topcow_mr_027,153,80,320,40,0,0,0,0,0
radius_1p5x_c095,topbrain,topcow_mr_027,154,80,320,80,6,5,0,4,2
radius_1p5x_c095,topbrain,topcow_mr_027,155,80,320,117,10,8,0,6,4
radius_1p5x_c095,topbrain,topcow_mr_027,156,80,360,0,0,0,0,0,0
radius_1p5x_c095,topbrain,topcow_mr_027,157,80,360,40,0,0,0,0,0
radius_1p5x_c095,topbrain,topcow_mr_027,158,80,360,80,0,0,0,0,0
radius_1p5x_c095,topbrain,topcow_mr_027,159,80,360,117,0,0,0,0,0
radius_1p5x_c095,topbrain,topcow_mr_027,160,80,400,0,0,0,0,0,0
radius_1p5x_c095,topbrain,topcow_mr_027,161,80,400,40,0,0,0,0,0
radius_1p5x_c095,topbrain,topcow_mr_027,162,80,400,80,0,0,0,0,0
radius_1p5x_c095,topbrain,topcow_mr_027,163,80,400,117,0,0,0,0,0
radius_1p5x_c095,topbrain,topcow_mr_027,164,80,440,0,0,0,0,0,0
radius_1p5x_c095,topbrain,topcow_mr_027,165,80,440,40,0,0,0,0,0
radius_1p5x_c095,topbrain,topcow_mr_027,166,80,440,80,0,0,0,0,0
radius_1p5x_c095,topbrain,topcow_mr_027,167,80,440,117,0,0,0,0,0
radius_1p5x_c095,topbrain,topcow_mr_027,168,80,480,0,0,0,0,0,0
radius_1p5x_c095,topbrain,topcow_mr_027,169,80,480,40,0,0,0,0,0
radius_1p5x_c095,topbrain,topcow_mr_027,170,80,480,80,0,0,0,0,0
radius_1p5x_c095,topbrain,topcow_mr_027,171,80,480,117,0,0,0,0,0
radius_1p5x_c095,topbrain,topcow_mr_027,172,80,520,0,0,0,0,0,0
radius_1p5x_c095,topbrain,topcow_mr_027,173,80,520,40,0,0,0,0,0
radius_1p5x_c095,topbrain,topcow_mr_027,174,80,520,80,0,0,0,0,0
radius_1p5x_c095,topbrain,topcow_mr_027,175,80,520,117,0,0,0,0,0
radius_1p5x_c095,topbrain,topcow_mr_027,176,80,533,0,0,0,0,0,0
radius_1p5x_c095,topbrain,topcow_mr_027,177,80,533,40,0,0,0,0,0
radius_1p5x_c095,topbrain,topcow_mr_027,178,80,533,80,0,0,0,0,0
radius_1p5x_c095,topbrain,topcow_mr_027,179,80,533,117,0,0,0,0,0
radius_1p5x_c095,topbrain,topcow_mr_027,180,120,0,0,0,0,0,0,0
radius_1p5x_c095,topbrain,topcow_mr_027,181,120,0,40,0,0,0,0,0
radius_1p5x_c095,topbrain,topcow_mr_027,182,120,0,80,0,0,0,0,0
radius_1p5x_c095,topbrain,topcow_mr_027,183,120,0,117,0,0,0,0,0
radius_1p5x_c095,topbrain,topcow_mr_027,184,120,40,0,0,0,0,0,0
radius_1p5x_c095,topbrain,topcow_mr_027,185,120,40,40,0,0,0,0,0
radius_1p5x_c095,topbrain,topcow_mr_027,186,120,40,80,0,0,0,0,0
radius_1p5x_c095,topbrain,topcow_mr_027,187,120,40,117,0,0,0,0,0
radius_1p5x_c095,topbrain,topcow_mr_027,188,120,80,0,0,0,0,0,0
radius_1p5x_c095,topbrain,topcow_mr_027,189,120,80,40,0,0,0,0,0
radius_1p5x_c095,topbrain,topcow_mr_027,190,120,80,80,0,0,0,0,0
radius_1p5x_c095,topbrain,topcow_mr_027,191,120,80,117,0,0,0,0,0
radius_1p5x_c095,topbrain,topcow_mr_027,192,120,120,0,0,0,0,0,0
radius_1p5x_c095,topbrain,topcow_mr_027,193,120,120,40,2,1,1,0,1
radius_1p5x_c095,topbrain,topcow_mr_027,194,120,120,80,17,15,2,11,4
radius_1p5x_c095,topbrain,topcow_mr_027,195,120,120,117,18,15,2,10,6
radius_1p5x_c095,topbrain,topcow_mr_027,196,120,160,0,10,8,0,6,4
radius_1p5x_c095,topbrain,topcow_mr_027,197,120,160,40,10,8,0,6,4
radius_1p5x_c095,topbrain,topcow_mr_027,198,120,160,80,27,26,6,13,8
radius_1p5x_c095,topbrain,topcow_mr_027,199,120,160,117,26,22,2,16,8
radius_1p5x_c095,topbrain,topcow_mr_027,200,120,200,0,11,9,1,7,3
radius_1p5x_c095,topbrain,topcow_mr_027,201,120,200,40,13,10,0,7,6
radius_1p5x_c095,topbrain,topcow_mr_027,202,120,200,80,14,10,3,2,9
radius_1p5x_c095,topbrain,topcow_mr_027,203,120,200,117,4,3,0,2,2
radius_1p5x_c095,topbrain,topcow_mr_027,204,120,240,0,10,7,2,4,4
radius_1p5x_c095,topbrain,topcow_mr_027,205,120,240,40,22,18,3,10,9
radius_1p5x_c095,topbrain,topcow_mr_027,206,120,240,80,18,14,3,6,9
radius_1p5x_c095,topbrain,topcow_mr_027,207,120,240,117,4,2,0,0,4
radius_1p5x_c095,topbrain,topcow_mr_027,208,120,280,0,12,9,3,6,3
radius_1p5x_c095,topbrain,topcow_mr_027,209,120,280,40,15,12,1,9,5
radius_1p5x_c095,topbrain,topcow_mr_027,210,120,280,80,13,10,0,7,6
radius_1p5x_c095,topbrain,topcow_mr_027,211,120,280,117,5,3,0,1,4
radius_1p5x_c095,topbrain,topcow_mr_027,212,120,320,0,2,1,1,0,1
radius_1p5x_c095,topbrain,topcow_mr_027,213,120,320,40,0,0,0,0,0
radius_1p5x_c095,topbrain,topcow_mr_027,214,120,320,80,0,0,0,0,0
radius_1p5x_c095,topbrain,topcow_mr_027,215,120,320,117,0,0,0,0,0
radius_1p5x_c095,topbrain,topcow_mr_027,216,120,360,0,0,0,0,0,0
radius_1p5x_c095,topbrain,topcow_mr_027,217,120,360,40,0,0,0,0,0
radius_1p5x_c095,topbrain,topcow_mr_027,218,120,360,80,11,9,0,7,4
radius_1p5x_c095,topbrain,topcow_mr_027,219,120,360,117,11,9,0,7,4
radius_1p5x_c095,topbrain,topcow_mr_027,220,120,400,0,0,0,0,0,0
radius_1p5x_c095,topbrain,topcow_mr_027,221,120,400,40,0,0,0,0,0
radius_1p5x_c095,topbrain,topcow_mr_027,222,120,400,80,17,15,1,13,3
radius_1p5x_c095,topbrain,topcow_mr_027,223,120,400,117,17,15,1,13,3
radius_1p5x_c095,topbrain,topcow_mr_027,224,120,440,0,0,0,0,0,0
radius_1p5x_c095,topbrain,topcow_mr_027,225,120,440,40,0,0,0,0,0
radius_1p5x_c095,topbrain,topcow_mr_027,226,120,440,80,4,3,1,2,1
radius_1p5x_c095,topbrain,topcow_mr_027,227,120,440,117,4,3,1,2,1
radius_1p5x_c095,topbrain,topcow_mr_027,228,120,480,0,0,0,0,0,0
radius_1p5x_c095,topbrain,topcow_mr_027,229,120,480,40,0,0,0,0,0
radius_1p5x_c095,topbrain,topcow_mr_027,230,120,480,80,0,0,0,0,0
radius_1p5x_c095,topbrain,topcow_mr_027,231,120,480,117,0,0,0,0,0
radius_1p5x_c095,topbrain,topcow_mr_027,232,120,520,0,0,0,0,0,0
radius_1p5x_c095,topbrain,topcow_mr_027,233,120,520,40,0,0,0,0,0
radius_1p5x_c095,topbrain,topcow_mr_027,234,120,520,80,0,0,0,0,0
radius_1p5x_c095,topbrain,topcow_mr_027,235,120,520,117,0,0,0,0,0
radius_1p5x_c095,topbrain,topcow_mr_027,236,120,533,0,0,0,0,0,0
radius_1p5x_c095,topbrain,topcow_mr_027,237,120,533,40,0,0,0,0,0
radius_1p5x_c095,topbrain,topcow_mr_027,238,120,533,80,0,0,0,0,0
radius_1p5x_c095,topbrain,topcow_mr_027,239,120,533,117,0,0,0,0,0
radius_1p5x_c095,topbrain,topcow_mr_027,240,160,0,0,0,0,0,0,0
radius_1p5x_c095,topbrain,topcow_mr_027,241,160,0,40,0,0,0,0,0
radius_1p5x_c095,topbrain,topcow_mr_027,242,160,0,80,0,0,0,0,0
radius_1p5x_c095,topbrain,topcow_mr_027,243,160,0,117,0,0,0,0,0
radius_1p5x_c095,topbrain,topcow_mr_027,244,160,40,0,0,0,0,0,0
radius_1p5x_c095,topbrain,topcow_mr_027,245,160,40,40,0,0,0,0,0
radius_1p5x_c095,topbrain,topcow_mr_027,246,160,40,80,0,0,0,0,0
radius_1p5x_c095,topbrain,topcow_mr_027,247,160,40,117,0,0,0,0,0
radius_1p5x_c095,topbrain,topcow_mr_027,248,160,80,0,0,0,0,0,0
radius_1p5x_c095,topbrain,topcow_mr_027,249,160,80,40,0,0,0,0,0
radius_1p5x_c095,topbrain,topcow_mr_027,250,160,80,80,0,0,0,0,0
radius_1p5x_c095,topbrain,topcow_mr_027,251,160,80,117,0,0,0,0,0
radius_1p5x_c095,topbrain,topcow_mr_027,252,160,120,0,0,0,0,0,0
radius_1p5x_c095,topbrain,topcow_mr_027,253,160,120,40,11,9,1,7,3
radius_1p5x_c095,topbrain,topcow_mr_027,254,160,120,80,11,9,1,7,3
radius_1p5x_c095,topbrain,topcow_mr_027,255,160,120,117,0,0,0,0,0
radius_1p5x_c095,topbrain,topcow_mr_027,256,160,160,0,3,2,0,1,2
radius_1p5x_c095,topbrain,topcow_mr_027,257,160,160,40,15,15,4,7,4
radius_1p5x_c095,topbrain,topcow_mr_027,258,160,160,80,20,19,4,10,6
radius_1p5x_c095,topbrain,topcow_mr_027,259,160,160,117,0,0,0,0,0
radius_1p5x_c095,topbrain,topcow_mr_027,260,160,200,0,5,3,0,1,4
radius_1p5x_c095,topbrain,topcow_mr_027,261,160,200,40,36,31,4,18,14
radius_1p5x_c095,topbrain,topcow_mr_027,262,160,200,80,42,36,5,22,15
radius_1p5x_c095,topbrain,topcow_mr_027,263,160,200,117,0,0,0,0,0
radius_1p5x_c095,topbrain,topcow_mr_027,264,160,240,0,18,15,3,7,8
radius_1p5x_c095,topbrain,topcow_mr_027,265,160,240,40,46,43,8,27,11
radius_1p5x_c095,topbrain,topcow_mr_027,266,160,240,80,35,33,7,21,7
radius_1p5x_c095,topbrain,topcow_mr_027,267,160,240,117,0,0,0,0,0
radius_1p5x_c095,topbrain,topcow_mr_027,268,160,280,0,32,31,5,25,2
radius_1p5x_c095,topbrain,topcow_mr_027,269,160,280,40,38,33,3,25,10
radius_1p5x_c095,topbrain,topcow_mr_027,270,160,280,80,18,15,1,12,5
radius_1p5x_c095,topbrain,topcow_mr_027,271,160,280,117,0,0,0,0,0
radius_1p5x_c095,topbrain,topcow_mr_027,272,160,320,0,0,0,0,0,0
radius_1p5x_c095,topbrain,topcow_mr_027,273,160,320,40,9,7,1,5,3
radius_1p5x_c095,topbrain,topcow_mr_027,274,160,320,80,13,11,1,9,3
radius_1p5x_c095,topbrain,topcow_mr_027,275,160,320,117,0,0,0,0,0
radius_1p5x_c095,topbrain,topcow_mr_027,276,160,360,0,0,0,0,0,0
radius_1p5x_c095,topbrain,topcow_mr_027,277,160,360,40,0,0,0,0,0
radius_1p5x_c095,topbrain,topcow_mr_027,278,160,360,80,23,22,1,19,3
radius_1p5x_c095,topbrain,topcow_mr_027,279,160,360,117,16,14,0,12,4
radius_1p5x_c095,topbrain,topcow_mr_027,280,160,400,0,0,0,0,0,0
radius_1p5x_c095,topbrain,topcow_mr_027,281,160,400,40,0,0,0,0,0
radius_1p5x_c095,topbrain,topcow_mr_027,282,160,400,80,27,25,2,21,4
radius_1p5x_c095,topbrain,topcow_mr_027,283,160,400,117,23,21,1,19,3
radius_1p5x_c095,topbrain,topcow_mr_027,284,160,440,0,0,0,0,0,0
radius_1p5x_c095,topbrain,topcow_mr_027,285,160,440,40,0,0,0,0,0
radius_1p5x_c095,topbrain,topcow_mr_027,286,160,440,80,7,5,1,3,3
radius_1p5x_c095,topbrain,topcow_mr_027,287,160,440,117,7,5,1,3,3
radius_1p5x_c095,topbrain,topcow_mr_027,288,160,480,0,0,0,0,0,0
radius_1p5x_c095,topbrain,topcow_mr_027,289,160,480,40,0,0,0,0,0
radius_1p5x_c095,topbrain,topcow_mr_027,290,160,480,80,0,0,0,0,0
radius_1p5x_c095,topbrain,topcow_mr_027,291,160,480,117,0,0,0,0,0
radius_1p5x_c095,topbrain,topcow_mr_027,292,160,520,0,0,0,0,0,0
radius_1p5x_c095,topbrain,topcow_mr_027,293,160,520,40,0,0,0,0,0
radius_1p5x_c095,topbrain,topcow_mr_027,294,160,520,80,0,0,0,0,0
radius_1p5x_c095,topbrain,topcow_mr_027,295,160,520,117,0,0,0,0,0
radius_1p5x_c095,topbrain,topcow_mr_027,296,160,533,0,0,0,0,0,0
radius_1p5x_c095,topbrain,topcow_mr_027,297,160,533,40,0,0,0,0,0
radius_1p5x_c095,topbrain,topcow_mr_027,298,160,533,80,0,0,0,0,0
radius_1p5x_c095,topbrain,topcow_mr_027,299,160,533,117,0,0,0,0,0
radius_1p5x_c095,topbrain,topcow_mr_027,300,200,0,0,0,0,0,0,0
radius_1p5x_c095,topbrain,topcow_mr_027,301,200,0,40,0,0,0,0,0
radius_1p5x_c095,topbrain,topcow_mr_027,302,200,0,80,0,0,0,0,0
radius_1p5x_c095,topbrain,topcow_mr_027,303,200,0,117,0,0,0,0,0
radius_1p5x_c095,topbrain,topcow_mr_027,304,200,40,0,0,0,0,0,0
radius_1p5x_c095,topbrain,topcow_mr_027,305,200,40,40,0,0,0,0,0
radius_1p5x_c095,topbrain,topcow_mr_027,306,200,40,80,0,0,0,0,0
radius_1p5x_c095,topbrain,topcow_mr_027,307,200,40,117,0,0,0,0,0
radius_1p5x_c095,topbrain,topcow_mr_027,308,200,80,0,0,0,0,0,0
radius_1p5x_c095,topbrain,topcow_mr_027,309,200,80,40,0,0,0,0,0
radius_1p5x_c095,topbrain,topcow_mr_027,310,200,80,80,0,0,0,0,0
radius_1p5x_c095,topbrain,topcow_mr_027,311,200,80,117,0,0,0,0,0
radius_1p5x_c095,topbrain,topcow_mr_027,312,200,120,0,0,0,0,0,0
radius_1p5x_c095,topbrain,topcow_mr_027,313,200,120,40,5,3,0,1,4
radius_1p5x_c095,topbrain,topcow_mr_027,314,200,120,80,17,14,4,3,10
radius_1p5x_c095,topbrain,topcow_mr_027,315,200,120,117,16,15,5,4,7
radius_1p5x_c095,topbrain,topcow_mr_027,316,200,160,0,0,0,0,0,0
radius_1p5x_c095,topbrain,topcow_mr_027,317,200,160,40,22,19,6,4,12
radius_1p5x_c095,topbrain,topcow_mr_027,318,200,160,80,38,35,11,10,17
radius_1p5x_c095,topbrain,topcow_mr_027,319,200,160,117,14,14,8,2,4
radius_1p5x_c095,topbrain,topcow_mr_027,320,200,200,0,7,5,1,1,5
radius_1p5x_c095,topbrain,topcow_mr_027,321,200,200,40,57,53,13,22,22
radius_1p5x_c095,topbrain,topcow_mr_027,322,200,200,80,58,50,9,23,26
radius_1p5x_c095,topbrain,topcow_mr_027,323,200,200,117,0,0,0,0,0
radius_1p5x_c095,topbrain,topcow_mr_027,324,200,240,0,20,18,4,7,9
radius_1p5x_c095,topbrain,topcow_mr_027,325,200,240,40,44,44,11,20,13
radius_1p5x_c095,topbrain,topcow_mr_027,326,200,240,80,30,29,7,13,10
radius_1p5x_c095,topbrain,topcow_mr_027,327,200,240,117,0,0,0,0,0
radius_1p5x_c095,topbrain,topcow_mr_027,328,200,280,0,36,31,3,21,12
radius_1p5x_c095,topbrain,topcow_mr_027,329,200,280,40,25,20,2,12,11
radius_1p5x_c095,topbrain,topcow_mr_027,330,200,280,80,11,8,1,5,5
radius_1p5x_c095,topbrain,topcow_mr_027,331,200,280,117,0,0,0,0,0
radius_1p5x_c095,topbrain,topcow_mr_027,332,200,320,0,20,19,1,18,1
radius_1p5x_c095,topbrain,topcow_mr_027,333,200,320,40,9,7,2,5,2
radius_1p5x_c095,topbrain,topcow_mr_027,334,200,320,80,14,11,2,8,4
radius_1p5x_c095,topbrain,topcow_mr_027,335,200,320,117,0,0,0,0,0
radius_1p5x_c095,topbrain,topcow_mr_027,336,200,360,0,5,4,0,3,2
radius_1p5x_c095,topbrain,topcow_mr_027,337,200,360,40,0,0,0,0,0
radius_1p5x_c095,topbrain,topcow_mr_027,338,200,360,80,14,12,0,10,4
radius_1p5x_c095,topbrain,topcow_mr_027,339,200,360,117,6,5,0,4,2
radius_1p5x_c095,topbrain,topcow_mr_027,340,200,400,0,0,0,0,0,0
radius_1p5x_c095,topbrain,topcow_mr_027,341,200,400,40,0,0,0,0,0
radius_1p5x_c095,topbrain,topcow_mr_027,342,200,400,80,13,11,0,9,4
radius_1p5x_c095,topbrain,topcow_mr_027,343,200,400,117,9,8,0,7,2
radius_1p5x_c095,topbrain,topcow_mr_027,344,200,440,0,0,0,0,0,0
radius_1p5x_c095,topbrain,topcow_mr_027,345,200,440,40,0,0,0,0,0
radius_1p5x_c095,topbrain,topcow_mr_027,346,200,440,80,8,7,1,6,1
radius_1p5x_c095,topbrain,topcow_mr_027,347,200,440,117,8,7,1,6,1
radius_1p5x_c095,topbrain,topcow_mr_027,348,200,480,0,0,0,0,0,0
radius_1p5x_c095,topbrain,topcow_mr_027,349,200,480,40,0,0,0,0,0
radius_1p5x_c095,topbrain,topcow_mr_027,350,200,480,80,0,0,0,0,0
radius_1p5x_c095,topbrain,topcow_mr_027,351,200,480,117,0,0,0,0,0
radius_1p5x_c095,topbrain,topcow_mr_027,352,200,520,0,0,0,0,0,0
radius_1p5x_c095,topbrain,topcow_mr_027,353,200,520,40,0,0,0,0,0
radius_1p5x_c095,topbrain,topcow_mr_027,354,200,520,80,0,0,0,0,0
radius_1p5x_c095,topbrain,topcow_mr_027,355,200,520,117,0,0,0,0,0
radius_1p5x_c095,topbrain,topcow_mr_027,356,200,533,0,0,0,0,0,0
radius_1p5x_c095,topbrain,topcow_mr_027,357,200,533,40,0,0,0,0,0
radius_1p5x_c095,topbrain,topcow_mr_027,358,200,533,80,0,0,0,0,0
radius_1p5x_c095,topbrain,topcow_mr_027,359,200,533,117,0,0,0,0,0
radius_1p5x_c095,topbrain,topcow_mr_027,360,240,0,0,0,0,0,0,0
radius_1p5x_c095,topbrain,topcow_mr_027,361,240,0,40,0,0,0,0,0
radius_1p5x_c095,topbrain,topcow_mr_027,362,240,0,80,0,0,0,0,0
radius_1p5x_c095,topbrain,topcow_mr_027,363,240,0,117,0,0,0,0,0
radius_1p5x_c095,topbrain,topcow_mr_027,364,240,40,0,0,0,0,0,0
radius_1p5x_c095,topbrain,topcow_mr_027,365,240,40,40,0,0,0,0,0
radius_1p5x_c095,topbrain,topcow_mr_027,366,240,40,80,0,0,0,0,0
radius_1p5x_c095,topbrain,topcow_mr_027,367,240,40,117,0,0,0,0,0
radius_1p5x_c095,topbrain,topcow_mr_027,368,240,80,0,0,0,0,0,0
radius_1p5x_c095,topbrain,topcow_mr_027,369,240,80,40,0,0,0,0,0
radius_1p5x_c095,topbrain,topcow_mr_027,370,240,80,80,0,0,0,0,0
radius_1p5x_c095,topbrain,topcow_mr_027,371,240,80,117,0,0,0,0,0
radius_1p5x_c095,topbrain,topcow_mr_027,372,240,120,0,0,0,0,0,0
radius_1p5x_c095,topbrain,topcow_mr_027,373,240,120,40,5,3,1,1,3
radius_1p5x_c095,topbrain,topcow_mr_027,374,240,120,80,15,12,5,1,9
radius_1p5x_c095,topbrain,topcow_mr_027,375,240,120,117,10,9,4,0,6
radius_1p5x_c095,topbrain,topcow_mr_027,376,240,160,0,3,2,0,1,2
radius_1p5x_c095,topbrain,topcow_mr_027,377,240,160,40,24,22,8,6,10
radius_1p5x_c095,topbrain,topcow_mr_027,378,240,160,80,40,36,13,8,19
radius_1p5x_c095,topbrain,topcow_mr_027,379,240,160,117,9,10,5,1,3
radius_1p5x_c095,topbrain,topcow_mr_027,380,240,200,0,6,4,0,2,4
radius_1p5x_c095,topbrain,topcow_mr_027,381,240,200,40,44,43,12,17,15
radius_1p5x_c095,topbrain,topcow_mr_027,382,240,200,80,39,38,11,16,12
radius_1p5x_c095,topbrain,topcow_mr_027,383,240,200,117,0,0,0,0,0
radius_1p5x_c095,topbrain,topcow_mr_027,384,240,240,0,20,18,4,10,6
radius_1p5x_c095,topbrain,topcow_mr_027,385,240,240,40,43,41,8,24,11
radius_1p5x_c095,topbrain,topcow_mr_027,386,240,240,80,27,25,6,12,9
radius_1p5x_c095,topbrain,topcow_mr_027,387,240,240,117,0,0,0,0,0
radius_1p5x_c095,topbrain,topcow_mr_027,388,240,280,0,32,30,6,22,4
radius_1p5x_c095,topbrain,topcow_mr_027,389,240,280,40,27,23,4,17,6
radius_1p5x_c095,topbrain,topcow_mr_027,390,240,280,80,29,26,4,19,6
radius_1p5x_c095,topbrain,topcow_mr_027,391,240,280,117,0,0,0,0,0
radius_1p5x_c095,topbrain,topcow_mr_027,392,240,320,0,21,18,2,15,4
radius_1p5x_c095,topbrain,topcow_mr_027,393,240,320,40,8,7,1,6,1
radius_1p5x_c095,topbrain,topcow_mr_027,394,240,320,80,21,19,3,15,3
radius_1p5x_c095,topbrain,topcow_mr_027,395,240,320,117,3,2,0,1,2
radius_1p5x_c095,topbrain,topcow_mr_027,396,240,360,0,5,4,0,3,2
radius_1p5x_c095,topbrain,topcow_mr_027,397,240,360,40,0,0,0,0,0
radius_1p5x_c095,topbrain,topcow_mr_027,398,240,360,80,11,9,1,7,3
radius_1p5x_c095,topbrain,topcow_mr_027,399,240,360,117,5,3,0,1,4
radius_1p5x_c095,topbrain,topcow_mr_027,400,240,400,0,0,0,0,0,0
radius_1p5x_c095,topbrain,topcow_mr_027,401,240,400,40,0,0,0,0,0
radius_1p5x_c095,topbrain,topcow_mr_027,402,240,400,80,8,7,1,6,1
radius_1p5x_c095,topbrain,topcow_mr_027,403,240,400,117,4,3,0,2,2
radius_1p5x_c095,topbrain,topcow_mr_027,404,240,440,0,0,0,0,0,0
radius_1p5x_c095,topbrain,topcow_mr_027,405,240,440,40,0,0,0,0,0
radius_1p5x_c095,topbrain,topcow_mr_027,406,240,440,80,3,2,1,1,1
radius_1p5x_c095,topbrain,topcow_mr_027,407,240,440,117,0,0,0,0,0
radius_1p5x_c095,topbrain,topcow_mr_027,408,240,480,0,0,0,0,0,0
radius_1p5x_c095,topbrain,topcow_mr_027,409,240,480,40,0,0,0,0,0
radius_1p5x_c095,topbrain,topcow_mr_027,410,240,480,80,0,0,0,0,0
radius_1p5x_c095,topbrain,topcow_mr_027,411,240,480,117,0,0,0,0,0
radius_1p5x_c095,topbrain,topcow_mr_027,412,240,520,0,0,0,0,0,0
radius_1p5x_c095,topbrain,topcow_mr_027,413,240,520,40,0,0,0,0,0
radius_1p5x_c095,topbrain,topcow_mr_027,414,240,520,80,0,0,0,0,0
radius_1p5x_c095,topbrain,topcow_mr_027,415,240,520,117,0,0,0,0,0
radius_1p5x_c095,topbrain,topcow_mr_027,416,240,533,0,0,0,0,0,0
radius_1p5x_c095,topbrain,topcow_mr_027,417,240,533,40,0,0,0,0,0
radius_1p5x_c095,topbrain,topcow_mr_027,418,240,533,80,0,0,0,0,0
radius_1p5x_c095,topbrain,topcow_mr_027,419,240,533,117,0,0,0,0,0
radius_1p5x_c095,topbrain,topcow_mr_027,420,280,0,0,0,0,0,0,0
radius_1p5x_c095,topbrain,topcow_mr_027,421,280,0,40,0,0,0,0,0
radius_1p5x_c095,topbrain,topcow_mr_027,422,280,0,80,0,0,0,0,0
radius_1p5x_c095,topbrain,topcow_mr_027,423,280,0,117,0,0,0,0,0
radius_1p5x_c095,topbrain,topcow_mr_027,424,280,40,0,0,0,0,0,0
radius_1p5x_c095,topbrain,topcow_mr_027,425,280,40,40,0,0,0,0,0
radius_1p5x_c095,topbrain,topcow_mr_027,426,280,40,80,0,0,0,0,0
radius_1p5x_c095,topbrain,topcow_mr_027,427,280,40,117,0,0,0,0,0
radius_1p5x_c095,topbrain,topcow_mr_027,428,280,80,0,0,0,0,0,0
radius_1p5x_c095,topbrain,topcow_mr_027,429,280,80,40,0,0,0,0,0
radius_1p5x_c095,topbrain,topcow_mr_027,430,280,80,80,0,0,0,0,0
radius_1p5x_c095,topbrain,topcow_mr_027,431,280,80,117,0,0,0,0,0
radius_1p5x_c095,topbrain,topcow_mr_027,432,280,120,0,0,0,0,0,0
radius_1p5x_c095,topbrain,topcow_mr_027,433,280,120,40,7,5,0,3,4
radius_1p5x_c095,topbrain,topcow_mr_027,434,280,120,80,16,12,0,8,8
radius_1p5x_c095,topbrain,topcow_mr_027,435,280,120,117,15,13,0,11,4
radius_1p5x_c095,topbrain,topcow_mr_027,436,280,160,0,10,8,0,6,4
radius_1p5x_c095,topbrain,topcow_mr_027,437,280,160,40,30,25,2,16,12
radius_1p5x_c095,topbrain,topcow_mr_027,438,280,160,80,35,30,4,17,14
radius_1p5x_c095,topbrain,topcow_mr_027,439,280,160,117,21,18,1,12,8
radius_1p5x_c095,topbrain,topcow_mr_027,440,280,200,0,12,10,1,8,3
radius_1p5x_c095,topbrain,topcow_mr_027,441,280,200,40,27,22,3,11,13
radius_1p5x_c095,topbrain,topcow_mr_027,442,280,200,80,11,10,3,3,5
radius_1p5x_c095,topbrain,topcow_mr_027,443,280,200,117,9,6,0,3,6
radius_1p5x_c095,topbrain,topcow_mr_027,444,280,240,0,14,11,2,6,6
radius_1p5x_c095,topbrain,topcow_mr_027,445,280,240,40,24,21,3,12,9
radius_1p5x_c095,topbrain,topcow_mr_027,446,280,240,80,12,10,1,6,5
radius_1p5x_c095,topbrain,topcow_mr_027,447,280,240,117,2,1,0,0,2
radius_1p5x_c095,topbrain,topcow_mr_027,448,280,280,0,16,12,3,6,7
radius_1p5x_c095,topbrain,topcow_mr_027,449,280,280,40,14,12,2,8,4
radius_1p5x_c095,topbrain,topcow_mr_027,450,280,280,80,20,17,2,12,6
radius_1p5x_c095,topbrain,topcow_mr_027,451,280,280,117,0,0,0,0,0
radius_1p5x_c095,topbrain,topcow_mr_027,452,280,320,0,2,1,1,0,1
radius_1p5x_c095,topbrain,topcow_mr_027,453,280,320,40,0,0,0,0,0
radius_1p5x_c095,topbrain,topcow_mr_027,454,280,320,80,7,5,0,3,4
radius_1p5x_c095,topbrain,topcow_mr_027,455,280,320,117,2,1,0,0,2
radius_1p5x_c095,topbrain,topcow_mr_027,456,280,360,0,0,0,0,0,0
radius_1p5x_c095,topbrain,topcow_mr_027,457,280,360,40,0,0,0,0,0
radius_1p5x_c095,topbrain,topcow_mr_027,458,280,360,80,6,5,0,4,2
radius_1p5x_c095,topbrain,topcow_mr_027,459,280,360,117,3,2,0,1,2
radius_1p5x_c095,topbrain,topcow_mr_027,460,280,400,0,0,0,0,0,0
radius_1p5x_c095,topbrain,topcow_mr_027,461,280,400,40,0,0,0,0,0
radius_1p5x_c095,topbrain,topcow_mr_027,462,280,400,80,5,4,0,3,2
radius_1p5x_c095,topbrain,topcow_mr_027,463,280,400,117,3,2,0,1,2
radius_1p5x_c095,topbrain,topcow_mr_027,464,280,440,0,0,0,0,0,0
radius_1p5x_c095,topbrain,topcow_mr_027,465,280,440,40,0,0,0,0,0
radius_1p5x_c095,topbrain,topcow_mr_027,466,280,440,80,0,0,0,0,0
radius_1p5x_c095,topbrain,topcow_mr_027,467,280,440,117,0,0,0,0,0
radius_1p5x_c095,topbrain,topcow_mr_027,468,280,480,0,0,0,0,0,0
radius_1p5x_c095,topbrain,topcow_mr_027,469,280,480,40,0,0,0,0,0
radius_1p5x_c095,topbrain,topcow_mr_027,470,280,480,80,0,0,0,0,0
radius_1p5x_c095,topbrain,topcow_mr_027,471,280,480,117,0,0,0,0,0
radius_1p5x_c095,topbrain,topcow_mr_027,472,280,520,0,0,0,0,0,0
radius_1p5x_c095,topbrain,topcow_mr_027,473,280,520,40,0,0,0,0,0
radius_1p5x_c095,topbrain,topcow_mr_027,474,280,520,80,0,0,0,0,0
radius_1p5x_c095,topbrain,topcow_mr_027,475,280,520,117,0,0,0,0,0
radius_1p5x_c095,topbrain,topcow_mr_027,476,280,533,0,0,0,0,0,0
radius_1p5x_c095,topbrain,topcow_mr_027,477,280,533,40,0,0,0,0,0
radius_1p5x_c095,topbrain,topcow_mr_027,478,280,533,80,0,0,0,0,0
radius_1p5x_c095,topbrain,topcow_mr_027,479,280,533,117,0,0,0,0,0
radius_1p5x_c095,topbrain,topcow_mr_027,480,320,0,0,0,0,0,0,0
radius_1p5x_c095,topbrain,topcow_mr_027,481,320,0,40,0,0,0,0,0
radius_1p5x_c095,topbrain,topcow_mr_027,482,320,0,80,0,0,0,0,0
radius_1p5x_c095,topbrain,topcow_mr_027,483,320,0,117,0,0,0,0,0
radius_1p5x_c095,topbrain,topcow_mr_027,484,320,40,0,0,0,0,0,0
radius_1p5x_c095,topbrain,topcow_mr_027,485,320,40,40,0,0,0,0,0
radius_1p5x_c095,topbrain,topcow_mr_027,486,320,40,80,0,0,0,0,0
radius_1p5x_c095,topbrain,topcow_mr_027,487,320,40,117,0,0,0,0,0
radius_1p5x_c095,topbrain,topcow_mr_027,488,320,80,0,0,0,0,0,0
radius_1p5x_c095,topbrain,topcow_mr_027,489,320,80,40,0,0,0,0,0
radius_1p5x_c095,topbrain,topcow_mr_027,490,320,80,80,0,0,0,0,0
radius_1p5x_c095,topbrain,topcow_mr_027,491,320,80,117,0,0,0,0,0
radius_1p5x_c095,topbrain,topcow_mr_027,492,320,120,0,0,0,0,0,0
radius_1p5x_c095,topbrain,topcow_mr_027,493,320,120,40,10,8,0,6,4
radius_1p5x_c095,topbrain,topcow_mr_027,494,320,120,80,25,20,1,13,11
radius_1p5x_c095,topbrain,topcow_mr_027,495,320,120,117,33,31,6,21,6
radius_1p5x_c095,topbrain,topcow_mr_027,496,320,160,0,12,10,1,8,3
radius_1p5x_c095,topbrain,topcow_mr_027,497,320,160,40,20,18,0,16,4
radius_1p5x_c095,topbrain,topcow_mr_027,498,320,160,80,54,52,14,26,14
radius_1p5x_c095,topbrain,topcow_mr_027,499,320,160,117,58,59,14,35,9
radius_1p5x_c095,topbrain,topcow_mr_027,500,320,200,0,19,14,2,9,8
radius_1p5x_c095,topbrain,topcow_mr_027,501,320,200,40,14,12,0,10,4
radius_1p5x_c095,topbrain,topcow_mr_027,502,320,200,80,37,34,11,15,11
radius_1p5x_c095,topbrain,topcow_mr_027,503,320,200,117,45,41,8,25,12
radius_1p5x_c095,topbrain,topcow_mr_027,504,320,240,0,7,5,1,3,3
radius_1p5x_c095,topbrain,topcow_mr_027,505,320,240,40,4,3,0,2,2
radius_1p5x_c095,topbrain,topcow_mr_027,506,320,240,80,28,26,7,11,10
radius_1p5x_c095,topbrain,topcow_mr_027,507,320,240,117,40,40,9,22,9
radius_1p5x_c095,topbrain,topcow_mr_027,508,320,280,0,4,3,1,2,1
radius_1p5x_c095,topbrain,topcow_mr_027,509,320,280,40,0,0,0,0,0
radius_1p5x_c095,topbrain,topcow_mr_027,510,320,280,80,18,16,5,3,10
radius_1p5x_c095,topbrain,topcow_mr_027,511,320,280,117,32,30,7,12,13
radius_1p5x_c095,topbrain,topcow_mr_027,512,320,320,0,0,0,0,0,0
radius_1p5x_c095,topbrain,topcow_mr_027,513,320,320,40,0,0,0,0,0
radius_1p5x_c095,topbrain,topcow_mr_027,514,320,320,80,7,6,0,5,2
radius_1p5x_c095,topbrain,topcow_mr_027,515,320,320,117,20,18,1,14,5
radius_1p5x_c095,topbrain,topcow_mr_027,516,320,360,0,0,0,0,0,0
radius_1p5x_c095,topbrain,topcow_mr_027,517,320,360,40,0,0,0,0,0
radius_1p5x_c095,topbrain,topcow_mr_027,518,320,360,80,6,5,0,4,2
radius_1p5x_c095,topbrain,topcow_mr_027,519,320,360,117,10,8,0,6,4
radius_1p5x_c095,topbrain,topcow_mr_027,520,320,400,0,0,0,0,0,0
radius_1p5x_c095,topbrain,topcow_mr_027,521,320,400,40,0,0,0,0,0
radius_1p5x_c095,topbrain,topcow_mr_027,522,320,400,80,0,0,0,0,0
radius_1p5x_c095,topbrain,topcow_mr_027,523,320,400,117,0,0,0,0,0
radius_1p5x_c095,topbrain,topcow_mr_027,524,320,440,0,0,0,0,0,0
radius_1p5x_c095,topbrain,topcow_mr_027,525,320,440,40,0,0,0,0,0
radius_1p5x_c095,topbrain,topcow_mr_027,526,320,440,80,0,0,0,0,0
radius_1p5x_c095,topbrain,topcow_mr_027,527,320,440,117,0,0,0,0,0
radius_1p5x_c095,topbrain,topcow_mr_027,528,320,480,0,0,0,0,0,0
radius_1p5x_c095,topbrain,topcow_mr_027,529,320,480,40,0,0,0,0,0
radius_1p5x_c095,topbrain,topcow_mr_027,530,320,480,80,0,0,0,0,0
radius_1p5x_c095,topbrain,topcow_mr_027,531,320,480,117,0,0,0,0,0
radius_1p5x_c095,topbrain,topcow_mr_027,532,320,520,0,0,0,0,0,0
radius_1p5x_c095,topbrain,topcow_mr_027,533,320,520,40,0,0,0,0,0
radius_1p5x_c095,topbrain,topcow_mr_027,534,320,520,80,0,0,0,0,0
radius_1p5x_c095,topbrain,topcow_mr_027,535,320,520,117,0,0,0,0,0
radius_1p5x_c095,topbrain,topcow_mr_027,536,320,533,0,0,0,0,0,0
radius_1p5x_c095,topbrain,topcow_mr_027,537,320,533,40,0,0,0,0,0
radius_1p5x_c095,topbrain,topcow_mr_027,538,320,533,80,0,0,0,0,0
radius_1p5x_c095,topbrain,topcow_mr_027,539,320,533,117,0,0,0,0,0
radius_1p5x_c095,topbrain,topcow_mr_027,540,360,0,0,0,0,0,0,0
radius_1p5x_c095,topbrain,topcow_mr_027,541,360,0,40,0,0,0,0,0
radius_1p5x_c095,topbrain,topcow_mr_027,542,360,0,80,0,0,0,0,0
radius_1p5x_c095,topbrain,topcow_mr_027,543,360,0,117,0,0,0,0,0
radius_1p5x_c095,topbrain,topcow_mr_027,544,360,40,0,0,0,0,0,0
radius_1p5x_c095,topbrain,topcow_mr_027,545,360,40,40,0,0,0,0,0
radius_1p5x_c095,topbrain,topcow_mr_027,546,360,40,80,0,0,0,0,0
radius_1p5x_c095,topbrain,topcow_mr_027,547,360,40,117,0,0,0,0,0
radius_1p5x_c095,topbrain,topcow_mr_027,548,360,80,0,0,0,0,0,0
radius_1p5x_c095,topbrain,topcow_mr_027,549,360,80,40,0,0,0,0,0
radius_1p5x_c095,topbrain,topcow_mr_027,550,360,80,80,0,0,0,0,0
radius_1p5x_c095,topbrain,topcow_mr_027,551,360,80,117,0,0,0,0,0
radius_1p5x_c095,topbrain,topcow_mr_027,552,360,120,0,0,0,0,0,0
radius_1p5x_c095,topbrain,topcow_mr_027,553,360,120,40,7,6,0,5,2
radius_1p5x_c095,topbrain,topcow_mr_027,554,360,120,80,24,22,3,16,5
radius_1p5x_c095,topbrain,topcow_mr_027,555,360,120,117,19,16,3,9,7
radius_1p5x_c095,topbrain,topcow_mr_027,556,360,160,0,8,5,1,2,5
radius_1p5x_c095,topbrain,topcow_mr_027,557,360,160,40,9,8,0,7,2
radius_1p5x_c095,topbrain,topcow_mr_027,558,360,160,80,51,46,13,23,15
radius_1p5x_c095,topbrain,topcow_mr_027,559,360,160,117,47,40,10,21,16
radius_1p5x_c095,topbrain,topcow_mr_027,560,360,200,0,6,5,2,2,2
radius_1p5x_c095,topbrain,topcow_mr_027,561,360,200,40,3,2,0,1,2
radius_1p5x_c095,topbrain,topcow_mr_027,562,360,200,80,37,34,13,15,9
radius_1p5x_c095,topbrain,topcow_mr_027,563,360,200,117,36,31,9,16,11
radius_1p5x_c095,topbrain,topcow_mr_027,564,360,240,0,0,0,0,0,0
radius_1p5x_c095,topbrain,topcow_mr_027,565,360,240,40,0,0,0,0,0
radius_1p5x_c095,topbrain,topcow_mr_027,566,360,240,80,33,31,8,16,9
radius_1p5x_c095,topbrain,topcow_mr_027,567,360,240,117,40,40,10,22,8
radius_1p5x_c095,topbrain,topcow_mr_027,568,360,280,0,0,0,0,0,0
radius_1p5x_c095,topbrain,topcow_mr_027,569,360,280,40,0,0,0,0,0
radius_1p5x_c095,topbrain,topcow_mr_027,570,360,280,80,27,23,7,8,12
radius_1p5x_c095,topbrain,topcow_mr_027,571,360,280,117,34,35,11,15,8
radius_1p5x_c095,topbrain,topcow_mr_027,572,360,320,0,0,0,0,0,0
radius_1p5x_c095,topbrain,topcow_mr_027,573,360,320,40,0,0,0,0,0
radius_1p5x_c095,topbrain,topcow_mr_027,574,360,320,80,13,11,1,9,3
radius_1p5x_c095,topbrain,topcow_mr_027,575,360,320,117,24,22,4,15,5
radius_1p5x_c095,topbrain,topcow_mr_027,576,360,360,0,0,0,0,0,0
radius_1p5x_c095,topbrain,topcow_mr_027,577,360,360,40,0,0,0,0,0
radius_1p5x_c095,topbrain,topcow_mr_027,578,360,360,80,9,8,0,7,2
radius_1p5x_c095,topbrain,topcow_mr_027,579,360,360,117,13,11,0,9,4
radius_1p5x_c095,topbrain,topcow_mr_027,580,360,400,0,0,0,0,0,0
radius_1p5x_c095,topbrain,topcow_mr_027,581,360,400,40,0,0,0,0,0
radius_1p5x_c095,topbrain,topcow_mr_027,582,360,400,80,0,0,0,0,0
radius_1p5x_c095,topbrain,topcow_mr_027,583,360,400,117,0,0,0,0,0
radius_1p5x_c095,topbrain,topcow_mr_027,584,360,440,0,0,0,0,0,0
radius_1p5x_c095,topbrain,topcow_mr_027,585,360,440,40,0,0,0,0,0
radius_1p5x_c095,topbrain,topcow_mr_027,586,360,440,80,0,0,0,0,0
radius_1p5x_c095,topbrain,topcow_mr_027,587,360,440,117,0,0,0,0,0
radius_1p5x_c095,topbrain,topcow_mr_027,588,360,480,0,0,0,0,0,0
radius_1p5x_c095,topbrain,topcow_mr_027,589,360,480,40,0,0,0,0,0
radius_1p5x_c095,topbrain,topcow_mr_027,590,360,480,80,0,0,0,0,0
radius_1p5x_c095,topbrain,topcow_mr_027,591,360,480,117,0,0,0,0,0
radius_1p5x_c095,topbrain,topcow_mr_027,592,360,520,0,0,0,0,0,0
radius_1p5x_c095,topbrain,topcow_mr_027,593,360,520,40,0,0,0,0,0
radius_1p5x_c095,topbrain,topcow_mr_027,594,360,520,80,0,0,0,0,0
radius_1p5x_c095,topbrain,topcow_mr_027,595,360,520,117,0,0,0,0,0
radius_1p5x_c095,topbrain,topcow_mr_027,596,360,533,0,0,0,0,0,0
radius_1p5x_c095,topbrain,topcow_mr_027,597,360,533,40,0,0,0,0,0
radius_1p5x_c095,topbrain,topcow_mr_027,598,360,533,80,0,0,0,0,0
radius_1p5x_c095,topbrain,topcow_mr_027,599,360,533,117,0,0,0,0,0
radius_1p5x_c095,topbrain,topcow_mr_027,600,400,0,0,0,0,0,0,0
radius_1p5x_c095,topbrain,topcow_mr_027,601,400,0,40,0,0,0,0,0
radius_1p5x_c095,topbrain,topcow_mr_027,602,400,0,80,0,0,0,0,0
radius_1p5x_c095,topbrain,topcow_mr_027,603,400,0,117,0,0,0,0,0
radius_1p5x_c095,topbrain,topcow_mr_027,604,400,40,0,0,0,0,0,0
radius_1p5x_c095,topbrain,topcow_mr_027,605,400,40,40,0,0,0,0,0
radius_1p5x_c095,topbrain,topcow_mr_027,606,400,40,80,0,0,0,0,0
radius_1p5x_c095,topbrain,topcow_mr_027,607,400,40,117,0,0,0,0,0
radius_1p5x_c095,topbrain,topcow_mr_027,608,400,80,0,0,0,0,0,0
radius_1p5x_c095,topbrain,topcow_mr_027,609,400,80,40,0,0,0,0,0
radius_1p5x_c095,topbrain,topcow_mr_027,610,400,80,80,0,0,0,0,0
radius_1p5x_c095,topbrain,topcow_mr_027,611,400,80,117,5,4,0,3,2
radius_1p5x_c095,topbrain,topcow_mr_027,612,400,120,0,0,0,0,0,0
radius_1p5x_c095,topbrain,topcow_mr_027,613,400,120,40,0,0,0,0,0
radius_1p5x_c095,topbrain,topcow_mr_027,614,400,120,80,10,8,1,6,3
radius_1p5x_c095,topbrain,topcow_mr_027,615,400,120,117,18,16,1,14,3
radius_1p5x_c095,topbrain,topcow_mr_027,616,400,160,0,5,4,0,3,2
radius_1p5x_c095,topbrain,topcow_mr_027,617,400,160,40,4,3,0,2,2
radius_1p5x_c095,topbrain,topcow_mr_027,618,400,160,80,14,12,1,10,3
radius_1p5x_c095,topbrain,topcow_mr_027,619,400,160,117,20,17,3,14,3
radius_1p5x_c095,topbrain,topcow_mr_027,620,400,200,0,5,4,0,3,2
radius_1p5x_c095,topbrain,topcow_mr_027,621,400,200,40,4,3,0,2,2
radius_1p5x_c095,topbrain,topcow_mr_027,622,400,200,80,2,1,1,0,1
radius_1p5x_c095,topbrain,topcow_mr_027,623,400,200,117,2,1,1,0,1
radius_1p5x_c095,topbrain,topcow_mr_027,624,400,240,0,0,0,0,0,0
radius_1p5x_c095,topbrain,topcow_mr_027,625,400,240,40,0,0,0,0,0
radius_1p5x_c095,topbrain,topcow_mr_027,626,400,240,80,7,5,2,3,2
radius_1p5x_c095,topbrain,topcow_mr_027,627,400,240,117,7,5,2,3,2
radius_1p5x_c095,topbrain,topcow_mr_027,628,400,280,0,0,0,0,0,0
radius_1p5x_c095,topbrain,topcow_mr_027,629,400,280,40,0,0,0,0,0
radius_1p5x_c095,topbrain,topcow_mr_027,630,400,280,80,7,5,2,3,2
radius_1p5x_c095,topbrain,topcow_mr_027,631,400,280,117,7,5,2,3,2
radius_1p5x_c095,topbrain,topcow_mr_027,632,400,320,0,0,0,0,0,0
radius_1p5x_c095,topbrain,topcow_mr_027,633,400,320,40,0,0,0,0,0
radius_1p5x_c095,topbrain,topcow_mr_027,634,400,320,80,4,3,0,2,2
radius_1p5x_c095,topbrain,topcow_mr_027,635,400,320,117,5,4,0,3,2
radius_1p5x_c095,topbrain,topcow_mr_027,636,400,360,0,0,0,0,0,0
radius_1p5x_c095,topbrain,topcow_mr_027,637,400,360,40,0,0,0,0,0
radius_1p5x_c095,topbrain,topcow_mr_027,638,400,360,80,4,3,0,2,2
radius_1p5x_c095,topbrain,topcow_mr_027,639,400,360,117,5,4,1,3,1
radius_1p5x_c095,topbrain,topcow_mr_027,640,400,400,0,0,0,0,0,0
radius_1p5x_c095,topbrain,topcow_mr_027,641,400,400,40,0,0,0,0,0
radius_1p5x_c095,topbrain,topcow_mr_027,642,400,400,80,0,0,0,0,0
radius_1p5x_c095,topbrain,topcow_mr_027,643,400,400,117,0,0,0,0,0
radius_1p5x_c095,topbrain,topcow_mr_027,644,400,440,0,0,0,0,0,0
radius_1p5x_c095,topbrain,topcow_mr_027,645,400,440,40,0,0,0,0,0
radius_1p5x_c095,topbrain,topcow_mr_027,646,400,440,80,0,0,0,0,0
radius_1p5x_c095,topbrain,topcow_mr_027,647,400,440,117,0,0,0,0,0
radius_1p5x_c095,topbrain,topcow_mr_027,648,400,480,0,0,0,0,0,0
radius_1p5x_c095,topbrain,topcow_mr_027,649,400,480,40,0,0,0,0,0
radius_1p5x_c095,topbrain,topcow_mr_027,650,400,480,80,0,0,0,0,0
radius_1p5x_c095,topbrain,topcow_mr_027,651,400,480,117,0,0,0,0,0
radius_1p5x_c095,topbrain,topcow_mr_027,652,400,520,0,0,0,0,0,0
radius_1p5x_c095,topbrain,topcow_mr_027,653,400,520,40,0,0,0,0,0
radius_1p5x_c095,topbrain,topcow_mr_027,654,400,520,80,0,0,0,0,0
radius_1p5x_c095,topbrain,topcow_mr_027,655,400,520,117,0,0,0,0,0
radius_1p5x_c095,topbrain,topcow_mr_027,656,400,533,0,0,0,0,0,0
radius_1p5x_c095,topbrain,topcow_mr_027,657,400,533,40,0,0,0,0,0
radius_1p5x_c095,topbrain,topcow_mr_027,658,400,533,80,0,0,0,0,0
radius_1p5x_c095,topbrain,topcow_mr_027,659,400,533,117,0,0,0,0,0
radius_1p5x_c095,topbrain,topcow_mr_027,660,406,0,0,0,0,0,0,0
radius_1p5x_c095,topbrain,topcow_mr_027,661,406,0,40,0,0,0,0,0
radius_1p5x_c095,topbrain,topcow_mr_027,662,406,0,80,0,0,0,0,0
radius_1p5x_c095,topbrain,topcow_mr_027,663,406,0,117,0,0,0,0,0
radius_1p5x_c095,topbrain,topcow_mr_027,664,406,40,0,0,0,0,0,0
radius_1p5x_c095,topbrain,topcow_mr_027,665,406,40,40,0,0,0,0,0
radius_1p5x_c095,topbrain,topcow_mr_027,666,406,40,80,0,0,0,0,0
radius_1p5x_c095,topbrain,topcow_mr_027,667,406,40,117,0,0,0,0,0
radius_1p5x_c095,topbrain,topcow_mr_027,668,406,80,0,0,0,0,0,0
radius_1p5x_c095,topbrain,topcow_mr_027,669,406,80,40,0,0,0,0,0
radius_1p5x_c095,topbrain,topcow_mr_027,670,406,80,80,0,0,0,0,0
radius_1p5x_c095,topbrain,topcow_mr_027,671,406,80,117,5,4,0,3,2
radius_1p5x_c095,topbrain,topcow_mr_027,672,406,120,0,0,0,0,0,0
radius_1p5x_c095,topbrain,topcow_mr_027,673,406,120,40,0,0,0,0,0
radius_1p5x_c095,topbrain,topcow_mr_027,674,406,120,80,15,13,0,11,4
radius_1p5x_c095,topbrain,topcow_mr_027,675,406,120,117,26,24,1,22,3
radius_1p5x_c095,topbrain,topcow_mr_027,676,406,160,0,5,4,1,3,1
radius_1p5x_c095,topbrain,topcow_mr_027,677,406,160,40,6,4,2,2,2
radius_1p5x_c095,topbrain,topcow_mr_027,678,406,160,80,19,17,1,15,3
radius_1p5x_c095,topbrain,topcow_mr_027,679,406,160,117,26,23,2,20,4
radius_1p5x_c095,topbrain,topcow_mr_027,680,406,200,0,5,4,1,3,1
radius_1p5x_c095,topbrain,topcow_mr_027,681,406,200,40,8,5,4,2,2
radius_1p5x_c095,topbrain,topcow_mr_027,682,406,200,80,6,4,2,2,2
radius_1p5x_c095,topbrain,topcow_mr_027,683,406,200,117,5,3,1,1,3
radius_1p5x_c095,topbrain,topcow_mr_027,684,406,240,0,0,0,0,0,0
radius_1p5x_c095,topbrain,topcow_mr_027,685,406,240,40,0,0,0,0,0
radius_1p5x_c095,topbrain,topcow_mr_027,686,406,240,80,7,5,2,3,2
radius_1p5x_c095,topbrain,topcow_mr_027,687,406,240,117,7,5,2,3,2
radius_1p5x_c095,topbrain,topcow_mr_027,688,406,280,0,0,0,0,0,0
radius_1p5x_c095,topbrain,topcow_mr_027,689,406,280,40,0,0,0,0,0
radius_1p5x_c095,topbrain,topcow_mr_027,690,406,280,80,6,4,2,2,2
radius_1p5x_c095,topbrain,topcow_mr_027,691,406,280,117,6,4,2,2,2
radius_1p5x_c095,topbrain,topcow_mr_027,692,406,320,0,0,0,0,0,0
radius_1p5x_c095,topbrain,topcow_mr_027,693,406,320,40,0,0,0,0,0
radius_1p5x_c095,topbrain,topcow_mr_027,694,406,320,80,4,3,0,2,2
radius_1p5x_c095,topbrain,topcow_mr_027,695,406,320,117,5,4,0,3,2
radius_1p5x_c095,topbrain,topcow_mr_027,696,406,360,0,0,0,0,0,0
radius_1p5x_c095,topbrain,topcow_mr_027,697,406,360,40,0,0,0,0,0
radius_1p5x_c095,topbrain,topcow_mr_027,698,406,360,80,4,3,0,2,2
radius_1p5x_c095,topbrain,topcow_mr_027,699,406,360,117,5,4,1,3,1
radius_1p5x_c095,topbrain,topcow_mr_027,700,406,400,0,0,0,0,0,0
radius_1p5x_c095,topbrain,topcow_mr_027,701,406,400,40,0,0,0,0,0
radius_1p5x_c095,topbrain,topcow_mr_027,702,406,400,80,0,0,0,0,0
radius_1p5x_c095,topbrain,topcow_mr_027,703,406,400,117,0,0,0,0,0
radius_1p5x_c095,topbrain,topcow_mr_027,704,406,440,0,0,0,0,0,0
radius_1p5x_c095,topbrain,topcow_mr_027,705,406,440,40,0,0,0,0,0
radius_1p5x_c095,topbrain,topcow_mr_027,706,406,440,80,0,0,0,0,0
radius_1p5x_c095,topbrain,topcow_mr_027,707,406,440,117,0,0,0,0,0
radius_1p5x_c095,topbrain,topcow_mr_027,708,406,480,0,0,0,0,0,0
radius_1p5x_c095,topbrain,topcow_mr_027,709,406,480,40,0,0,0,0,0
radius_1p5x_c095,topbrain,topcow_mr_027,710,406,480,80,0,0,0,0,0
radius_1p5x_c095,topbrain,topcow_mr_027,711,406,480,117,0,0,0,0,0
radius_1p5x_c095,topbrain,topcow_mr_027,712,406,520,0,0,0,0,0,0
radius_1p5x_c095,topbrain,topcow_mr_027,713,406,520,40,0,0,0,0,0
radius_1p5x_c095,topbrain,topcow_mr_027,714,406,520,80,0,0,0,0,0
radius_1p5x_c095,topbrain,topcow_mr_027,715,406,520,117,0,0,0,0,0
radius_1p5x_c095,topbrain,topcow_mr_027,716,406,533,0,0,0,0,0,0
radius_1p5x_c095,topbrain,topcow_mr_027,717,406,533,40,0,0,0,0,0
radius_1p5x_c095,topbrain,topcow_mr_027,718,406,533,80,0,0,0,0,0
radius_1p5x_c095,topbrain,topcow_mr_027,719,406,533,117,0,0,0,0,0
radius_2x_c095,topbrain,topcow_mr_027,0,0,0,0,0,0,0,0,0
radius_2x_c095,topbrain,topcow_mr_027,1,0,0,40,0,0,0,0,0
radius_2x_c095,topbrain,topcow_mr_027,2,0,0,80,0,0,0,0,0
radius_2x_c095,topbrain,topcow_mr_027,3,0,0,117,0,0,0,0,0
radius_2x_c095,topbrain,topcow_mr_027,4,0,40,0,0,0,0,0,0
radius_2x_c095,topbrain,topcow_mr_027,5,0,40,40,0,0,0,0,0
radius_2x_c095,topbrain,topcow_mr_027,6,0,40,80,0,0,0,0,0
radius_2x_c095,topbrain,topcow_mr_027,7,0,40,117,0,0,0,0,0
radius_2x_c095,topbrain,topcow_mr_027,8,0,80,0,0,0,0,0,0
radius_2x_c095,topbrain,topcow_mr_027,9,0,80,40,0,0,0,0,0
radius_2x_c095,topbrain,topcow_mr_027,10,0,80,80,9,8,0,7,2
radius_2x_c095,topbrain,topcow_mr_027,11,0,80,117,20,19,0,18,2
radius_2x_c095,topbrain,topcow_mr_027,12,0,120,0,0,0,0,0,0
radius_2x_c095,topbrain,topcow_mr_027,13,0,120,40,0,0,0,0,0
radius_2x_c095,topbrain,topcow_mr_027,14,0,120,80,9,6,3,3,3
radius_2x_c095,topbrain,topcow_mr_027,15,0,120,117,19,14,4,9,6
radius_2x_c095,topbrain,topcow_mr_027,16,0,160,0,13,12,0,11,2
radius_2x_c095,topbrain,topcow_mr_027,17,0,160,40,17,16,1,15,1
radius_2x_c095,topbrain,topcow_mr_027,18,0,160,80,6,4,1,2,3
radius_2x_c095,topbrain,topcow_mr_027,19,0,160,117,8,5,2,2,4
radius_2x_c095,topbrain,topcow_mr_027,20,0,200,0,11,8,0,5,6
radius_2x_c095,topbrain,topcow_mr_027,21,0,200,40,11,9,0,7,4
radius_2x_c095,topbrain,topcow_mr_027,22,0,200,80,8,6,2,4,2
radius_2x_c095,topbrain,topcow_mr_027,23,0,200,117,8,6,2,4,2
radius_2x_c095,topbrain,topcow_mr_027,24,0,240,0,0,0,0,0,0
radius_2x_c095,topbrain,topcow_mr_027,25,0,240,40,0,0,0,0,0
radius_2x_c095,topbrain,topcow_mr_027,26,0,240,80,8,7,1,6,1
radius_2x_c095,topbrain,topcow_mr_027,27,0,240,117,8,7,1,6,1
radius_2x_c095,topbrain,topcow_mr_027,28,0,280,0,0,0,0,0,0
radius_2x_c095,topbrain,topcow_mr_027,29,0,280,40,0,0,0,0,0
radius_2x_c095,topbrain,topcow_mr_027,30,0,280,80,8,6,0,4,4
radius_2x_c095,topbrain,topcow_mr_027,31,0,280,117,10,9,3,4,3
radius_2x_c095,topbrain,topcow_mr_027,32,0,320,0,0,0,0,0,0
radius_2x_c095,topbrain,topcow_mr_027,33,0,320,40,0,0,0,0,0
radius_2x_c095,topbrain,topcow_mr_027,34,0,320,80,8,6,0,4,4
radius_2x_c095,topbrain,topcow_mr_027,35,0,320,117,14,13,5,6,3
radius_2x_c095,topbrain,topcow_mr_027,36,0,360,0,0,0,0,0,0
radius_2x_c095,topbrain,topcow_mr_027,37,0,360,40,0,0,0,0,0
radius_2x_c095,topbrain,topcow_mr_027,38,0,360,80,0,0,0,0,0
radius_2x_c095,topbrain,topcow_mr_027,39,0,360,117,6,4,1,2,3
radius_2x_c095,topbrain,topcow_mr_027,40,0,400,0,0,0,0,0,0
radius_2x_c095,topbrain,topcow_mr_027,41,0,400,40,0,0,0,0,0
radius_2x_c095,topbrain,topcow_mr_027,42,0,400,80,0,0,0,0,0
radius_2x_c095,topbrain,topcow_mr_027,43,0,400,117,0,0,0,0,0
radius_2x_c095,topbrain,topcow_mr_027,44,0,440,0,0,0,0,0,0
radius_2x_c095,topbrain,topcow_mr_027,45,0,440,40,0,0,0,0,0
radius_2x_c095,topbrain,topcow_mr_027,46,0,440,80,0,0,0,0,0
radius_2x_c095,topbrain,topcow_mr_027,47,0,440,117,0,0,0,0,0
radius_2x_c095,topbrain,topcow_mr_027,48,0,480,0,0,0,0,0,0
radius_2x_c095,topbrain,topcow_mr_027,49,0,480,40,0,0,0,0,0
radius_2x_c095,topbrain,topcow_mr_027,50,0,480,80,0,0,0,0,0
radius_2x_c095,topbrain,topcow_mr_027,51,0,480,117,0,0,0,0,0
radius_2x_c095,topbrain,topcow_mr_027,52,0,520,0,0,0,0,0,0
radius_2x_c095,topbrain,topcow_mr_027,53,0,520,40,0,0,0,0,0
radius_2x_c095,topbrain,topcow_mr_027,54,0,520,80,0,0,0,0,0
radius_2x_c095,topbrain,topcow_mr_027,55,0,520,117,0,0,0,0,0
radius_2x_c095,topbrain,topcow_mr_027,56,0,533,0,0,0,0,0,0
radius_2x_c095,topbrain,topcow_mr_027,57,0,533,40,0,0,0,0,0
radius_2x_c095,topbrain,topcow_mr_027,58,0,533,80,0,0,0,0,0
radius_2x_c095,topbrain,topcow_mr_027,59,0,533,117,0,0,0,0,0
radius_2x_c095,topbrain,topcow_mr_027,60,40,0,0,0,0,0,0,0
radius_2x_c095,topbrain,topcow_mr_027,61,40,0,40,0,0,0,0,0
radius_2x_c095,topbrain,topcow_mr_027,62,40,0,80,0,0,0,0,0
radius_2x_c095,topbrain,topcow_mr_027,63,40,0,117,0,0,0,0,0
radius_2x_c095,topbrain,topcow_mr_027,64,40,40,0,0,0,0,0,0
radius_2x_c095,topbrain,topcow_mr_027,65,40,40,40,0,0,0,0,0
radius_2x_c095,topbrain,topcow_mr_027,66,40,40,80,0,0,0,0,0
radius_2x_c095,topbrain,topcow_mr_027,67,40,40,117,0,0,0,0,0
radius_2x_c095,topbrain,topcow_mr_027,68,40,80,0,0,0,0,0,0
radius_2x_c095,topbrain,topcow_mr_027,69,40,80,40,0,0,0,0,0
radius_2x_c095,topbrain,topcow_mr_027,70,40,80,80,0,0,0,0,0
radius_2x_c095,topbrain,topcow_mr_027,71,40,80,117,0,0,0,0,0
radius_2x_c095,topbrain,topcow_mr_027,72,40,120,0,0,0,0,0,0
radius_2x_c095,topbrain,topcow_mr_027,73,40,120,40,5,4,0,3,2
radius_2x_c095,topbrain,topcow_mr_027,74,40,120,80,27,25,5,18,4
radius_2x_c095,topbrain,topcow_mr_027,75,40,120,117,24,21,3,15,6
radius_2x_c095,topbrain,topcow_mr_027,76,40,160,0,7,6,0,5,2
radius_2x_c095,topbrain,topcow_mr_027,77,40,160,40,6,5,0,4,2
radius_2x_c095,topbrain,topcow_mr_027,78,40,160,80,42,40,10,18,14
radius_2x_c095,topbrain,topcow_mr_027,79,40,160,117,40,37,7,22,11
radius_2x_c095,topbrain,topcow_mr_027,80,40,200,0,5,4,0,3,2
radius_2x_c095,topbrain,topcow_mr_027,81,40,200,40,2,1,0,0,2
radius_2x_c095,topbrain,topcow_mr_027,82,40,200,80,67,66,20,29,18
radius_2x_c095,topbrain,topcow_mr_027,83,40,200,117,59,58,17,27,15
radius_2x_c095,topbrain,topcow_mr_027,84,40,240,0,0,0,0,0,0
radius_2x_c095,topbrain,topcow_mr_027,85,40,240,40,0,0,0,0,0
radius_2x_c095,topbrain,topcow_mr_027,86,40,240,80,59,60,16,32,11
radius_2x_c095,topbrain,topcow_mr_027,87,40,240,117,59,60,16,32,11
radius_2x_c095,topbrain,topcow_mr_027,88,40,280,0,0,0,0,0,0
radius_2x_c095,topbrain,topcow_mr_027,89,40,280,40,0,0,0,0,0
radius_2x_c095,topbrain,topcow_mr_027,90,40,280,80,28,24,5,12,11
radius_2x_c095,topbrain,topcow_mr_027,91,40,280,117,32,30,8,14,10
radius_2x_c095,topbrain,topcow_mr_027,92,40,320,0,0,0,0,0,0
radius_2x_c095,topbrain,topcow_mr_027,93,40,320,40,0,0,0,0,0
radius_2x_c095,topbrain,topcow_mr_027,94,40,320,80,15,12,0,9,6
radius_2x_c095,topbrain,topcow_mr_027,95,40,320,117,23,21,4,13,6
radius_2x_c095,topbrain,topcow_mr_027,96,40,360,0,0,0,0,0,0
radius_2x_c095,topbrain,topcow_mr_027,97,40,360,40,0,0,0,0,0
radius_2x_c095,topbrain,topcow_mr_027,98,40,360,80,0,0,0,0,0
radius_2x_c095,topbrain,topcow_mr_027,99,40,360,117,7,5,1,3,3
radius_2x_c095,topbrain,topcow_mr_027,100,40,400,0,0,0,0,0,0
radius_2x_c095,topbrain,topcow_mr_027,101,40,400,40,0,0,0,0,0
radius_2x_c095,topbrain,topcow_mr_027,102,40,400,80,0,0,0,0,0
radius_2x_c095,topbrain,topcow_mr_027,103,40,400,117,0,0,0,0,0
radius_2x_c095,topbrain,topcow_mr_027,104,40,440,0,0,0,0,0,0
radius_2x_c095,topbrain,topcow_mr_027,105,40,440,40,0,0,0,0,0
radius_2x_c095,topbrain,topcow_mr_027,106,40,440,80,0,0,0,0,0
radius_2x_c095,topbrain,topcow_mr_027,107,40,440,117,0,0,0,0,0
radius_2x_c095,topbrain,topcow_mr_027,108,40,480,0,0,0,0,0,0
radius_2x_c095,topbrain,topcow_mr_027,109,40,480,40,0,0,0,0,0
radius_2x_c095,topbrain,topcow_mr_027,110,40,480,80,0,0,0,0,0
radius_2x_c095,topbrain,topcow_mr_027,111,40,480,117,0,0,0,0,0
radius_2x_c095,topbrain,topcow_mr_027,112,40,520,0,0,0,0,0,0
radius_2x_c095,topbrain,topcow_mr_027,113,40,520,40,0,0,0,0,0
radius_2x_c095,topbrain,topcow_mr_027,114,40,520,80,0,0,0,0,0
radius_2x_c095,topbrain,topcow_mr_027,115,40,520,117,0,0,0,0,0
radius_2x_c095,topbrain,topcow_mr_027,116,40,533,0,0,0,0,0,0
radius_2x_c095,topbrain,topcow_mr_027,117,40,533,40,0,0,0,0,0
radius_2x_c095,topbrain,topcow_mr_027,118,40,533,80,0,0,0,0,0
radius_2x_c095,topbrain,topcow_mr_027,119,40,533,117,0,0,0,0,0
radius_2x_c095,topbrain,topcow_mr_027,120,80,0,0,0,0,0,0,0
radius_2x_c095,topbrain,topcow_mr_027,121,80,0,40,0,0,0,0,0
radius_2x_c095,topbrain,topcow_mr_027,122,80,0,80,0,0,0,0,0
radius_2x_c095,topbrain,topcow_mr_027,123,80,0,117,0,0,0,0,0
radius_2x_c095,topbrain,topcow_mr_027,124,80,40,0,0,0,0,0,0
radius_2x_c095,topbrain,topcow_mr_027,125,80,40,40,0,0,0,0,0
radius_2x_c095,topbrain,topcow_mr_027,126,80,40,80,0,0,0,0,0
radius_2x_c095,topbrain,topcow_mr_027,127,80,40,117,0,0,0,0,0
radius_2x_c095,topbrain,topcow_mr_027,128,80,80,0,0,0,0,0,0
radius_2x_c095,topbrain,topcow_mr_027,129,80,80,40,0,0,0,0,0
radius_2x_c095,topbrain,topcow_mr_027,130,80,80,80,0,0,0,0,0
radius_2x_c095,topbrain,topcow_mr_027,131,80,80,117,0,0,0,0,0
radius_2x_c095,topbrain,topcow_mr_027,132,80,120,0,0,0,0,0,0
radius_2x_c095,topbrain,topcow_mr_027,133,80,120,40,5,4,0,3,2
radius_2x_c095,topbrain,topcow_mr_027,134,80,120,80,29,26,3,18,8
radius_2x_c095,topbrain,topcow_mr_027,135,80,120,117,31,28,5,17,9
radius_2x_c095,topbrain,topcow_mr_027,136,80,160,0,14,12,0,10,4
radius_2x_c095,topbrain,topcow_mr_027,137,80,160,40,13,12,0,11,2
radius_2x_c095,topbrain,topcow_mr_027,138,80,160,80,61,61,15,33,13
radius_2x_c095,topbrain,topcow_mr_027,139,80,160,117,55,55,11,36,8
radius_2x_c095,topbrain,topcow_mr_027,140,80,200,0,16,12,0,8,8
radius_2x_c095,topbrain,topcow_mr_027,141,80,200,40,11,9,0,7,4
radius_2x_c095,topbrain,topcow_mr_027,142,80,200,80,61,62,18,25,18
radius_2x_c095,topbrain,topcow_mr_027,143,80,200,117,55,54,14,23,18
radius_2x_c095,topbrain,topcow_mr_027,144,80,240,0,5,3,0,1,4
radius_2x_c095,topbrain,topcow_mr_027,145,80,240,40,3,2,0,1,2
radius_2x_c095,topbrain,topcow_mr_027,146,80,240,80,52,55,16,24,12
radius_2x_c095,topbrain,topcow_mr_027,147,80,240,117,54,58,16,28,10
radius_2x_c095,topbrain,topcow_mr_027,148,80,280,0,3,2,1,1,1
radius_2x_c095,topbrain,topcow_mr_027,149,80,280,40,0,0,0,0,0
radius_2x_c095,topbrain,topcow_mr_027,150,80,280,80,22,20,5,8,9
radius_2x_c095,topbrain,topcow_mr_027,151,80,280,117,26,26,6,14,6
radius_2x_c095,topbrain,topcow_mr_027,152,80,320,0,2,1,1,0,1
radius_2x_c095,topbrain,topcow_mr_027,153,80,320,40,0,0,0,0,0
radius_2x_c095,topbrain,topcow_mr_027,154,80,320,80,6,5,0,4,2
radius_2x_c095,topbrain,topcow_mr_027,155,80,320,117,10,8,0,6,4
radius_2x_c095,topbrain,topcow_mr_027,156,80,360,0,0,0,0,0,0
radius_2x_c095,topbrain,topcow_mr_027,157,80,360,40,0,0,0,0,0
radius_2x_c095,topbrain,topcow_mr_027,158,80,360,80,0,0,0,0,0
radius_2x_c095,topbrain,topcow_mr_027,159,80,360,117,0,0,0,0,0
radius_2x_c095,topbrain,topcow_mr_027,160,80,400,0,0,0,0,0,0
radius_2x_c095,topbrain,topcow_mr_027,161,80,400,40,0,0,0,0,0
radius_2x_c095,topbrain,topcow_mr_027,162,80,400,80,0,0,0,0,0
radius_2x_c095,topbrain,topcow_mr_027,163,80,400,117,0,0,0,0,0
radius_2x_c095,topbrain,topcow_mr_027,164,80,440,0,0,0,0,0,0
radius_2x_c095,topbrain,topcow_mr_027,165,80,440,40,0,0,0,0,0
radius_2x_c095,topbrain,topcow_mr_027,166,80,440,80,0,0,0,0,0
radius_2x_c095,topbrain,topcow_mr_027,167,80,440,117,0,0,0,0,0
radius_2x_c095,topbrain,topcow_mr_027,168,80,480,0,0,0,0,0,0
radius_2x_c095,topbrain,topcow_mr_027,169,80,480,40,0,0,0,0,0
radius_2x_c095,topbrain,topcow_mr_027,170,80,480,80,0,0,0,0,0
radius_2x_c095,topbrain,topcow_mr_027,171,80,480,117,0,0,0,0,0
radius_2x_c095,topbrain,topcow_mr_027,172,80,520,0,0,0,0,0,0
radius_2x_c095,topbrain,topcow_mr_027,173,80,520,40,0,0,0,0,0
radius_2x_c095,topbrain,topcow_mr_027,174,80,520,80,0,0,0,0,0
radius_2x_c095,topbrain,topcow_mr_027,175,80,520,117,0,0,0,0,0
radius_2x_c095,topbrain,topcow_mr_027,176,80,533,0,0,0,0,0,0
radius_2x_c095,topbrain,topcow_mr_027,177,80,533,40,0,0,0,0,0
radius_2x_c095,topbrain,topcow_mr_027,178,80,533,80,0,0,0,0,0
radius_2x_c095,topbrain,topcow_mr_027,179,80,533,117,0,0,0,0,0
radius_2x_c095,topbrain,topcow_mr_027,180,120,0,0,0,0,0,0,0
radius_2x_c095,topbrain,topcow_mr_027,181,120,0,40,0,0,0,0,0
radius_2x_c095,topbrain,topcow_mr_027,182,120,0,80,0,0,0,0,0
radius_2x_c095,topbrain,topcow_mr_027,183,120,0,117,0,0,0,0,0
radius_2x_c095,topbrain,topcow_mr_027,184,120,40,0,0,0,0,0,0
radius_2x_c095,topbrain,topcow_mr_027,185,120,40,40,0,0,0,0,0
radius_2x_c095,topbrain,topcow_mr_027,186,120,40,80,0,0,0,0,0
radius_2x_c095,topbrain,topcow_mr_027,187,120,40,117,0,0,0,0,0
radius_2x_c095,topbrain,topcow_mr_027,188,120,80,0,0,0,0,0,0
radius_2x_c095,topbrain,topcow_mr_027,189,120,80,40,0,0,0,0,0
radius_2x_c095,topbrain,topcow_mr_027,190,120,80,80,0,0,0,0,0
radius_2x_c095,topbrain,topcow_mr_027,191,120,80,117,0,0,0,0,0
radius_2x_c095,topbrain,topcow_mr_027,192,120,120,0,0,0,0,0,0
radius_2x_c095,topbrain,topcow_mr_027,193,120,120,40,2,1,1,0,1
radius_2x_c095,topbrain,topcow_mr_027,194,120,120,80,17,15,2,11,4
radius_2x_c095,topbrain,topcow_mr_027,195,120,120,117,18,15,2,10,6
radius_2x_c095,topbrain,topcow_mr_027,196,120,160,0,10,8,0,6,4
radius_2x_c095,topbrain,topcow_mr_027,197,120,160,40,10,8,0,6,4
radius_2x_c095,topbrain,topcow_mr_027,198,120,160,80,26,25,6,12,8
radius_2x_c095,topbrain,topcow_mr_027,199,120,160,117,26,22,2,16,8
radius_2x_c095,topbrain,topcow_mr_027,200,120,200,0,11,9,1,7,3
radius_2x_c095,topbrain,topcow_mr_027,201,120,200,40,13,10,0,7,6
radius_2x_c095,topbrain,topcow_mr_027,202,120,200,80,14,10,3,2,9
radius_2x_c095,topbrain,topcow_mr_027,203,120,200,117,4,3,0,2,2
radius_2x_c095,topbrain,topcow_mr_027,204,120,240,0,10,7,2,4,4
radius_2x_c095,topbrain,topcow_mr_027,205,120,240,40,22,18,3,10,9
radius_2x_c095,topbrain,topcow_mr_027,206,120,240,80,18,14,3,6,9
radius_2x_c095,topbrain,topcow_mr_027,207,120,240,117,4,2,0,0,4
radius_2x_c095,topbrain,topcow_mr_027,208,120,280,0,12,9,3,6,3
radius_2x_c095,topbrain,topcow_mr_027,209,120,280,40,15,12,1,9,5
radius_2x_c095,topbrain,topcow_mr_027,210,120,280,80,13,10,0,7,6
radius_2x_c095,topbrain,topcow_mr_027,211,120,280,117,5,3,0,1,4
radius_2x_c095,topbrain,topcow_mr_027,212,120,320,0,2,1,1,0,1
radius_2x_c095,topbrain,topcow_mr_027,213,120,320,40,0,0,0,0,0
radius_2x_c095,topbrain,topcow_mr_027,214,120,320,80,0,0,0,0,0
radius_2x_c095,topbrain,topcow_mr_027,215,120,320,117,0,0,0,0,0
radius_2x_c095,topbrain,topcow_mr_027,216,120,360,0,0,0,0,0,0
radius_2x_c095,topbrain,topcow_mr_027,217,120,360,40,0,0,0,0,0
radius_2x_c095,topbrain,topcow_mr_027,218,120,360,80,12,10,0,8,4
radius_2x_c095,topbrain,topcow_mr_027,219,120,360,117,12,10,0,8,4
radius_2x_c095,topbrain,topcow_mr_027,220,120,400,0,0,0,0,0,0
radius_2x_c095,topbrain,topcow_mr_027,221,120,400,40,0,0,0,0,0
radius_2x_c095,topbrain,topcow_mr_027,222,120,400,80,18,16,1,14,3
radius_2x_c095,topbrain,topcow_mr_027,223,120,400,117,18,16,1,14,3
radius_2x_c095,topbrain,topcow_mr_027,224,120,440,0,0,0,0,0,0
radius_2x_c095,topbrain,topcow_mr_027,225,120,440,40,0,0,0,0,0
radius_2x_c095,topbrain,topcow_mr_027,226,120,440,80,4,3,1,2,1
radius_2x_c095,topbrain,topcow_mr_027,227,120,440,117,4,3,1,2,1
radius_2x_c095,topbrain,topcow_mr_027,228,120,480,0,0,0,0,0,0
radius_2x_c095,topbrain,topcow_mr_027,229,120,480,40,0,0,0,0,0
radius_2x_c095,topbrain,topcow_mr_027,230,120,480,80,0,0,0,0,0
radius_2x_c095,topbrain,topcow_mr_027,231,120,480,117,0,0,0,0,0
radius_2x_c095,topbrain,topcow_mr_027,232,120,520,0,0,0,0,0,0
radius_2x_c095,topbrain,topcow_mr_027,233,120,520,40,0,0,0,0,0
radius_2x_c095,topbrain,topcow_mr_027,234,120,520,80,0,0,0,0,0
radius_2x_c095,topbrain,topcow_mr_027,235,120,520,117,0,0,0,0,0
radius_2x_c095,topbrain,topcow_mr_027,236,120,533,0,0,0,0,0,0
radius_2x_c095,topbrain,topcow_mr_027,237,120,533,40,0,0,0,0,0
radius_2x_c095,topbrain,topcow_mr_027,238,120,533,80,0,0,0,0,0
radius_2x_c095,topbrain,topcow_mr_027,239,120,533,117,0,0,0,0,0
radius_2x_c095,topbrain,topcow_mr_027,240,160,0,0,0,0,0,0,0
radius_2x_c095,topbrain,topcow_mr_027,241,160,0,40,0,0,0,0,0
radius_2x_c095,topbrain,topcow_mr_027,242,160,0,80,0,0,0,0,0
radius_2x_c095,topbrain,topcow_mr_027,243,160,0,117,0,0,0,0,0
radius_2x_c095,topbrain,topcow_mr_027,244,160,40,0,0,0,0,0,0
radius_2x_c095,topbrain,topcow_mr_027,245,160,40,40,0,0,0,0,0
radius_2x_c095,topbrain,topcow_mr_027,246,160,40,80,0,0,0,0,0
radius_2x_c095,topbrain,topcow_mr_027,247,160,40,117,0,0,0,0,0
radius_2x_c095,topbrain,topcow_mr_027,248,160,80,0,0,0,0,0,0
radius_2x_c095,topbrain,topcow_mr_027,249,160,80,40,0,0,0,0,0
radius_2x_c095,topbrain,topcow_mr_027,250,160,80,80,0,0,0,0,0
radius_2x_c095,topbrain,topcow_mr_027,251,160,80,117,0,0,0,0,0
radius_2x_c095,topbrain,topcow_mr_027,252,160,120,0,0,0,0,0,0
radius_2x_c095,topbrain,topcow_mr_027,253,160,120,40,8,6,1,4,3
radius_2x_c095,topbrain,topcow_mr_027,254,160,120,80,8,6,1,4,3
radius_2x_c095,topbrain,topcow_mr_027,255,160,120,117,0,0,0,0,0
radius_2x_c095,topbrain,topcow_mr_027,256,160,160,0,3,2,0,1,2
radius_2x_c095,topbrain,topcow_mr_027,257,160,160,40,13,13,4,5,4
radius_2x_c095,topbrain,topcow_mr_027,258,160,160,80,18,17,4,8,6
radius_2x_c095,topbrain,topcow_mr_027,259,160,160,117,0,0,0,0,0
radius_2x_c095,topbrain,topcow_mr_027,260,160,200,0,5,3,0,1,4
radius_2x_c095,topbrain,topcow_mr_027,261,160,200,40,36,31,4,18,14
radius_2x_c095,topbrain,topcow_mr_027,262,160,200,80,42,36,5,22,15
radius_2x_c095,topbrain,topcow_mr_027,263,160,200,117,0,0,0,0,0
radius_2x_c095,topbrain,topcow_mr_027,264,160,240,0,18,15,3,7,8
radius_2x_c095,topbrain,topcow_mr_027,265,160,240,40,46,43,8,27,11
radius_2x_c095,topbrain,topcow_mr_027,266,160,240,80,35,33,7,21,7
radius_2x_c095,topbrain,topcow_mr_027,267,160,240,117,0,0,0,0,0
radius_2x_c095,topbrain,topcow_mr_027,268,160,280,0,32,31,5,25,2
radius_2x_c095,topbrain,topcow_mr_027,269,160,280,40,38,33,3,25,10
radius_2x_c095,topbrain,topcow_mr_027,270,160,280,80,18,15,1,12,5
radius_2x_c095,topbrain,topcow_mr_027,271,160,280,117,0,0,0,0,0
radius_2x_c095,topbrain,topcow_mr_027,272,160,320,0,0,0,0,0,0
radius_2x_c095,topbrain,topcow_mr_027,273,160,320,40,9,7,1,5,3
radius_2x_c095,topbrain,topcow_mr_027,274,160,320,80,13,11,1,9,3
radius_2x_c095,topbrain,topcow_mr_027,275,160,320,117,0,0,0,0,0
radius_2x_c095,topbrain,topcow_mr_027,276,160,360,0,0,0,0,0,0
radius_2x_c095,topbrain,topcow_mr_027,277,160,360,40,0,0,0,0,0
radius_2x_c095,topbrain,topcow_mr_027,278,160,360,80,24,23,1,20,3
radius_2x_c095,topbrain,topcow_mr_027,279,160,360,117,17,15,0,13,4
radius_2x_c095,topbrain,topcow_mr_027,280,160,400,0,0,0,0,0,0
radius_2x_c095,topbrain,topcow_mr_027,281,160,400,40,0,0,0,0,0
radius_2x_c095,topbrain,topcow_mr_027,282,160,400,80,28,26,2,22,4
radius_2x_c095,topbrain,topcow_mr_027,283,160,400,117,24,22,1,20,3
radius_2x_c095,topbrain,topcow_mr_027,284,160,440,0,0,0,0,0,0
radius_2x_c095,topbrain,topcow_mr_027,285,160,440,40,0,0,0,0,0
radius_2x_c095,topbrain,topcow_mr_027,286,160,440,80,7,5,1,3,3
radius_2x_c095,topbrain,topcow_mr_027,287,160,440,117,7,5,1,3,3
radius_2x_c095,topbrain,topcow_mr_027,288,160,480,0,0,0,0,0,0
radius_2x_c095,topbrain,topcow_mr_027,289,160,480,40,0,0,0,0,0
radius_2x_c095,topbrain,topcow_mr_027,290,160,480,80,0,0,0,0,0
radius_2x_c095,topbrain,topcow_mr_027,291,160,480,117,0,0,0,0,0
radius_2x_c095,topbrain,topcow_mr_027,292,160,520,0,0,0,0,0,0
radius_2x_c095,topbrain,topcow_mr_027,293,160,520,40,0,0,0,0,0
radius_2x_c095,topbrain,topcow_mr_027,294,160,520,80,0,0,0,0,0
radius_2x_c095,topbrain,topcow_mr_027,295,160,520,117,0,0,0,0,0
radius_2x_c095,topbrain,topcow_mr_027,296,160,533,0,0,0,0,0,0
radius_2x_c095,topbrain,topcow_mr_027,297,160,533,40,0,0,0,0,0
radius_2x_c095,topbrain,topcow_mr_027,298,160,533,80,0,0,0,0,0
radius_2x_c095,topbrain,topcow_mr_027,299,160,533,117,0,0,0,0,0
radius_2x_c095,topbrain,topcow_mr_027,300,200,0,0,0,0,0,0,0
radius_2x_c095,topbrain,topcow_mr_027,301,200,0,40,0,0,0,0,0
radius_2x_c095,topbrain,topcow_mr_027,302,200,0,80,0,0,0,0,0
radius_2x_c095,topbrain,topcow_mr_027,303,200,0,117,0,0,0,0,0
radius_2x_c095,topbrain,topcow_mr_027,304,200,40,0,0,0,0,0,0
radius_2x_c095,topbrain,topcow_mr_027,305,200,40,40,0,0,0,0,0
radius_2x_c095,topbrain,topcow_mr_027,306,200,40,80,0,0,0,0,0
radius_2x_c095,topbrain,topcow_mr_027,307,200,40,117,0,0,0,0,0
radius_2x_c095,topbrain,topcow_mr_027,308,200,80,0,0,0,0,0,0
radius_2x_c095,topbrain,topcow_mr_027,309,200,80,40,0,0,0,0,0
radius_2x_c095,topbrain,topcow_mr_027,310,200,80,80,0,0,0,0,0
radius_2x_c095,topbrain,topcow_mr_027,311,200,80,117,0,0,0,0,0
radius_2x_c095,topbrain,topcow_mr_027,312,200,120,0,0,0,0,0,0
radius_2x_c095,topbrain,topcow_mr_027,313,200,120,40,5,3,0,1,4
radius_2x_c095,topbrain,topcow_mr_027,314,200,120,80,17,14,4,3,10
radius_2x_c095,topbrain,topcow_mr_027,315,200,120,117,15,14,5,3,7
radius_2x_c095,topbrain,topcow_mr_027,316,200,160,0,0,0,0,0,0
radius_2x_c095,topbrain,topcow_mr_027,317,200,160,40,22,19,6,4,12
radius_2x_c095,topbrain,topcow_mr_027,318,200,160,80,38,35,11,10,17
radius_2x_c095,topbrain,topcow_mr_027,319,200,160,117,14,14,8,2,4
radius_2x_c095,topbrain,topcow_mr_027,320,200,200,0,7,5,1,1,5
radius_2x_c095,topbrain,topcow_mr_027,321,200,200,40,57,53,13,22,22
radius_2x_c095,topbrain,topcow_mr_027,322,200,200,80,58,50,9,23,26
radius_2x_c095,topbrain,topcow_mr_027,323,200,200,117,0,0,0,0,0
radius_2x_c095,topbrain,topcow_mr_027,324,200,240,0,20,18,4,7,9
radius_2x_c095,topbrain,topcow_mr_027,325,200,240,40,44,44,11,20,13
radius_2x_c095,topbrain,topcow_mr_027,326,200,240,80,30,29,7,13,10
radius_2x_c095,topbrain,topcow_mr_027,327,200,240,117,0,0,0,0,0
radius_2x_c095,topbrain,topcow_mr_027,328,200,280,0,36,31,3,21,12
radius_2x_c095,topbrain,topcow_mr_027,329,200,280,40,25,20,2,12,11
radius_2x_c095,topbrain,topcow_mr_027,330,200,280,80,11,8,1,5,5
radius_2x_c095,topbrain,topcow_mr_027,331,200,280,117,0,0,0,0,0
radius_2x_c095,topbrain,topcow_mr_027,332,200,320,0,20,19,1,18,1
radius_2x_c095,topbrain,topcow_mr_027,333,200,320,40,9,7,2,5,2
radius_2x_c095,topbrain,topcow_mr_027,334,200,320,80,14,11,2,8,4
radius_2x_c095,topbrain,topcow_mr_027,335,200,320,117,0,0,0,0,0
radius_2x_c095,topbrain,topcow_mr_027,336,200,360,0,5,4,0,3,2
radius_2x_c095,topbrain,topcow_mr_027,337,200,360,40,0,0,0,0,0
radius_2x_c095,topbrain,topcow_mr_027,338,200,360,80,14,12,0,10,4
radius_2x_c095,topbrain,topcow_mr_027,339,200,360,117,6,5,0,4,2
radius_2x_c095,topbrain,topcow_mr_027,340,200,400,0,0,0,0,0,0
radius_2x_c095,topbrain,topcow_mr_027,341,200,400,40,0,0,0,0,0
radius_2x_c095,topbrain,topcow_mr_027,342,200,400,80,13,11,0,9,4
radius_2x_c095,topbrain,topcow_mr_027,343,200,400,117,9,8,0,7,2
radius_2x_c095,topbrain,topcow_mr_027,344,200,440,0,0,0,0,0,0
radius_2x_c095,topbrain,topcow_mr_027,345,200,440,40,0,0,0,0,0
radius_2x_c095,topbrain,topcow_mr_027,346,200,440,80,8,7,1,6,1
radius_2x_c095,topbrain,topcow_mr_027,347,200,440,117,8,7,1,6,1
radius_2x_c095,topbrain,topcow_mr_027,348,200,480,0,0,0,0,0,0
radius_2x_c095,topbrain,topcow_mr_027,349,200,480,40,0,0,0,0,0
radius_2x_c095,topbrain,topcow_mr_027,350,200,480,80,0,0,0,0,0
radius_2x_c095,topbrain,topcow_mr_027,351,200,480,117,0,0,0,0,0
radius_2x_c095,topbrain,topcow_mr_027,352,200,520,0,0,0,0,0,0
radius_2x_c095,topbrain,topcow_mr_027,353,200,520,40,0,0,0,0,0
radius_2x_c095,topbrain,topcow_mr_027,354,200,520,80,0,0,0,0,0
radius_2x_c095,topbrain,topcow_mr_027,355,200,520,117,0,0,0,0,0
radius_2x_c095,topbrain,topcow_mr_027,356,200,533,0,0,0,0,0,0
radius_2x_c095,topbrain,topcow_mr_027,357,200,533,40,0,0,0,0,0
radius_2x_c095,topbrain,topcow_mr_027,358,200,533,80,0,0,0,0,0
radius_2x_c095,topbrain,topcow_mr_027,359,200,533,117,0,0,0,0,0
radius_2x_c095,topbrain,topcow_mr_027,360,240,0,0,0,0,0,0,0
radius_2x_c095,topbrain,topcow_mr_027,361,240,0,40,0,0,0,0,0
radius_2x_c095,topbrain,topcow_mr_027,362,240,0,80,0,0,0,0,0
radius_2x_c095,topbrain,topcow_mr_027,363,240,0,117,0,0,0,0,0
radius_2x_c095,topbrain,topcow_mr_027,364,240,40,0,0,0,0,0,0
radius_2x_c095,topbrain,topcow_mr_027,365,240,40,40,0,0,0,0,0
radius_2x_c095,topbrain,topcow_mr_027,366,240,40,80,0,0,0,0,0
radius_2x_c095,topbrain,topcow_mr_027,367,240,40,117,0,0,0,0,0
radius_2x_c095,topbrain,topcow_mr_027,368,240,80,0,0,0,0,0,0
radius_2x_c095,topbrain,topcow_mr_027,369,240,80,40,0,0,0,0,0
radius_2x_c095,topbrain,topcow_mr_027,370,240,80,80,0,0,0,0,0
radius_2x_c095,topbrain,topcow_mr_027,371,240,80,117,0,0,0,0,0
radius_2x_c095,topbrain,topcow_mr_027,372,240,120,0,0,0,0,0,0
radius_2x_c095,topbrain,topcow_mr_027,373,240,120,40,5,3,1,1,3
radius_2x_c095,topbrain,topcow_mr_027,374,240,120,80,15,12,5,1,9
radius_2x_c095,topbrain,topcow_mr_027,375,240,120,117,10,9,4,0,6
radius_2x_c095,topbrain,topcow_mr_027,376,240,160,0,3,2,0,1,2
radius_2x_c095,topbrain,topcow_mr_027,377,240,160,40,24,22,8,6,10
radius_2x_c095,topbrain,topcow_mr_027,378,240,160,80,40,36,13,8,19
radius_2x_c095,topbrain,topcow_mr_027,379,240,160,117,9,10,5,1,3
radius_2x_c095,topbrain,topcow_mr_027,380,240,200,0,6,4,0,2,4
radius_2x_c095,topbrain,topcow_mr_027,381,240,200,40,43,42,12,16,15
radius_2x_c095,topbrain,topcow_mr_027,382,240,200,80,38,37,11,15,12
radius_2x_c095,topbrain,topcow_mr_027,383,240,200,117,0,0,0,0,0
radius_2x_c095,topbrain,topcow_mr_027,384,240,240,0,20,18,4,10,6
radius_2x_c095,topbrain,topcow_mr_027,385,240,240,40,43,41,8,24,11
radius_2x_c095,topbrain,topcow_mr_027,386,240,240,80,27,25,6,12,9
radius_2x_c095,topbrain,topcow_mr_027,387,240,240,117,0,0,0,0,0
radius_2x_c095,topbrain,topcow_mr_027,388,240,280,0,32,30,6,22,4
radius_2x_c095,topbrain,topcow_mr_027,389,240,280,40,27,23,4,17,6
radius_2x_c095,topbrain,topcow_mr_027,390,240,280,80,29,26,4,19,6
radius_2x_c095,topbrain,topcow_mr_027,391,240,280,117,0,0,0,0,0
radius_2x_c095,topbrain,topcow_mr_027,392,240,320,0,21,18,2,15,4
radius_2x_c095,topbrain,topcow_mr_027,393,240,320,40,8,7,1,6,1
radius_2x_c095,topbrain,topcow_mr_027,394,240,320,80,21,19,3,15,3
radius_2x_c095,topbrain,topcow_mr_027,395,240,320,117,3,2,0,1,2
radius_2x_c095,topbrain,topcow_mr_027,396,240,360,0,5,4,0,3,2
radius_2x_c095,topbrain,topcow_mr_027,397,240,360,40,0,0,0,0,0
radius_2x_c095,topbrain,topcow_mr_027,398,240,360,80,11,9,1,7,3
radius_2x_c095,topbrain,topcow_mr_027,399,240,360,117,5,3,0,1,4
radius_2x_c095,topbrain,topcow_mr_027,400,240,400,0,0,0,0,0,0
radius_2x_c095,topbrain,topcow_mr_027,401,240,400,40,0,0,0,0,0
radius_2x_c095,topbrain,topcow_mr_027,402,240,400,80,7,6,1,5,1
radius_2x_c095,topbrain,topcow_mr_027,403,240,400,117,4,3,0,2,2
radius_2x_c095,topbrain,topcow_mr_027,404,240,440,0,0,0,0,0,0
radius_2x_c095,topbrain,topcow_mr_027,405,240,440,40,0,0,0,0,0
radius_2x_c095,topbrain,topcow_mr_027,406,240,440,80,2,1,1,0,1
radius_2x_c095,topbrain,topcow_mr_027,407,240,440,117,0,0,0,0,0
radius_2x_c095,topbrain,topcow_mr_027,408,240,480,0,0,0,0,0,0
radius_2x_c095,topbrain,topcow_mr_027,409,240,480,40,0,0,0,0,0
radius_2x_c095,topbrain,topcow_mr_027,410,240,480,80,0,0,0,0,0
radius_2x_c095,topbrain,topcow_mr_027,411,240,480,117,0,0,0,0,0
radius_2x_c095,topbrain,topcow_mr_027,412,240,520,0,0,0,0,0,0
radius_2x_c095,topbrain,topcow_mr_027,413,240,520,40,0,0,0,0,0
radius_2x_c095,topbrain,topcow_mr_027,414,240,520,80,0,0,0,0,0
radius_2x_c095,topbrain,topcow_mr_027,415,240,520,117,0,0,0,0,0
radius_2x_c095,topbrain,topcow_mr_027,416,240,533,0,0,0,0,0,0
radius_2x_c095,topbrain,topcow_mr_027,417,240,533,40,0,0,0,0,0
radius_2x_c095,topbrain,topcow_mr_027,418,240,533,80,0,0,0,0,0
radius_2x_c095,topbrain,topcow_mr_027,419,240,533,117,0,0,0,0,0
radius_2x_c095,topbrain,topcow_mr_027,420,280,0,0,0,0,0,0,0
radius_2x_c095,topbrain,topcow_mr_027,421,280,0,40,0,0,0,0,0
radius_2x_c095,topbrain,topcow_mr_027,422,280,0,80,0,0,0,0,0
radius_2x_c095,topbrain,topcow_mr_027,423,280,0,117,0,0,0,0,0
radius_2x_c095,topbrain,topcow_mr_027,424,280,40,0,0,0,0,0,0
radius_2x_c095,topbrain,topcow_mr_027,425,280,40,40,0,0,0,0,0
radius_2x_c095,topbrain,topcow_mr_027,426,280,40,80,0,0,0,0,0
radius_2x_c095,topbrain,topcow_mr_027,427,280,40,117,0,0,0,0,0
radius_2x_c095,topbrain,topcow_mr_027,428,280,80,0,0,0,0,0,0
radius_2x_c095,topbrain,topcow_mr_027,429,280,80,40,0,0,0,0,0
radius_2x_c095,topbrain,topcow_mr_027,430,280,80,80,0,0,0,0,0
radius_2x_c095,topbrain,topcow_mr_027,431,280,80,117,0,0,0,0,0
radius_2x_c095,topbrain,topcow_mr_027,432,280,120,0,0,0,0,0,0
radius_2x_c095,topbrain,topcow_mr_027,433,280,120,40,7,5,0,3,4
radius_2x_c095,topbrain,topcow_mr_027,434,280,120,80,16,12,0,8,8
radius_2x_c095,topbrain,topcow_mr_027,435,280,120,117,15,13,0,11,4
radius_2x_c095,topbrain,topcow_mr_027,436,280,160,0,10,8,0,6,4
radius_2x_c095,topbrain,topcow_mr_027,437,280,160,40,26,21,2,12,12
radius_2x_c095,topbrain,topcow_mr_027,438,280,160,80,31,26,4,13,14
radius_2x_c095,topbrain,topcow_mr_027,439,280,160,117,21,18,1,12,8
radius_2x_c095,topbrain,topcow_mr_027,440,280,200,0,12,10,1,8,3
radius_2x_c095,topbrain,topcow_mr_027,441,280,200,40,26,21,3,10,13
radius_2x_c095,topbrain,topcow_mr_027,442,280,200,80,10,9,3,2,5
radius_2x_c095,topbrain,topcow_mr_027,443,280,200,117,9,6,0,3,6
radius_2x_c095,topbrain,topcow_mr_027,444,280,240,0,14,11,2,6,6
radius_2x_c095,topbrain,topcow_mr_027,445,280,240,40,24,21,3,12,9
radius_2x_c095,topbrain,topcow_mr_027,446,280,240,80,12,10,1,6,5
radius_2x_c095,topbrain,topcow_mr_027,447,280,240,117,2,1,0,0,2
radius_2x_c095,topbrain,topcow_mr_027,448,280,280,0,16,12,3,6,7
radius_2x_c095,topbrain,topcow_mr_027,449,280,280,40,14,12,2,8,4
radius_2x_c095,topbrain,topcow_mr_027,450,280,280,80,20,17,2,12,6
radius_2x_c095,topbrain,topcow_mr_027,451,280,280,117,0,0,0,0,0
radius_2x_c095,topbrain,topcow_mr_027,452,280,320,0,2,1,1,0,1
radius_2x_c095,topbrain,topcow_mr_027,453,280,320,40,0,0,0,0,0
radius_2x_c095,topbrain,topcow_mr_027,454,280,320,80,7,5,0,3,4
radius_2x_c095,topbrain,topcow_mr_027,455,280,320,117,2,1,0,0,2
radius_2x_c095,topbrain,topcow_mr_027,456,280,360,0,0,0,0,0,0
radius_2x_c095,topbrain,topcow_mr_027,457,280,360,40,0,0,0,0,0
radius_2x_c095,topbrain,topcow_mr_027,458,280,360,80,6,5,0,4,2
radius_2x_c095,topbrain,topcow_mr_027,459,280,360,117,3,2,0,1,2
radius_2x_c095,topbrain,topcow_mr_027,460,280,400,0,0,0,0,0,0
radius_2x_c095,topbrain,topcow_mr_027,461,280,400,40,0,0,0,0,0
radius_2x_c095,topbrain,topcow_mr_027,462,280,400,80,5,4,0,3,2
radius_2x_c095,topbrain,topcow_mr_027,463,280,400,117,3,2,0,1,2
radius_2x_c095,topbrain,topcow_mr_027,464,280,440,0,0,0,0,0,0
radius_2x_c095,topbrain,topcow_mr_027,465,280,440,40,0,0,0,0,0
radius_2x_c095,topbrain,topcow_mr_027,466,280,440,80,0,0,0,0,0
radius_2x_c095,topbrain,topcow_mr_027,467,280,440,117,0,0,0,0,0
radius_2x_c095,topbrain,topcow_mr_027,468,280,480,0,0,0,0,0,0
radius_2x_c095,topbrain,topcow_mr_027,469,280,480,40,0,0,0,0,0
radius_2x_c095,topbrain,topcow_mr_027,470,280,480,80,0,0,0,0,0
radius_2x_c095,topbrain,topcow_mr_027,471,280,480,117,0,0,0,0,0
radius_2x_c095,topbrain,topcow_mr_027,472,280,520,0,0,0,0,0,0
radius_2x_c095,topbrain,topcow_mr_027,473,280,520,40,0,0,0,0,0
radius_2x_c095,topbrain,topcow_mr_027,474,280,520,80,0,0,0,0,0
radius_2x_c095,topbrain,topcow_mr_027,475,280,520,117,0,0,0,0,0
radius_2x_c095,topbrain,topcow_mr_027,476,280,533,0,0,0,0,0,0
radius_2x_c095,topbrain,topcow_mr_027,477,280,533,40,0,0,0,0,0
radius_2x_c095,topbrain,topcow_mr_027,478,280,533,80,0,0,0,0,0
radius_2x_c095,topbrain,topcow_mr_027,479,280,533,117,0,0,0,0,0
radius_2x_c095,topbrain,topcow_mr_027,480,320,0,0,0,0,0,0,0
radius_2x_c095,topbrain,topcow_mr_027,481,320,0,40,0,0,0,0,0
radius_2x_c095,topbrain,topcow_mr_027,482,320,0,80,0,0,0,0,0
radius_2x_c095,topbrain,topcow_mr_027,483,320,0,117,0,0,0,0,0
radius_2x_c095,topbrain,topcow_mr_027,484,320,40,0,0,0,0,0,0
radius_2x_c095,topbrain,topcow_mr_027,485,320,40,40,0,0,0,0,0
radius_2x_c095,topbrain,topcow_mr_027,486,320,40,80,0,0,0,0,0
radius_2x_c095,topbrain,topcow_mr_027,487,320,40,117,0,0,0,0,0
radius_2x_c095,topbrain,topcow_mr_027,488,320,80,0,0,0,0,0,0
radius_2x_c095,topbrain,topcow_mr_027,489,320,80,40,0,0,0,0,0
radius_2x_c095,topbrain,topcow_mr_027,490,320,80,80,0,0,0,0,0
radius_2x_c095,topbrain,topcow_mr_027,491,320,80,117,0,0,0,0,0
radius_2x_c095,topbrain,topcow_mr_027,492,320,120,0,0,0,0,0,0
radius_2x_c095,topbrain,topcow_mr_027,493,320,120,40,10,8,0,6,4
radius_2x_c095,topbrain,topcow_mr_027,494,320,120,80,25,20,1,13,11
radius_2x_c095,topbrain,topcow_mr_027,495,320,120,117,33,31,6,21,6
radius_2x_c095,topbrain,topcow_mr_027,496,320,160,0,12,10,1,8,3
radius_2x_c095,topbrain,topcow_mr_027,497,320,160,40,19,17,0,15,4
radius_2x_c095,topbrain,topcow_mr_027,498,320,160,80,53,51,14,25,14
radius_2x_c095,topbrain,topcow_mr_027,499,320,160,117,56,57,14,33,9
radius_2x_c095,topbrain,topcow_mr_027,500,320,200,0,19,14,2,9,8
radius_2x_c095,topbrain,topcow_mr_027,501,320,200,40,13,11,0,9,4
radius_2x_c095,topbrain,topcow_mr_027,502,320,200,80,37,34,11,15,11
radius_2x_c095,topbrain,topcow_mr_027,503,320,200,117,45,41,8,25,12
radius_2x_c095,topbrain,topcow_mr_027,504,320,240,0,7,5,1,3,3
radius_2x_c095,topbrain,topcow_mr_027,505,320,240,40,4,3,0,2,2
radius_2x_c095,topbrain,topcow_mr_027,506,320,240,80,28,26,7,11,10
radius_2x_c095,topbrain,topcow_mr_027,507,320,240,117,40,40,9,22,9
radius_2x_c095,topbrain,topcow_mr_027,508,320,280,0,4,3,1,2,1
radius_2x_c095,topbrain,topcow_mr_027,509,320,280,40,0,0,0,0,0
radius_2x_c095,topbrain,topcow_mr_027,510,320,280,80,18,16,5,3,10
radius_2x_c095,topbrain,topcow_mr_027,511,320,280,117,31,29,7,11,13
radius_2x_c095,topbrain,topcow_mr_027,512,320,320,0,0,0,0,0,0
radius_2x_c095,topbrain,topcow_mr_027,513,320,320,40,0,0,0,0,0
radius_2x_c095,topbrain,topcow_mr_027,514,320,320,80,7,6,0,5,2
radius_2x_c095,topbrain,topcow_mr_027,515,320,320,117,20,18,1,14,5
radius_2x_c095,topbrain,topcow_mr_027,516,320,360,0,0,0,0,0,0
radius_2x_c095,topbrain,topcow_mr_027,517,320,360,40,0,0,0,0,0
radius_2x_c095,topbrain,topcow_mr_027,518,320,360,80,6,5,0,4,2
radius_2x_c095,topbrain,topcow_mr_027,519,320,360,117,10,8,0,6,4
radius_2x_c095,topbrain,topcow_mr_027,520,320,400,0,0,0,0,0,0
radius_2x_c095,topbrain,topcow_mr_027,521,320,400,40,0,0,0,0,0
radius_2x_c095,topbrain,topcow_mr_027,522,320,400,80,0,0,0,0,0
radius_2x_c095,topbrain,topcow_mr_027,523,320,400,117,0,0,0,0,0
radius_2x_c095,topbrain,topcow_mr_027,524,320,440,0,0,0,0,0,0
radius_2x_c095,topbrain,topcow_mr_027,525,320,440,40,0,0,0,0,0
radius_2x_c095,topbrain,topcow_mr_027,526,320,440,80,0,0,0,0,0
radius_2x_c095,topbrain,topcow_mr_027,527,320,440,117,0,0,0,0,0
radius_2x_c095,topbrain,topcow_mr_027,528,320,480,0,0,0,0,0,0
radius_2x_c095,topbrain,topcow_mr_027,529,320,480,40,0,0,0,0,0
radius_2x_c095,topbrain,topcow_mr_027,530,320,480,80,0,0,0,0,0
radius_2x_c095,topbrain,topcow_mr_027,531,320,480,117,0,0,0,0,0
radius_2x_c095,topbrain,topcow_mr_027,532,320,520,0,0,0,0,0,0
radius_2x_c095,topbrain,topcow_mr_027,533,320,520,40,0,0,0,0,0
radius_2x_c095,topbrain,topcow_mr_027,534,320,520,80,0,0,0,0,0
radius_2x_c095,topbrain,topcow_mr_027,535,320,520,117,0,0,0,0,0
radius_2x_c095,topbrain,topcow_mr_027,536,320,533,0,0,0,0,0,0
radius_2x_c095,topbrain,topcow_mr_027,537,320,533,40,0,0,0,0,0
radius_2x_c095,topbrain,topcow_mr_027,538,320,533,80,0,0,0,0,0
radius_2x_c095,topbrain,topcow_mr_027,539,320,533,117,0,0,0,0,0
radius_2x_c095,topbrain,topcow_mr_027,540,360,0,0,0,0,0,0,0
radius_2x_c095,topbrain,topcow_mr_027,541,360,0,40,0,0,0,0,0
radius_2x_c095,topbrain,topcow_mr_027,542,360,0,80,0,0,0,0,0
radius_2x_c095,topbrain,topcow_mr_027,543,360,0,117,0,0,0,0,0
radius_2x_c095,topbrain,topcow_mr_027,544,360,40,0,0,0,0,0,0
radius_2x_c095,topbrain,topcow_mr_027,545,360,40,40,0,0,0,0,0
radius_2x_c095,topbrain,topcow_mr_027,546,360,40,80,0,0,0,0,0
radius_2x_c095,topbrain,topcow_mr_027,547,360,40,117,0,0,0,0,0
radius_2x_c095,topbrain,topcow_mr_027,548,360,80,0,0,0,0,0,0
radius_2x_c095,topbrain,topcow_mr_027,549,360,80,40,0,0,0,0,0
radius_2x_c095,topbrain,topcow_mr_027,550,360,80,80,0,0,0,0,0
radius_2x_c095,topbrain,topcow_mr_027,551,360,80,117,0,0,0,0,0
radius_2x_c095,topbrain,topcow_mr_027,552,360,120,0,0,0,0,0,0
radius_2x_c095,topbrain,topcow_mr_027,553,360,120,40,7,6,0,5,2
radius_2x_c095,topbrain,topcow_mr_027,554,360,120,80,24,22,3,16,5
radius_2x_c095,topbrain,topcow_mr_027,555,360,120,117,19,16,3,9,7
radius_2x_c095,topbrain,topcow_mr_027,556,360,160,0,8,5,1,2,5
radius_2x_c095,topbrain,topcow_mr_027,557,360,160,40,8,7,0,6,2
radius_2x_c095,topbrain,topcow_mr_027,558,360,160,80,50,45,13,22,15
radius_2x_c095,topbrain,topcow_mr_027,559,360,160,117,46,39,10,20,16
radius_2x_c095,topbrain,topcow_mr_027,560,360,200,0,6,5,2,2,2
radius_2x_c095,topbrain,topcow_mr_027,561,360,200,40,2,1,0,0,2
radius_2x_c095,topbrain,topcow_mr_027,562,360,200,80,37,34,13,15,9
radius_2x_c095,topbrain,topcow_mr_027,563,360,200,117,36,31,9,16,11
radius_2x_c095,topbrain,topcow_mr_027,564,360,240,0,0,0,0,0,0
radius_2x_c095,topbrain,topcow_mr_027,565,360,240,40,0,0,0,0,0
radius_2x_c095,topbrain,topcow_mr_027,566,360,240,80,33,31,8,16,9
radius_2x_c095,topbrain,topcow_mr_027,567,360,240,117,41,41,10,23,8
radius_2x_c095,topbrain,topcow_mr_027,568,360,280,0,0,0,0,0,0
radius_2x_c095,topbrain,topcow_mr_027,569,360,280,40,0,0,0,0,0
radius_2x_c095,topbrain,topcow_mr_027,570,360,280,80,27,23,7,8,12
radius_2x_c095,topbrain,topcow_mr_027,571,360,280,117,34,35,11,15,8
radius_2x_c095,topbrain,topcow_mr_027,572,360,320,0,0,0,0,0,0
radius_2x_c095,topbrain,topcow_mr_027,573,360,320,40,0,0,0,0,0
radius_2x_c095,topbrain,topcow_mr_027,574,360,320,80,13,11,1,9,3
radius_2x_c095,topbrain,topcow_mr_027,575,360,320,117,24,22,4,15,5
radius_2x_c095,topbrain,topcow_mr_027,576,360,360,0,0,0,0,0,0
radius_2x_c095,topbrain,topcow_mr_027,577,360,360,40,0,0,0,0,0
radius_2x_c095,topbrain,topcow_mr_027,578,360,360,80,9,8,0,7,2
radius_2x_c095,topbrain,topcow_mr_027,579,360,360,117,13,11,0,9,4
radius_2x_c095,topbrain,topcow_mr_027,580,360,400,0,0,0,0,0,0
radius_2x_c095,topbrain,topcow_mr_027,581,360,400,40,0,0,0,0,0
radius_2x_c095,topbrain,topcow_mr_027,582,360,400,80,0,0,0,0,0
radius_2x_c095,topbrain,topcow_mr_027,583,360,400,117,0,0,0,0,0
radius_2x_c095,topbrain,topcow_mr_027,584,360,440,0,0,0,0,0,0
radius_2x_c095,topbrain,topcow_mr_027,585,360,440,40,0,0,0,0,0
radius_2x_c095,topbrain,topcow_mr_027,586,360,440,80,0,0,0,0,0
radius_2x_c095,topbrain,topcow_mr_027,587,360,440,117,0,0,0,0,0
radius_2x_c095,topbrain,topcow_mr_027,588,360,480,0,0,0,0,0,0
radius_2x_c095,topbrain,topcow_mr_027,589,360,480,40,0,0,0,0,0
radius_2x_c095,topbrain,topcow_mr_027,590,360,480,80,0,0,0,0,0
radius_2x_c095,topbrain,topcow_mr_027,591,360,480,117,0,0,0,0,0
radius_2x_c095,topbrain,topcow_mr_027,592,360,520,0,0,0,0,0,0
radius_2x_c095,topbrain,topcow_mr_027,593,360,520,40,0,0,0,0,0
radius_2x_c095,topbrain,topcow_mr_027,594,360,520,80,0,0,0,0,0
radius_2x_c095,topbrain,topcow_mr_027,595,360,520,117,0,0,0,0,0
radius_2x_c095,topbrain,topcow_mr_027,596,360,533,0,0,0,0,0,0
radius_2x_c095,topbrain,topcow_mr_027,597,360,533,40,0,0,0,0,0
radius_2x_c095,topbrain,topcow_mr_027,598,360,533,80,0,0,0,0,0
radius_2x_c095,topbrain,topcow_mr_027,599,360,533,117,0,0,0,0,0
radius_2x_c095,topbrain,topcow_mr_027,600,400,0,0,0,0,0,0,0
radius_2x_c095,topbrain,topcow_mr_027,601,400,0,40,0,0,0,0,0
radius_2x_c095,topbrain,topcow_mr_027,602,400,0,80,0,0,0,0,0
radius_2x_c095,topbrain,topcow_mr_027,603,400,0,117,0,0,0,0,0
radius_2x_c095,topbrain,topcow_mr_027,604,400,40,0,0,0,0,0,0
radius_2x_c095,topbrain,topcow_mr_027,605,400,40,40,0,0,0,0,0
radius_2x_c095,topbrain,topcow_mr_027,606,400,40,80,0,0,0,0,0
radius_2x_c095,topbrain,topcow_mr_027,607,400,40,117,0,0,0,0,0
radius_2x_c095,topbrain,topcow_mr_027,608,400,80,0,0,0,0,0,0
radius_2x_c095,topbrain,topcow_mr_027,609,400,80,40,0,0,0,0,0
radius_2x_c095,topbrain,topcow_mr_027,610,400,80,80,0,0,0,0,0
radius_2x_c095,topbrain,topcow_mr_027,611,400,80,117,5,4,0,3,2
radius_2x_c095,topbrain,topcow_mr_027,612,400,120,0,0,0,0,0,0
radius_2x_c095,topbrain,topcow_mr_027,613,400,120,40,0,0,0,0,0
radius_2x_c095,topbrain,topcow_mr_027,614,400,120,80,10,8,1,6,3
radius_2x_c095,topbrain,topcow_mr_027,615,400,120,117,16,14,1,12,3
radius_2x_c095,topbrain,topcow_mr_027,616,400,160,0,5,4,0,3,2
radius_2x_c095,topbrain,topcow_mr_027,617,400,160,40,4,3,0,2,2
radius_2x_c095,topbrain,topcow_mr_027,618,400,160,80,14,12,1,10,3
radius_2x_c095,topbrain,topcow_mr_027,619,400,160,117,20,17,3,14,3
radius_2x_c095,topbrain,topcow_mr_027,620,400,200,0,5,4,0,3,2
radius_2x_c095,topbrain,topcow_mr_027,621,400,200,40,4,3,0,2,2
radius_2x_c095,topbrain,topcow_mr_027,622,400,200,80,2,1,1,0,1
radius_2x_c095,topbrain,topcow_mr_027,623,400,200,117,2,1,1,0,1
radius_2x_c095,topbrain,topcow_mr_027,624,400,240,0,0,0,0,0,0
radius_2x_c095,topbrain,topcow_mr_027,625,400,240,40,0,0,0,0,0
radius_2x_c095,topbrain,topcow_mr_027,626,400,240,80,7,5,2,3,2
radius_2x_c095,topbrain,topcow_mr_027,627,400,240,117,7,5,2,3,2
radius_2x_c095,topbrain,topcow_mr_027,628,400,280,0,0,0,0,0,0
radius_2x_c095,topbrain,topcow_mr_027,629,400,280,40,0,0,0,0,0
radius_2x_c095,topbrain,topcow_mr_027,630,400,280,80,7,5,2,3,2
radius_2x_c095,topbrain,topcow_mr_027,631,400,280,117,7,5,2,3,2
radius_2x_c095,topbrain,topcow_mr_027,632,400,320,0,0,0,0,0,0
radius_2x_c095,topbrain,topcow_mr_027,633,400,320,40,0,0,0,0,0
radius_2x_c095,topbrain,topcow_mr_027,634,400,320,80,4,3,0,2,2
radius_2x_c095,topbrain,topcow_mr_027,635,400,320,117,5,4,0,3,2
radius_2x_c095,topbrain,topcow_mr_027,636,400,360,0,0,0,0,0,0
radius_2x_c095,topbrain,topcow_mr_027,637,400,360,40,0,0,0,0,0
radius_2x_c095,topbrain,topcow_mr_027,638,400,360,80,4,3,0,2,2
radius_2x_c095,topbrain,topcow_mr_027,639,400,360,117,5,4,1,3,1
radius_2x_c095,topbrain,topcow_mr_027,640,400,400,0,0,0,0,0,0
radius_2x_c095,topbrain,topcow_mr_027,641,400,400,40,0,0,0,0,0
radius_2x_c095,topbrain,topcow_mr_027,642,400,400,80,0,0,0,0,0
radius_2x_c095,topbrain,topcow_mr_027,643,400,400,117,0,0,0,0,0
radius_2x_c095,topbrain,topcow_mr_027,644,400,440,0,0,0,0,0,0
radius_2x_c095,topbrain,topcow_mr_027,645,400,440,40,0,0,0,0,0
radius_2x_c095,topbrain,topcow_mr_027,646,400,440,80,0,0,0,0,0
radius_2x_c095,topbrain,topcow_mr_027,647,400,440,117,0,0,0,0,0
radius_2x_c095,topbrain,topcow_mr_027,648,400,480,0,0,0,0,0,0
radius_2x_c095,topbrain,topcow_mr_027,649,400,480,40,0,0,0,0,0
radius_2x_c095,topbrain,topcow_mr_027,650,400,480,80,0,0,0,0,0
radius_2x_c095,topbrain,topcow_mr_027,651,400,480,117,0,0,0,0,0
radius_2x_c095,topbrain,topcow_mr_027,652,400,520,0,0,0,0,0,0
radius_2x_c095,topbrain,topcow_mr_027,653,400,520,40,0,0,0,0,0
radius_2x_c095,topbrain,topcow_mr_027,654,400,520,80,0,0,0,0,0
radius_2x_c095,topbrain,topcow_mr_027,655,400,520,117,0,0,0,0,0
radius_2x_c095,topbrain,topcow_mr_027,656,400,533,0,0,0,0,0,0
radius_2x_c095,topbrain,topcow_mr_027,657,400,533,40,0,0,0,0,0
radius_2x_c095,topbrain,topcow_mr_027,658,400,533,80,0,0,0,0,0
radius_2x_c095,topbrain,topcow_mr_027,659,400,533,117,0,0,0,0,0
radius_2x_c095,topbrain,topcow_mr_027,660,406,0,0,0,0,0,0,0
radius_2x_c095,topbrain,topcow_mr_027,661,406,0,40,0,0,0,0,0
radius_2x_c095,topbrain,topcow_mr_027,662,406,0,80,0,0,0,0,0
radius_2x_c095,topbrain,topcow_mr_027,663,406,0,117,0,0,0,0,0
radius_2x_c095,topbrain,topcow_mr_027,664,406,40,0,0,0,0,0,0
radius_2x_c095,topbrain,topcow_mr_027,665,406,40,40,0,0,0,0,0
radius_2x_c095,topbrain,topcow_mr_027,666,406,40,80,0,0,0,0,0
radius_2x_c095,topbrain,topcow_mr_027,667,406,40,117,0,0,0,0,0
radius_2x_c095,topbrain,topcow_mr_027,668,406,80,0,0,0,0,0,0
radius_2x_c095,topbrain,topcow_mr_027,669,406,80,40,0,0,0,0,0
radius_2x_c095,topbrain,topcow_mr_027,670,406,80,80,0,0,0,0,0
radius_2x_c095,topbrain,topcow_mr_027,671,406,80,117,5,4,0,3,2
radius_2x_c095,topbrain,topcow_mr_027,672,406,120,0,0,0,0,0,0
radius_2x_c095,topbrain,topcow_mr_027,673,406,120,40,0,0,0,0,0
radius_2x_c095,topbrain,topcow_mr_027,674,406,120,80,15,13,0,11,4
radius_2x_c095,topbrain,topcow_mr_027,675,406,120,117,24,22,1,20,3
radius_2x_c095,topbrain,topcow_mr_027,676,406,160,0,5,4,1,3,1
radius_2x_c095,topbrain,topcow_mr_027,677,406,160,40,6,4,2,2,2
radius_2x_c095,topbrain,topcow_mr_027,678,406,160,80,19,17,1,15,3
radius_2x_c095,topbrain,topcow_mr_027,679,406,160,117,26,23,2,20,4
radius_2x_c095,topbrain,topcow_mr_027,680,406,200,0,5,4,1,3,1
radius_2x_c095,topbrain,topcow_mr_027,681,406,200,40,8,5,4,2,2
radius_2x_c095,topbrain,topcow_mr_027,682,406,200,80,6,4,2,2,2
radius_2x_c095,topbrain,topcow_mr_027,683,406,200,117,5,3,1,1,3
radius_2x_c095,topbrain,topcow_mr_027,684,406,240,0,0,0,0,0,0
radius_2x_c095,topbrain,topcow_mr_027,685,406,240,40,0,0,0,0,0
radius_2x_c095,topbrain,topcow_mr_027,686,406,240,80,7,5,2,3,2
radius_2x_c095,topbrain,topcow_mr_027,687,406,240,117,7,5,2,3,2
radius_2x_c095,topbrain,topcow_mr_027,688,406,280,0,0,0,0,0,0
radius_2x_c095,topbrain,topcow_mr_027,689,406,280,40,0,0,0,0,0
radius_2x_c095,topbrain,topcow_mr_027,690,406,280,80,6,4,2,2,2
radius_2x_c095,topbrain,topcow_mr_027,691,406,280,117,6,4,2,2,2
radius_2x_c095,topbrain,topcow_mr_027,692,406,320,0,0,0,0,0,0
radius_2x_c095,topbrain,topcow_mr_027,693,406,320,40,0,0,0,0,0
radius_2x_c095,topbrain,topcow_mr_027,694,406,320,80,4,3,0,2,2
radius_2x_c095,topbrain,topcow_mr_027,695,406,320,117,5,4,0,3,2
radius_2x_c095,topbrain,topcow_mr_027,696,406,360,0,0,0,0,0,0
radius_2x_c095,topbrain,topcow_mr_027,697,406,360,40,0,0,0,0,0
radius_2x_c095,topbrain,topcow_mr_027,698,406,360,80,4,3,0,2,2
radius_2x_c095,topbrain,topcow_mr_027,699,406,360,117,5,4,1,3,1
radius_2x_c095,topbrain,topcow_mr_027,700,406,400,0,0,0,0,0,0
radius_2x_c095,topbrain,topcow_mr_027,701,406,400,40,0,0,0,0,0
radius_2x_c095,topbrain,topcow_mr_027,702,406,400,80,0,0,0,0,0
radius_2x_c095,topbrain,topcow_mr_027,703,406,400,117,0,0,0,0,0
radius_2x_c095,topbrain,topcow_mr_027,704,406,440,0,0,0,0,0,0
radius_2x_c095,topbrain,topcow_mr_027,705,406,440,40,0,0,0,0,0
radius_2x_c095,topbrain,topcow_mr_027,706,406,440,80,0,0,0,0,0
radius_2x_c095,topbrain,topcow_mr_027,707,406,440,117,0,0,0,0,0
radius_2x_c095,topbrain,topcow_mr_027,708,406,480,0,0,0,0,0,0
radius_2x_c095,topbrain,topcow_mr_027,709,406,480,40,0,0,0,0,0
radius_2x_c095,topbrain,topcow_mr_027,710,406,480,80,0,0,0,0,0
radius_2x_c095,topbrain,topcow_mr_027,711,406,480,117,0,0,0,0,0
radius_2x_c095,topbrain,topcow_mr_027,712,406,520,0,0,0,0,0,0
radius_2x_c095,topbrain,topcow_mr_027,713,406,520,40,0,0,0,0,0
radius_2x_c095,topbrain,topcow_mr_027,714,406,520,80,0,0,0,0,0
radius_2x_c095,topbrain,topcow_mr_027,715,406,520,117,0,0,0,0,0
radius_2x_c095,topbrain,topcow_mr_027,716,406,533,0,0,0,0,0,0
radius_2x_c095,topbrain,topcow_mr_027,717,406,533,40,0,0,0,0,0
radius_2x_c095,topbrain,topcow_mr_027,718,406,533,80,0,0,0,0,0
radius_2x_c095,topbrain,topcow_mr_027,719,406,533,117,0,0,0,0,0
