representation,anchor_a,anchor_b,parallel_branch_index,dense_length_mm,length_mm,absolute_length_error_mm,absolute_arc_chord_tortuosity_error,reference_samples,representation_samples,subject,stratum
junction_only,0,44,0,52.357653314809816,32.45079112248821,19.906862192321604,0.6134476696479139,106,66,IXI013-HH-1212-MRA_IXI-HH,IXI-HH
junction_only,0,209,0,7.420046379232196,5.238954093240425,2.181092285991771,0.41632208398350573,16,12,IXI013-HH-1212-MRA_IXI-HH,IXI-HH
junction_only,0,215,0,34.13264163706098,13.875430286726226,20.25721135033475,1.459933921452049,70,29,IXI013-HH-1212-MRA_IXI-HH,IXI-HH
junction_only,1,2,0,18.39684831123544,15.559205862317267,2.8376424489181744,0.182377074641749,38,33,IXI013-HH-1212-MRA_IXI-HH,IXI-HH
junction_only,1,11,0,37.39024121721437,16.71730521788991,20.67293599932446,1.2366189245143087,76,35,IXI013-HH-1212-MRA_IXI-HH,IXI-HH
junction_only,1,213,0,37.72405263563798,25.401601966201557,12.322450669436424,0.4851052577641452,77,52,IXI013-HH-1212-MRA_IXI-HH,IXI-HH
junction_only,1,225,0,42.8941573498781,30.639294701711343,12.254862648166757,0.3999720870690365,87,63,IXI013-HH-1212-MRA_IXI-HH,IXI-HH
junction_only,2,3,0,3.4651268884086543,2.9613986808543773,0.503728207554277,0.17009807251246195,8,7,IXI013-HH-1212-MRA_IXI-HH,IXI-HH
junction_only,2,210,0,9.088671859840437,7.260778242844972,1.827893616995465,0.2517489938212527,20,16,IXI013-HH-1212-MRA_IXI-HH,IXI-HH
junction_only,3,8,0,12.831601505804057,10.466919292396337,2.36468221340772,0.22591959939210926,27,22,IXI013-HH-1212-MRA_IXI-HH,IXI-HH
junction_only,3,16,0,17.571447608583107,14.624927226668731,2.9465203819143753,0.2014724816231126,37,31,IXI013-HH-1212-MRA_IXI-HH,IXI-HH
junction_only,4,5,0,1.966181674652197,1.9127552239749024,0.05342645067729457,0.027931671552970015,5,5,IXI013-HH-1212-MRA_IXI-HH,IXI-HH
junction_only,4,6,0,2.639379858380325,2.038534941212904,0.600844917167421,0.29474349692035473,7,6,IXI013-HH-1212-MRA_IXI-HH,IXI-HH
junction_only,4,29,0,74.57103482253206,37.55772343607091,37.01331138646115,0.9855046579024835,151,77,IXI013-HH-1212-MRA_IXI-HH,IXI-HH
junction_only,5,6,0,2.170629869036615,1.8698783602149773,0.3007515088216377,0.16084014619382017,6,5,IXI013-HH-1212-MRA_IXI-HH,IXI-HH
junction_only,5,216,0,80.93035104525674,39.19106869566391,41.739282349592834,1.0650202645331501,163,80,IXI013-HH-1212-MRA_IXI-HH,IXI-HH
junction_only,6,7,0,3.5665942202267926,2.5242959219380703,1.0422982982887223,0.4129065412776488,9,7,IXI013-HH-1212-MRA_IXI-HH,IXI-HH
junction_only,7,41,0,15.277514467419225,11.337549567715964,3.939964899703261,0.3475146790910125,32,24,IXI013-HH-1212-MRA_IXI-HH,IXI-HH
junction_only,7,44,0,21.005270850116165,12.765593577827865,8.2396772722883,0.6454597839147506,44,27,IXI013-HH-1212-MRA_IXI-HH,IXI-HH
junction_only,8,10,0,2.077934572351893,2.0779345723518925,4.440892098500626e-16,2.1371664717403687e-16,6,6,IXI013-HH-1212-MRA_IXI-HH,IXI-HH
junction_only,8,11,0,7.810737261981924,7.053301237224438,0.7574360247574861,0.10738744869707942,17,16,IXI013-HH-1212-MRA_IXI-HH,IXI-HH
junction_only,9,19,0,7.754074611411708,6.2840972860726705,1.4699773253390376,0.2339202049906072,17,14,IXI013-HH-1212-MRA_IXI-HH,IXI-HH
junction_only,9,24,0,34.715346511292864,13.466755241414925,21.24859126987794,1.5778553102778006,71,28,IXI013-HH-1212-MRA_IXI-HH,IXI-HH
junction_only,9,212,0,96.4780363861149,41.867111161697345,54.61092522441755,1.3043872316267917,194,85,IXI013-HH-1212-MRA_IXI-HH,IXI-HH
junction_only,10,12,0,38.283933224607374,25.626627290284034,12.65730593432334,0.4939122808065412,78,53,IXI013-HH-1212-MRA_IXI-HH,IXI-HH
junction_only,10,17,0,3.7607568247905068,3.16712841707626,0.5936284077142466,0.18743427153555575,9,8,IXI013-HH-1212-MRA_IXI-HH,IXI-HH
junction_only,11,37,0,12.05296614751167,7.514633898630472,4.538332248881198,0.6039325814273268,26,17,IXI013-HH-1212-MRA_IXI-HH,IXI-HH
junction_only,12,25,0,2.9139672205781024,2.5204940256666153,0.39347319491148713,0.15610955269271948,7,7,IXI013-HH-1212-MRA_IXI-HH,IXI-HH
junction_only,12,214,0,7.633266568445039,4.975176466592,2.6580901018530394,0.5342705167750227,17,11,IXI013-HH-1212-MRA_IXI-HH,IXI-HH
junction_only,13,15,0,4.147097151619985,3.26953853543034,0.8775586161896447,0.2684044267042534,10,8,IXI013-HH-1212-MRA_IXI-HH,IXI-HH
junction_only,13,20,0,2.9860913066928365,2.3273256877610105,0.6587656189318261,0.28305691051156123,7,6,IXI013-HH-1212-MRA_IXI-HH,IXI-HH
junction_only,13,24,0,3.6783471670303536,2.7332586529860476,0.9450885140443059,0.34577353775567843,9,7,IXI013-HH-1212-MRA_IXI-HH,IXI-HH
junction_only,14,16,0,5.177292444140846,4.319441825552592,0.8578506185882544,0.19860219288368547,12,10,IXI013-HH-1212-MRA_IXI-HH,IXI-HH
junction_only,14,17,0,9.176191310752467,7.026917880207205,2.1492734305452617,0.3058628928337334,20,16,IXI013-HH-1212-MRA_IXI-HH,IXI-HH
junction_only,14,26,0,10.759636249947569,9.356389497890154,1.4032467520574148,0.1499773766765315,23,20,IXI013-HH-1212-MRA_IXI-HH,IXI-HH
junction_only,15,19,0,5.5478247063755965,4.8455598848377335,0.7022648215378631,0.14492955163660726,13,11,IXI013-HH-1212-MRA_IXI-HH,IXI-HH
junction_only,15,23,0,2.5466845760660037,2.3273256955811643,0.21935888048483942,0.09425362376281528,7,6,IXI013-HH-1212-MRA_IXI-HH,IXI-HH
junction_only,16,21,0,17.7620141720378,13.564931615775496,4.1970825562623055,0.3094068348550507,37,29,IXI013-HH-1212-MRA_IXI-HH,IXI-HH
junction_only,16,24,0,4.962558605730195,3.5050688105662235,1.4574897951639718,0.41582344710902347,11,9,IXI013-HH-1212-MRA_IXI-HH,IXI-HH
junction_only,17,31,0,7.5405713451651675,6.675661078800044,0.8649102663651238,0.12956174020155503,17,15,IXI013-HH-1212-MRA_IXI-HH,IXI-HH
junction_only,18,21,0,1.9661816689093548,1.9127552177363403,0.05342645117301448,0.027931671903236147,5,5,IXI013-HH-1212-MRA_IXI-HH,IXI-HH
junction_only,18,22,0,4.636071867028859,4.442448642469253,0.19362322455960612,0.043584797516530036,11,10,IXI013-HH-1212-MRA_IXI-HH,IXI-HH
junction_only,18,26,0,2.4349316420181637,2.181115590323136,0.25381605169502786,0.11636983056795472,6,6,IXI013-HH-1212-MRA_IXI-HH,IXI-HH
junction_only,19,23,0,4.229094161730597,3.367288481618263,0.8618056801123339,0.25593461469572826,10,8,IXI013-HH-1212-MRA_IXI-HH,IXI-HH
junction_only,20,24,0,1.9661816746529914,1.9127552239756442,0.05342645067734719,0.027931671552986693,5,5,IXI013-HH-1212-MRA_IXI-HH,IXI-HH
junction_only,20,33,0,26.364206508136697,17.795518730503943,8.568687777632753,0.4815081767155715,54,37,IXI013-HH-1212-MRA_IXI-HH,IXI-HH
junction_only,21,30,0,4.48352296737343,3.966505071193664,0.517017896179766,0.13034595617551467,10,9,IXI013-HH-1212-MRA_IXI-HH,IXI-HH
junction_only,22,211,0,39.74797103206022,16.181066113927034,23.566904918133186,1.4564494547024416,81,34,IXI013-HH-1212-MRA_IXI-HH,IXI-HH
junction_only,22,224,0,23.74138908357084,17.69094978879552,6.05043929477532,0.3420076008924821,49,37,IXI013-HH-1212-MRA_IXI-HH,IXI-HH
junction_only,23,27,0,3.4738989509250935,2.2437760598766165,1.230122891048477,0.5482378179559151,8,6,IXI013-HH-1212-MRA_IXI-HH,IXI-HH
junction_only,25,28,0,3.0154345736994435,2.0963136931594017,0.9191208805400417,0.43844625140754284,8,6,IXI013-HH-1212-MRA_IXI-HH,IXI-HH
junction_only,25,28,1,9.650529749225372,2.0963136931594017,7.55421605606597,3.603571393306524,21,6,IXI013-HH-1212-MRA_IXI-HH,IXI-HH
junction_only,26,32,0,5.551833504539745,5.236962739223599,0.31487076531614644,0.06012469077884394,13,12,IXI013-HH-1212-MRA_IXI-HH,IXI-HH
junction_only,27,39,0,6.391364652817821,5.13303090607633,1.2583337467414912,0.24514439319894077,14,12,IXI013-HH-1212-MRA_IXI-HH,IXI-HH
junction_only,27,41,0,15.151281789606541,11.404501168960154,3.746780620646387,0.3285352480689002,32,24,IXI013-HH-1212-MRA_IXI-HH,IXI-HH
junction_only,28,219,0,10.536948222171535,7.494883488871475,3.0420647333000606,0.4058855268153225,23,16,IXI013-HH-1212-MRA_IXI-HH,IXI-HH
junction_only,29,217,0,35.97034413236177,11.413054318751307,24.55728981361046,2.151684301831769,73,24,IXI013-HH-1212-MRA_IXI-HH,IXI-HH
junction_only,29,222,0,41.52318100693896,19.533373031907182,21.98980797503178,1.125755799528944,85,41,IXI013-HH-1212-MRA_IXI-HH,IXI-HH
junction_only,30,32,0,3.4738989688563175,3.1866174268362157,0.2872815420201018,0.09015250453372588,8,8,IXI013-HH-1212-MRA_IXI-HH,IXI-HH
junction_only,30,33,0,4.911477062708455,2.4765225106250752,2.4349545520833797,0.9832151905087252,11,6,IXI013-HH-1212-MRA_IXI-HH,IXI-HH
junction_only,30,34,0,2.3231787071309777,2.13014990446275,0.19302880266822786,0.09061747357020496,6,6,IXI013-HH-1212-MRA_IXI-HH,IXI-HH
junction_only,31,37,0,9.132211881483652,3.081452697350598,6.050759184133055,1.9636060580567851,20,8,IXI013-HH-1212-MRA_IXI-HH,IXI-HH
junction_only,31,37,1,3.585651865049031,3.081452697350598,0.5041991676984332,0.1636238544670631,9,8,IXI013-HH-1212-MRA_IXI-HH,IXI-HH
junction_only,32,35,0,1.9661816479413115,1.9127551938386307,0.053426454102680765,0.027931673783858028,5,5,IXI013-HH-1212-MRA_IXI-HH,IXI-HH
junction_only,33,34,0,3.47389893684017,3.045590942598975,0.4283079942411949,0.1406321473610949,8,8,IXI013-HH-1212-MRA_IXI-HH,IXI-HH
junction_only,34,36,0,1.3258251844827265,1.3258251844827267,2.220446049250313e-16,1.6747653274640612e-16,4,4,IXI013-HH-1212-MRA_IXI-HH,IXI-HH
junction_only,35,36,0,2.8933960437689943,2.820862457076218,0.0725335866927761,0.02571326599452711,7,7,IXI013-HH-1212-MRA_IXI-HH,IXI-HH
junction_only,35,38,0,2.1706298728266518,1.8698783653317577,0.3007515074948941,0.1608401450441586,6,5,IXI013-HH-1212-MRA_IXI-HH,IXI-HH
junction_only,36,40,0,2.8335424650676297,2.4765225068290504,0.35701995823857935,0.14416180642578094,7,6,IXI013-HH-1212-MRA_IXI-HH,IXI-HH
junction_only,38,40,0,2.8779345449362417,2.741862836432578,0.13607170850366357,0.049627467390274585,7,7,IXI013-HH-1212-MRA_IXI-HH,IXI-HH
junction_only,38,42,0,4.159367648695299,3.106249905364092,1.0531177433312067,0.3390318794095119,10,8,IXI013-HH-1212-MRA_IXI-HH,IXI-HH
junction_only,39,45,0,10.654565303345892,8.151581166278405,2.5029841370674877,0.30705504686892815,23,18,IXI013-HH-1212-MRA_IXI-HH,IXI-HH
junction_only,39,45,1,15.458710827018761,8.151581166278405,7.307129660740356,0.8964064163365766,32,18,IXI013-HH-1212-MRA_IXI-HH,IXI-HH
junction_only,40,42,0,5.369941439360559,3.528129087322103,1.8418123520384562,0.5220365543473967,12,9,IXI013-HH-1212-MRA_IXI-HH,IXI-HH
junction_only,41,44,0,5.064025916703939,2.8378096341478325,2.226216282556107,0.7844840104028397,12,7,IXI013-HH-1212-MRA_IXI-HH,IXI-HH
junction_only,41,45,0,2.6290942393271983,2.1301499044628214,0.49894433486437695,0.2342296820608971,7,6,IXI013-HH-1212-MRA_IXI-HH,IXI-HH
junction_only,42,47,0,1.7018798784170386,1.5484871076155922,0.15339277080144642,0.09905976617244512,5,5,IXI013-HH-1212-MRA_IXI-HH,IXI-HH
junction_only,43,46,0,1.59012696710141,1.3185722320496236,0.2715547350517864,0.20594604410080328,5,4,IXI013-HH-1212-MRA_IXI-HH,IXI-HH
junction_only,43,47,0,2.0779345816554216,2.0779345816554216,0.0,0.0,6,6,IXI013-HH-1212-MRA_IXI-HH,IXI-HH
junction_only,43,48,0,3.678347165085169,2.7332586498762708,0.9450885152088984,0.3457735385751658,9,7,IXI013-HH-1212-MRA_IXI-HH,IXI-HH
junction_only,44,45,0,3.932363307855262,3.7088574617020345,0.22350584615322733,0.06026272200028363,9,9,IXI013-HH-1212-MRA_IXI-HH,IXI-HH
junction_only,46,47,0,3.108129854634663,2.091734056318375,1.016395798316288,0.4859106229332177,8,6,IXI013-HH-1212-MRA_IXI-HH,IXI-HH
junction_only,46,223,0,8.18593987974581,7.184466628992773,1.0014732507530368,0.1393942379398926,18,16,IXI013-HH-1212-MRA_IXI-HH,IXI-HH
junction_only,47,48,0,2.7919287277298706,2.1811156150477196,0.610813112682151,0.2800461875877164,7,6,IXI013-HH-1212-MRA_IXI-HH,IXI-HH
junction_only,47,49,0,2.53791252664307,2.3901653160880425,0.1477472105550275,0.06181464083699605,7,6,IXI013-HH-1212-MRA_IXI-HH,IXI-HH
junction_only,48,54,0,26.059011095888767,12.602470250719355,13.456540845169412,1.0677700940735255,54,27,IXI013-HH-1212-MRA_IXI-HH,IXI-HH
junction_only,49,52,0,6.960068399713276,5.23696280995604,1.7231055897572363,0.3290276544415064,15,12,IXI013-HH-1212-MRA_IXI-HH,IXI-HH
junction_only,49,54,0,15.745568804203666,12.332797077169252,3.4127717270344142,0.27672325310145685,33,26,IXI013-HH-1212-MRA_IXI-HH,IXI-HH
junction_only,50,51,0,17.426406162387202,10.223939605185466,7.202466557201737,0.7044707652174244,36,22,IXI013-HH-1212-MRA_IXI-HH,IXI-HH
junction_only,50,218,0,20.631687017533054,14.943284257329271,5.6884027602037825,0.3806661683099401,43,31,IXI013-HH-1212-MRA_IXI-HH,IXI-HH
junction_only,50,220,0,8.391240129923103,7.328310547811124,1.0629295821119795,0.14504428751719092,18,16,IXI013-HH-1212-MRA_IXI-HH,IXI-HH
junction_only,51,52,0,18.016030239774818,8.812475142170214,9.203555097604603,1.044377992462408,38,19,IXI013-HH-1212-MRA_IXI-HH,IXI-HH
junction_only,51,52,1,14.102028884972592,8.812475142170214,5.289553742802378,0.6002347419387715,30,19,IXI013-HH-1212-MRA_IXI-HH,IXI-HH
junction_only,53,57,0,23.45748514078215,19.908980982428645,3.5485041583535057,0.17823635280406164,48,41,IXI013-HH-1212-MRA_IXI-HH,IXI-HH
junction_only,53,221,0,21.944035655552778,15.496362537449462,6.447673118103316,0.4160765536119507,45,32,IXI013-HH-1212-MRA_IXI-HH,IXI-HH
junction_only,53,227,0,13.137517050754933,11.098623626867713,2.0388934238872203,0.18370687144948647,28,24,IXI013-HH-1212-MRA_IXI-HH,IXI-HH
junction_only,54,61,0,15.794665351877109,12.38261241767804,3.4120529341990693,0.2755519448648696,33,26,IXI013-HH-1212-MRA_IXI-HH,IXI-HH
junction_only,55,59,0,8.275136634939702,6.056001505074521,2.2191351298651814,0.36643569655748853,18,14,IXI013-HH-1212-MRA_IXI-HH,IXI-HH
junction_only,55,60,0,8.581052158590301,6.566088071911145,2.0149640866791563,0.3068743618135288,19,15,IXI013-HH-1212-MRA_IXI-HH,IXI-HH
junction_only,55,226,0,26.06250962263441,15.141520823652582,10.920988798981826,0.7212610229959292,54,32,IXI013-HH-1212-MRA_IXI-HH,IXI-HH
junction_only,55,230,0,41.36363525578193,19.995379049900336,21.368256205881593,1.0686597214563982,84,41,IXI013-HH-1212-MRA_IXI-HH,IXI-HH
junction_only,56,57,0,13.830468720609794,10.304127149967856,3.5263415706419377,0.3422261312694436,29,22,IXI013-HH-1212-MRA_IXI-HH,IXI-HH
junction_only,56,60,0,55.30638891044866,29.863360596862055,25.443028313586606,0.8519814182018107,112,61,IXI013-HH-1212-MRA_IXI-HH,IXI-HH
junction_only,56,67,0,37.15693342012467,24.43719981567389,12.719733604450784,0.5205070016365957,76,50,IXI013-HH-1212-MRA_IXI-HH,IXI-HH
junction_only,57,58,0,2.5466845638260347,2.1301499044627517,0.41653465936328304,0.19554241628282865,7,6,IXI013-HH-1212-MRA_IXI-HH,IXI-HH
junction_only,58,72,0,70.69001462128804,31.09304850888888,39.59696611239916,1.2734989977286781,143,64,IXI013-HH-1212-MRA_IXI-HH,IXI-HH
junction_only,58,228,0,7.1522460820534945,5.9812530211039485,1.170993060949546,0.19577721537909762,16,13,IXI013-HH-1212-MRA_IXI-HH,IXI-HH
junction_only,59,60,0,1.8389672508865518,1.7318928472248982,0.10707440366165355,0.061825074128127745,5,5,IXI013-HH-1212-MRA_IXI-HH,IXI-HH
junction_only,59,63,0,3.729428663757317,2.8124999016026777,0.9169287621546394,0.32601912683877277,9,7,IXI013-HH-1212-MRA_IXI-HH,IXI-HH
junction_only,60,63,0,3.796376867469368,2.876263206571908,0.92011366089746,0.3198989782281098,9,7,IXI013-HH-1212-MRA_IXI-HH,IXI-HH
junction_only,61,62,0,1.7272143186029711,1.6672511088862676,0.05996320971670355,0.03596531404124198,5,5,IXI013-HH-1212-MRA_IXI-HH,IXI-HH
junction_only,61,110,0,23.37754616284635,16.38380675320582,6.993739409640529,0.4268690124944292,48,34,IXI013-HH-1212-MRA_IXI-HH,IXI-HH
junction_only,62,64,0,4.698256783225129,3.9120505405801915,0.7862062426449374,0.20097036950047587,11,9,IXI013-HH-1212-MRA_IXI-HH,IXI-HH
junction_only,62,229,0,30.759252852607364,19.332340672514547,11.426912180092817,0.5910775303240362,63,40,IXI013-HH-1212-MRA_IXI-HH,IXI-HH
junction_only,63,236,0,23.493708386586036,10.220614872312794,13.273093514273242,1.2986590024274842,48,22,IXI013-HH-1212-MRA_IXI-HH,IXI-HH
junction_only,64,67,0,20.077238732470718,14.806993692957795,5.270245039512924,0.355929444477271,42,31,IXI013-HH-1212-MRA_IXI-HH,IXI-HH
junction_only,64,68,0,4.628117643961002,4.110932357313596,0.5171852866474067,0.12580729666526938,11,10,IXI013-HH-1212-MRA_IXI-HH,IXI-HH
junction_only,65,66,0,3.484184560234212,2.837809642624971,0.6463749176092408,0.2277724720856698,8,7,IXI013-HH-1212-MRA_IXI-HH,IXI-HH
junction_only,65,68,0,5.083083566760276,5.000878641704501,0.08220492505577504,0.01643809637175204,12,12,IXI013-HH-1212-MRA_IXI-HH,IXI-HH
junction_only,65,232,0,9.914831635153458,8.329027066097254,1.5858045690562044,0.19039493526334134,21,18,IXI013-HH-1212-MRA_IXI-HH,IXI-HH
junction_only,66,69,0,5.440080618158577,5.087995016580206,0.3520856015783709,0.0691992819236325,12,12,IXI013-HH-1212-MRA_IXI-HH,IXI-HH
junction_only,66,70,0,9.214621557919562,6.344845855232629,2.8697757026869333,0.45230030298060175,20,14,IXI013-HH-1212-MRA_IXI-HH,IXI-HH
junction_only,67,72,0,7.4200463211880265,5.52474530357065,1.8953010176173768,0.34305672270402066,16,13,IXI013-HH-1212-MRA_IXI-HH,IXI-HH
junction_only,68,69,0,3.2095971636549456,2.509053827347405,0.7005433363075406,0.27920618070125724,8,7,IXI013-HH-1212-MRA_IXI-HH,IXI-HH
junction_only,69,70,0,6.195688493921461,4.077069934207045,2.118618559714416,0.5196424378053913,14,10,IXI013-HH-1212-MRA_IXI-HH,IXI-HH
junction_only,70,235,0,8.560480968308083,4.89193363302173,3.6685473352863527,0.7499176420797647,19,11,IXI013-HH-1212-MRA_IXI-HH,IXI-HH
junction_only,71,77,0,7.888796381366456,6.5493348900405035,1.3394614913259524,0.20451870515322948,17,15,IXI013-HH-1212-MRA_IXI-HH,IXI-HH
junction_only,71,79,0,31.00801021450493,24.14599580874226,6.862014405762672,0.2841885031421327,64,50,IXI013-HH-1212-MRA_IXI-HH,IXI-HH
junction_only,71,234,0,43.291950545427824,26.503709609457562,16.78824093597026,0.6334298550411056,88,55,IXI013-HH-1212-MRA_IXI-HH,IXI-HH
junction_only,72,89,0,4.962558556408484,3.955716613279719,1.0068419431287654,0.254528329898229,11,9,IXI013-HH-1212-MRA_IXI-HH,IXI-HH
junction_only,73,77,0,17.50607174884056,14.030364051741744,3.4757076970988177,0.24772754892752336,37,30,IXI013-HH-1212-MRA_IXI-HH,IXI-HH
junction_only,73,78,0,13.260251407738858,9.854904277088655,3.4053471306502026,0.34554847362314645,28,21,IXI013-HH-1212-MRA_IXI-HH,IXI-HH
junction_only,73,243,0,75.88684998367287,40.16685286532344,35.71999711834943,0.8892904116266217,153,82,IXI013-HH-1212-MRA_IXI-HH,IXI-HH
junction_only,74,87,0,16.73566397512911,13.158439384988814,3.577224590140297,0.2718578157696425,35,28,IXI013-HH-1212-MRA_IXI-HH,IXI-HH
junction_only,74,93,0,8.186791914537022,7.469609912843835,0.7171820016931862,0.0960133139563295,18,16,IXI013-HH-1212-MRA_IXI-HH,IXI-HH
junction_only,74,94,0,2.4452172477871112,1.8698783526774443,0.575338895109667,0.3076878740725833,6,5,IXI013-HH-1212-MRA_IXI-HH,IXI-HH
junction_only,75,82,0,3.942648936635078,2.618899041536893,1.3237498950981852,0.5054604526951701,9,7,IXI013-HH-1212-MRA_IXI-HH,IXI-HH
junction_only,75,83,0,1.8389672430128094,1.731892837450459,0.10707440556235048,0.06182507557452345,5,5,IXI013-HH-1212-MRA_IXI-HH,IXI-HH
junction_only,75,95,0,6.683083465645784,5.849482200028948,0.8336012656168359,0.14250855667407802,15,13,IXI013-HH-1212-MRA_IXI-HH,IXI-HH
junction_only,76,86,0,2.8933960249005786,2.4898699646689653,0.4035260602316133,0.16206712236285928,7,6,IXI013-HH-1212-MRA_IXI-HH,IXI-HH
junction_only,76,96,0,3.1169018821490666,3.116901882149066,4.440892098500626e-16,1.4247776370293326e-16,8,8,IXI013-HH-1212-MRA_IXI-HH,IXI-HH
junction_only,76,113,0,8.974650918864135,8.338132114819299,0.6365188040448366,0.0763382967887444,19,18,IXI013-HH-1212-MRA_IXI-HH,IXI-HH
junction_only,77,237,0,11.426047354762359,8.374955531569476,3.0510918231928823,0.3643114057969337,24,18,IXI013-HH-1212-MRA_IXI-HH,IXI-HH
junction_only,78,90,0,12.076218185736565,10.629513568169338,1.4467046175672262,0.13610261732949497,26,23,IXI013-HH-1212-MRA_IXI-HH,IXI-HH
junction_only,78,248,0,39.147277621416634,28.828864902273178,10.318412719143456,0.3579194933314853,80,59,IXI013-HH-1212-MRA_IXI-HH,IXI-HH
junction_only,79,80,0,3.454428653958031,3.199999827346865,0.25442882661116606,0.07950901260582699,8,8,IXI013-HH-1212-MRA_IXI-HH,IXI-HH
junction_only,79,87,0,5.019221157490794,3.994106806275499,1.0251143512152945,0.2566567197463637,12,9,IXI013-HH-1212-MRA_IXI-HH,IXI-HH
junction_only,80,106,0,69.59821748441989,2.8762631995051366,66.72195428491476,23.197443925296657,141,7,IXI013-HH-1212-MRA_IXI-HH,IXI-HH
junction_only,80,106,1,5.2581885104843735,2.8762631995051366,2.381925310979237,0.82813190092932,12,7,IXI013-HH-1212-MRA_IXI-HH,IXI-HH
junction_only,81,88,0,3.9323633262535136,2.0963136953210086,1.836049630932505,0.8758467947953518,9,6,IXI013-HH-1212-MRA_IXI-HH,IXI-HH
junction_only,81,90,0,4.1776074569014625,2.3273256955804578,1.8502817613210047,0.7950248496953609,10,6,IXI013-HH-1212-MRA_IXI-HH,IXI-HH
junction_only,81,91,0,1.5077172833920571,1.3185722192503662,0.18914506414169097,0.14344687486986765,5,4,IXI013-HH-1212-MRA_IXI-HH,IXI-HH
junction_only,82,83,0,2.1706298855894683,1.6178810130897423,0.552748872499726,0.3416498914491344,6,5,IXI013-HH-1212-MRA_IXI-HH,IXI-HH
junction_only,82,100,0,3.3022924656441885,2.8479295647194647,0.45436290092472387,0.15954148113543,8,7,IXI013-HH-1212-MRA_IXI-HH,IXI-HH
junction_only,83,84,0,2.263325172447962,1.8749999776417492,0.38832519480621297,0.20710677303293767,6,5,IXI013-HH-1212-MRA_IXI-HH,IXI-HH
junction_only,84,85,0,6.3518335048275585,5.153214786898228,1.1986187179293308,0.2325963049273154,14,12,IXI013-HH-1212-MRA_IXI-HH,IXI-HH
junction_only,84,101,0,2.4349316373655117,1.4823176053360518,0.9526140320294598,0.6426517694994897,6,4,IXI013-HH-1212-MRA_IXI-HH,IXI-HH
junction_only,85,86,0,1.8544287402850312,1.5999999136739766,0.2544288266110546,0.15901802521153022,5,5,IXI013-HH-1212-MRA_IXI-HH,IXI-HH
junction_only,85,102,0,2.893396009707848,2.820862418959951,0.07253359074789678,0.025713267779518236,7,7,IXI013-HH-1212-MRA_IXI-HH,IXI-HH
junction_only,86,96,0,3.1802539230574505,2.09631369315799,1.0839402298994605,0.5170696701725779,8,6,IXI013-HH-1212-MRA_IXI-HH,IXI-HH
junction_only,87,90,0,3.9169018447292365,3.5266506120053225,0.39025123272391404,0.11065775310869529,9,9,IXI013-HH-1212-MRA_IXI-HH,IXI-HH
junction_only,87,106,0,11.728051702149067,8.684801298062924,3.043250404086143,0.35041105716084897,25,19,IXI013-HH-1212-MRA_IXI-HH,IXI-HH
junction_only,88,91,0,2.1706298774794996,1.617880996870546,0.5527488806089536,0.34164989988641387,6,5,IXI013-HH-1212-MRA_IXI-HH,IXI-HH
junction_only,88,92,0,6.195688502885584,3.2357619937409576,2.9599265091446267,0.91475408725058,14,8,IXI013-HH-1212-MRA_IXI-HH,IXI-HH
junction_only,88,92,1,5.66708494755157,3.2357619937409576,2.431322953810612,0.7513911587173596,13,8,IXI013-HH-1212-MRA_IXI-HH,IXI-HH
junction_only,89,105,0,2.323178718779807,2.1301499196742064,0.19302879910560078,0.09061747125062604,6,6,IXI013-HH-1212-MRA_IXI-HH,IXI-HH
junction_only,89,238,0,13.002253177508049,12.073019394730395,0.9292337827776542,0.0769678033635268,28,26,IXI013-HH-1212-MRA_IXI-HH,IXI-HH
junction_only,90,91,0,2.721789543462906,2.0385349671033364,0.6832545763595697,0.33516941695164676,7,6,IXI013-HH-1212-MRA_IXI-HH,IXI-HH
junction_only,92,99,0,4.698256833400974,3.3145629963573695,1.3836938370436043,0.41745890440587574,11,8,IXI013-HH-1212-MRA_IXI-HH,IXI-HH
junction_only,92,99,1,4.615847160503558,3.3145629963573695,1.301284164146188,0.39259599699154013,11,8,IXI013-HH-1212-MRA_IXI-HH,IXI-HH
junction_only,93,239,0,39.92268541347217,15.10781617725369,24.814869236218485,1.6425186105705813,81,32,IXI013-HH-1212-MRA_IXI-HH,IXI-HH
junction_only,93,241,0,28.61266080375531,15.866020547809732,12.746640255945579,0.8033923955623026,59,33,IXI013-HH-1212-MRA_IXI-HH,IXI-HH
junction_only,94,103,0,2.077934590620278,1.8544287351795965,0.22350585544068147,0.1205254487274948,6,5,IXI013-HH-1212-MRA_IXI-HH,IXI-HH
junction_only,94,108,0,2.364792474455997,1.6844184213193132,0.680374053136684,0.4039222348350857,6,5,IXI013-HH-1212-MRA_IXI-HH,IXI-HH
junction_only,94,113,0,10.433967315700338,7.628646392447018,2.80532092325332,0.3677350841731,22,17,IXI013-HH-1212-MRA_IXI-HH,IXI-HH
junction_only,95,96,0,2.1706298774802124,1.6178809968712258,0.5527488806089866,0.34164989988629085,6,5,IXI013-HH-1212-MRA_IXI-HH,IXI-HH
junction_only,95,99,0,19.057329045315015,14.977494439098102,4.079834606216913,0.27239767123976905,40,31,IXI013-HH-1212-MRA_IXI-HH,IXI-HH
junction_only,97,140,0,9.863749994982193,8.276097096587103,1.5876528983950902,0.19183594390764294,21,18,IXI013-HH-1212-MRA_IXI-HH,IXI-HH
junction_only,97,231,0,75.0460010577245,40.12812398187094,34.91787707585355,0.8701597186957638,152,82,IXI013-HH-1212-MRA_IXI-HH,IXI-HH
junction_only,97,240,0,44.148208108623656,35.20779163037654,8.940416478247116,0.25393289565294724,90,72,IXI013-HH-1212-MRA_IXI-HH,IXI-HH
junction_only,98,110,0,12.738088488347225,9.465069204065136,3.273019284282089,0.34579982604631837,27,20,IXI013-HH-1212-MRA_IXI-HH,IXI-HH
junction_only,98,111,0,2.6290942596235745,2.3273257072692553,0.3017685523543192,0.12966322307692651,7,6,IXI013-HH-1212-MRA_IXI-HH,IXI-HH
junction_only,98,115,0,6.765905777843421,3.843018069079635,2.9228877087637857,0.7605708992837987,15,9,IXI013-HH-1212-MRA_IXI-HH,IXI-HH
junction_only,100,104,0,1.9887377750132056,1.482317631535794,0.5064201434774116,0.3416407743546313,5,4,IXI013-HH-1212-MRA_IXI-HH,IXI-HH
junction_only,100,112,0,3.0978442368765156,1.988737776723598,1.1091064601529175,0.5576936653660525,8,5,IXI013-HH-1212-MRA_IXI-HH,IXI-HH
junction_only,101,102,0,3.4738989631124997,3.0455909770652347,0.42830798604726494,0.14063214307916924,8,8,IXI013-HH-1212-MRA_IXI-HH,IXI-HH
junction_only,101,112,0,6.186916495929625,5.148805152596317,1.0381113433333073,0.20162179623554666,14,12,IXI013-HH-1212-MRA_IXI-HH,IXI-HH
junction_only,102,120,0,20.77274410013599,10.701965184955128,10.070778915180863,0.9410214611180394,43,23,IXI013-HH-1212-MRA_IXI-HH,IXI-HH
junction_only,103,108,0,1.3959643561761979,1.0389672940503218,0.356997062125876,0.3436076035985258,4,4,IXI013-HH-1212-MRA_IXI-HH,IXI-HH
junction_only,103,245,0,23.037617172131135,18.836239230800196,4.201377941330939,0.22304759935629984,48,39,IXI013-HH-1212-MRA_IXI-HH,IXI-HH
junction_only,104,109,0,1.9887377750140878,1.4823176315368045,0.5064201434772833,0.3416407743543117,5,4,IXI013-HH-1212-MRA_IXI-HH,IXI-HH
junction_only,104,117,0,4.493808594481847,2.038534930617303,2.4552736638645443,1.2044305088856366,10,6,IXI013-HH-1212-MRA_IXI-HH,IXI-HH
junction_only,105,129,0,71.0211667915867,32.934985844930786,38.08618094665591,1.1564049587262224,144,67,IXI013-HH-1212-MRA_IXI-HH,IXI-HH
junction_only,105,142,0,11.364680168362266,8.393156374835117,2.9715237935271492,0.35404127610877795,24,18,IXI013-HH-1212-MRA_IXI-HH,IXI-HH
junction_only,107,109,0,1.3258251836272996,0.937499988820394,0.38832519480690564,0.41421354606682653,4,3,IXI013-HH-1212-MRA_IXI-HH,IXI-HH
junction_only,107,116,0,2.65165036640124,2.096313693158867,0.555336673242373,0.26491105556132405,7,6,IXI013-HH-1212-MRA_IXI-HH,IXI-HH
junction_only,107,127,0,3.4738989235408475,2.2437760314750546,1.230122892065793,0.5482378253488661,8,6,IXI013-HH-1212-MRA_IXI-HH,IXI-HH
junction_only,108,128,0,24.858722942866134,10.686295301423685,14.172427641442448,1.3262245934336403,51,23,IXI013-HH-1212-MRA_IXI-HH,IXI-HH
junction_only,109,117,0,3.473898930813177,2.14361326574239,1.3302856650707868,0.6205810004679522,8,6,IXI013-HH-1212-MRA_IXI-HH,IXI-HH
junction_only,110,130,0,2.5276269212077307,2.091734020884485,0.4358929003232457,0.20838830174924886,7,6,IXI013-HH-1212-MRA_IXI-HH,IXI-HH
junction_only,111,114,0,2.6290942451517925,1.667251108886379,0.9618431362654134,0.5769035816733481,7,5,IXI013-HH-1212-MRA_IXI-HH,IXI-HH
junction_only,111,121,0,2.7816431027689346,2.7816431027689346,0.0,0.0,7,7,IXI013-HH-1212-MRA_IXI-HH,IXI-HH
junction_only,112,117,0,4.047614735671632,3.070677810464437,0.9769369252071951,0.3181502539530301,10,8,IXI013-HH-1212-MRA_IXI-HH,IXI-HH
junction_only,113,128,0,4.229506838521752,3.144470542981801,1.0850362955399513,0.34506168231140305,10,8,IXI013-HH-1212-MRA_IXI-HH,IXI-HH
junction_only,114,122,0,1.9661816479414036,1.9127551938384766,0.05342645410292701,0.02793167378398902,5,5,IXI013-HH-1212-MRA_IXI-HH,IXI-HH
junction_only,114,123,0,3.444555708694957,2.618899040434839,0.8256566682601183,0.3152686130745335,8,7,IXI013-HH-1212-MRA_IXI-HH,IXI-HH
junction_only,115,122,0,1.7018798822136811,1.5484871131262905,0.15339276908739063,0.09905976471299205,5,5,IXI013-HH-1212-MRA_IXI-HH,IXI-HH
junction_only,115,133,0,2.170629862017486,1.8698783526774436,0.3007515093400426,0.16084014711941136,6,5,IXI013-HH-1212-MRA_IXI-HH,IXI-HH
junction_only,116,118,0,2.996376949477742,2.520494087488069,0.4758828619896729,0.18880538714690617,7,7,IXI013-HH-1212-MRA_IXI-HH,IXI-HH
junction_only,116,137,0,3.4738989308119788,2.8208624189590354,0.6530365118529433,0.23150243254115496,8,7,IXI013-HH-1212-MRA_IXI-HH,IXI-HH
junction_only,117,127,0,1.6004125802079925,1.4823176315368045,0.11809494867118797,0.07966912499634245,5,4,IXI013-HH-1212-MRA_IXI-HH,IXI-HH
junction_only,118,126,0,1.5077172884605616,1.318572227094425,0.18914506136613674,0.14344687191154662,5,4,IXI013-HH-1212-MRA_IXI-HH,IXI-HH
junction_only,118,136,0,2.3901269108444465,1.9127551938386358,0.4773717170058107,0.24957282486724897,6,5,IXI013-HH-1212-MRA_IXI-HH,IXI-HH
junction_only,119,120,0,3.260678714082538,2.8378096426249826,0.42286907145755537,0.14901248663966066,8,7,IXI013-HH-1212-MRA_IXI-HH,IXI-HH
junction_only,119,128,0,1.5901269568125982,1.31857221792254,0.2715547388900581,0.20594604921822393,5,4,IXI013-HH-1212-MRA_IXI-HH,IXI-HH
junction_only,119,233,0,71.46934571407297,25.39795194190405,46.07139377216892,1.8139806657463502,144,52,IXI013-HH-1212-MRA_IXI-HH,IXI-HH
junction_only,120,246,0,47.01982901788735,28.513310393161817,18.506518624725537,0.6490484047465722,96,59,IXI013-HH-1212-MRA_IXI-HH,IXI-HH
junction_only,121,123,0,1.9661816537658832,1.6672511099180414,0.2989305438478418,0.17929545349802561,5,5,IXI013-HH-1212-MRA_IXI-HH,IXI-HH
junction_only,121,131,0,6.698544937458336,4.135049112797741,2.5634958246605946,0.6199432593742892,15,10,IXI013-HH-1212-MRA_IXI-HH,IXI-HH
junction_only,122,132,0,3.6680615393215037,1.3185722146857355,2.349489324635768,1.7818434959178466,9,4,IXI013-HH-1212-MRA_IXI-HH,IXI-HH
junction_only,122,138,0,2.0779345848772075,1.3258251827718601,0.7521094021053474,0.5672764493226297,6,4,IXI013-HH-1212-MRA_IXI-HH,IXI-HH
junction_only,123,124,0,2.629094251716004,1.4062499832315105,1.2228442684844933,0.8695781568469373,7,4,IXI013-HH-1212-MRA_IXI-HH,IXI-HH
junction_only,124,131,0,6.205148770769542,5.697247520196411,0.5079012505731306,0.08914853159752148,14,13,IXI013-HH-1212-MRA_IXI-HH,IXI-HH
junction_only,124,139,0,4.620610345063357,4.13504908346157,0.48556126160178703,0.11742575524528226,11,10,IXI013-HH-1212-MRA_IXI-HH,IXI-HH
junction_only,124,139,1,4.859577673834342,4.13504908346157,0.7245285903727723,0.17521644259812472,11,10,IXI013-HH-1212-MRA_IXI-HH,IXI-HH
junction_only,125,131,0,5.194836475290409,2.52049408748807,2.6743423878023393,1.0610389451330136,12,7,IXI013-HH-1212-MRA_IXI-HH,IXI-HH
junction_only,125,134,0,1.8544287330154248,1.731892843359768,0.12253588965565676,0.07075258156153848,5,5,IXI013-HH-1212-MRA_IXI-HH,IXI-HH
junction_only,125,135,0,1.507717294203046,1.3185722320496223,0.18914506215342364,0.14344687196954825,5,4,IXI013-HH-1212-MRA_IXI-HH,IXI-HH
junction_only,126,134,0,1.507717288459459,1.3185722270938676,0.1891450613655914,0.14344687191119368,5,4,IXI013-HH-1212-MRA_IXI-HH,IXI-HH
junction_only,126,135,0,1.8389672430126702,1.7318928374506197,0.1070744055620505,0.0618250755743445,5,5,IXI013-HH-1212-MRA_IXI-HH,IXI-HH
junction_only,127,137,0,3.4548413299260483,2.8762632487683764,0.578578081157672,0.2011561637848763,8,7,IXI013-HH-1212-MRA_IXI-HH,IXI-HH
junction_only,129,242,0,23.425908082264154,15.148897153533074,8.27701092873108,0.5463771286347857,48,32,IXI013-HH-1212-MRA_IXI-HH,IXI-HH
junction_only,129,253,0,16.765478380561802,11.989506755554125,4.775971625007678,0.3983459638817264,35,25,IXI013-HH-1212-MRA_IXI-HH,IXI-HH
junction_only,130,138,0,11.36269534215645,8.91682250584024,2.4458728363162088,0.2742987016635397,24,19,IXI013-HH-1212-MRA_IXI-HH,IXI-HH
junction_only,130,162,0,21.922199562186915,16.47741777075348,5.444781791433435,0.33043902067577763,45,34,IXI013-HH-1212-MRA_IXI-HH,IXI-HH
junction_only,131,134,0,4.971330616643529,3.045590977065179,1.9257396395783504,0.6323040927295004,11,8,IXI013-HH-1212-MRA_IXI-HH,IXI-HH
junction_only,132,133,0,1.3959643598360798,1.2324391029510362,0.1635252568850436,0.13268424905821924,4,4,IXI013-HH-1212-MRA_IXI-HH,IXI-HH
junction_only,132,138,0,3.3621460255239803,2.09173405631837,1.2704119692056102,0.6073487044723282,8,6,IXI013-HH-1212-MRA_IXI-HH,IXI-HH
junction_only,133,139,0,2.629094244834278,1.667251115363808,0.9618431294704699,0.576903575356486,7,5,IXI013-HH-1212-MRA_IXI-HH,IXI-HH
junction_only,133,140,0,19.606032627964506,16.126981285571574,3.479051342392932,0.2157286153426343,41,34,IXI013-HH-1212-MRA_IXI-HH,IXI-HH
junction_only,135,136,0,1.3959643692701094,1.2324391171469353,0.16352525212317404,0.13268424366611373,4,4,IXI013-HH-1212-MRA_IXI-HH,IXI-HH
junction_only,136,137,0,3.56659424674861,2.3437499720518713,1.2228442746967385,0.5217468967588643,9,6,IXI013-HH-1212-MRA_IXI-HH,IXI-HH
junction_only,137,258,0,94.92898675216145,44.49939720537699,50.42958954678446,1.1332645544396478,191,90,IXI013-HH-1212-MRA_IXI-HH,IXI-HH
junction_only,140,250,0,44.18035396547171,30.28225838224407,13.89809558322764,0.45895175345894135,90,62,IXI013-HH-1212-MRA_IXI-HH,IXI-HH
junction_only,141,143,0,35.2315475604619,16.766666939679812,18.464880620782086,1.1012851085556725,72,35,IXI013-HH-1212-MRA_IXI-HH,IXI-HH
junction_only,141,244,0,31.070725008872994,16.799888648242554,14.27083636063044,0.8494601755663018,64,35,IXI013-HH-1212-MRA_IXI-HH,IXI-HH
junction_only,141,247,0,39.55422112637309,16.4907476577263,23.063473468646794,1.3985705164702475,81,34,IXI013-HH-1212-MRA_IXI-HH,IXI-HH
junction_only,142,144,0,2.52762692120776,2.091734020884146,0.43589290032361383,0.20838830174945863,7,6,IXI013-HH-1212-MRA_IXI-HH,IXI-HH
junction_only,142,156,0,19.56617915297265,11.150120550208294,8.416058602764357,0.7547953015276716,41,24,IXI013-HH-1212-MRA_IXI-HH,IXI-HH
junction_only,143,153,0,48.98435523490575,28.423769372773283,20.560585862132466,0.7233588758930458,99,58,IXI013-HH-1212-MRA_IXI-HH,IXI-HH
junction_only,143,252,0,27.524157446086992,16.964720741986575,10.559436704100417,0.6224350441541016,57,35,IXI013-HH-1212-MRA_IXI-HH,IXI-HH
junction_only,144,147,0,2.1706298690363264,1.8698783602155076,0.3007515088208188,0.16084014619333661,6,5,IXI013-HH-1212-MRA_IXI-HH,IXI-HH
junction_only,144,161,0,12.128588776719056,9.145441356394052,2.983147420325004,0.32618955215751627,26,20,IXI013-HH-1212-MRA_IXI-HH,IXI-HH
junction_only,145,145,0,15.116762687912253,0.0,15.116762687912253,nan,32,1,IXI013-HH-1212-MRA_IXI-HH,IXI-HH
junction_only,145,146,0,3.3022924586253275,2.520494071260096,0.7817983873652317,0.3101766420638234,8,7,IXI013-HH-1212-MRA_IXI-HH,IXI-HH
junction_only,146,148,0,1.1316625866518977,1.0481568476609548,0.08350573899094282,0.07966912507158877,4,4,IXI013-HH-1212-MRA_IXI-HH,IXI-HH
junction_only,146,151,0,6.698544967699898,6.14264333356904,0.5559016341308585,0.0904987647732861,15,14,IXI013-HH-1212-MRA_IXI-HH,IXI-HH
junction_only,147,159,0,22.79657217172698,18.679041534838543,4.117530636888436,0.22043586279353636,47,39,IXI013-HH-1212-MRA_IXI-HH,IXI-HH
junction_only,147,257,0,17.948222584042323,13.966255006510405,3.9819675775319183,0.28511348072018694,37,29,IXI013-HH-1212-MRA_IXI-HH,IXI-HH
junction_only,148,149,0,5.786792093281086,5.563286249157786,0.22350584412330043,0.04017514722654016,13,13,IXI013-HH-1212-MRA_IXI-HH,IXI-HH
junction_only,148,154,0,9.762282736434125,6.014828605706295,3.7474541307278297,0.6230358961804171,21,14,IXI013-HH-1212-MRA_IXI-HH,IXI-HH
junction_only,149,151,0,1.9764672796498868,1.6844184369872959,0.2920488426625909,0.17338259677621515,5,5,IXI013-HH-1212-MRA_IXI-HH,IXI-HH
junction_only,149,154,0,5.726938483086739,4.486389819884539,1.2405486632022003,0.27651379238242985,13,10,IXI013-HH-1212-MRA_IXI-HH,IXI-HH
junction_only,150,152,0,1.8544287293544182,0.9374999672011604,0.9169287621532578,0.9780573805145654,5,3,IXI013-HH-1212-MRA_IXI-HH,IXI-HH
junction_only,150,249,0,3.965205043716415,3.4735832543065364,0.49162178940987866,0.14153159818477581,9,8,IXI013-HH-1212-MRA_IXI-HH,IXI-HH
junction_only,150,251,0,13.450502843004218,8.868293815203868,4.582209027800349,0.51669567148808,28,19,IXI013-HH-1212-MRA_IXI-HH,IXI-HH
junction_only,151,156,0,6.786477027307682,5.764184120307126,1.0222929070005558,0.1773525768198546,15,13,IXI013-HH-1212-MRA_IXI-HH,IXI-HH
junction_only,152,160,0,4.780666476084706,3.235761963598992,1.5449045124857141,0.47744689809240065,11,8,IXI013-HH-1212-MRA_IXI-HH,IXI-HH
junction_only,152,163,0,10.890754293059452,8.104261788461503,2.7864925045979483,0.34383051502176737,23,18,IXI013-HH-1212-MRA_IXI-HH,IXI-HH
junction_only,153,155,0,5.130974083748695,4.075790573930399,1.0551835098182965,0.2588905123259936,12,10,IXI013-HH-1212-MRA_IXI-HH,IXI-HH
junction_only,153,158,0,4.341259745655297,3.7397567306639314,0.6015030149913652,0.16084014504456237,10,9,IXI013-HH-1212-MRA_IXI-HH,IXI-HH
junction_only,153,163,0,37.39616925091491,26.198264116309673,11.197905134605236,0.4274292787068287,76,54,IXI013-HH-1212-MRA_IXI-HH,IXI-HH
junction_only,154,255,0,10.536948227284824,6.760408516934176,3.776539710350648,0.5586259618617392,23,15,IXI013-HH-1212-MRA_IXI-HH,IXI-HH
junction_only,155,157,0,2.3077172266134682,1.9127551938386338,0.39496203277483444,0.20648854283448606,6,5,IXI013-HH-1212-MRA_IXI-HH,IXI-HH
junction_only,155,158,0,1.9661816673824841,1.9127552142777433,0.05342645310474081,0.027931672963659726,5,5,IXI013-HH-1212-MRA_IXI-HH,IXI-HH
junction_only,156,161,0,2.546684565255779,2.327325690774012,0.21935887448176716,0.0942536213781122,7,6,IXI013-HH-1212-MRA_IXI-HH,IXI-HH
junction_only,157,159,0,3.5408471478085275,2.820862463421965,0.7199846843865627,0.2552356570809749,9,7,IXI013-HH-1212-MRA_IXI-HH,IXI-HH
junction_only,157,256,0,4.981616203242106,4.286009921918952,0.6956062813231538,0.16229693677697177,11,10,IXI013-HH-1212-MRA_IXI-HH,IXI-HH
junction_only,158,159,0,2.3647924698037057,1.6844184347899334,0.6803740350137724,0.4039222208456908,6,5,IXI013-HH-1212-MRA_IXI-HH,IXI-HH
junction_only,160,163,0,6.616855420685608,6.056001534643269,0.5608538860423389,0.09261125229806867,15,14,IXI013-HH-1212-MRA_IXI-HH,IXI-HH
junction_only,160,254,0,19.7863964332663,14.006588669625557,5.7798077636407434,0.4126492110227191,41,30,IXI013-HH-1212-MRA_IXI-HH,IXI-HH
junction_only,161,162,0,3.6680615504517506,3.081452706602816,0.5866088438489347,0.19036762842148197,9,8,IXI013-HH-1212-MRA_IXI-HH,IXI-HH
junction_only,162,165,0,18.966147211328032,14.57588393122295,4.390263280105081,0.30120048299099816,39,31,IXI013-HH-1212-MRA_IXI-HH,IXI-HH
junction_only,164,165,0,8.645668954435722,7.476723945066129,1.168945009369593,0.1563445458142101,19,16,IXI013-HH-1212-MRA_IXI-HH,IXI-HH
junction_only,164,167,0,13.420058627918905,6.62254943967962,6.797509188239285,1.0264187908528666,28,15,IXI013-HH-1212-MRA_IXI-HH,IXI-HH
junction_only,164,167,1,7.958935488646665,6.62254943967962,1.3363860489670447,0.2017932914113051,17,15,IXI013-HH-1212-MRA_IXI-HH,IXI-HH
junction_only,165,168,0,8.277121550031778,6.81244535268117,1.4646761973506077,0.21500006554535606,18,15,IXI013-HH-1212-MRA_IXI-HH,IXI-HH
junction_only,166,177,0,8.527639240835551,7.905263933270681,0.6223753075648704,0.07872922559175986,19,17,IXI013-HH-1212-MRA_IXI-HH,IXI-HH
junction_only,166,191,0,20.54447499909169,8.141295940290574,12.403179058801117,1.5234895217871702,43,18,IXI013-HH-1212-MRA_IXI-HH,IXI-HH
junction_only,166,203,0,23.24679428470177,15.313647264621878,7.933147020079893,0.5180442570599968,48,32,IXI013-HH-1212-MRA_IXI-HH,IXI-HH
junction_only,167,172,0,4.971330605499295,4.799088232949246,0.17224237255004926,0.035890645095349484,11,11,IXI013-HH-1212-MRA_IXI-HH,IXI-HH
junction_only,168,172,0,2.434931639416079,2.18111558348888,0.2538160559271989,0.1163698328729551,6,6,IXI013-HH-1212-MRA_IXI-HH,IXI-HH
junction_only,168,173,0,2.0588769434301373,1.6844184275216358,0.37445851590850143,0.22230730190921735,6,5,IXI013-HH-1212-MRA_IXI-HH,IXI-HH
junction_only,169,170,0,2.077934593842159,1.8544287497188605,0.22350584412329844,0.12052544167964549,6,5,IXI013-HH-1212-MRA_IXI-HH,IXI-HH
junction_only,169,174,0,29.87072006729033,18.74350242758148,11.12721763970885,0.5936573317980797,61,39,IXI013-HH-1212-MRA_IXI-HH,IXI-HH
junction_only,169,198,0,32.946833529899365,16.803232541111967,16.143600988787398,0.9607437705387538,67,35,IXI013-HH-1212-MRA_IXI-HH,IXI-HH
junction_only,169,207,0,41.169721277056425,19.489646066521146,21.68007521053528,1.112389375186079,84,40,IXI013-HH-1212-MRA_IXI-HH,IXI-HH
junction_only,170,184,0,16.344311487908698,6.94716656889302,9.397144919015677,1.3526586451939704,34,15,IXI013-HH-1212-MRA_IXI-HH,IXI-HH
junction_only,170,277,0,54.37374958737614,28.704928810372767,25.668820777003372,0.8942304280416027,110,59,IXI013-HH-1212-MRA_IXI-HH,IXI-HH
junction_only,171,175,0,1.9661816558152512,1.9127552023922747,0.05342645342297647,0.027931673303596947,5,5,IXI013-HH-1212-MRA_IXI-HH,IXI-HH
junction_only,171,176,0,4.790952119790166,4.084120278237189,0.7068318415529768,0.1730683215475876,11,10,IXI013-HH-1212-MRA_IXI-HH,IXI-HH
junction_only,171,261,0,28.155048493791906,14.594318063648272,13.560730430143634,0.929178764708499,58,31,IXI013-HH-1212-MRA_IXI-HH,IXI-HH
junction_only,172,173,0,3.7798144792789343,2.5766073934490317,1.2032070858299027,0.4669733886850711,9,7,IXI013-HH-1212-MRA_IXI-HH,IXI-HH
junction_only,172,179,0,8.427685530749688,7.025049863444659,1.402635667305029,0.19966202298488192,18,16,IXI013-HH-1212-MRA_IXI-HH,IXI-HH
junction_only,173,200,0,12.982165483307107,10.562205624753274,2.419959858553833,0.22911501106194015,27,23,IXI013-HH-1212-MRA_IXI-HH,IXI-HH
junction_only,174,178,0,10.536130408447645,9.214407519817644,1.321722888630001,0.1434408979402463,23,20,IXI013-HH-1212-MRA_IXI-HH,IXI-HH
junction_only,174,185,0,16.252370614167884,14.427755790437738,1.8246148237301458,0.12646560215133687,34,30,IXI013-HH-1212-MRA_IXI-HH,IXI-HH
junction_only,175,176,0,6.0118115284486375,4.319441827982975,1.6923697004656626,0.39180286894983807,14,10,IXI013-HH-1212-MRA_IXI-HH,IXI-HH
junction_only,175,263,0,18.13888676415285,11.975171117873675,6.163715646279176,0.5147079390856848,38,25,IXI013-HH-1212-MRA_IXI-HH,IXI-HH
junction_only,176,197,0,11.319567912462361,9.319418079036408,2.0001498334259527,0.21462175175134543,24,20,IXI013-HH-1212-MRA_IXI-HH,IXI-HH
junction_only,177,181,0,3.6933959665438647,3.5266505750244264,0.16674539151943835,0.04728151768148548,9,9,IXI013-HH-1212-MRA_IXI-HH,IXI-HH
junction_only,177,182,0,2.0588769434318,1.6844184275228649,0.3744585159089351,0.22230730190931258,6,5,IXI013-HH-1212-MRA_IXI-HH,IXI-HH
junction_only,178,180,0,1.7945751788926052,1.690102129233333,0.10447304965927229,0.06181463702827447,5,5,IXI013-HH-1212-MRA_IXI-HH,IXI-HH
junction_only,178,186,0,20.18823243809227,9.140878293917034,11.047354144175237,1.2085659374249522,42,20,IXI013-HH-1212-MRA_IXI-HH,IXI-HH
junction_only,179,180,0,8.906721144897164,7.050199319097882,1.8565218257992822,0.26332898429839513,19,16,IXI013-HH-1212-MRA_IXI-HH,IXI-HH
junction_only,179,192,0,6.604584928064932,5.46651729975203,1.1380676283129016,0.20818879112749286,15,12,IXI013-HH-1212-MRA_IXI-HH,IXI-HH
junction_only,180,187,0,2.8335424650692413,2.476522506830743,0.3570199582384985,0.1441618064256498,7,6,IXI013-HH-1212-MRA_IXI-HH,IXI-HH
junction_only,181,186,0,1.395964351190482,1.2324390979847706,0.16352525320571143,0.13268424660747993,4,4,IXI013-HH-1212-MRA_IXI-HH,IXI-HH
junction_only,181,196,0,7.531799284383331,6.344845794417675,1.1869534899656555,0.1870736544944814,17,14,IXI013-HH-1212-MRA_IXI-HH,IXI-HH
junction_only,182,186,0,3.45442863720561,3.3345022177727555,0.11992641943285465,0.035965314041073934,8,8,IXI013-HH-1212-MRA_IXI-HH,IXI-HH
junction_only,182,191,0,5.395275860729586,4.8446569520365825,0.5506189086930036,0.11365488086035401,12,11,IXI013-HH-1212-MRA_IXI-HH,IXI-HH
junction_only,183,188,0,26.821406114298696,9.510004881931858,17.31140123236684,1.820335683029661,55,21,IXI013-HH-1212-MRA_IXI-HH,IXI-HH
junction_only,183,270,0,7.796101044852034,4.953045002067693,2.843056042784341,0.5740016578887296,17,11,IXI013-HH-1212-MRA_IXI-HH,IXI-HH
junction_only,183,276,0,21.076105704471093,15.969200782363894,5.1069049221072,0.31979715151099963,44,33,IXI013-HH-1212-MRA_IXI-HH,IXI-HH
junction_only,184,185,0,3.2349316050127745,2.576607373079385,0.6583242319333897,0.2555004067797127,8,7,IXI013-HH-1212-MRA_IXI-HH,IXI-HH
junction_only,184,190,0,2.2530395499071503,1.8698783653321756,0.3831611845749747,0.2049123577655319,6,5,IXI013-HH-1212-MRA_IXI-HH,IXI-HH
junction_only,185,190,0,1.966181667383077,1.9127552142783082,0.05342645310476879,0.027931672963666106,5,5,IXI013-HH-1212-MRA_IXI-HH,IXI-HH
junction_only,187,192,0,1.9661816594746173,1.6672511088853992,0.29893055058921814,0.17929545765248345,5,5,IXI013-HH-1212-MRA_IXI-HH,IXI-HH
junction_only,187,193,0,3.362146034488231,2.091734074130068,1.270411960358163,0.607348695070866,8,6,IXI013-HH-1212-MRA_IXI-HH,IXI-HH
junction_only,187,196,0,9.088671851578056,6.196066993132942,2.8926048584451136,0.4668453168196805,20,14,IXI013-HH-1212-MRA_IXI-HH,IXI-HH
junction_only,188,195,0,2.5173413149180552,2.1811155834896536,0.3362257314284016,0.1541531012723593,7,6,IXI013-HH-1212-MRA_IXI-HH,IXI-HH
junction_only,188,195,1,33.70685523563599,2.1811155834896536,31.52573965214634,14.45395186334282,69,6,IXI013-HH-1212-MRA_IXI-HH,IXI-HH
junction_only,188,262,0,76.0051730351563,26.109163273708052,49.896009761448255,1.9110535729689038,154,54,IXI013-HH-1212-MRA_IXI-HH,IXI-HH
junction_only,189,207,0,28.42977285092165,21.95491202106837,6.474860829853281,0.2949162731164614,58,45,IXI013-HH-1212-MRA_IXI-HH,IXI-HH
junction_only,189,259,0,53.59030505452329,20.22508619128176,33.36521886324153,1.649694767561681,109,42,IXI013-HH-1212-MRA_IXI-HH,IXI-HH
junction_only,189,266,0,12.524868193616735,6.92101069480592,5.6038574988108145,0.8096877386732544,27,15,IXI013-HH-1212-MRA_IXI-HH,IXI-HH
junction_only,190,274,0,12.069206510073581,8.91633169628773,3.1528748137858518,0.3536067209229706,26,19,IXI013-HH-1212-MRA_IXI-HH,IXI-HH
junction_only,191,204,0,66.86781956465256,26.476864326302856,40.390955238349704,1.5255188356358425,135,54,IXI013-HH-1212-MRA_IXI-HH,IXI-HH
junction_only,191,278,0,26.193603167730558,20.048426949568384,6.145176218162174,0.3065166276446677,54,42,IXI013-HH-1212-MRA_IXI-HH,IXI-HH
junction_only,192,194,0,1.1316625866518963,1.0481568476609533,0.08350573899094305,0.07966912507158909,4,4,IXI013-HH-1212-MRA_IXI-HH,IXI-HH
junction_only,193,194,0,2.7661816257463436,2.618899041537873,0.14728258420847062,0.056238358895264316,7,7,IXI013-HH-1212-MRA_IXI-HH,IXI-HH
junction_only,193,199,0,4.34125977288809,3.7397567702845187,0.6015030026035717,0.16084014002809324,10,9,IXI013-HH-1212-MRA_IXI-HH,IXI-HH
junction_only,194,271,0,5.555332032438591,4.702729344023383,0.8526026884152085,0.18129954459292166,13,11,IXI013-HH-1212-MRA_IXI-HH,IXI-HH
junction_only,195,202,0,6.214746093120052,5.640949355145806,0.5737967379742459,0.10171988824023302,14,13,IXI013-HH-1212-MRA_IXI-HH,IXI-HH
junction_only,196,199,0,9.947673310573107,7.316155422182998,2.6315178883901087,0.35968589191137157,21,16,IXI013-HH-1212-MRA_IXI-HH,IXI-HH
junction_only,196,203,0,7.703405769840888,6.592861096256752,1.110544673584136,0.16844654503864387,17,15,IXI013-HH-1212-MRA_IXI-HH,IXI-HH
junction_only,197,198,0,46.57048068947425,23.18641804167696,23.384062647797293,1.008524154346095,95,48,IXI013-HH-1212-MRA_IXI-HH,IXI-HH
junction_only,197,260,0,44.61976043147243,18.382039954255,26.23772047721743,1.4273562968262414,91,38,IXI013-HH-1212-MRA_IXI-HH,IXI-HH
junction_only,198,267,0,40.6137595733254,16.587488041391815,24.026271531933588,1.4484575043538421,83,35,IXI013-HH-1212-MRA_IXI-HH,IXI-HH
junction_only,199,200,0,1.5077172942033854,1.3185722320496245,0.18914506215376092,0.1434468719698038,5,4,IXI013-HH-1212-MRA_IXI-HH,IXI-HH
junction_only,200,201,0,4.698256842365307,3.912050628554532,0.7862062138107753,0.20097035761044624,11,9,IXI013-HH-1212-MRA_IXI-HH,IXI-HH
junction_only,201,202,0,6.767419411240946,5.398788136668741,1.3686312745722047,0.2535071278823515,15,12,IXI013-HH-1212-MRA_IXI-HH,IXI-HH
junction_only,201,208,0,14.7351268548411,11.575919169815382,3.1592076850257182,0.2729120373666278,31,25,IXI013-HH-1212-MRA_IXI-HH,IXI-HH
junction_only,202,268,0,45.77972408671778,5.236962757249601,40.54276132946818,7.7416554611438215,93,12,IXI013-HH-1212-MRA_IXI-HH,IXI-HH
junction_only,203,205,0,5.167006780442652,4.005001628585573,1.1620051518570786,0.290138496714534,12,10,IXI013-HH-1212-MRA_IXI-HH,IXI-HH
junction_only,204,264,0,30.844440888379516,15.907162979278384,14.937277909101132,0.939028406797574,63,33,IXI013-HH-1212-MRA_IXI-HH,IXI-HH
junction_only,204,269,0,24.34962404580616,15.457477877758654,8.892146168047505,0.5752650101374024,50,32,IXI013-HH-1212-MRA_IXI-HH,IXI-HH
junction_only,205,208,0,5.943657215006471,4.982880728403674,0.9607764866027972,0.1928154693982799,13,11,IXI013-HH-1212-MRA_IXI-HH,IXI-HH
junction_only,205,272,0,35.33150135431936,16.84511332082322,18.486388033496137,1.0974332841468062,72,35,IXI013-HH-1212-MRA_IXI-HH,IXI-HH
junction_only,206,208,0,24.01436522611393,13.631310871324006,10.383054354789925,0.7617062256743486,50,29,IXI013-HH-1212-MRA_IXI-HH,IXI-HH
junction_only,206,273,0,16.167280257435387,13.831333975208203,2.3359462822271837,0.1688879963721663,34,29,IXI013-HH-1212-MRA_IXI-HH,IXI-HH
junction_only,206,275,0,53.51866671662594,22.6847517446347,30.833914971991238,1.3592352836430728,109,47,IXI013-HH-1212-MRA_IXI-HH,IXI-HH
junction_only,207,265,0,60.638559305362605,32.43564914264882,28.202910162713785,0.8695034910101579,123,66,IXI013-HH-1212-MRA_IXI-HH,IXI-HH
adaptive,0,44,0,52.357653314809816,45.027725706244105,7.329927608565711,0.22587824071525064,106,92,IXI013-HH-1212-MRA_IXI-HH,IXI-HH
adaptive,0,209,0,7.420046379232196,6.068511592268269,1.351534786963927,0.2579779786022077,16,14,IXI013-HH-1212-MRA_IXI-HH,IXI-HH
adaptive,0,215,0,34.13264163706098,29.662169630904028,4.47047200615695,0.32218618909667807,70,61,IXI013-HH-1212-MRA_IXI-HH,IXI-HH
adaptive,1,2,0,18.39684831123544,16.61364676276053,1.78320154847491,0.11460749116981822,38,35,IXI013-HH-1212-MRA_IXI-HH,IXI-HH
adaptive,1,11,0,37.39024121721437,32.64570623020861,4.744534987005757,0.28380979620617475,76,67,IXI013-HH-1212-MRA_IXI-HH,IXI-HH
adaptive,1,213,0,37.72405263563798,33.556435524088016,4.167617111549966,0.1640690660807631,77,69,IXI013-HH-1212-MRA_IXI-HH,IXI-HH
adaptive,1,225,0,42.8941573498781,35.881379395834074,7.012777954044026,0.2288818336817763,87,73,IXI013-HH-1212-MRA_IXI-HH,IXI-HH
adaptive,2,3,0,3.4651268884086543,2.9613986808543773,0.503728207554277,0.17009807251246195,8,7,IXI013-HH-1212-MRA_IXI-HH,IXI-HH
adaptive,2,210,0,9.088671859840437,8.146618341029434,0.9420535188110026,0.1297455296530142,20,18,IXI013-HH-1212-MRA_IXI-HH,IXI-HH
adaptive,3,8,0,12.831601505804057,11.375107388312712,1.4564941174913457,0.13915213032639046,27,24,IXI013-HH-1212-MRA_IXI-HH,IXI-HH
adaptive,3,16,0,17.571447608583107,15.408958957096424,2.162488651486683,0.14786320765708555,37,32,IXI013-HH-1212-MRA_IXI-HH,IXI-HH
adaptive,4,5,0,1.966181674652197,1.9262167851618441,0.03996488949035282,0.020893885944957277,5,5,IXI013-HH-1212-MRA_IXI-HH,IXI-HH
adaptive,4,6,0,2.639379858380325,2.038534941212904,0.600844917167421,0.29474349692035473,7,6,IXI013-HH-1212-MRA_IXI-HH,IXI-HH
adaptive,4,29,0,74.57103482253206,62.369459901571076,12.20157492096098,0.32487525346763785,151,126,IXI013-HH-1212-MRA_IXI-HH,IXI-HH
adaptive,5,6,0,2.170629869036615,1.9611887490085453,0.2094411200280697,0.1120078848358834,6,5,IXI013-HH-1212-MRA_IXI-HH,IXI-HH
adaptive,5,216,0,80.93035104525674,68.40329145159697,12.527059593659772,0.3196406735151308,163,138,IXI013-HH-1212-MRA_IXI-HH,IXI-HH
adaptive,6,7,0,3.5665942202267926,2.5242959219380703,1.0422982982887223,0.4129065412776488,9,7,IXI013-HH-1212-MRA_IXI-HH,IXI-HH
adaptive,7,41,0,15.277514467419225,11.879492636701105,3.39802183071812,0.2997139558616878,32,25,IXI013-HH-1212-MRA_IXI-HH,IXI-HH
adaptive,7,44,0,21.005270850116165,17.183098211465435,3.8221726386507306,0.2994120575238534,44,36,IXI013-HH-1212-MRA_IXI-HH,IXI-HH
adaptive,8,10,0,2.077934572351893,2.0779345723518925,4.440892098500626e-16,2.1371664717403687e-16,6,6,IXI013-HH-1212-MRA_IXI-HH,IXI-HH
adaptive,8,11,0,7.810737261981924,7.053301237224438,0.7574360247574861,0.10738744869707942,17,16,IXI013-HH-1212-MRA_IXI-HH,IXI-HH
adaptive,9,19,0,7.754074611411708,6.707350619740829,1.0467239916708788,0.1665671207845101,17,15,IXI013-HH-1212-MRA_IXI-HH,IXI-HH
adaptive,9,24,0,34.715346511292864,30.145665592293604,4.569680918999261,0.3393305096201581,71,62,IXI013-HH-1212-MRA_IXI-HH,IXI-HH
adaptive,9,212,0,96.4780363861149,80.24271321741027,16.235323168704625,0.38778226436501106,194,162,IXI013-HH-1212-MRA_IXI-HH,IXI-HH
adaptive,10,12,0,38.283933224607374,32.488590714800594,5.79534250980678,0.22614534656318197,78,66,IXI013-HH-1212-MRA_IXI-HH,IXI-HH
adaptive,10,17,0,3.7607568247905068,3.16712841707626,0.5936284077142466,0.18743427153555575,9,8,IXI013-HH-1212-MRA_IXI-HH,IXI-HH
adaptive,11,37,0,12.05296614751167,10.050688586146856,2.0022775613648136,0.26645044700444087,26,22,IXI013-HH-1212-MRA_IXI-HH,IXI-HH
adaptive,12,25,0,2.9139672205781024,2.5204940256666153,0.39347319491148713,0.15610955269271948,7,7,IXI013-HH-1212-MRA_IXI-HH,IXI-HH
adaptive,12,214,0,7.633266568445039,5.616380595811514,2.016885972633525,0.4053898361549161,17,13,IXI013-HH-1212-MRA_IXI-HH,IXI-HH
adaptive,13,15,0,4.147097151619985,3.26953853543034,0.8775586161896447,0.2684044267042534,10,8,IXI013-HH-1212-MRA_IXI-HH,IXI-HH
adaptive,13,20,0,2.9860913066928365,2.3273256877610105,0.6587656189318261,0.28305691051156123,7,6,IXI013-HH-1212-MRA_IXI-HH,IXI-HH
adaptive,13,24,0,3.6783471670303536,3.282743363666393,0.3956038033639606,0.14473705330879275,9,8,IXI013-HH-1212-MRA_IXI-HH,IXI-HH
adaptive,14,16,0,5.177292444140846,4.358264051595844,0.8190283925450021,0.18961440519926964,12,10,IXI013-HH-1212-MRA_IXI-HH,IXI-HH
adaptive,14,17,0,9.176191310752467,7.482678689313666,1.693512621438801,0.2410036164232026,20,16,IXI013-HH-1212-MRA_IXI-HH,IXI-HH
adaptive,14,26,0,10.759636249947569,9.457968281036557,1.301667968911012,0.13912075477453514,23,20,IXI013-HH-1212-MRA_IXI-HH,IXI-HH
adaptive,15,19,0,5.5478247063755965,5.008665017500189,0.5391596888754071,0.11126881138390106,13,12,IXI013-HH-1212-MRA_IXI-HH,IXI-HH
adaptive,15,23,0,2.5466845760660037,2.3273256955811643,0.21935888048483942,0.09425362376281528,7,6,IXI013-HH-1212-MRA_IXI-HH,IXI-HH
adaptive,16,21,0,17.7620141720378,15.057742352241277,2.7042718197965243,0.1993575711543993,37,32,IXI013-HH-1212-MRA_IXI-HH,IXI-HH
adaptive,16,24,0,4.962558605730195,3.625036539260392,1.3375220664698033,0.38159652171100583,11,9,IXI013-HH-1212-MRA_IXI-HH,IXI-HH
adaptive,17,31,0,7.5405713451651675,6.675661078800044,0.8649102663651238,0.12956174020155503,17,15,IXI013-HH-1212-MRA_IXI-HH,IXI-HH
adaptive,18,21,0,1.9661816689093548,1.9127552177363403,0.05342645117301448,0.027931671903236147,5,5,IXI013-HH-1212-MRA_IXI-HH,IXI-HH
adaptive,18,22,0,4.636071867028859,4.442448642469253,0.19362322455960612,0.043584797516530036,11,10,IXI013-HH-1212-MRA_IXI-HH,IXI-HH
adaptive,18,26,0,2.4349316420181637,2.181115590323136,0.25381605169502786,0.11636983056795472,6,6,IXI013-HH-1212-MRA_IXI-HH,IXI-HH
adaptive,19,23,0,4.229094161730597,4.229094161730597,0.0,0.0,10,10,IXI013-HH-1212-MRA_IXI-HH,IXI-HH
adaptive,20,24,0,1.9661816746529914,1.9127552239756442,0.05342645067734719,0.027931671552986693,5,5,IXI013-HH-1212-MRA_IXI-HH,IXI-HH
adaptive,20,33,0,26.364206508136697,20.919705658476545,5.444500849660152,0.3059478586779006,54,43,IXI013-HH-1212-MRA_IXI-HH,IXI-HH
adaptive,21,30,0,4.48352296737343,3.966505071193664,0.517017896179766,0.13034595617551467,10,9,IXI013-HH-1212-MRA_IXI-HH,IXI-HH
adaptive,22,211,0,39.74797103206022,33.85194429104675,5.896026741013472,0.3643781379731688,81,69,IXI013-HH-1212-MRA_IXI-HH,IXI-HH
adaptive,22,224,0,23.74138908357084,20.100424486675465,3.640964596895376,0.20580944722376432,49,42,IXI013-HH-1212-MRA_IXI-HH,IXI-HH
adaptive,23,27,0,3.4738989509250935,2.2437760598766165,1.230122891048477,0.5482378179559151,8,6,IXI013-HH-1212-MRA_IXI-HH,IXI-HH
adaptive,25,28,0,3.0154345736994435,2.0963136931594017,0.9191208805400417,0.43844625140754284,8,6,IXI013-HH-1212-MRA_IXI-HH,IXI-HH
adaptive,25,28,1,9.650529749225372,7.408649672190778,2.241880077034594,1.0694392181619563,21,16,IXI013-HH-1212-MRA_IXI-HH,IXI-HH
adaptive,26,32,0,5.551833504539745,5.236962739223599,0.31487076531614644,0.06012469077884394,13,12,IXI013-HH-1212-MRA_IXI-HH,IXI-HH
adaptive,27,39,0,6.391364652817821,5.489466518849904,0.9018981339679177,0.17570479322465743,14,12,IXI013-HH-1212-MRA_IXI-HH,IXI-HH
adaptive,27,41,0,15.151281789606541,13.207040424527218,1.944241365079323,0.17048017587748612,32,28,IXI013-HH-1212-MRA_IXI-HH,IXI-HH
adaptive,28,219,0,10.536948222171535,9.007382319477276,1.5295659026942587,0.20408134495557978,23,20,IXI013-HH-1212-MRA_IXI-HH,IXI-HH
adaptive,29,217,0,35.97034413236177,30.19504481835696,5.775299314004808,0.5060257449678623,73,62,IXI013-HH-1212-MRA_IXI-HH,IXI-HH
adaptive,29,222,0,41.52318100693896,34.94173882715631,6.581442179782655,0.3369332152225868,85,71,IXI013-HH-1212-MRA_IXI-HH,IXI-HH
adaptive,30,32,0,3.4738989688563175,3.196856307582076,0.2770426612742414,0.08693941699468422,8,8,IXI013-HH-1212-MRA_IXI-HH,IXI-HH
adaptive,30,33,0,4.911477062708455,3.338374062670178,1.573103000038277,0.6352064208135242,11,8,IXI013-HH-1212-MRA_IXI-HH,IXI-HH
adaptive,30,34,0,2.3231787071309777,2.13014990446275,0.19302880266822786,0.09061747357020496,6,6,IXI013-HH-1212-MRA_IXI-HH,IXI-HH
adaptive,31,37,0,9.132211881483652,7.091279229034155,2.040932652449497,0.6623280812339811,20,16,IXI013-HH-1212-MRA_IXI-HH,IXI-HH
adaptive,31,37,1,3.585651865049031,3.081452697350598,0.5041991676984332,0.1636238544670631,9,8,IXI013-HH-1212-MRA_IXI-HH,IXI-HH
adaptive,32,35,0,1.9661816479413115,1.9127551938386307,0.053426454102680765,0.027931673783858028,5,5,IXI013-HH-1212-MRA_IXI-HH,IXI-HH
adaptive,33,34,0,3.47389893684017,3.1654560067345185,0.3084429301056515,0.10127523226820463,8,8,IXI013-HH-1212-MRA_IXI-HH,IXI-HH
adaptive,34,36,0,1.3258251844827265,1.3258251844827267,2.220446049250313e-16,1.6747653274640612e-16,4,4,IXI013-HH-1212-MRA_IXI-HH,IXI-HH
adaptive,35,36,0,2.8933960437689943,2.820862457076218,0.0725335866927761,0.02571326599452711,7,7,IXI013-HH-1212-MRA_IXI-HH,IXI-HH
adaptive,35,38,0,2.1706298728266518,1.8698783653317577,0.3007515074948941,0.1608401450441586,6,5,IXI013-HH-1212-MRA_IXI-HH,IXI-HH
adaptive,36,40,0,2.8335424650676297,2.4765225068290504,0.35701995823857935,0.14416180642578094,7,6,IXI013-HH-1212-MRA_IXI-HH,IXI-HH
adaptive,38,40,0,2.8779345449362417,2.8779345449362417,0.0,0.0,7,7,IXI013-HH-1212-MRA_IXI-HH,IXI-HH
adaptive,38,42,0,4.159367648695299,3.106249905364092,1.0531177433312067,0.3390318794095119,10,8,IXI013-HH-1212-MRA_IXI-HH,IXI-HH
adaptive,39,45,0,10.654565303345892,9.214856924525385,1.439708378820507,0.17661706967677834,23,20,IXI013-HH-1212-MRA_IXI-HH,IXI-HH
adaptive,39,45,1,15.458710827018761,12.70874365537514,2.749967171643622,0.3373538354766964,32,27,IXI013-HH-1212-MRA_IXI-HH,IXI-HH
adaptive,40,42,0,5.369941439360559,4.564405586701065,0.805535852659494,0.22831813483074861,12,11,IXI013-HH-1212-MRA_IXI-HH,IXI-HH
adaptive,41,44,0,5.064025916703939,3.5957741454116716,1.4682517712922678,0.5173890995451391,12,9,IXI013-HH-1212-MRA_IXI-HH,IXI-HH
adaptive,41,45,0,2.6290942393271983,2.1301499044628214,0.49894433486437695,0.2342296820608971,7,6,IXI013-HH-1212-MRA_IXI-HH,IXI-HH
adaptive,42,47,0,1.7018798784170386,1.5484871076155922,0.15339277080144642,0.09905976617244512,5,5,IXI013-HH-1212-MRA_IXI-HH,IXI-HH
adaptive,43,46,0,1.59012696710141,1.59012696710141,0.0,0.0,5,5,IXI013-HH-1212-MRA_IXI-HH,IXI-HH
adaptive,43,47,0,2.0779345816554216,2.0779345816554216,0.0,0.0,6,6,IXI013-HH-1212-MRA_IXI-HH,IXI-HH
adaptive,43,48,0,3.678347165085169,3.0358762537608306,0.6424709113243385,0.2350567559178572,9,8,IXI013-HH-1212-MRA_IXI-HH,IXI-HH
adaptive,44,45,0,3.932363307855262,3.7088574617020345,0.22350584615322733,0.06026272200028363,9,9,IXI013-HH-1212-MRA_IXI-HH,IXI-HH
adaptive,46,47,0,3.108129854634663,2.314522392633031,0.7936074620016318,0.37940170243173577,8,6,IXI013-HH-1212-MRA_IXI-HH,IXI-HH
adaptive,46,223,0,8.18593987974581,7.269000147084302,0.9169397326615076,0.12762808709573728,18,16,IXI013-HH-1212-MRA_IXI-HH,IXI-HH
adaptive,47,48,0,2.7919287277298706,2.1811156150477196,0.610813112682151,0.2800461875877164,7,6,IXI013-HH-1212-MRA_IXI-HH,IXI-HH
adaptive,47,49,0,2.53791252664307,2.3901653160880425,0.1477472105550275,0.06181464083699605,7,6,IXI013-HH-1212-MRA_IXI-HH,IXI-HH
adaptive,48,54,0,26.059011095888767,20.834602440811597,5.22440865507717,0.41455433348703663,54,43,IXI013-HH-1212-MRA_IXI-HH,IXI-HH
adaptive,49,52,0,6.960068399713276,5.911997172732715,1.0480712269805617,0.20012959133260663,15,13,IXI013-HH-1212-MRA_IXI-HH,IXI-HH
adaptive,49,54,0,15.745568804203666,12.873332231992563,2.8722365722111025,0.23289417268757714,33,27,IXI013-HH-1212-MRA_IXI-HH,IXI-HH
adaptive,50,51,0,17.426406162387202,14.755987959275828,2.6704182031113746,0.2611926817092081,36,31,IXI013-HH-1212-MRA_IXI-HH,IXI-HH
adaptive,50,218,0,20.631687017533054,17.11749934853893,3.514187668994122,0.23516836114996,43,36,IXI013-HH-1212-MRA_IXI-HH,IXI-HH
adaptive,50,220,0,8.391240129923103,7.504510321567922,0.8867298083551809,0.12100057749600093,18,17,IXI013-HH-1212-MRA_IXI-HH,IXI-HH
adaptive,51,52,0,18.016030239774818,14.425601787532791,3.5904284522420262,0.4074256544635001,38,30,IXI013-HH-1212-MRA_IXI-HH,IXI-HH
adaptive,51,52,1,14.102028884972592,11.79052966316797,2.311499221804622,0.2622985239122476,30,25,IXI013-HH-1212-MRA_IXI-HH,IXI-HH
adaptive,53,57,0,23.45748514078215,20.46291751712473,2.994567623657421,0.15041290291554246,48,42,IXI013-HH-1212-MRA_IXI-HH,IXI-HH
adaptive,53,221,0,21.944035655552778,18.497680636525168,3.44635501902761,0.2223976762739602,45,38,IXI013-HH-1212-MRA_IXI-HH,IXI-HH
adaptive,53,227,0,13.137517050754933,11.675698714178196,1.4618183365767372,0.13171167756675212,28,25,IXI013-HH-1212-MRA_IXI-HH,IXI-HH
adaptive,54,61,0,15.794665351877109,12.57651234556308,3.2181530063140293,0.2598928964068707,33,27,IXI013-HH-1212-MRA_IXI-HH,IXI-HH
adaptive,55,59,0,8.275136634939702,6.794384284772748,1.4807523501669548,0.24450990458410288,18,15,IXI013-HH-1212-MRA_IXI-HH,IXI-HH
adaptive,55,60,0,8.581052158590301,7.013927198331718,1.5671249602585835,0.23866950048424365,19,16,IXI013-HH-1212-MRA_IXI-HH,IXI-HH
adaptive,55,226,0,26.06250962263441,22.57891689066291,3.4835927319714983,0.23006887964185047,54,47,IXI013-HH-1212-MRA_IXI-HH,IXI-HH
adaptive,55,230,0,41.36363525578193,34.57169254227228,6.791942713509648,0.339675616879266,84,71,IXI013-HH-1212-MRA_IXI-HH,IXI-HH
adaptive,56,57,0,13.830468720609794,11.271791438200882,2.5586772824089117,0.2483157714544403,29,24,IXI013-HH-1212-MRA_IXI-HH,IXI-HH
adaptive,56,60,0,55.30638891044866,46.762240900461336,8.544148009987325,0.2861080547942456,112,95,IXI013-HH-1212-MRA_IXI-HH,IXI-HH
adaptive,56,67,0,37.15693342012467,30.163017996190177,6.993915423934496,0.2861995431836931,76,62,IXI013-HH-1212-MRA_IXI-HH,IXI-HH
adaptive,57,58,0,2.5466845638260347,2.3575394963767256,0.18914506744930915,0.08879425201627475,7,6,IXI013-HH-1212-MRA_IXI-HH,IXI-HH
adaptive,58,72,0,70.69001462128804,57.939821098093134,12.750193523194909,0.41006572641308825,143,117,IXI013-HH-1212-MRA_IXI-HH,IXI-HH
adaptive,58,228,0,7.1522460820534945,6.284863355685084,0.8673827263684109,0.14501689249860888,16,14,IXI013-HH-1212-MRA_IXI-HH,IXI-HH
adaptive,59,60,0,1.8389672508865518,1.8389672508865518,0.0,0.0,5,5,IXI013-HH-1212-MRA_IXI-HH,IXI-HH
adaptive,59,63,0,3.729428663757317,3.302609107120149,0.426819556637168,0.1517580698914687,9,8,IXI013-HH-1212-MRA_IXI-HH,IXI-HH
adaptive,60,63,0,3.796376867469368,2.971731148907742,0.824645718561626,0.2867073210398172,9,7,IXI013-HH-1212-MRA_IXI-HH,IXI-HH
adaptive,61,62,0,1.7272143186029711,1.6672511088862676,0.05996320971670355,0.03596531404124198,5,5,IXI013-HH-1212-MRA_IXI-HH,IXI-HH
adaptive,61,110,0,23.37754616284635,19.31588622180611,4.06165994104024,0.24790697316089222,48,40,IXI013-HH-1212-MRA_IXI-HH,IXI-HH
adaptive,62,64,0,4.698256783225129,3.9120505405801915,0.7862062426449374,0.20097036950047587,11,9,IXI013-HH-1212-MRA_IXI-HH,IXI-HH
adaptive,62,229,0,30.759252852607364,26.612318713125163,4.146934139482202,0.21450760721271792,63,55,IXI013-HH-1212-MRA_IXI-HH,IXI-HH
adaptive,63,236,0,23.493708386586036,19.993770628988237,3.499937757597799,0.3424390607926124,48,41,IXI013-HH-1212-MRA_IXI-HH,IXI-HH
adaptive,64,67,0,20.077238732470718,17.515396895830467,2.5618418366402516,0.17301566339281033,42,37,IXI013-HH-1212-MRA_IXI-HH,IXI-HH
adaptive,64,68,0,4.628117643961002,4.110932357313596,0.5171852866474067,0.12580729666526938,11,10,IXI013-HH-1212-MRA_IXI-HH,IXI-HH
adaptive,65,66,0,3.484184560234212,2.837809642624971,0.6463749176092408,0.2277724720856698,8,7,IXI013-HH-1212-MRA_IXI-HH,IXI-HH
adaptive,65,68,0,5.083083566760276,5.000878641704501,0.08220492505577504,0.01643809637175204,12,12,IXI013-HH-1212-MRA_IXI-HH,IXI-HH
adaptive,65,232,0,9.914831635153458,8.329027066097254,1.5858045690562044,0.19039493526334134,21,18,IXI013-HH-1212-MRA_IXI-HH,IXI-HH
adaptive,66,69,0,5.440080618158577,5.087995016580206,0.3520856015783709,0.0691992819236325,12,12,IXI013-HH-1212-MRA_IXI-HH,IXI-HH
adaptive,66,70,0,9.214621557919562,6.586490154255799,2.6281314036637635,0.4142151698604828,20,15,IXI013-HH-1212-MRA_IXI-HH,IXI-HH
adaptive,67,72,0,7.4200463211880265,5.96525431748583,1.4547920037021962,0.26332290879761683,16,13,IXI013-HH-1212-MRA_IXI-HH,IXI-HH
adaptive,68,69,0,3.2095971636549456,2.509053827347405,0.7005433363075406,0.27920618070125724,8,7,IXI013-HH-1212-MRA_IXI-HH,IXI-HH
adaptive,69,70,0,6.195688493921461,4.4112353511962406,1.7844531427252202,0.4376802879326328,14,10,IXI013-HH-1212-MRA_IXI-HH,IXI-HH
adaptive,70,235,0,8.560480968308083,6.767898906142095,1.7925820621659874,0.36643630037530084,19,15,IXI013-HH-1212-MRA_IXI-HH,IXI-HH
adaptive,71,77,0,7.888796381366456,6.660503432255583,1.2282929491108732,0.1875446850303416,17,15,IXI013-HH-1212-MRA_IXI-HH,IXI-HH
adaptive,71,79,0,31.00801021450493,26.194053326029415,4.813956888475516,0.19936874530279605,64,54,IXI013-HH-1212-MRA_IXI-HH,IXI-HH
adaptive,71,234,0,43.291950545427824,37.28262108950365,6.009329455924174,0.2267354096643064,88,76,IXI013-HH-1212-MRA_IXI-HH,IXI-HH
adaptive,72,89,0,4.962558556408484,3.955716613279719,1.0068419431287654,0.254528329898229,11,9,IXI013-HH-1212-MRA_IXI-HH,IXI-HH
adaptive,73,77,0,17.50607174884056,15.10019388795416,2.4058778608864007,0.17147650994756136,37,32,IXI013-HH-1212-MRA_IXI-HH,IXI-HH
adaptive,73,78,0,13.260251407738858,10.162287642047936,3.0979637656909222,0.3143575704629904,28,22,IXI013-HH-1212-MRA_IXI-HH,IXI-HH
adaptive,73,243,0,75.88684998367287,64.4752822882481,11.411567695424779,0.2841041027955798,153,130,IXI013-HH-1212-MRA_IXI-HH,IXI-HH
adaptive,74,87,0,16.73566397512911,14.77500947930104,1.96065449582807,0.149003573939383,35,31,IXI013-HH-1212-MRA_IXI-HH,IXI-HH
adaptive,74,93,0,8.186791914537022,7.469609912843835,0.7171820016931862,0.0960133139563295,18,16,IXI013-HH-1212-MRA_IXI-HH,IXI-HH
adaptive,74,94,0,2.4452172477871112,1.8698783526774443,0.575338895109667,0.3076878740725833,6,5,IXI013-HH-1212-MRA_IXI-HH,IXI-HH
adaptive,75,82,0,3.942648936635078,2.898929024418864,1.043719912216214,0.3985338478736126,9,7,IXI013-HH-1212-MRA_IXI-HH,IXI-HH
adaptive,75,83,0,1.8389672430128094,1.8389672430128094,0.0,0.0,5,5,IXI013-HH-1212-MRA_IXI-HH,IXI-HH
adaptive,75,95,0,6.683083465645784,5.974277950710096,0.7088055149356878,0.12117406134378529,15,13,IXI013-HH-1212-MRA_IXI-HH,IXI-HH
adaptive,76,86,0,2.8933960249005786,2.4898699646689653,0.4035260602316133,0.16206712236285928,7,6,IXI013-HH-1212-MRA_IXI-HH,IXI-HH
adaptive,76,96,0,3.1169018821490666,3.116901882149066,4.440892098500626e-16,1.4247776370293326e-16,8,8,IXI013-HH-1212-MRA_IXI-HH,IXI-HH
adaptive,76,113,0,8.974650918864135,8.338132114819299,0.6365188040448366,0.0763382967887444,19,18,IXI013-HH-1212-MRA_IXI-HH,IXI-HH
adaptive,77,237,0,11.426047354762359,9.427138634700077,1.998908720062282,0.2386769353613134,24,20,IXI013-HH-1212-MRA_IXI-HH,IXI-HH
adaptive,78,90,0,12.076218185736565,10.979560847354943,1.0966573383816218,0.10317098062376273,26,23,IXI013-HH-1212-MRA_IXI-HH,IXI-HH
adaptive,78,248,0,39.147277621416634,34.18062762126823,4.966650000148405,0.17228045630602615,80,70,IXI013-HH-1212-MRA_IXI-HH,IXI-HH
adaptive,79,80,0,3.454428653958031,3.199999827346865,0.25442882661116606,0.07950901260582699,8,8,IXI013-HH-1212-MRA_IXI-HH,IXI-HH
adaptive,79,87,0,5.019221157490794,3.994106806275499,1.0251143512152945,0.2566567197463637,12,9,IXI013-HH-1212-MRA_IXI-HH,IXI-HH
adaptive,80,106,0,69.59821748441989,57.923554526332566,11.674662958087325,4.058968928885214,141,117,IXI013-HH-1212-MRA_IXI-HH,IXI-HH
adaptive,80,106,1,5.2581885104843735,3.459911489857679,1.7982770206266947,0.625212957192544,12,8,IXI013-HH-1212-MRA_IXI-HH,IXI-HH
adaptive,81,88,0,3.9323633262535136,2.7025415010618423,1.2298218251916713,0.586659252351709,9,7,IXI013-HH-1212-MRA_IXI-HH,IXI-HH
adaptive,81,90,0,4.1776074569014625,2.6081018364872803,1.5695056204141822,0.6743815974681326,10,7,IXI013-HH-1212-MRA_IXI-HH,IXI-HH
adaptive,81,91,0,1.5077172833920571,1.5077172833920571,0.0,0.0,5,5,IXI013-HH-1212-MRA_IXI-HH,IXI-HH
adaptive,82,83,0,2.1706298855894683,1.6178810130897423,0.552748872499726,0.3416498914491344,6,5,IXI013-HH-1212-MRA_IXI-HH,IXI-HH
adaptive,82,100,0,3.3022924656441885,2.8479295647194647,0.45436290092472387,0.15954148113543,8,7,IXI013-HH-1212-MRA_IXI-HH,IXI-HH
adaptive,83,84,0,2.263325172447962,1.8749999776417492,0.38832519480621297,0.20710677303293767,6,5,IXI013-HH-1212-MRA_IXI-HH,IXI-HH
adaptive,84,85,0,6.3518335048275585,5.468452644101191,0.8833808607263673,0.17142325659941748,14,12,IXI013-HH-1212-MRA_IXI-HH,IXI-HH
adaptive,84,101,0,2.4349316373655117,2.4349316373655117,0.0,0.0,6,6,IXI013-HH-1212-MRA_IXI-HH,IXI-HH
adaptive,85,86,0,1.8544287402850312,1.8544287402850312,0.0,0.0,5,5,IXI013-HH-1212-MRA_IXI-HH,IXI-HH
adaptive,85,102,0,2.893396009707848,2.820862418959951,0.07253359074789678,0.025713267779518236,7,7,IXI013-HH-1212-MRA_IXI-HH,IXI-HH
adaptive,86,96,0,3.1802539230574505,2.4734650237184566,0.7067888993389939,0.33715798434453403,8,6,IXI013-HH-1212-MRA_IXI-HH,IXI-HH
adaptive,87,90,0,3.9169018447292365,3.5266506120053225,0.39025123272391404,0.11065775310869529,9,9,IXI013-HH-1212-MRA_IXI-HH,IXI-HH
adaptive,87,106,0,11.728051702149067,9.843905940903143,1.8841457612459234,0.21694748061376684,25,21,IXI013-HH-1212-MRA_IXI-HH,IXI-HH
adaptive,88,91,0,2.1706298774794996,1.617880996870546,0.5527488806089536,0.34164989988641387,6,5,IXI013-HH-1212-MRA_IXI-HH,IXI-HH
adaptive,88,92,0,6.195688502885584,4.800436047651607,1.3952524552339778,0.4311974916365484,14,11,IXI013-HH-1212-MRA_IXI-HH,IXI-HH
adaptive,88,92,1,5.66708494755157,4.023809921855938,1.6432750256956314,0.5078479285170767,13,10,IXI013-HH-1212-MRA_IXI-HH,IXI-HH
adaptive,89,105,0,2.323178718779807,2.1301499196742064,0.19302879910560078,0.09061747125062604,6,6,IXI013-HH-1212-MRA_IXI-HH,IXI-HH
adaptive,89,238,0,13.002253177508049,12.073019394730395,0.9292337827776542,0.0769678033635268,28,26,IXI013-HH-1212-MRA_IXI-HH,IXI-HH
adaptive,90,91,0,2.721789543462906,2.0385349671033364,0.6832545763595697,0.33516941695164676,7,6,IXI013-HH-1212-MRA_IXI-HH,IXI-HH
adaptive,92,99,0,4.698256833400974,3.662068386948709,1.0361884464522646,0.3126169113669019,11,9,IXI013-HH-1212-MRA_IXI-HH,IXI-HH
adaptive,92,99,1,4.615847160503558,3.981153273483929,0.6346938870196288,0.19148644563918174,11,9,IXI013-HH-1212-MRA_IXI-HH,IXI-HH
adaptive,93,239,0,39.92268541347217,34.59213672204236,5.3305486914298115,0.3528338330893567,81,71,IXI013-HH-1212-MRA_IXI-HH,IXI-HH
adaptive,93,241,0,28.61266080375531,24.049231104608253,4.563429699147058,0.28762282800503675,59,50,IXI013-HH-1212-MRA_IXI-HH,IXI-HH
adaptive,94,103,0,2.077934590620278,1.8544287351795965,0.22350585544068147,0.1205254487274948,6,5,IXI013-HH-1212-MRA_IXI-HH,IXI-HH
adaptive,94,108,0,2.364792474455997,2.364792474455997,0.0,0.0,6,6,IXI013-HH-1212-MRA_IXI-HH,IXI-HH
adaptive,94,113,0,10.433967315700338,7.7558784396282725,2.6780888760720654,0.35105688982040006,22,17,IXI013-HH-1212-MRA_IXI-HH,IXI-HH
adaptive,95,96,0,2.1706298774802124,1.6178809968712258,0.5527488806089866,0.34164989988629085,6,5,IXI013-HH-1212-MRA_IXI-HH,IXI-HH
adaptive,95,99,0,19.057329045315015,15.19619736733395,3.8611316779810654,0.25779556745497756,40,32,IXI013-HH-1212-MRA_IXI-HH,IXI-HH
adaptive,97,140,0,9.863749994982193,8.276097096587103,1.5876528983950902,0.19183594390764294,21,18,IXI013-HH-1212-MRA_IXI-HH,IXI-HH
adaptive,97,231,0,75.0460010577245,64.24324249455735,10.802758563167146,0.2692066683218884,152,130,IXI013-HH-1212-MRA_IXI-HH,IXI-HH
adaptive,97,240,0,44.148208108623656,38.48900130061469,5.6592068080089675,0.16073734096762612,90,78,IXI013-HH-1212-MRA_IXI-HH,IXI-HH
adaptive,98,110,0,12.738088488347225,10.142798297371257,2.595290190975968,0.2741966418862866,27,22,IXI013-HH-1212-MRA_IXI-HH,IXI-HH
adaptive,98,111,0,2.6290942596235745,2.3273257072692553,0.3017685523543192,0.12966322307692651,7,6,IXI013-HH-1212-MRA_IXI-HH,IXI-HH
adaptive,98,115,0,6.765905777843421,4.412275841756251,2.35362993608717,0.6124431094987907,15,10,IXI013-HH-1212-MRA_IXI-HH,IXI-HH
adaptive,100,104,0,1.9887377750132056,1.482317631535794,0.5064201434774116,0.3416407743546313,5,4,IXI013-HH-1212-MRA_IXI-HH,IXI-HH
adaptive,100,112,0,3.0978442368765156,3.0978442368765156,0.0,0.0,8,8,IXI013-HH-1212-MRA_IXI-HH,IXI-HH
adaptive,101,102,0,3.4738989631124997,3.0455909770652347,0.42830798604726494,0.14063214307916924,8,8,IXI013-HH-1212-MRA_IXI-HH,IXI-HH
adaptive,101,112,0,6.186916495929625,5.148805152596317,1.0381113433333073,0.20162179623554666,14,12,IXI013-HH-1212-MRA_IXI-HH,IXI-HH
adaptive,102,120,0,20.77274410013599,17.674521159101328,3.0982229410346633,0.28950037563102515,43,37,IXI013-HH-1212-MRA_IXI-HH,IXI-HH
adaptive,103,108,0,1.3959643561761979,1.0389672940503218,0.356997062125876,0.3436076035985258,4,4,IXI013-HH-1212-MRA_IXI-HH,IXI-HH
adaptive,103,245,0,23.037617172131135,20.715873532224833,2.321743639906302,0.12325940499364056,48,43,IXI013-HH-1212-MRA_IXI-HH,IXI-HH
adaptive,104,109,0,1.9887377750140878,1.4823176315368045,0.5064201434772833,0.3416407743543117,5,4,IXI013-HH-1212-MRA_IXI-HH,IXI-HH
adaptive,104,117,0,4.493808594481847,4.1678803424941595,0.3259282519876878,0.15988357476366186,10,10,IXI013-HH-1212-MRA_IXI-HH,IXI-HH
adaptive,105,129,0,71.0211667915867,60.08176942567495,10.939397365911745,0.33215126969898157,144,122,IXI013-HH-1212-MRA_IXI-HH,IXI-HH
adaptive,105,142,0,11.364680168362266,9.410296880883301,1.954383287478965,0.23285438757446703,24,20,IXI013-HH-1212-MRA_IXI-HH,IXI-HH
adaptive,107,109,0,1.3258251836272996,0.937499988820394,0.38832519480690564,0.41421354606682653,4,3,IXI013-HH-1212-MRA_IXI-HH,IXI-HH
adaptive,107,116,0,2.65165036640124,2.096313693158867,0.555336673242373,0.26491105556132405,7,6,IXI013-HH-1212-MRA_IXI-HH,IXI-HH
adaptive,107,127,0,3.4738989235408475,3.310373670335235,0.1635252532056124,0.0728794901593236,8,8,IXI013-HH-1212-MRA_IXI-HH,IXI-HH
adaptive,108,128,0,24.858722942866134,20.102925006137433,4.755797936728701,0.44503710617982906,51,42,IXI013-HH-1212-MRA_IXI-HH,IXI-HH
adaptive,109,117,0,3.473898930813177,3.473898930813177,0.0,0.0,8,8,IXI013-HH-1212-MRA_IXI-HH,IXI-HH
adaptive,110,130,0,2.5276269212077307,2.091734020884485,0.4358929003232457,0.20838830174924886,7,6,IXI013-HH-1212-MRA_IXI-HH,IXI-HH
adaptive,111,114,0,2.6290942451517925,1.9661816610356126,0.6629125841161798,0.3976081230852889,7,5,IXI013-HH-1212-MRA_IXI-HH,IXI-HH
adaptive,111,121,0,2.7816431027689346,2.7816431027689346,0.0,0.0,7,7,IXI013-HH-1212-MRA_IXI-HH,IXI-HH
adaptive,112,117,0,4.047614735671632,3.070677810464437,0.9769369252071951,0.3181502539530301,10,8,IXI013-HH-1212-MRA_IXI-HH,IXI-HH
adaptive,113,128,0,4.229506838521752,3.4054213786668415,0.8240854598549108,0.26207447282156976,10,8,IXI013-HH-1212-MRA_IXI-HH,IXI-HH
adaptive,114,122,0,1.9661816479414036,1.9127551938384766,0.05342645410292701,0.02793167378398902,5,5,IXI013-HH-1212-MRA_IXI-HH,IXI-HH
adaptive,114,123,0,3.444555708694957,2.781643110038667,0.6629125986562903,0.25312644299041825,8,7,IXI013-HH-1212-MRA_IXI-HH,IXI-HH
adaptive,115,122,0,1.7018798822136811,1.5865469098416383,0.11533297237204287,0.07448106696812828,5,5,IXI013-HH-1212-MRA_IXI-HH,IXI-HH
adaptive,115,133,0,2.170629862017486,1.8698783526774436,0.3007515093400426,0.16084014711941136,6,5,IXI013-HH-1212-MRA_IXI-HH,IXI-HH
adaptive,116,118,0,2.996376949477742,2.5816139425937528,0.41476300688398915,0.1645562308370035,7,7,IXI013-HH-1212-MRA_IXI-HH,IXI-HH
adaptive,116,137,0,3.4738989308119788,3.174968378662745,0.2989305521492338,0.10597133349720268,8,8,IXI013-HH-1212-MRA_IXI-HH,IXI-HH
adaptive,117,127,0,1.6004125802079925,1.4823176315368045,0.11809494867118797,0.07966912499634245,5,4,IXI013-HH-1212-MRA_IXI-HH,IXI-HH
adaptive,118,126,0,1.5077172884605616,1.5077172884605616,0.0,0.0,5,5,IXI013-HH-1212-MRA_IXI-HH,IXI-HH
adaptive,118,136,0,2.3901269108444465,1.9662821280283695,0.42384478281607696,0.22158861948531894,6,5,IXI013-HH-1212-MRA_IXI-HH,IXI-HH
adaptive,119,120,0,3.260678714082538,2.8378096426249826,0.42286907145755537,0.14901248663966066,8,7,IXI013-HH-1212-MRA_IXI-HH,IXI-HH
adaptive,119,128,0,1.5901269568125982,1.31857221792254,0.2715547388900581,0.20594604921822393,5,4,IXI013-HH-1212-MRA_IXI-HH,IXI-HH
adaptive,119,233,0,71.46934571407297,59.191055532954195,12.278290181118777,0.48343623175618505,144,120,IXI013-HH-1212-MRA_IXI-HH,IXI-HH
adaptive,120,246,0,47.01982901788735,41.610127288211686,5.4097017296756675,0.18972548802937467,96,85,IXI013-HH-1212-MRA_IXI-HH,IXI-HH
adaptive,121,123,0,1.9661816537658832,1.9661816537658832,0.0,0.0,5,5,IXI013-HH-1212-MRA_IXI-HH,IXI-HH
adaptive,121,131,0,6.698544937458336,4.56855651540278,2.129988422055556,0.5151059549603324,15,11,IXI013-HH-1212-MRA_IXI-HH,IXI-HH
adaptive,122,132,0,3.6680615393215037,2.4684233617631537,1.19963817755835,0.9098008923570926,9,6,IXI013-HH-1212-MRA_IXI-HH,IXI-HH
adaptive,122,138,0,2.0779345848772075,1.3258251827718601,0.7521094021053474,0.5672764493226297,6,4,IXI013-HH-1212-MRA_IXI-HH,IXI-HH
adaptive,123,124,0,2.629094251716004,1.4062499832315105,1.2228442684844933,0.8695781568469373,7,4,IXI013-HH-1212-MRA_IXI-HH,IXI-HH
adaptive,124,131,0,6.205148770769542,5.79813224347259,0.4070165272969515,0.07144090648231476,14,13,IXI013-HH-1212-MRA_IXI-HH,IXI-HH
adaptive,124,139,0,4.620610345063357,4.13504908346157,0.48556126160178703,0.11742575524528226,11,10,IXI013-HH-1212-MRA_IXI-HH,IXI-HH
adaptive,124,139,1,4.859577673834342,4.608484346167706,0.25109332766663606,0.060723179483141355,11,11,IXI013-HH-1212-MRA_IXI-HH,IXI-HH
adaptive,125,131,0,5.194836475290409,3.762353039979411,1.4324834353109983,0.5683343763518265,12,9,IXI013-HH-1212-MRA_IXI-HH,IXI-HH
adaptive,125,134,0,1.8544287330154248,1.8544287330154248,0.0,0.0,5,5,IXI013-HH-1212-MRA_IXI-HH,IXI-HH
adaptive,125,135,0,1.507717294203046,1.3185722320496223,0.18914506215342364,0.14344687196954825,5,4,IXI013-HH-1212-MRA_IXI-HH,IXI-HH
adaptive,126,134,0,1.507717288459459,1.507717288459459,0.0,0.0,5,5,IXI013-HH-1212-MRA_IXI-HH,IXI-HH
adaptive,126,135,0,1.8389672430126702,1.8389672430126702,0.0,0.0,5,5,IXI013-HH-1212-MRA_IXI-HH,IXI-HH
adaptive,127,137,0,3.4548413299260483,2.8762632487683764,0.578578081157672,0.2011561637848763,8,7,IXI013-HH-1212-MRA_IXI-HH,IXI-HH
adaptive,129,242,0,23.425908082264154,19.906023558700454,3.5198845235637,0.23235252625256497,48,41,IXI013-HH-1212-MRA_IXI-HH,IXI-HH
adaptive,129,253,0,16.765478380561802,14.193162066437338,2.572316314124464,0.21454730094987784,35,30,IXI013-HH-1212-MRA_IXI-HH,IXI-HH
adaptive,130,138,0,11.36269534215645,9.832095995393853,1.530599346762596,0.1716530014767145,24,21,IXI013-HH-1212-MRA_IXI-HH,IXI-HH
adaptive,130,162,0,21.922199562186915,18.767141137594916,3.1550584245919993,0.19147772232807353,45,39,IXI013-HH-1212-MRA_IXI-HH,IXI-HH
adaptive,131,134,0,4.971330616643529,3.1800602584269515,1.7912703582165777,0.5881519782878719,11,8,IXI013-HH-1212-MRA_IXI-HH,IXI-HH
adaptive,132,133,0,1.3959643598360798,1.2324391029510362,0.1635252568850436,0.13268424905821924,4,4,IXI013-HH-1212-MRA_IXI-HH,IXI-HH
adaptive,132,138,0,3.3621460255239803,3.3087195743602758,0.05342645116370459,0.025541703546071094,8,8,IXI013-HH-1212-MRA_IXI-HH,IXI-HH
adaptive,133,139,0,2.629094244834278,1.667251115363808,0.9618431294704699,0.576903575356486,7,5,IXI013-HH-1212-MRA_IXI-HH,IXI-HH
adaptive,133,140,0,19.606032627964506,16.202019043006985,3.4040135849575215,0.2110756827133551,41,34,IXI013-HH-1212-MRA_IXI-HH,IXI-HH
adaptive,135,136,0,1.3959643692701094,1.2324391171469353,0.16352525212317404,0.13268424366611373,4,4,IXI013-HH-1212-MRA_IXI-HH,IXI-HH
adaptive,136,137,0,3.56659424674861,2.3437499720518713,1.2228442746967385,0.5217468967588643,9,6,IXI013-HH-1212-MRA_IXI-HH,IXI-HH
adaptive,137,258,0,94.92898675216145,81.01261603843113,13.916370713730316,0.31273166801569086,191,164,IXI013-HH-1212-MRA_IXI-HH,IXI-HH
adaptive,140,250,0,44.18035396547171,36.900789296435434,7.279564669036276,0.24039041531012864,90,75,IXI013-HH-1212-MRA_IXI-HH,IXI-HH
adaptive,141,143,0,35.2315475604619,29.32944137959202,5.902106180869879,0.3520142794094644,72,60,IXI013-HH-1212-MRA_IXI-HH,IXI-HH
adaptive,141,244,0,31.070725008872994,26.857293677755962,4.213431331117032,0.25080114632532413,64,55,IXI013-HH-1212-MRA_IXI-HH,IXI-HH
adaptive,141,247,0,39.55422112637309,32.61939499126043,6.934826135112665,0.42052830344920944,81,67,IXI013-HH-1212-MRA_IXI-HH,IXI-HH
adaptive,142,144,0,2.52762692120776,2.091734020884146,0.43589290032361383,0.20838830174945863,7,6,IXI013-HH-1212-MRA_IXI-HH,IXI-HH
adaptive,142,156,0,19.56617915297265,15.026938680135302,4.539240472837349,0.40710236740467814,41,32,IXI013-HH-1212-MRA_IXI-HH,IXI-HH
adaptive,143,153,0,48.98435523490575,41.57702493879732,7.407330296108427,0.26060337736921696,99,85,IXI013-HH-1212-MRA_IXI-HH,IXI-HH
adaptive,143,252,0,27.524157446086992,23.768629747180864,3.7555276989061284,0.22137279805681934,57,49,IXI013-HH-1212-MRA_IXI-HH,IXI-HH
adaptive,144,147,0,2.1706298690363264,1.8698783602155076,0.3007515088208188,0.16084014619333661,6,5,IXI013-HH-1212-MRA_IXI-HH,IXI-HH
adaptive,144,161,0,12.128588776719056,9.745196059847393,2.383392716871663,0.26060991744321993,26,21,IXI013-HH-1212-MRA_IXI-HH,IXI-HH
adaptive,145,145,0,15.116762687912253,11.451123570507752,3.665639117404501,nan,32,24,IXI013-HH-1212-MRA_IXI-HH,IXI-HH
adaptive,145,146,0,3.3022924586253275,2.520494071260096,0.7817983873652317,0.3101766420638234,8,7,IXI013-HH-1212-MRA_IXI-HH,IXI-HH
adaptive,146,148,0,1.1316625866518977,1.0481568476609548,0.08350573899094282,0.07966912507158877,4,4,IXI013-HH-1212-MRA_IXI-HH,IXI-HH
adaptive,146,151,0,6.698544967699898,6.247856699651588,0.4506882680483102,0.07337041133176916,15,14,IXI013-HH-1212-MRA_IXI-HH,IXI-HH
adaptive,147,159,0,22.79657217172698,19.73736545041546,3.0592067213115186,0.16377749980403167,47,41,IXI013-HH-1212-MRA_IXI-HH,IXI-HH
adaptive,147,257,0,17.948222584042323,15.264434512833366,2.683788071208957,0.19216232769327943,37,32,IXI013-HH-1212-MRA_IXI-HH,IXI-HH
adaptive,148,149,0,5.786792093281086,5.591798033217319,0.19499406006376674,0.035050157646172975,13,13,IXI013-HH-1212-MRA_IXI-HH,IXI-HH
adaptive,148,154,0,9.762282736434125,6.919933336161309,2.8423494002728162,0.472557006458383,21,15,IXI013-HH-1212-MRA_IXI-HH,IXI-HH
adaptive,149,151,0,1.9764672796498868,1.6844184369872959,0.2920488426625909,0.17338259677621515,5,5,IXI013-HH-1212-MRA_IXI-HH,IXI-HH
adaptive,149,154,0,5.726938483086739,4.486389819884539,1.2405486632022003,0.27651379238242985,13,10,IXI013-HH-1212-MRA_IXI-HH,IXI-HH
adaptive,150,152,0,1.8544287293544182,0.9374999672011604,0.9169287621532578,0.9780573805145654,5,3,IXI013-HH-1212-MRA_IXI-HH,IXI-HH
adaptive,150,249,0,3.965205043716415,3.560512924262323,0.4046921194540922,0.11650566283458338,9,9,IXI013-HH-1212-MRA_IXI-HH,IXI-HH
adaptive,150,251,0,13.450502843004218,10.745928887880712,2.7045739551235055,0.30497117162342596,28,23,IXI013-HH-1212-MRA_IXI-HH,IXI-HH
adaptive,151,156,0,6.786477027307682,5.764184120307126,1.0222929070005558,0.1773525768198546,15,13,IXI013-HH-1212-MRA_IXI-HH,IXI-HH
adaptive,152,160,0,4.780666476084706,3.7744627043292995,1.0062037717554064,0.3109634710695009,11,9,IXI013-HH-1212-MRA_IXI-HH,IXI-HH
adaptive,152,163,0,10.890754293059452,9.329198709867939,1.561555583191513,0.1926832602341139,23,20,IXI013-HH-1212-MRA_IXI-HH,IXI-HH
adaptive,153,155,0,5.130974083748695,4.341252579246096,0.7897215045025989,0.19375909781867137,12,10,IXI013-HH-1212-MRA_IXI-HH,IXI-HH
adaptive,153,158,0,4.341259745655297,3.7397567306639314,0.6015030149913652,0.16084014504456237,10,9,IXI013-HH-1212-MRA_IXI-HH,IXI-HH
adaptive,153,163,0,37.39616925091491,30.042755124950222,7.353414125964687,0.28068325799444227,76,62,IXI013-HH-1212-MRA_IXI-HH,IXI-HH
adaptive,154,255,0,10.536948227284824,7.383679901076317,3.153268326208507,0.46643162440699726,23,16,IXI013-HH-1212-MRA_IXI-HH,IXI-HH
adaptive,155,157,0,2.3077172266134682,1.9127551938386338,0.39496203277483444,0.20648854283448606,6,5,IXI013-HH-1212-MRA_IXI-HH,IXI-HH
adaptive,155,158,0,1.9661816673824841,1.9262167760785611,0.039964891303923,0.020893886999029172,5,5,IXI013-HH-1212-MRA_IXI-HH,IXI-HH
adaptive,156,161,0,2.546684565255779,2.327325690774012,0.21935887448176716,0.0942536213781122,7,6,IXI013-HH-1212-MRA_IXI-HH,IXI-HH
adaptive,157,159,0,3.5408471478085275,3.116901893635302,0.42394525417322537,0.15028923234312563,9,8,IXI013-HH-1212-MRA_IXI-HH,IXI-HH
adaptive,157,256,0,4.981616203242106,4.348331213347677,0.6332849898944284,0.14775630514893703,11,10,IXI013-HH-1212-MRA_IXI-HH,IXI-HH
adaptive,158,159,0,2.3647924698037057,1.6844184347899334,0.6803740350137724,0.4039222208456908,6,5,IXI013-HH-1212-MRA_IXI-HH,IXI-HH
adaptive,160,163,0,6.616855420685608,6.24243438777402,0.374421032911588,0.061826442871541216,15,14,IXI013-HH-1212-MRA_IXI-HH,IXI-HH
adaptive,160,254,0,19.7863964332663,17.258354445238748,2.528041988027553,0.18048948588815353,41,36,IXI013-HH-1212-MRA_IXI-HH,IXI-HH
adaptive,161,162,0,3.6680615504517506,3.081452706602816,0.5866088438489347,0.19036762842148197,9,8,IXI013-HH-1212-MRA_IXI-HH,IXI-HH
adaptive,162,165,0,18.966147211328032,15.216771555127227,3.7493756562008045,0.25723144297062356,39,32,IXI013-HH-1212-MRA_IXI-HH,IXI-HH
adaptive,164,165,0,8.645668954435722,7.700566868018225,0.9451020864174975,0.12640590897316303,19,17,IXI013-HH-1212-MRA_IXI-HH,IXI-HH
adaptive,164,167,0,13.420058627918905,11.741781287803661,1.678277340115244,0.2534186200347089,28,25,IXI013-HH-1212-MRA_IXI-HH,IXI-HH
adaptive,164,167,1,7.958935488646665,6.756057764404834,1.202877724241831,0.18163363447838946,17,15,IXI013-HH-1212-MRA_IXI-HH,IXI-HH
adaptive,165,168,0,8.277121550031778,6.81244535268117,1.4646761973506077,0.21500006554535606,18,15,IXI013-HH-1212-MRA_IXI-HH,IXI-HH
adaptive,166,177,0,8.527639240835551,7.987216884855229,0.5404223559803221,0.0683623419207878,19,17,IXI013-HH-1212-MRA_IXI-HH,IXI-HH
adaptive,166,191,0,20.54447499909169,17.537485765857053,3.0069892332346377,0.3693501937883509,43,37,IXI013-HH-1212-MRA_IXI-HH,IXI-HH
adaptive,166,203,0,23.24679428470177,20.146171263124803,3.1006230215769683,0.20247449663674413,48,42,IXI013-HH-1212-MRA_IXI-HH,IXI-HH
adaptive,167,172,0,4.971330605499295,4.799088232949246,0.17224237255004926,0.035890645095349484,11,11,IXI013-HH-1212-MRA_IXI-HH,IXI-HH
adaptive,168,172,0,2.434931639416079,2.18111558348888,0.2538160559271989,0.1163698328729551,6,6,IXI013-HH-1212-MRA_IXI-HH,IXI-HH
adaptive,168,173,0,2.0588769434301373,1.6844184275216358,0.37445851590850143,0.22230730190921735,6,5,IXI013-HH-1212-MRA_IXI-HH,IXI-HH
adaptive,169,170,0,2.077934593842159,1.8544287497188605,0.22350584412329844,0.12052544167964549,6,5,IXI013-HH-1212-MRA_IXI-HH,IXI-HH
adaptive,169,174,0,29.87072006729033,26.39414011272067,3.476579954569658,0.18548187394549023,61,54,IXI013-HH-1212-MRA_IXI-HH,IXI-HH
adaptive,169,198,0,32.946833529899365,27.853196699898493,5.093636830000872,0.30313434141546414,67,57,IXI013-HH-1212-MRA_IXI-HH,IXI-HH
adaptive,169,207,0,41.169721277056425,35.35266875611908,5.817052520937345,0.2984688639846437,84,72,IXI013-HH-1212-MRA_IXI-HH,IXI-HH
adaptive,170,184,0,16.344311487908698,13.53224492675651,2.8120665611521876,0.40477891716943093,34,29,IXI013-HH-1212-MRA_IXI-HH,IXI-HH
adaptive,170,277,0,54.37374958737614,45.64511621121846,8.728633376157681,0.3040813455354579,110,93,IXI013-HH-1212-MRA_IXI-HH,IXI-HH
adaptive,171,175,0,1.9661816558152512,1.9262167642744425,0.03996489154080862,0.02089388725270474,5,5,IXI013-HH-1212-MRA_IXI-HH,IXI-HH
adaptive,171,176,0,4.790952119790166,4.13748091412448,0.653471205665686,0.1600029286962481,11,10,IXI013-HH-1212-MRA_IXI-HH,IXI-HH
adaptive,171,261,0,28.155048493791906,24.923687498140943,3.231360995650963,0.22141226342734585,58,51,IXI013-HH-1212-MRA_IXI-HH,IXI-HH
adaptive,172,173,0,3.7798144792789343,3.7798144792789343,0.0,0.0,9,9,IXI013-HH-1212-MRA_IXI-HH,IXI-HH
adaptive,172,179,0,8.427685530749688,7.154801980229415,1.2728835505202731,0.18119210187301477,18,16,IXI013-HH-1212-MRA_IXI-HH,IXI-HH
adaptive,173,200,0,12.982165483307107,10.829697657545601,2.152467825761505,0.20378961575194532,27,23,IXI013-HH-1212-MRA_IXI-HH,IXI-HH
adaptive,174,178,0,10.536130408447645,9.214407519817644,1.321722888630001,0.1434408979402463,23,20,IXI013-HH-1212-MRA_IXI-HH,IXI-HH
adaptive,174,185,0,16.252370614167884,14.71466848508901,1.5377021290788733,0.10657943975583603,34,31,IXI013-HH-1212-MRA_IXI-HH,IXI-HH
adaptive,175,176,0,6.0118115284486375,5.047608433406614,0.9642030950420235,0.22322400287823113,14,12,IXI013-HH-1212-MRA_IXI-HH,IXI-HH
adaptive,175,263,0,18.13888676415285,15.522141871934437,2.6167448922184136,0.21851419628674548,38,33,IXI013-HH-1212-MRA_IXI-HH,IXI-HH
adaptive,176,197,0,11.319567912462361,9.895836475530931,1.4237314369314298,0.1527704224509518,24,21,IXI013-HH-1212-MRA_IXI-HH,IXI-HH
adaptive,177,181,0,3.6933959665438647,3.5266505750244264,0.16674539151943835,0.04728151768148548,9,9,IXI013-HH-1212-MRA_IXI-HH,IXI-HH
adaptive,177,182,0,2.0588769434318,1.6844184275228649,0.3744585159089351,0.22230730190931258,6,5,IXI013-HH-1212-MRA_IXI-HH,IXI-HH
adaptive,178,180,0,1.7945751788926052,1.690102129233333,0.10447304965927229,0.06181463702827447,5,5,IXI013-HH-1212-MRA_IXI-HH,IXI-HH
adaptive,178,186,0,20.18823243809227,16.887309407122313,3.300923030969958,0.3611166153657924,42,35,IXI013-HH-1212-MRA_IXI-HH,IXI-HH
adaptive,179,180,0,8.906721144897164,7.765837514735158,1.1408836301620058,0.16182289018007354,19,17,IXI013-HH-1212-MRA_IXI-HH,IXI-HH
adaptive,179,192,0,6.604584928064932,5.69844893905022,0.9061359890147118,0.16576111248304576,15,13,IXI013-HH-1212-MRA_IXI-HH,IXI-HH
adaptive,180,187,0,2.8335424650692413,2.476522506830743,0.3570199582384985,0.1441618064256498,7,6,IXI013-HH-1212-MRA_IXI-HH,IXI-HH
adaptive,181,186,0,1.395964351190482,1.2324390979847706,0.16352525320571143,0.13268424660747993,4,4,IXI013-HH-1212-MRA_IXI-HH,IXI-HH
adaptive,181,196,0,7.531799284383331,6.434702209312766,1.0970970750705646,0.17291154278892215,17,14,IXI013-HH-1212-MRA_IXI-HH,IXI-HH
adaptive,182,186,0,3.45442863720561,3.3345022177727555,0.11992641943285465,0.035965314041073934,8,8,IXI013-HH-1212-MRA_IXI-HH,IXI-HH
adaptive,182,191,0,5.395275860729586,4.8446569520365825,0.5506189086930036,0.11365488086035401,12,11,IXI013-HH-1212-MRA_IXI-HH,IXI-HH
adaptive,183,188,0,26.821406114298696,23.111097294789005,3.7103088195096916,0.39014794057140184,55,48,IXI013-HH-1212-MRA_IXI-HH,IXI-HH
adaptive,183,270,0,7.796101044852034,6.543951575884896,1.2521494689671382,0.25280397582586417,17,15,IXI013-HH-1212-MRA_IXI-HH,IXI-HH
adaptive,183,276,0,21.076105704471093,17.797354162051978,3.2787515424191156,0.2053171969658063,44,37,IXI013-HH-1212-MRA_IXI-HH,IXI-HH
adaptive,184,185,0,3.2349316050127745,2.576607373079385,0.6583242319333897,0.2555004067797127,8,7,IXI013-HH-1212-MRA_IXI-HH,IXI-HH
adaptive,184,190,0,2.2530395499071503,2.2530395499071503,0.0,0.0,6,6,IXI013-HH-1212-MRA_IXI-HH,IXI-HH
adaptive,185,190,0,1.966181667383077,1.9262167760791011,0.03996489130397585,0.02089388699905063,5,5,IXI013-HH-1212-MRA_IXI-HH,IXI-HH
adaptive,187,192,0,1.9661816594746173,1.6672511088853992,0.29893055058921814,0.17929545765248345,5,5,IXI013-HH-1212-MRA_IXI-HH,IXI-HH
adaptive,187,193,0,3.362146034488231,2.091734074130068,1.270411960358163,0.607348695070866,8,6,IXI013-HH-1212-MRA_IXI-HH,IXI-HH
adaptive,187,196,0,9.088671851578056,8.03413159226743,1.0545402593106257,0.17019510287402723,20,18,IXI013-HH-1212-MRA_IXI-HH,IXI-HH
adaptive,188,195,0,2.5173413149180552,2.2072549703591213,0.3100863445589339,0.14216868968622673,7,6,IXI013-HH-1212-MRA_IXI-HH,IXI-HH
adaptive,188,195,1,33.70685523563599,27.748837278067505,5.958017957568487,2.7316378841491824,69,57,IXI013-HH-1212-MRA_IXI-HH,IXI-HH
adaptive,188,262,0,76.0051730351563,64.8650936181938,11.140079416962507,0.4266731683500779,154,131,IXI013-HH-1212-MRA_IXI-HH,IXI-HH
adaptive,189,207,0,28.42977285092165,24.16229480703455,4.2674780438871025,0.1943746365183311,58,50,IXI013-HH-1212-MRA_IXI-HH,IXI-HH
adaptive,189,259,0,53.59030505452329,44.82648078718775,8.763824267335544,0.4333145572014068,109,91,IXI013-HH-1212-MRA_IXI-HH,IXI-HH
adaptive,189,266,0,12.524868193616735,10.607832620397472,1.9170355732192625,0.2769878068037027,27,23,IXI013-HH-1212-MRA_IXI-HH,IXI-HH
adaptive,190,274,0,12.069206510073581,10.4791942692646,1.5900122408089814,0.1783258289360158,26,22,IXI013-HH-1212-MRA_IXI-HH,IXI-HH
adaptive,191,204,0,66.86781956465256,57.71645683403649,9.151362730616071,0.3456361983743238,135,117,IXI013-HH-1212-MRA_IXI-HH,IXI-HH
adaptive,191,278,0,26.193603167730558,23.7183762018329,2.475226965897658,0.12346240291690048,54,49,IXI013-HH-1212-MRA_IXI-HH,IXI-HH
adaptive,192,194,0,1.1316625866518963,1.0481568476609533,0.08350573899094305,0.07966912507158909,4,4,IXI013-HH-1212-MRA_IXI-HH,IXI-HH
adaptive,193,194,0,2.7661816257463436,2.618899041537873,0.14728258420847062,0.056238358895264316,7,7,IXI013-HH-1212-MRA_IXI-HH,IXI-HH
adaptive,193,199,0,4.34125977288809,3.7397567702845187,0.6015030026035717,0.16084014002809324,10,9,IXI013-HH-1212-MRA_IXI-HH,IXI-HH
adaptive,194,271,0,5.555332032438591,4.702729344023383,0.8526026884152085,0.18129954459292166,13,11,IXI013-HH-1212-MRA_IXI-HH,IXI-HH
adaptive,195,202,0,6.214746093120052,5.684928363860513,0.5298177292595394,0.09392350398895662,14,13,IXI013-HH-1212-MRA_IXI-HH,IXI-HH
adaptive,196,199,0,9.947673310573107,7.7976701969686575,2.1500031136044493,0.2938706177681133,21,17,IXI013-HH-1212-MRA_IXI-HH,IXI-HH
adaptive,196,203,0,7.703405769840888,6.6689066661148555,1.0344991037260325,0.15691201264855906,17,15,IXI013-HH-1212-MRA_IXI-HH,IXI-HH
adaptive,197,198,0,46.57048068947425,40.59948700438538,5.970993685088871,0.25752117788768286,95,83,IXI013-HH-1212-MRA_IXI-HH,IXI-HH
adaptive,197,260,0,44.61976043147243,37.05000239542893,7.5697580360434955,0.41180184870021885,91,76,IXI013-HH-1212-MRA_IXI-HH,IXI-HH
adaptive,198,267,0,40.6137595733254,34.646835801309656,5.966923772015747,0.3597243752113703,83,71,IXI013-HH-1212-MRA_IXI-HH,IXI-HH
adaptive,199,200,0,1.5077172942033854,1.3185722320496245,0.18914506215376092,0.1434468719698038,5,4,IXI013-HH-1212-MRA_IXI-HH,IXI-HH
adaptive,200,201,0,4.698256842365307,3.912050628554532,0.7862062138107753,0.20097035761044624,11,9,IXI013-HH-1212-MRA_IXI-HH,IXI-HH
adaptive,201,202,0,6.767419411240946,5.398788136668741,1.3686312745722047,0.2535071278823515,15,12,IXI013-HH-1212-MRA_IXI-HH,IXI-HH
adaptive,201,208,0,14.7351268548411,11.984760918889332,2.750365935951768,0.23759374055785085,31,25,IXI013-HH-1212-MRA_IXI-HH,IXI-HH
adaptive,202,268,0,45.77972408671778,38.18608535682043,7.59363872989735,1.4500081596695278,93,78,IXI013-HH-1212-MRA_IXI-HH,IXI-HH
adaptive,203,205,0,5.167006780442652,4.146241734918661,1.0207650455239907,0.25487256690192395,12,10,IXI013-HH-1212-MRA_IXI-HH,IXI-HH
adaptive,204,264,0,30.844440888379516,25.70379302977885,5.140647858600666,0.32316559937791417,63,53,IXI013-HH-1212-MRA_IXI-HH,IXI-HH
adaptive,204,269,0,24.34962404580616,21.164799961892065,3.184824083914094,0.2060377578477179,50,44,IXI013-HH-1212-MRA_IXI-HH,IXI-HH
adaptive,205,208,0,5.943657215006471,4.982880728403674,0.9607764866027972,0.1928154693982799,13,11,IXI013-HH-1212-MRA_IXI-HH,IXI-HH
adaptive,205,272,0,35.33150135431936,29.745857498347316,5.585643855972041,0.33158838112815203,72,61,IXI013-HH-1212-MRA_IXI-HH,IXI-HH
adaptive,206,208,0,24.01436522611393,20.366153828490194,3.6482113976237365,0.26763467080032827,50,42,IXI013-HH-1212-MRA_IXI-HH,IXI-HH
adaptive,206,273,0,16.167280257435387,14.885838745523294,1.2814415119120923,0.0926477167140202,34,31,IXI013-HH-1212-MRA_IXI-HH,IXI-HH
adaptive,206,275,0,53.51866671662594,45.173354185822376,8.345312530803561,0.3678820303941549,109,92,IXI013-HH-1212-MRA_IXI-HH,IXI-HH
adaptive,207,265,0,60.638559305362605,52.794733435322854,7.843825870039751,0.24182731276760858,123,107,IXI013-HH-1212-MRA_IXI-HH,IXI-HH
dense,0,44,0,52.357653314809816,52.357653314809816,0.0,0.0,106,106,IXI013-HH-1212-MRA_IXI-HH,IXI-HH
dense,0,209,0,7.420046379232196,7.420046379232196,0.0,0.0,16,16,IXI013-HH-1212-MRA_IXI-HH,IXI-HH
dense,0,215,0,34.13264163706098,34.13264163706098,0.0,0.0,70,70,IXI013-HH-1212-MRA_IXI-HH,IXI-HH
dense,1,2,0,18.39684831123544,18.39684831123544,0.0,0.0,38,38,IXI013-HH-1212-MRA_IXI-HH,IXI-HH
dense,1,11,0,37.39024121721437,37.39024121721437,0.0,0.0,76,76,IXI013-HH-1212-MRA_IXI-HH,IXI-HH
dense,1,213,0,37.72405263563798,37.72405263563798,0.0,0.0,77,77,IXI013-HH-1212-MRA_IXI-HH,IXI-HH
dense,1,225,0,42.8941573498781,42.8941573498781,0.0,0.0,87,87,IXI013-HH-1212-MRA_IXI-HH,IXI-HH
dense,2,3,0,3.4651268884086543,3.4651268884086543,0.0,0.0,8,8,IXI013-HH-1212-MRA_IXI-HH,IXI-HH
dense,2,210,0,9.088671859840437,9.088671859840437,0.0,0.0,20,20,IXI013-HH-1212-MRA_IXI-HH,IXI-HH
dense,3,8,0,12.831601505804057,12.831601505804057,0.0,0.0,27,27,IXI013-HH-1212-MRA_IXI-HH,IXI-HH
dense,3,16,0,17.571447608583107,17.571447608583107,0.0,0.0,37,37,IXI013-HH-1212-MRA_IXI-HH,IXI-HH
dense,4,5,0,1.966181674652197,1.966181674652197,0.0,0.0,5,5,IXI013-HH-1212-MRA_IXI-HH,IXI-HH
dense,4,6,0,2.639379858380325,2.639379858380325,0.0,0.0,7,7,IXI013-HH-1212-MRA_IXI-HH,IXI-HH
dense,4,29,0,74.57103482253206,74.57103482253206,0.0,0.0,151,151,IXI013-HH-1212-MRA_IXI-HH,IXI-HH
dense,5,6,0,2.170629869036615,2.170629869036615,0.0,0.0,6,6,IXI013-HH-1212-MRA_IXI-HH,IXI-HH
dense,5,216,0,80.93035104525674,80.93035104525674,0.0,0.0,163,163,IXI013-HH-1212-MRA_IXI-HH,IXI-HH
dense,6,7,0,3.5665942202267926,3.5665942202267926,0.0,0.0,9,9,IXI013-HH-1212-MRA_IXI-HH,IXI-HH
dense,7,41,0,15.277514467419225,15.277514467419225,0.0,0.0,32,32,IXI013-HH-1212-MRA_IXI-HH,IXI-HH
dense,7,44,0,21.005270850116165,21.005270850116165,0.0,0.0,44,44,IXI013-HH-1212-MRA_IXI-HH,IXI-HH
dense,8,10,0,2.077934572351893,2.077934572351893,0.0,0.0,6,6,IXI013-HH-1212-MRA_IXI-HH,IXI-HH
dense,8,11,0,7.810737261981924,7.810737261981924,0.0,0.0,17,17,IXI013-HH-1212-MRA_IXI-HH,IXI-HH
dense,9,19,0,7.754074611411708,7.754074611411708,0.0,0.0,17,17,IXI013-HH-1212-MRA_IXI-HH,IXI-HH
dense,9,24,0,34.715346511292864,34.715346511292864,0.0,0.0,71,71,IXI013-HH-1212-MRA_IXI-HH,IXI-HH
dense,9,212,0,96.4780363861149,96.4780363861149,0.0,0.0,194,194,IXI013-HH-1212-MRA_IXI-HH,IXI-HH
dense,10,12,0,38.283933224607374,38.283933224607374,0.0,0.0,78,78,IXI013-HH-1212-MRA_IXI-HH,IXI-HH
dense,10,17,0,3.7607568247905068,3.7607568247905068,0.0,0.0,9,9,IXI013-HH-1212-MRA_IXI-HH,IXI-HH
dense,11,37,0,12.05296614751167,12.05296614751167,0.0,0.0,26,26,IXI013-HH-1212-MRA_IXI-HH,IXI-HH
dense,12,25,0,2.9139672205781024,2.9139672205781024,0.0,0.0,7,7,IXI013-HH-1212-MRA_IXI-HH,IXI-HH
dense,12,214,0,7.633266568445039,7.633266568445039,0.0,0.0,17,17,IXI013-HH-1212-MRA_IXI-HH,IXI-HH
dense,13,15,0,4.147097151619985,4.147097151619985,0.0,0.0,10,10,IXI013-HH-1212-MRA_IXI-HH,IXI-HH
dense,13,20,0,2.9860913066928365,2.9860913066928365,0.0,0.0,7,7,IXI013-HH-1212-MRA_IXI-HH,IXI-HH
dense,13,24,0,3.6783471670303536,3.6783471670303536,0.0,0.0,9,9,IXI013-HH-1212-MRA_IXI-HH,IXI-HH
dense,14,16,0,5.177292444140846,5.177292444140846,0.0,0.0,12,12,IXI013-HH-1212-MRA_IXI-HH,IXI-HH
dense,14,17,0,9.176191310752467,9.176191310752467,0.0,0.0,20,20,IXI013-HH-1212-MRA_IXI-HH,IXI-HH
dense,14,26,0,10.759636249947569,10.759636249947569,0.0,0.0,23,23,IXI013-HH-1212-MRA_IXI-HH,IXI-HH
dense,15,19,0,5.5478247063755965,5.5478247063755965,0.0,0.0,13,13,IXI013-HH-1212-MRA_IXI-HH,IXI-HH
dense,15,23,0,2.5466845760660037,2.5466845760660037,0.0,0.0,7,7,IXI013-HH-1212-MRA_IXI-HH,IXI-HH
dense,16,21,0,17.7620141720378,17.7620141720378,0.0,0.0,37,37,IXI013-HH-1212-MRA_IXI-HH,IXI-HH
dense,16,24,0,4.962558605730195,4.962558605730195,0.0,0.0,11,11,IXI013-HH-1212-MRA_IXI-HH,IXI-HH
dense,17,31,0,7.5405713451651675,7.5405713451651675,0.0,0.0,17,17,IXI013-HH-1212-MRA_IXI-HH,IXI-HH
dense,18,21,0,1.9661816689093548,1.9661816689093548,0.0,0.0,5,5,IXI013-HH-1212-MRA_IXI-HH,IXI-HH
dense,18,22,0,4.636071867028859,4.636071867028859,0.0,0.0,11,11,IXI013-HH-1212-MRA_IXI-HH,IXI-HH
dense,18,26,0,2.4349316420181637,2.4349316420181637,0.0,0.0,6,6,IXI013-HH-1212-MRA_IXI-HH,IXI-HH
dense,19,23,0,4.229094161730597,4.229094161730597,0.0,0.0,10,10,IXI013-HH-1212-MRA_IXI-HH,IXI-HH
dense,20,24,0,1.9661816746529914,1.9661816746529914,0.0,0.0,5,5,IXI013-HH-1212-MRA_IXI-HH,IXI-HH
dense,20,33,0,26.364206508136697,26.364206508136697,0.0,0.0,54,54,IXI013-HH-1212-MRA_IXI-HH,IXI-HH
dense,21,30,0,4.48352296737343,4.48352296737343,0.0,0.0,10,10,IXI013-HH-1212-MRA_IXI-HH,IXI-HH
dense,22,211,0,39.74797103206022,39.74797103206022,0.0,0.0,81,81,IXI013-HH-1212-MRA_IXI-HH,IXI-HH
dense,22,224,0,23.74138908357084,23.74138908357084,0.0,0.0,49,49,IXI013-HH-1212-MRA_IXI-HH,IXI-HH
dense,23,27,0,3.4738989509250935,3.4738989509250935,0.0,0.0,8,8,IXI013-HH-1212-MRA_IXI-HH,IXI-HH
dense,25,28,0,3.0154345736994435,3.0154345736994435,0.0,0.0,8,8,IXI013-HH-1212-MRA_IXI-HH,IXI-HH
dense,25,28,1,9.650529749225372,9.650529749225372,0.0,0.0,21,21,IXI013-HH-1212-MRA_IXI-HH,IXI-HH
dense,26,32,0,5.551833504539745,5.551833504539745,0.0,0.0,13,13,IXI013-HH-1212-MRA_IXI-HH,IXI-HH
dense,27,39,0,6.391364652817821,6.391364652817821,0.0,0.0,14,14,IXI013-HH-1212-MRA_IXI-HH,IXI-HH
dense,27,41,0,15.151281789606541,15.151281789606541,0.0,0.0,32,32,IXI013-HH-1212-MRA_IXI-HH,IXI-HH
dense,28,219,0,10.536948222171535,10.536948222171535,0.0,0.0,23,23,IXI013-HH-1212-MRA_IXI-HH,IXI-HH
dense,29,217,0,35.97034413236177,35.97034413236177,0.0,0.0,73,73,IXI013-HH-1212-MRA_IXI-HH,IXI-HH
dense,29,222,0,41.52318100693896,41.52318100693896,0.0,0.0,85,85,IXI013-HH-1212-MRA_IXI-HH,IXI-HH
dense,30,32,0,3.4738989688563175,3.4738989688563175,0.0,0.0,8,8,IXI013-HH-1212-MRA_IXI-HH,IXI-HH
dense,30,33,0,4.911477062708455,4.911477062708455,0.0,0.0,11,11,IXI013-HH-1212-MRA_IXI-HH,IXI-HH
dense,30,34,0,2.3231787071309777,2.3231787071309777,0.0,0.0,6,6,IXI013-HH-1212-MRA_IXI-HH,IXI-HH
dense,31,37,0,9.132211881483652,9.132211881483652,0.0,0.0,20,20,IXI013-HH-1212-MRA_IXI-HH,IXI-HH
dense,31,37,1,3.585651865049031,3.585651865049031,0.0,0.0,9,9,IXI013-HH-1212-MRA_IXI-HH,IXI-HH
dense,32,35,0,1.9661816479413115,1.9661816479413115,0.0,0.0,5,5,IXI013-HH-1212-MRA_IXI-HH,IXI-HH
dense,33,34,0,3.47389893684017,3.47389893684017,0.0,0.0,8,8,IXI013-HH-1212-MRA_IXI-HH,IXI-HH
dense,34,36,0,1.3258251844827265,1.3258251844827265,0.0,0.0,4,4,IXI013-HH-1212-MRA_IXI-HH,IXI-HH
dense,35,36,0,2.8933960437689943,2.8933960437689943,0.0,0.0,7,7,IXI013-HH-1212-MRA_IXI-HH,IXI-HH
dense,35,38,0,2.1706298728266518,2.1706298728266518,0.0,0.0,6,6,IXI013-HH-1212-MRA_IXI-HH,IXI-HH
dense,36,40,0,2.8335424650676297,2.8335424650676297,0.0,0.0,7,7,IXI013-HH-1212-MRA_IXI-HH,IXI-HH
dense,38,40,0,2.8779345449362417,2.8779345449362417,0.0,0.0,7,7,IXI013-HH-1212-MRA_IXI-HH,IXI-HH
dense,38,42,0,4.159367648695299,4.159367648695299,0.0,0.0,10,10,IXI013-HH-1212-MRA_IXI-HH,IXI-HH
dense,39,45,0,10.654565303345892,10.654565303345892,0.0,0.0,23,23,IXI013-HH-1212-MRA_IXI-HH,IXI-HH
dense,39,45,1,15.458710827018761,15.458710827018761,0.0,0.0,32,32,IXI013-HH-1212-MRA_IXI-HH,IXI-HH
dense,40,42,0,5.369941439360559,5.369941439360559,0.0,0.0,12,12,IXI013-HH-1212-MRA_IXI-HH,IXI-HH
dense,41,44,0,5.064025916703939,5.064025916703939,0.0,0.0,12,12,IXI013-HH-1212-MRA_IXI-HH,IXI-HH
dense,41,45,0,2.6290942393271983,2.6290942393271983,0.0,0.0,7,7,IXI013-HH-1212-MRA_IXI-HH,IXI-HH
dense,42,47,0,1.7018798784170386,1.7018798784170386,0.0,0.0,5,5,IXI013-HH-1212-MRA_IXI-HH,IXI-HH
dense,43,46,0,1.59012696710141,1.59012696710141,0.0,0.0,5,5,IXI013-HH-1212-MRA_IXI-HH,IXI-HH
dense,43,47,0,2.0779345816554216,2.0779345816554216,0.0,0.0,6,6,IXI013-HH-1212-MRA_IXI-HH,IXI-HH
dense,43,48,0,3.678347165085169,3.678347165085169,0.0,0.0,9,9,IXI013-HH-1212-MRA_IXI-HH,IXI-HH
dense,44,45,0,3.932363307855262,3.932363307855262,0.0,0.0,9,9,IXI013-HH-1212-MRA_IXI-HH,IXI-HH
dense,46,47,0,3.108129854634663,3.108129854634663,0.0,0.0,8,8,IXI013-HH-1212-MRA_IXI-HH,IXI-HH
dense,46,223,0,8.18593987974581,8.18593987974581,0.0,0.0,18,18,IXI013-HH-1212-MRA_IXI-HH,IXI-HH
dense,47,48,0,2.7919287277298706,2.7919287277298706,0.0,0.0,7,7,IXI013-HH-1212-MRA_IXI-HH,IXI-HH
dense,47,49,0,2.53791252664307,2.53791252664307,0.0,0.0,7,7,IXI013-HH-1212-MRA_IXI-HH,IXI-HH
dense,48,54,0,26.059011095888767,26.059011095888767,0.0,0.0,54,54,IXI013-HH-1212-MRA_IXI-HH,IXI-HH
dense,49,52,0,6.960068399713276,6.960068399713276,0.0,0.0,15,15,IXI013-HH-1212-MRA_IXI-HH,IXI-HH
dense,49,54,0,15.745568804203666,15.745568804203666,0.0,0.0,33,33,IXI013-HH-1212-MRA_IXI-HH,IXI-HH
dense,50,51,0,17.426406162387202,17.426406162387202,0.0,0.0,36,36,IXI013-HH-1212-MRA_IXI-HH,IXI-HH
dense,50,218,0,20.631687017533054,20.631687017533054,0.0,0.0,43,43,IXI013-HH-1212-MRA_IXI-HH,IXI-HH
dense,50,220,0,8.391240129923103,8.391240129923103,0.0,0.0,18,18,IXI013-HH-1212-MRA_IXI-HH,IXI-HH
dense,51,52,0,18.016030239774818,18.016030239774818,0.0,0.0,38,38,IXI013-HH-1212-MRA_IXI-HH,IXI-HH
dense,51,52,1,14.102028884972592,14.102028884972592,0.0,0.0,30,30,IXI013-HH-1212-MRA_IXI-HH,IXI-HH
dense,53,57,0,23.45748514078215,23.45748514078215,0.0,0.0,48,48,IXI013-HH-1212-MRA_IXI-HH,IXI-HH
dense,53,221,0,21.944035655552778,21.944035655552778,0.0,0.0,45,45,IXI013-HH-1212-MRA_IXI-HH,IXI-HH
dense,53,227,0,13.137517050754933,13.137517050754933,0.0,0.0,28,28,IXI013-HH-1212-MRA_IXI-HH,IXI-HH
dense,54,61,0,15.794665351877109,15.794665351877109,0.0,0.0,33,33,IXI013-HH-1212-MRA_IXI-HH,IXI-HH
dense,55,59,0,8.275136634939702,8.275136634939702,0.0,0.0,18,18,IXI013-HH-1212-MRA_IXI-HH,IXI-HH
dense,55,60,0,8.581052158590301,8.581052158590301,0.0,0.0,19,19,IXI013-HH-1212-MRA_IXI-HH,IXI-HH
dense,55,226,0,26.06250962263441,26.06250962263441,0.0,0.0,54,54,IXI013-HH-1212-MRA_IXI-HH,IXI-HH
dense,55,230,0,41.36363525578193,41.36363525578193,0.0,0.0,84,84,IXI013-HH-1212-MRA_IXI-HH,IXI-HH
dense,56,57,0,13.830468720609794,13.830468720609794,0.0,0.0,29,29,IXI013-HH-1212-MRA_IXI-HH,IXI-HH
dense,56,60,0,55.30638891044866,55.30638891044866,0.0,0.0,112,112,IXI013-HH-1212-MRA_IXI-HH,IXI-HH
dense,56,67,0,37.15693342012467,37.15693342012467,0.0,0.0,76,76,IXI013-HH-1212-MRA_IXI-HH,IXI-HH
dense,57,58,0,2.5466845638260347,2.5466845638260347,0.0,0.0,7,7,IXI013-HH-1212-MRA_IXI-HH,IXI-HH
dense,58,72,0,70.69001462128804,70.69001462128804,0.0,0.0,143,143,IXI013-HH-1212-MRA_IXI-HH,IXI-HH
dense,58,228,0,7.1522460820534945,7.1522460820534945,0.0,0.0,16,16,IXI013-HH-1212-MRA_IXI-HH,IXI-HH
dense,59,60,0,1.8389672508865518,1.8389672508865518,0.0,0.0,5,5,IXI013-HH-1212-MRA_IXI-HH,IXI-HH
dense,59,63,0,3.729428663757317,3.729428663757317,0.0,0.0,9,9,IXI013-HH-1212-MRA_IXI-HH,IXI-HH
dense,60,63,0,3.796376867469368,3.796376867469368,0.0,0.0,9,9,IXI013-HH-1212-MRA_IXI-HH,IXI-HH
dense,61,62,0,1.7272143186029711,1.7272143186029711,0.0,0.0,5,5,IXI013-HH-1212-MRA_IXI-HH,IXI-HH
dense,61,110,0,23.37754616284635,23.37754616284635,0.0,0.0,48,48,IXI013-HH-1212-MRA_IXI-HH,IXI-HH
dense,62,64,0,4.698256783225129,4.698256783225129,0.0,0.0,11,11,IXI013-HH-1212-MRA_IXI-HH,IXI-HH
dense,62,229,0,30.759252852607364,30.759252852607364,0.0,0.0,63,63,IXI013-HH-1212-MRA_IXI-HH,IXI-HH
dense,63,236,0,23.493708386586036,23.493708386586036,0.0,0.0,48,48,IXI013-HH-1212-MRA_IXI-HH,IXI-HH
dense,64,67,0,20.077238732470718,20.077238732470718,0.0,0.0,42,42,IXI013-HH-1212-MRA_IXI-HH,IXI-HH
dense,64,68,0,4.628117643961002,4.628117643961002,0.0,0.0,11,11,IXI013-HH-1212-MRA_IXI-HH,IXI-HH
dense,65,66,0,3.484184560234212,3.484184560234212,0.0,0.0,8,8,IXI013-HH-1212-MRA_IXI-HH,IXI-HH
dense,65,68,0,5.083083566760276,5.083083566760276,0.0,0.0,12,12,IXI013-HH-1212-MRA_IXI-HH,IXI-HH
dense,65,232,0,9.914831635153458,9.914831635153458,0.0,0.0,21,21,IXI013-HH-1212-MRA_IXI-HH,IXI-HH
dense,66,69,0,5.440080618158577,5.440080618158577,0.0,0.0,12,12,IXI013-HH-1212-MRA_IXI-HH,IXI-HH
dense,66,70,0,9.214621557919562,9.214621557919562,0.0,0.0,20,20,IXI013-HH-1212-MRA_IXI-HH,IXI-HH
dense,67,72,0,7.4200463211880265,7.4200463211880265,0.0,0.0,16,16,IXI013-HH-1212-MRA_IXI-HH,IXI-HH
dense,68,69,0,3.2095971636549456,3.2095971636549456,0.0,0.0,8,8,IXI013-HH-1212-MRA_IXI-HH,IXI-HH
dense,69,70,0,6.195688493921461,6.195688493921461,0.0,0.0,14,14,IXI013-HH-1212-MRA_IXI-HH,IXI-HH
dense,70,235,0,8.560480968308083,8.560480968308083,0.0,0.0,19,19,IXI013-HH-1212-MRA_IXI-HH,IXI-HH
dense,71,77,0,7.888796381366456,7.888796381366456,0.0,0.0,17,17,IXI013-HH-1212-MRA_IXI-HH,IXI-HH
dense,71,79,0,31.00801021450493,31.00801021450493,0.0,0.0,64,64,IXI013-HH-1212-MRA_IXI-HH,IXI-HH
dense,71,234,0,43.291950545427824,43.291950545427824,0.0,0.0,88,88,IXI013-HH-1212-MRA_IXI-HH,IXI-HH
dense,72,89,0,4.962558556408484,4.962558556408484,0.0,0.0,11,11,IXI013-HH-1212-MRA_IXI-HH,IXI-HH
dense,73,77,0,17.50607174884056,17.50607174884056,0.0,0.0,37,37,IXI013-HH-1212-MRA_IXI-HH,IXI-HH
dense,73,78,0,13.260251407738858,13.260251407738858,0.0,0.0,28,28,IXI013-HH-1212-MRA_IXI-HH,IXI-HH
dense,73,243,0,75.88684998367287,75.88684998367287,0.0,0.0,153,153,IXI013-HH-1212-MRA_IXI-HH,IXI-HH
dense,74,87,0,16.73566397512911,16.73566397512911,0.0,0.0,35,35,IXI013-HH-1212-MRA_IXI-HH,IXI-HH
dense,74,93,0,8.186791914537022,8.186791914537022,0.0,0.0,18,18,IXI013-HH-1212-MRA_IXI-HH,IXI-HH
dense,74,94,0,2.4452172477871112,2.4452172477871112,0.0,0.0,6,6,IXI013-HH-1212-MRA_IXI-HH,IXI-HH
dense,75,82,0,3.942648936635078,3.942648936635078,0.0,0.0,9,9,IXI013-HH-1212-MRA_IXI-HH,IXI-HH
dense,75,83,0,1.8389672430128094,1.8389672430128094,0.0,0.0,5,5,IXI013-HH-1212-MRA_IXI-HH,IXI-HH
dense,75,95,0,6.683083465645784,6.683083465645784,0.0,0.0,15,15,IXI013-HH-1212-MRA_IXI-HH,IXI-HH
dense,76,86,0,2.8933960249005786,2.8933960249005786,0.0,0.0,7,7,IXI013-HH-1212-MRA_IXI-HH,IXI-HH
dense,76,96,0,3.1169018821490666,3.1169018821490666,0.0,0.0,8,8,IXI013-HH-1212-MRA_IXI-HH,IXI-HH
dense,76,113,0,8.974650918864135,8.974650918864135,0.0,0.0,19,19,IXI013-HH-1212-MRA_IXI-HH,IXI-HH
dense,77,237,0,11.426047354762359,11.426047354762359,0.0,0.0,24,24,IXI013-HH-1212-MRA_IXI-HH,IXI-HH
dense,78,90,0,12.076218185736565,12.076218185736565,0.0,0.0,26,26,IXI013-HH-1212-MRA_IXI-HH,IXI-HH
dense,78,248,0,39.147277621416634,39.147277621416634,0.0,0.0,80,80,IXI013-HH-1212-MRA_IXI-HH,IXI-HH
dense,79,80,0,3.454428653958031,3.454428653958031,0.0,0.0,8,8,IXI013-HH-1212-MRA_IXI-HH,IXI-HH
dense,79,87,0,5.019221157490794,5.019221157490794,0.0,0.0,12,12,IXI013-HH-1212-MRA_IXI-HH,IXI-HH
dense,80,106,0,69.59821748441989,69.59821748441989,0.0,0.0,141,141,IXI013-HH-1212-MRA_IXI-HH,IXI-HH
dense,80,106,1,5.2581885104843735,5.2581885104843735,0.0,0.0,12,12,IXI013-HH-1212-MRA_IXI-HH,IXI-HH
dense,81,88,0,3.9323633262535136,3.9323633262535136,0.0,0.0,9,9,IXI013-HH-1212-MRA_IXI-HH,IXI-HH
dense,81,90,0,4.1776074569014625,4.1776074569014625,0.0,0.0,10,10,IXI013-HH-1212-MRA_IXI-HH,IXI-HH
dense,81,91,0,1.5077172833920571,1.5077172833920571,0.0,0.0,5,5,IXI013-HH-1212-MRA_IXI-HH,IXI-HH
dense,82,83,0,2.1706298855894683,2.1706298855894683,0.0,0.0,6,6,IXI013-HH-1212-MRA_IXI-HH,IXI-HH
dense,82,100,0,3.3022924656441885,3.3022924656441885,0.0,0.0,8,8,IXI013-HH-1212-MRA_IXI-HH,IXI-HH
dense,83,84,0,2.263325172447962,2.263325172447962,0.0,0.0,6,6,IXI013-HH-1212-MRA_IXI-HH,IXI-HH
dense,84,85,0,6.3518335048275585,6.3518335048275585,0.0,0.0,14,14,IXI013-HH-1212-MRA_IXI-HH,IXI-HH
dense,84,101,0,2.4349316373655117,2.4349316373655117,0.0,0.0,6,6,IXI013-HH-1212-MRA_IXI-HH,IXI-HH
dense,85,86,0,1.8544287402850312,1.8544287402850312,0.0,0.0,5,5,IXI013-HH-1212-MRA_IXI-HH,IXI-HH
dense,85,102,0,2.893396009707848,2.893396009707848,0.0,0.0,7,7,IXI013-HH-1212-MRA_IXI-HH,IXI-HH
dense,86,96,0,3.1802539230574505,3.1802539230574505,0.0,0.0,8,8,IXI013-HH-1212-MRA_IXI-HH,IXI-HH
dense,87,90,0,3.9169018447292365,3.9169018447292365,0.0,0.0,9,9,IXI013-HH-1212-MRA_IXI-HH,IXI-HH
dense,87,106,0,11.728051702149067,11.728051702149067,0.0,0.0,25,25,IXI013-HH-1212-MRA_IXI-HH,IXI-HH
dense,88,91,0,2.1706298774794996,2.1706298774794996,0.0,0.0,6,6,IXI013-HH-1212-MRA_IXI-HH,IXI-HH
dense,88,92,0,6.195688502885584,6.195688502885584,0.0,0.0,14,14,IXI013-HH-1212-MRA_IXI-HH,IXI-HH
dense,88,92,1,5.66708494755157,5.66708494755157,0.0,0.0,13,13,IXI013-HH-1212-MRA_IXI-HH,IXI-HH
dense,89,105,0,2.323178718779807,2.323178718779807,0.0,0.0,6,6,IXI013-HH-1212-MRA_IXI-HH,IXI-HH
dense,89,238,0,13.002253177508049,13.002253177508049,0.0,0.0,28,28,IXI013-HH-1212-MRA_IXI-HH,IXI-HH
dense,90,91,0,2.721789543462906,2.721789543462906,0.0,0.0,7,7,IXI013-HH-1212-MRA_IXI-HH,IXI-HH
dense,92,99,0,4.698256833400974,4.698256833400974,0.0,0.0,11,11,IXI013-HH-1212-MRA_IXI-HH,IXI-HH
dense,92,99,1,4.615847160503558,4.615847160503558,0.0,0.0,11,11,IXI013-HH-1212-MRA_IXI-HH,IXI-HH
dense,93,239,0,39.92268541347217,39.92268541347217,0.0,0.0,81,81,IXI013-HH-1212-MRA_IXI-HH,IXI-HH
dense,93,241,0,28.61266080375531,28.61266080375531,0.0,0.0,59,59,IXI013-HH-1212-MRA_IXI-HH,IXI-HH
dense,94,103,0,2.077934590620278,2.077934590620278,0.0,0.0,6,6,IXI013-HH-1212-MRA_IXI-HH,IXI-HH
dense,94,108,0,2.364792474455997,2.364792474455997,0.0,0.0,6,6,IXI013-HH-1212-MRA_IXI-HH,IXI-HH
dense,94,113,0,10.433967315700338,10.433967315700338,0.0,0.0,22,22,IXI013-HH-1212-MRA_IXI-HH,IXI-HH
dense,95,96,0,2.1706298774802124,2.1706298774802124,0.0,0.0,6,6,IXI013-HH-1212-MRA_IXI-HH,IXI-HH
dense,95,99,0,19.057329045315015,19.057329045315015,0.0,0.0,40,40,IXI013-HH-1212-MRA_IXI-HH,IXI-HH
dense,97,140,0,9.863749994982193,9.863749994982193,0.0,0.0,21,21,IXI013-HH-1212-MRA_IXI-HH,IXI-HH
dense,97,231,0,75.0460010577245,75.0460010577245,0.0,0.0,152,152,IXI013-HH-1212-MRA_IXI-HH,IXI-HH
dense,97,240,0,44.148208108623656,44.148208108623656,0.0,0.0,90,90,IXI013-HH-1212-MRA_IXI-HH,IXI-HH
dense,98,110,0,12.738088488347225,12.738088488347225,0.0,0.0,27,27,IXI013-HH-1212-MRA_IXI-HH,IXI-HH
dense,98,111,0,2.6290942596235745,2.6290942596235745,0.0,0.0,7,7,IXI013-HH-1212-MRA_IXI-HH,IXI-HH
dense,98,115,0,6.765905777843421,6.765905777843421,0.0,0.0,15,15,IXI013-HH-1212-MRA_IXI-HH,IXI-HH
dense,100,104,0,1.9887377750132056,1.9887377750132056,0.0,0.0,5,5,IXI013-HH-1212-MRA_IXI-HH,IXI-HH
dense,100,112,0,3.0978442368765156,3.0978442368765156,0.0,0.0,8,8,IXI013-HH-1212-MRA_IXI-HH,IXI-HH
dense,101,102,0,3.4738989631124997,3.4738989631124997,0.0,0.0,8,8,IXI013-HH-1212-MRA_IXI-HH,IXI-HH
dense,101,112,0,6.186916495929625,6.186916495929625,0.0,0.0,14,14,IXI013-HH-1212-MRA_IXI-HH,IXI-HH
dense,102,120,0,20.77274410013599,20.77274410013599,0.0,0.0,43,43,IXI013-HH-1212-MRA_IXI-HH,IXI-HH
dense,103,108,0,1.3959643561761979,1.3959643561761979,0.0,0.0,4,4,IXI013-HH-1212-MRA_IXI-HH,IXI-HH
dense,103,245,0,23.037617172131135,23.037617172131135,0.0,0.0,48,48,IXI013-HH-1212-MRA_IXI-HH,IXI-HH
dense,104,109,0,1.9887377750140878,1.9887377750140878,0.0,0.0,5,5,IXI013-HH-1212-MRA_IXI-HH,IXI-HH
dense,104,117,0,4.493808594481847,4.493808594481847,0.0,0.0,10,10,IXI013-HH-1212-MRA_IXI-HH,IXI-HH
dense,105,129,0,71.0211667915867,71.0211667915867,0.0,0.0,144,144,IXI013-HH-1212-MRA_IXI-HH,IXI-HH
dense,105,142,0,11.364680168362266,11.364680168362266,0.0,0.0,24,24,IXI013-HH-1212-MRA_IXI-HH,IXI-HH
dense,107,109,0,1.3258251836272996,1.3258251836272996,0.0,0.0,4,4,IXI013-HH-1212-MRA_IXI-HH,IXI-HH
dense,107,116,0,2.65165036640124,2.65165036640124,0.0,0.0,7,7,IXI013-HH-1212-MRA_IXI-HH,IXI-HH
dense,107,127,0,3.4738989235408475,3.4738989235408475,0.0,0.0,8,8,IXI013-HH-1212-MRA_IXI-HH,IXI-HH
dense,108,128,0,24.858722942866134,24.858722942866134,0.0,0.0,51,51,IXI013-HH-1212-MRA_IXI-HH,IXI-HH
dense,109,117,0,3.473898930813177,3.473898930813177,0.0,0.0,8,8,IXI013-HH-1212-MRA_IXI-HH,IXI-HH
dense,110,130,0,2.5276269212077307,2.5276269212077307,0.0,0.0,7,7,IXI013-HH-1212-MRA_IXI-HH,IXI-HH
dense,111,114,0,2.6290942451517925,2.6290942451517925,0.0,0.0,7,7,IXI013-HH-1212-MRA_IXI-HH,IXI-HH
dense,111,121,0,2.7816431027689346,2.7816431027689346,0.0,0.0,7,7,IXI013-HH-1212-MRA_IXI-HH,IXI-HH
dense,112,117,0,4.047614735671632,4.047614735671632,0.0,0.0,10,10,IXI013-HH-1212-MRA_IXI-HH,IXI-HH
dense,113,128,0,4.229506838521752,4.229506838521752,0.0,0.0,10,10,IXI013-HH-1212-MRA_IXI-HH,IXI-HH
dense,114,122,0,1.9661816479414036,1.9661816479414036,0.0,0.0,5,5,IXI013-HH-1212-MRA_IXI-HH,IXI-HH
dense,114,123,0,3.444555708694957,3.444555708694957,0.0,0.0,8,8,IXI013-HH-1212-MRA_IXI-HH,IXI-HH
dense,115,122,0,1.7018798822136811,1.7018798822136811,0.0,0.0,5,5,IXI013-HH-1212-MRA_IXI-HH,IXI-HH
dense,115,133,0,2.170629862017486,2.170629862017486,0.0,0.0,6,6,IXI013-HH-1212-MRA_IXI-HH,IXI-HH
dense,116,118,0,2.996376949477742,2.996376949477742,0.0,0.0,7,7,IXI013-HH-1212-MRA_IXI-HH,IXI-HH
dense,116,137,0,3.4738989308119788,3.4738989308119788,0.0,0.0,8,8,IXI013-HH-1212-MRA_IXI-HH,IXI-HH
dense,117,127,0,1.6004125802079925,1.6004125802079925,0.0,0.0,5,5,IXI013-HH-1212-MRA_IXI-HH,IXI-HH
dense,118,126,0,1.5077172884605616,1.5077172884605616,0.0,0.0,5,5,IXI013-HH-1212-MRA_IXI-HH,IXI-HH
dense,118,136,0,2.3901269108444465,2.3901269108444465,0.0,0.0,6,6,IXI013-HH-1212-MRA_IXI-HH,IXI-HH
dense,119,120,0,3.260678714082538,3.260678714082538,0.0,0.0,8,8,IXI013-HH-1212-MRA_IXI-HH,IXI-HH
dense,119,128,0,1.5901269568125982,1.5901269568125982,0.0,0.0,5,5,IXI013-HH-1212-MRA_IXI-HH,IXI-HH
dense,119,233,0,71.46934571407297,71.46934571407297,0.0,0.0,144,144,IXI013-HH-1212-MRA_IXI-HH,IXI-HH
dense,120,246,0,47.01982901788735,47.01982901788735,0.0,0.0,96,96,IXI013-HH-1212-MRA_IXI-HH,IXI-HH
dense,121,123,0,1.9661816537658832,1.9661816537658832,0.0,0.0,5,5,IXI013-HH-1212-MRA_IXI-HH,IXI-HH
dense,121,131,0,6.698544937458336,6.698544937458336,0.0,0.0,15,15,IXI013-HH-1212-MRA_IXI-HH,IXI-HH
dense,122,132,0,3.6680615393215037,3.6680615393215037,0.0,0.0,9,9,IXI013-HH-1212-MRA_IXI-HH,IXI-HH
dense,122,138,0,2.0779345848772075,2.0779345848772075,0.0,0.0,6,6,IXI013-HH-1212-MRA_IXI-HH,IXI-HH
dense,123,124,0,2.629094251716004,2.629094251716004,0.0,0.0,7,7,IXI013-HH-1212-MRA_IXI-HH,IXI-HH
dense,124,131,0,6.205148770769542,6.205148770769542,0.0,0.0,14,14,IXI013-HH-1212-MRA_IXI-HH,IXI-HH
dense,124,139,0,4.620610345063357,4.620610345063357,0.0,0.0,11,11,IXI013-HH-1212-MRA_IXI-HH,IXI-HH
dense,124,139,1,4.859577673834342,4.859577673834342,0.0,0.0,11,11,IXI013-HH-1212-MRA_IXI-HH,IXI-HH
dense,125,131,0,5.194836475290409,5.194836475290409,0.0,0.0,12,12,IXI013-HH-1212-MRA_IXI-HH,IXI-HH
dense,125,134,0,1.8544287330154248,1.8544287330154248,0.0,0.0,5,5,IXI013-HH-1212-MRA_IXI-HH,IXI-HH
dense,125,135,0,1.507717294203046,1.507717294203046,0.0,0.0,5,5,IXI013-HH-1212-MRA_IXI-HH,IXI-HH
dense,126,134,0,1.507717288459459,1.507717288459459,0.0,0.0,5,5,IXI013-HH-1212-MRA_IXI-HH,IXI-HH
dense,126,135,0,1.8389672430126702,1.8389672430126702,0.0,0.0,5,5,IXI013-HH-1212-MRA_IXI-HH,IXI-HH
dense,127,137,0,3.4548413299260483,3.4548413299260483,0.0,0.0,8,8,IXI013-HH-1212-MRA_IXI-HH,IXI-HH
dense,129,242,0,23.425908082264154,23.425908082264154,0.0,0.0,48,48,IXI013-HH-1212-MRA_IXI-HH,IXI-HH
dense,129,253,0,16.765478380561802,16.765478380561802,0.0,0.0,35,35,IXI013-HH-1212-MRA_IXI-HH,IXI-HH
dense,130,138,0,11.36269534215645,11.36269534215645,0.0,0.0,24,24,IXI013-HH-1212-MRA_IXI-HH,IXI-HH
dense,130,162,0,21.922199562186915,21.922199562186915,0.0,0.0,45,45,IXI013-HH-1212-MRA_IXI-HH,IXI-HH
dense,131,134,0,4.971330616643529,4.971330616643529,0.0,0.0,11,11,IXI013-HH-1212-MRA_IXI-HH,IXI-HH
dense,132,133,0,1.3959643598360798,1.3959643598360798,0.0,0.0,4,4,IXI013-HH-1212-MRA_IXI-HH,IXI-HH
dense,132,138,0,3.3621460255239803,3.3621460255239803,0.0,0.0,8,8,IXI013-HH-1212-MRA_IXI-HH,IXI-HH
dense,133,139,0,2.629094244834278,2.629094244834278,0.0,0.0,7,7,IXI013-HH-1212-MRA_IXI-HH,IXI-HH
dense,133,140,0,19.606032627964506,19.606032627964506,0.0,0.0,41,41,IXI013-HH-1212-MRA_IXI-HH,IXI-HH
dense,135,136,0,1.3959643692701094,1.3959643692701094,0.0,0.0,4,4,IXI013-HH-1212-MRA_IXI-HH,IXI-HH
dense,136,137,0,3.56659424674861,3.56659424674861,0.0,0.0,9,9,IXI013-HH-1212-MRA_IXI-HH,IXI-HH
dense,137,258,0,94.92898675216145,94.92898675216145,0.0,0.0,191,191,IXI013-HH-1212-MRA_IXI-HH,IXI-HH
dense,140,250,0,44.18035396547171,44.18035396547171,0.0,0.0,90,90,IXI013-HH-1212-MRA_IXI-HH,IXI-HH
dense,141,143,0,35.2315475604619,35.2315475604619,0.0,0.0,72,72,IXI013-HH-1212-MRA_IXI-HH,IXI-HH
dense,141,244,0,31.070725008872994,31.070725008872994,0.0,0.0,64,64,IXI013-HH-1212-MRA_IXI-HH,IXI-HH
dense,141,247,0,39.55422112637309,39.55422112637309,0.0,0.0,81,81,IXI013-HH-1212-MRA_IXI-HH,IXI-HH
dense,142,144,0,2.52762692120776,2.52762692120776,0.0,0.0,7,7,IXI013-HH-1212-MRA_IXI-HH,IXI-HH
dense,142,156,0,19.56617915297265,19.56617915297265,0.0,0.0,41,41,IXI013-HH-1212-MRA_IXI-HH,IXI-HH
dense,143,153,0,48.98435523490575,48.98435523490575,0.0,0.0,99,99,IXI013-HH-1212-MRA_IXI-HH,IXI-HH
dense,143,252,0,27.524157446086992,27.524157446086992,0.0,0.0,57,57,IXI013-HH-1212-MRA_IXI-HH,IXI-HH
dense,144,147,0,2.1706298690363264,2.1706298690363264,0.0,0.0,6,6,IXI013-HH-1212-MRA_IXI-HH,IXI-HH
dense,144,161,0,12.128588776719056,12.128588776719056,0.0,0.0,26,26,IXI013-HH-1212-MRA_IXI-HH,IXI-HH
dense,145,145,0,15.116762687912253,15.116762687912253,0.0,nan,32,32,IXI013-HH-1212-MRA_IXI-HH,IXI-HH
dense,145,146,0,3.3022924586253275,3.3022924586253275,0.0,0.0,8,8,IXI013-HH-1212-MRA_IXI-HH,IXI-HH
dense,146,148,0,1.1316625866518977,1.1316625866518977,0.0,0.0,4,4,IXI013-HH-1212-MRA_IXI-HH,IXI-HH
dense,146,151,0,6.698544967699898,6.698544967699898,0.0,0.0,15,15,IXI013-HH-1212-MRA_IXI-HH,IXI-HH
dense,147,159,0,22.79657217172698,22.79657217172698,0.0,0.0,47,47,IXI013-HH-1212-MRA_IXI-HH,IXI-HH
dense,147,257,0,17.948222584042323,17.948222584042323,0.0,0.0,37,37,IXI013-HH-1212-MRA_IXI-HH,IXI-HH
dense,148,149,0,5.786792093281086,5.786792093281086,0.0,0.0,13,13,IXI013-HH-1212-MRA_IXI-HH,IXI-HH
dense,148,154,0,9.762282736434125,9.762282736434125,0.0,0.0,21,21,IXI013-HH-1212-MRA_IXI-HH,IXI-HH
dense,149,151,0,1.9764672796498868,1.9764672796498868,0.0,0.0,5,5,IXI013-HH-1212-MRA_IXI-HH,IXI-HH
dense,149,154,0,5.726938483086739,5.726938483086739,0.0,0.0,13,13,IXI013-HH-1212-MRA_IXI-HH,IXI-HH
dense,150,152,0,1.8544287293544182,1.8544287293544182,0.0,0.0,5,5,IXI013-HH-1212-MRA_IXI-HH,IXI-HH
dense,150,249,0,3.965205043716415,3.965205043716415,0.0,0.0,9,9,IXI013-HH-1212-MRA_IXI-HH,IXI-HH
dense,150,251,0,13.450502843004218,13.450502843004218,0.0,0.0,28,28,IXI013-HH-1212-MRA_IXI-HH,IXI-HH
dense,151,156,0,6.786477027307682,6.786477027307682,0.0,0.0,15,15,IXI013-HH-1212-MRA_IXI-HH,IXI-HH
dense,152,160,0,4.780666476084706,4.780666476084706,0.0,0.0,11,11,IXI013-HH-1212-MRA_IXI-HH,IXI-HH
dense,152,163,0,10.890754293059452,10.890754293059452,0.0,0.0,23,23,IXI013-HH-1212-MRA_IXI-HH,IXI-HH
dense,153,155,0,5.130974083748695,5.130974083748695,0.0,0.0,12,12,IXI013-HH-1212-MRA_IXI-HH,IXI-HH
dense,153,158,0,4.341259745655297,4.341259745655297,0.0,0.0,10,10,IXI013-HH-1212-MRA_IXI-HH,IXI-HH
dense,153,163,0,37.39616925091491,37.39616925091491,0.0,0.0,76,76,IXI013-HH-1212-MRA_IXI-HH,IXI-HH
dense,154,255,0,10.536948227284824,10.536948227284824,0.0,0.0,23,23,IXI013-HH-1212-MRA_IXI-HH,IXI-HH
dense,155,157,0,2.3077172266134682,2.3077172266134682,0.0,0.0,6,6,IXI013-HH-1212-MRA_IXI-HH,IXI-HH
dense,155,158,0,1.9661816673824841,1.9661816673824841,0.0,0.0,5,5,IXI013-HH-1212-MRA_IXI-HH,IXI-HH
dense,156,161,0,2.546684565255779,2.546684565255779,0.0,0.0,7,7,IXI013-HH-1212-MRA_IXI-HH,IXI-HH
dense,157,159,0,3.5408471478085275,3.5408471478085275,0.0,0.0,9,9,IXI013-HH-1212-MRA_IXI-HH,IXI-HH
dense,157,256,0,4.981616203242106,4.981616203242106,0.0,0.0,11,11,IXI013-HH-1212-MRA_IXI-HH,IXI-HH
dense,158,159,0,2.3647924698037057,2.3647924698037057,0.0,0.0,6,6,IXI013-HH-1212-MRA_IXI-HH,IXI-HH
dense,160,163,0,6.616855420685608,6.616855420685608,0.0,0.0,15,15,IXI013-HH-1212-MRA_IXI-HH,IXI-HH
dense,160,254,0,19.7863964332663,19.7863964332663,0.0,0.0,41,41,IXI013-HH-1212-MRA_IXI-HH,IXI-HH
dense,161,162,0,3.6680615504517506,3.6680615504517506,0.0,0.0,9,9,IXI013-HH-1212-MRA_IXI-HH,IXI-HH
dense,162,165,0,18.966147211328032,18.966147211328032,0.0,0.0,39,39,IXI013-HH-1212-MRA_IXI-HH,IXI-HH
dense,164,165,0,8.645668954435722,8.645668954435722,0.0,0.0,19,19,IXI013-HH-1212-MRA_IXI-HH,IXI-HH
dense,164,167,0,13.420058627918905,13.420058627918905,0.0,0.0,28,28,IXI013-HH-1212-MRA_IXI-HH,IXI-HH
dense,164,167,1,7.958935488646665,7.958935488646665,0.0,0.0,17,17,IXI013-HH-1212-MRA_IXI-HH,IXI-HH
dense,165,168,0,8.277121550031778,8.277121550031778,0.0,0.0,18,18,IXI013-HH-1212-MRA_IXI-HH,IXI-HH
dense,166,177,0,8.527639240835551,8.527639240835551,0.0,0.0,19,19,IXI013-HH-1212-MRA_IXI-HH,IXI-HH
dense,166,191,0,20.54447499909169,20.54447499909169,0.0,0.0,43,43,IXI013-HH-1212-MRA_IXI-HH,IXI-HH
dense,166,203,0,23.24679428470177,23.24679428470177,0.0,0.0,48,48,IXI013-HH-1212-MRA_IXI-HH,IXI-HH
dense,167,172,0,4.971330605499295,4.971330605499295,0.0,0.0,11,11,IXI013-HH-1212-MRA_IXI-HH,IXI-HH
dense,168,172,0,2.434931639416079,2.434931639416079,0.0,0.0,6,6,IXI013-HH-1212-MRA_IXI-HH,IXI-HH
dense,168,173,0,2.0588769434301373,2.0588769434301373,0.0,0.0,6,6,IXI013-HH-1212-MRA_IXI-HH,IXI-HH
dense,169,170,0,2.077934593842159,2.077934593842159,0.0,0.0,6,6,IXI013-HH-1212-MRA_IXI-HH,IXI-HH
dense,169,174,0,29.87072006729033,29.87072006729033,0.0,0.0,61,61,IXI013-HH-1212-MRA_IXI-HH,IXI-HH
dense,169,198,0,32.946833529899365,32.946833529899365,0.0,0.0,67,67,IXI013-HH-1212-MRA_IXI-HH,IXI-HH
dense,169,207,0,41.169721277056425,41.169721277056425,0.0,0.0,84,84,IXI013-HH-1212-MRA_IXI-HH,IXI-HH
dense,170,184,0,16.344311487908698,16.344311487908698,0.0,0.0,34,34,IXI013-HH-1212-MRA_IXI-HH,IXI-HH
dense,170,277,0,54.37374958737614,54.37374958737614,0.0,0.0,110,110,IXI013-HH-1212-MRA_IXI-HH,IXI-HH
dense,171,175,0,1.9661816558152512,1.9661816558152512,0.0,0.0,5,5,IXI013-HH-1212-MRA_IXI-HH,IXI-HH
dense,171,176,0,4.790952119790166,4.790952119790166,0.0,0.0,11,11,IXI013-HH-1212-MRA_IXI-HH,IXI-HH
dense,171,261,0,28.155048493791906,28.155048493791906,0.0,0.0,58,58,IXI013-HH-1212-MRA_IXI-HH,IXI-HH
dense,172,173,0,3.7798144792789343,3.7798144792789343,0.0,0.0,9,9,IXI013-HH-1212-MRA_IXI-HH,IXI-HH
dense,172,179,0,8.427685530749688,8.427685530749688,0.0,0.0,18,18,IXI013-HH-1212-MRA_IXI-HH,IXI-HH
dense,173,200,0,12.982165483307107,12.982165483307107,0.0,0.0,27,27,IXI013-HH-1212-MRA_IXI-HH,IXI-HH
dense,174,178,0,10.536130408447645,10.536130408447645,0.0,0.0,23,23,IXI013-HH-1212-MRA_IXI-HH,IXI-HH
dense,174,185,0,16.252370614167884,16.252370614167884,0.0,0.0,34,34,IXI013-HH-1212-MRA_IXI-HH,IXI-HH
dense,175,176,0,6.0118115284486375,6.0118115284486375,0.0,0.0,14,14,IXI013-HH-1212-MRA_IXI-HH,IXI-HH
dense,175,263,0,18.13888676415285,18.13888676415285,0.0,0.0,38,38,IXI013-HH-1212-MRA_IXI-HH,IXI-HH
dense,176,197,0,11.319567912462361,11.319567912462361,0.0,0.0,24,24,IXI013-HH-1212-MRA_IXI-HH,IXI-HH
dense,177,181,0,3.6933959665438647,3.6933959665438647,0.0,0.0,9,9,IXI013-HH-1212-MRA_IXI-HH,IXI-HH
dense,177,182,0,2.0588769434318,2.0588769434318,0.0,0.0,6,6,IXI013-HH-1212-MRA_IXI-HH,IXI-HH
dense,178,180,0,1.7945751788926052,1.7945751788926052,0.0,0.0,5,5,IXI013-HH-1212-MRA_IXI-HH,IXI-HH
dense,178,186,0,20.18823243809227,20.18823243809227,0.0,0.0,42,42,IXI013-HH-1212-MRA_IXI-HH,IXI-HH
dense,179,180,0,8.906721144897164,8.906721144897164,0.0,0.0,19,19,IXI013-HH-1212-MRA_IXI-HH,IXI-HH
dense,179,192,0,6.604584928064932,6.604584928064932,0.0,0.0,15,15,IXI013-HH-1212-MRA_IXI-HH,IXI-HH
dense,180,187,0,2.8335424650692413,2.8335424650692413,0.0,0.0,7,7,IXI013-HH-1212-MRA_IXI-HH,IXI-HH
dense,181,186,0,1.395964351190482,1.395964351190482,0.0,0.0,4,4,IXI013-HH-1212-MRA_IXI-HH,IXI-HH
dense,181,196,0,7.531799284383331,7.531799284383331,0.0,0.0,17,17,IXI013-HH-1212-MRA_IXI-HH,IXI-HH
dense,182,186,0,3.45442863720561,3.45442863720561,0.0,0.0,8,8,IXI013-HH-1212-MRA_IXI-HH,IXI-HH
dense,182,191,0,5.395275860729586,5.395275860729586,0.0,0.0,12,12,IXI013-HH-1212-MRA_IXI-HH,IXI-HH
dense,183,188,0,26.821406114298696,26.821406114298696,0.0,0.0,55,55,IXI013-HH-1212-MRA_IXI-HH,IXI-HH
dense,183,270,0,7.796101044852034,7.796101044852034,0.0,0.0,17,17,IXI013-HH-1212-MRA_IXI-HH,IXI-HH
dense,183,276,0,21.076105704471093,21.076105704471093,0.0,0.0,44,44,IXI013-HH-1212-MRA_IXI-HH,IXI-HH
dense,184,185,0,3.2349316050127745,3.2349316050127745,0.0,0.0,8,8,IXI013-HH-1212-MRA_IXI-HH,IXI-HH
dense,184,190,0,2.2530395499071503,2.2530395499071503,0.0,0.0,6,6,IXI013-HH-1212-MRA_IXI-HH,IXI-HH
dense,185,190,0,1.966181667383077,1.966181667383077,0.0,0.0,5,5,IXI013-HH-1212-MRA_IXI-HH,IXI-HH
dense,187,192,0,1.9661816594746173,1.9661816594746173,0.0,0.0,5,5,IXI013-HH-1212-MRA_IXI-HH,IXI-HH
dense,187,193,0,3.362146034488231,3.362146034488231,0.0,0.0,8,8,IXI013-HH-1212-MRA_IXI-HH,IXI-HH
dense,187,196,0,9.088671851578056,9.088671851578056,0.0,0.0,20,20,IXI013-HH-1212-MRA_IXI-HH,IXI-HH
dense,188,195,0,2.5173413149180552,2.5173413149180552,0.0,0.0,7,7,IXI013-HH-1212-MRA_IXI-HH,IXI-HH
dense,188,195,1,33.70685523563599,33.70685523563599,0.0,0.0,69,69,IXI013-HH-1212-MRA_IXI-HH,IXI-HH
dense,188,262,0,76.0051730351563,76.0051730351563,0.0,0.0,154,154,IXI013-HH-1212-MRA_IXI-HH,IXI-HH
dense,189,207,0,28.42977285092165,28.42977285092165,0.0,0.0,58,58,IXI013-HH-1212-MRA_IXI-HH,IXI-HH
dense,189,259,0,53.59030505452329,53.59030505452329,0.0,0.0,109,109,IXI013-HH-1212-MRA_IXI-HH,IXI-HH
dense,189,266,0,12.524868193616735,12.524868193616735,0.0,0.0,27,27,IXI013-HH-1212-MRA_IXI-HH,IXI-HH
dense,190,274,0,12.069206510073581,12.069206510073581,0.0,0.0,26,26,IXI013-HH-1212-MRA_IXI-HH,IXI-HH
dense,191,204,0,66.86781956465256,66.86781956465256,0.0,0.0,135,135,IXI013-HH-1212-MRA_IXI-HH,IXI-HH
dense,191,278,0,26.193603167730558,26.193603167730558,0.0,0.0,54,54,IXI013-HH-1212-MRA_IXI-HH,IXI-HH
dense,192,194,0,1.1316625866518963,1.1316625866518963,0.0,0.0,4,4,IXI013-HH-1212-MRA_IXI-HH,IXI-HH
dense,193,194,0,2.7661816257463436,2.7661816257463436,0.0,0.0,7,7,IXI013-HH-1212-MRA_IXI-HH,IXI-HH
dense,193,199,0,4.34125977288809,4.34125977288809,0.0,0.0,10,10,IXI013-HH-1212-MRA_IXI-HH,IXI-HH
dense,194,271,0,5.555332032438591,5.555332032438591,0.0,0.0,13,13,IXI013-HH-1212-MRA_IXI-HH,IXI-HH
dense,195,202,0,6.214746093120052,6.214746093120052,0.0,0.0,14,14,IXI013-HH-1212-MRA_IXI-HH,IXI-HH
dense,196,199,0,9.947673310573107,9.947673310573107,0.0,0.0,21,21,IXI013-HH-1212-MRA_IXI-HH,IXI-HH
dense,196,203,0,7.703405769840888,7.703405769840888,0.0,0.0,17,17,IXI013-HH-1212-MRA_IXI-HH,IXI-HH
dense,197,198,0,46.57048068947425,46.57048068947425,0.0,0.0,95,95,IXI013-HH-1212-MRA_IXI-HH,IXI-HH
dense,197,260,0,44.61976043147243,44.61976043147243,0.0,0.0,91,91,IXI013-HH-1212-MRA_IXI-HH,IXI-HH
dense,198,267,0,40.6137595733254,40.6137595733254,0.0,0.0,83,83,IXI013-HH-1212-MRA_IXI-HH,IXI-HH
dense,199,200,0,1.5077172942033854,1.5077172942033854,0.0,0.0,5,5,IXI013-HH-1212-MRA_IXI-HH,IXI-HH
dense,200,201,0,4.698256842365307,4.698256842365307,0.0,0.0,11,11,IXI013-HH-1212-MRA_IXI-HH,IXI-HH
dense,201,202,0,6.767419411240946,6.767419411240946,0.0,0.0,15,15,IXI013-HH-1212-MRA_IXI-HH,IXI-HH
dense,201,208,0,14.7351268548411,14.7351268548411,0.0,0.0,31,31,IXI013-HH-1212-MRA_IXI-HH,IXI-HH
dense,202,268,0,45.77972408671778,45.77972408671778,0.0,0.0,93,93,IXI013-HH-1212-MRA_IXI-HH,IXI-HH
dense,203,205,0,5.167006780442652,5.167006780442652,0.0,0.0,12,12,IXI013-HH-1212-MRA_IXI-HH,IXI-HH
dense,204,264,0,30.844440888379516,30.844440888379516,0.0,0.0,63,63,IXI013-HH-1212-MRA_IXI-HH,IXI-HH
dense,204,269,0,24.34962404580616,24.34962404580616,0.0,0.0,50,50,IXI013-HH-1212-MRA_IXI-HH,IXI-HH
dense,205,208,0,5.943657215006471,5.943657215006471,0.0,0.0,13,13,IXI013-HH-1212-MRA_IXI-HH,IXI-HH
dense,205,272,0,35.33150135431936,35.33150135431936,0.0,0.0,72,72,IXI013-HH-1212-MRA_IXI-HH,IXI-HH
dense,206,208,0,24.01436522611393,24.01436522611393,0.0,0.0,50,50,IXI013-HH-1212-MRA_IXI-HH,IXI-HH
dense,206,273,0,16.167280257435387,16.167280257435387,0.0,0.0,34,34,IXI013-HH-1212-MRA_IXI-HH,IXI-HH
dense,206,275,0,53.51866671662594,53.51866671662594,0.0,0.0,109,109,IXI013-HH-1212-MRA_IXI-HH,IXI-HH
dense,207,265,0,60.638559305362605,60.638559305362605,0.0,0.0,123,123,IXI013-HH-1212-MRA_IXI-HH,IXI-HH
junction_only,0,33,0,60.24981624814121,34.5409446534141,25.708871594727107,0.7443013459154478,122,71,IXI035-IOP-0873-MRA_IXI-IOP,IXI-IOP
junction_only,0,210,0,21.615321306072687,16.677962066397242,4.937359239675445,0.29604092034860996,45,35,IXI035-IOP-0873-MRA_IXI-IOP,IXI-IOP
junction_only,0,212,0,33.17978633482205,16.813447594822094,16.366338739999954,0.9734076635799649,68,35,IXI035-IOP-0873-MRA_IXI-IOP,IXI-IOP
junction_only,1,2,0,9.57400564521883,8.075642653716029,1.4983629915028,0.1855410220279279,21,18,IXI035-IOP-0873-MRA_IXI-IOP,IXI-IOP
junction_only,1,2,1,12.937313993910992,8.075642653716029,4.861671340194963,0.6020166503972104,27,18,IXI035-IOP-0873-MRA_IXI-IOP,IXI-IOP
junction_only,1,11,0,47.16547332350173,30.777193899860006,16.388279423641723,0.5324812741851773,96,63,IXI035-IOP-0873-MRA_IXI-IOP,IXI-IOP
junction_only,2,209,0,19.90752470339758,14.770958409388985,5.136566294008595,0.34774766481933883,41,31,IXI035-IOP-0873-MRA_IXI-IOP,IXI-IOP
junction_only,2,217,0,26.94163378510754,19.84617920218853,7.095454582919011,0.3575224485595979,55,41,IXI035-IOP-0873-MRA_IXI-IOP,IXI-IOP
junction_only,3,4,0,2.0622318576980687,2.0622318576980687,0.0,0.0,6,6,IXI035-IOP-0873-MRA_IXI-IOP,IXI-IOP
junction_only,3,208,0,26.207853635723136,15.407492069544835,10.800361566178301,0.7009811536769697,54,32,IXI035-IOP-0873-MRA_IXI-IOP,IXI-IOP
junction_only,3,214,0,65.92261741453517,26.47656412749008,39.44605328704509,1.4898478932955297,133,54,IXI035-IOP-0873-MRA_IXI-IOP,IXI-IOP
junction_only,4,5,0,1.4911159342356595,1.3030733186266188,0.18804261560904068,0.1443070109111199,4,4,IXI035-IOP-0873-MRA_IXI-IOP,IXI-IOP
junction_only,4,216,0,34.13189881662107,16.636250110227785,17.495648706393283,1.051658191628001,70,35,IXI035-IOP-0873-MRA_IXI-IOP,IXI-IOP
junction_only,5,13,0,10.652351436224123,8.834930822897864,1.8174206133262594,0.20570852786033972,23,19,IXI035-IOP-0873-MRA_IXI-IOP,IXI-IOP
junction_only,5,15,0,13.286198054698842,8.449402461906656,4.8367955927921855,0.5724423253121659,28,18,IXI035-IOP-0873-MRA_IXI-IOP,IXI-IOP
junction_only,6,7,0,1.6816541837908967,1.5273506871450024,0.15430349664589427,0.10102689444185592,5,5,IXI035-IOP-0873-MRA_IXI-IOP,IXI-IOP
junction_only,6,12,0,25.014323745984395,22.530211482165157,2.484112263819238,0.11025694391664514,52,47,IXI035-IOP-0873-MRA_IXI-IOP,IXI-IOP
junction_only,6,220,0,24.543864302832155,14.244297624537358,10.299566678294797,0.7230659559199794,51,30,IXI035-IOP-0873-MRA_IXI-IOP,IXI-IOP
junction_only,7,8,0,7.6906061526766365,6.322025188372644,1.3685809643039928,0.21647825238359736,17,14,IXI035-IOP-0873-MRA_IXI-IOP,IXI-IOP
junction_only,7,221,0,6.887784362171296,4.243442142707839,2.644342219463457,0.6231597204659991,15,10,IXI035-IOP-0873-MRA_IXI-IOP,IXI-IOP
junction_only,8,34,0,25.14899665750451,17.870299733786844,7.278696923717668,0.4073069300542314,52,37,IXI035-IOP-0873-MRA_IXI-IOP,IXI-IOP
junction_only,8,219,0,33.84153158345905,17.36784443595749,16.47368714750156,0.9485165075174953,69,36,IXI035-IOP-0873-MRA_IXI-IOP,IXI-IOP
junction_only,9,12,0,9.621235605198047,7.354454666232386,2.2667809389656606,0.30821876561065403,21,16,IXI035-IOP-0873-MRA_IXI-IOP,IXI-IOP
junction_only,9,211,0,50.263965840693075,28.363082583883724,21.90088325680935,0.7721616009838691,102,58,IXI035-IOP-0873-MRA_IXI-IOP,IXI-IOP
junction_only,9,215,0,11.906198074680892,8.69841387372783,3.2077842009530624,0.36877806086482756,25,19,IXI035-IOP-0873-MRA_IXI-IOP,IXI-IOP
junction_only,10,11,0,1.9539377183410807,1.9021041567996388,0.05183356154144181,0.0272506431133896,5,5,IXI035-IOP-0873-MRA_IXI-IOP,IXI-IOP
junction_only,10,21,0,50.964331549656734,23.369587834532286,27.594743715124448,1.1807971929376015,103,48,IXI035-IOP-0873-MRA_IXI-IOP,IXI-IOP
junction_only,10,213,0,45.39980110475747,20.78616907138186,24.613632033375612,1.1841350827490071,92,43,IXI035-IOP-0873-MRA_IXI-IOP,IXI-IOP
junction_only,11,33,0,17.868613369141098,13.599132549720473,4.269480819420625,0.313952438055204,37,29,IXI035-IOP-0873-MRA_IXI-IOP,IXI-IOP
junction_only,12,14,0,1.9539377182904782,1.0285913029923057,0.9253464152981725,0.8996249653348415,5,4,IXI035-IOP-0873-MRA_IXI-IOP,IXI-IOP
junction_only,13,15,0,1.9539377183815092,1.9021041568333013,0.05183356154820795,0.02725064311646452,5,5,IXI035-IOP-0873-MRA_IXI-IOP,IXI-IOP
junction_only,13,20,0,12.313599129880153,10.01480924737658,2.2987898825035735,0.22953905818083864,26,22,IXI035-IOP-0873-MRA_IXI-IOP,IXI-IOP
junction_only,14,16,0,41.14027295562826,6.057227278520421,35.08304567710784,5.791931533016119,84,14,IXI035-IOP-0873-MRA_IXI-IOP,IXI-IOP
junction_only,14,17,0,18.811422956868153,15.190655479567257,3.6207674773008964,0.23835492037661846,39,32,IXI035-IOP-0873-MRA_IXI-IOP,IXI-IOP
junction_only,15,18,0,43.15618142835093,12.455762101288837,30.700419327062097,2.4647563976744085,88,26,IXI035-IOP-0873-MRA_IXI-IOP,IXI-IOP
junction_only,16,19,0,8.648860886473047,7.278956167011772,1.3699047194612746,0.18820071010589162,19,16,IXI035-IOP-0873-MRA_IXI-IOP,IXI-IOP
junction_only,16,31,0,20.214415879844097,16.014094230950462,4.200321648893635,0.2622890553981921,42,34,IXI035-IOP-0873-MRA_IXI-IOP,IXI-IOP
junction_only,17,20,0,9.96497504925637,8.96734106978679,0.9976339794695797,0.1112519276010207,21,19,IXI035-IOP-0873-MRA_IXI-IOP,IXI-IOP
junction_only,17,24,0,10.54173446879159,8.30676861607534,2.2349658527162504,0.2690535822065782,23,18,IXI035-IOP-0873-MRA_IXI-IOP,IXI-IOP
junction_only,18,21,0,2.0622318583304002,2.0622318583304007,4.440892098500626e-16,2.1534397699083203e-16,6,6,IXI035-IOP-0873-MRA_IXI-IOP,IXI-IOP
junction_only,18,22,0,1.5733600372560157,1.303073318046805,0.27028671920921066,0.20742249531618623,5,4,IXI035-IOP-0873-MRA_IXI-IOP,IXI-IOP
junction_only,19,34,0,8.329123146597937,7.024670975899987,1.3044521706979495,0.1856958390183998,18,16,IXI035-IOP-0873-MRA_IXI-IOP,IXI-IOP
junction_only,19,222,0,33.853054026126,15.158892260441046,18.694161765684957,1.2332142378549404,69,32,IXI035-IOP-0873-MRA_IXI-IOP,IXI-IOP
junction_only,20,33,0,15.554504669618716,12.25184111662149,3.3026635529972257,0.26956467371394977,33,26,IXI035-IOP-0873-MRA_IXI-IOP,IXI-IOP
junction_only,21,22,0,2.9850536472299294,1.5951176075136728,1.3899360397162566,0.8713690032440712,7,5,IXI035-IOP-0873-MRA_IXI-IOP,IXI-IOP
junction_only,21,27,0,3.061654222628963,2.4351592002527966,0.6264950223761665,0.2572706631710688,8,6,IXI035-IOP-0873-MRA_IXI-IOP,IXI-IOP
junction_only,22,23,0,1.5733600434718373,1.3030733312548575,0.27028671221697986,0.2074224878477823,5,4,IXI035-IOP-0873-MRA_IXI-IOP,IXI-IOP
junction_only,23,25,0,1.5733600434725592,1.3030733312546152,0.270286712217944,0.20742248784856074,5,4,IXI035-IOP-0873-MRA_IXI-IOP,IXI-IOP
junction_only,23,27,0,2.7539377363505695,2.611130096824255,0.14280763952631448,0.054691889806640415,7,7,IXI035-IOP-0873-MRA_IXI-IOP,IXI-IOP
junction_only,24,26,0,4.476169593330266,2.345549061566023,2.1306205317642433,0.9083674976901649,10,6,IXI035-IOP-0873-MRA_IXI-IOP,IXI-IOP
junction_only,24,30,0,3.8933478116807043,3.7481729956233574,0.14517481605734694,0.03873215463290081,9,9,IXI035-IOP-0873-MRA_IXI-IOP,IXI-IOP
junction_only,25,28,0,2.0333600607237683,1.660120533524704,0.3732395271990643,0.22482676387757008,6,5,IXI035-IOP-0873-MRA_IXI-IOP,IXI-IOP
junction_only,25,29,0,1.8456435659998798,1.84564356599988,2.220446049250313e-16,1.20307414180884e-16,5,5,IXI035-IOP-0873-MRA_IXI-IOP,IXI-IOP
junction_only,26,30,0,7.622889674746885,4.962741345155541,2.660148329591344,0.5360239723531209,17,11,IXI035-IOP-0873-MRA_IXI-IOP,IXI-IOP
junction_only,26,31,0,7.128374356494337,5.675385650188438,1.4529887063058995,0.25601585440412433,16,13,IXI035-IOP-0873-MRA_IXI-IOP,IXI-IOP
junction_only,26,35,0,8.731104966063473,7.278956137304899,1.452148828758574,0.19949959875651146,19,16,IXI035-IOP-0873-MRA_IXI-IOP,IXI-IOP
junction_only,27,29,0,2.4961818326903407,2.1624061372263634,0.33377569546397723,0.15435384210114142,6,6,IXI035-IOP-0873-MRA_IXI-IOP,IXI-IOP
junction_only,28,30,0,2.4933600779763885,2.058446087896932,0.4349139900794565,0.2112826722237833,6,6,IXI035-IOP-0873-MRA_IXI-IOP,IXI-IOP
junction_only,28,32,0,2.062231858013459,1.84564356599988,0.2165882920135791,0.11735109422183697,6,5,IXI035-IOP-0873-MRA_IXI-IOP,IXI-IOP
junction_only,29,32,0,2.876759507283909,1.660120533524704,1.216638973759205,0.7328618309274713,7,5,IXI035-IOP-0873-MRA_IXI-IOP,IXI-IOP
junction_only,30,32,0,5.398991382549196,3.0589541690611357,2.3400372134880607,0.7649794943499505,12,8,IXI035-IOP-0873-MRA_IXI-IOP,IXI-IOP
junction_only,31,36,0,5.822153052165036,5.3841620334275495,0.43799101873748647,0.08134803819391409,13,12,IXI035-IOP-0873-MRA_IXI-IOP,IXI-IOP
junction_only,34,218,0,45.077937939827066,18.747608143368964,26.330329796458102,1.404463417151758,92,39,IXI035-IOP-0873-MRA_IXI-IOP,IXI-IOP
junction_only,35,37,0,5.830119602420113,3.7932573113922223,2.0368622910278904,0.5369691860635497,13,9,IXI035-IOP-0873-MRA_IXI-IOP,IXI-IOP
junction_only,35,39,0,6.281654233679434,5.577669827282185,0.7039844063972485,0.12621478649629514,14,13,IXI035-IOP-0873-MRA_IXI-IOP,IXI-IOP
junction_only,36,38,0,4.599581308913486,4.231359239185379,0.3682220697281062,0.0870221715797868,11,10,IXI035-IOP-0873-MRA_IXI-IOP,IXI-IOP
junction_only,36,40,0,7.046130180802466,5.675385535798561,1.3707446450039047,0.24152449844291196,16,13,IXI035-IOP-0873-MRA_IXI-IOP,IXI-IOP
junction_only,36,224,0,23.07242062843083,8.499341457409653,14.573079171021178,1.7146127431221734,48,18,IXI035-IOP-0873-MRA_IXI-IOP,IXI-IOP
junction_only,37,38,0,2.6044759667919624,2.304517359625827,0.2999586071661353,0.13016114021151834,7,6,IXI035-IOP-0873-MRA_IXI-IOP,IXI-IOP
junction_only,37,223,0,8.429450865380005,6.508978647895287,1.9204722174847184,0.29504970309062445,18,15,IXI035-IOP-0873-MRA_IXI-IOP,IXI-IOP
junction_only,38,42,0,5.719003628654027,4.241603520820074,1.4774001078339536,0.3483116940520439,13,10,IXI035-IOP-0873-MRA_IXI-IOP,IXI-IOP
junction_only,39,41,0,1.9539377118487964,1.9021041475003715,0.0518335643484249,0.02725064472234151,5,5,IXI035-IOP-0873-MRA_IXI-IOP,IXI-IOP
junction_only,39,43,0,3.4450536462939283,3.161012572875353,0.28404107341857543,0.08985762216067462,8,8,IXI035-IOP-0873-MRA_IXI-IOP,IXI-IOP
junction_only,40,41,0,2.0333600610036635,1.6601205338081888,0.3732395271954747,0.22482676383701605,6,5,IXI035-IOP-0873-MRA_IXI-IOP,IXI-IOP
junction_only,40,42,0,2.8767595074970327,2.806421296987673,0.07033821050935973,0.025063311265795557,7,7,IXI035-IOP-0873-MRA_IXI-IOP,IXI-IOP
junction_only,41,45,0,2.6838982972747196,2.2072607860524447,0.47663751122227493,0.2159407326194169,7,6,IXI035-IOP-0873-MRA_IXI-IOP,IXI-IOP
junction_only,42,44,0,2.062231858430361,2.0622318584303607,4.440892098500626e-16,2.153439769803939e-16,6,6,IXI035-IOP-0873-MRA_IXI-IOP,IXI-IOP
junction_only,42,45,0,9.222299760698611,4.763192358713567,4.459107401985044,0.9361594212813503,20,11,IXI035-IOP-0873-MRA_IXI-IOP,IXI-IOP
junction_only,43,44,0,1.8428218236302678,1.5951176073549032,0.24770421627536465,0.15528899883822303,5,5,IXI035-IOP-0873-MRA_IXI-IOP,IXI-IOP
junction_only,43,46,0,15.480725707280198,5.588846187920643,9.891879519359556,1.7699323235517197,32,13,IXI035-IOP-0873-MRA_IXI-IOP,IXI-IOP
junction_only,44,225,0,8.350028524086493,6.034567302368514,2.315461221717979,0.38369962678337866,18,14,IXI035-IOP-0873-MRA_IXI-IOP,IXI-IOP
junction_only,45,46,0,3.9872977673393257,2.435159185481896,1.5521385818574296,0.6373869072342699,9,6,IXI035-IOP-0873-MRA_IXI-IOP,IXI-IOP
junction_only,46,56,0,16.011682711649982,12.581017593285122,3.4306651183648604,0.27268582155038973,34,27,IXI035-IOP-0873-MRA_IXI-IOP,IXI-IOP
junction_only,47,48,0,34.68533760764071,22.877282128735356,11.808055478905356,0.5161476530498205,71,47,IXI035-IOP-0873-MRA_IXI-IOP,IXI-IOP
junction_only,47,226,0,6.11724610909225,4.614108915000503,1.5031371940917468,0.3257697687206811,14,11,IXI035-IOP-0873-MRA_IXI-IOP,IXI-IOP
junction_only,47,228,0,4.904475991577928,4.012779641122828,0.8916963504551001,0.22221413339447463,11,10,IXI035-IOP-0873-MRA_IXI-IOP,IXI-IOP
junction_only,48,49,0,36.58327595123075,27.34281725840549,9.240458692825264,0.33794830304052315,75,56,IXI035-IOP-0873-MRA_IXI-IOP,IXI-IOP
junction_only,48,230,0,3.9816542578223393,3.1877893054760413,0.793864952346298,0.24903306845988304,9,8,IXI035-IOP-0873-MRA_IXI-IOP,IXI-IOP
junction_only,49,51,0,3.984476018226754,2.839295784853202,1.145180233373552,0.40333248810594086,9,7,IXI035-IOP-0873-MRA_IXI-IOP,IXI-IOP
junction_only,49,57,0,12.638481617132268,10.699233932364791,1.9392476847674764,0.18125107807030214,27,23,IXI035-IOP-0873-MRA_IXI-IOP,IXI-IOP
junction_only,49,227,0,39.57629584824248,10.625629661385414,28.950666186857067,2.724607115949716,81,23,IXI035-IOP-0873-MRA_IXI-IOP,IXI-IOP
junction_only,50,51,0,2.413937735594855,2.162406137327534,0.25153159826732097,0.11632023879574391,6,6,IXI035-IOP-0873-MRA_IXI-IOP,IXI-IOP
junction_only,50,54,0,12.299570378725713,9.1835725807747,3.115997797951014,0.3393012654437101,26,20,IXI035-IOP-0873-MRA_IXI-IOP,IXI-IOP
junction_only,50,65,0,25.084703182723036,22.427064733090642,2.657638449632394,0.11850139468813797,52,46,IXI035-IOP-0873-MRA_IXI-IOP,IXI-IOP
junction_only,51,54,0,11.77417681877168,9.51052078416769,2.26365603460399,0.23801599155036104,25,21,IXI035-IOP-0873-MRA_IXI-IOP,IXI-IOP
junction_only,52,53,0,17.16802352268613,11.596862053980061,5.5711614687060695,0.4804024953279528,36,25,IXI035-IOP-0873-MRA_IXI-IOP,IXI-IOP
junction_only,52,53,1,17.06205234346174,11.596862053980061,5.465190289481679,0.4712645769211351,36,25,IXI035-IOP-0873-MRA_IXI-IOP,IXI-IOP
junction_only,52,66,0,19.22511060070358,14.304377316288486,4.920733284415094,0.34400192162239907,40,30,IXI035-IOP-0873-MRA_IXI-IOP,IXI-IOP
junction_only,53,55,0,3.5533478047983866,2.435159201582326,1.1181886032160606,0.45918501036379067,9,6,IXI035-IOP-0873-MRA_IXI-IOP,IXI-IOP
junction_only,54,57,0,6.208374323102892,5.126909567749392,1.0814647553535002,0.2109389176973997,14,12,IXI035-IOP-0873-MRA_IXI-IOP,IXI-IOP
junction_only,55,60,0,22.170085457942704,15.011729274104441,7.158356183838263,0.47685087128413534,46,32,IXI035-IOP-0873-MRA_IXI-IOP,IXI-IOP
junction_only,55,229,0,17.045791652800613,11.664184793249554,5.381606859551059,0.46137873798652196,36,25,IXI035-IOP-0873-MRA_IXI-IOP,IXI-IOP
junction_only,56,58,0,1.8456435662958857,1.8456435662958859,2.220446049250313e-16,1.2030741416158901e-16,5,5,IXI035-IOP-0873-MRA_IXI-IOP,IXI-IOP
junction_only,56,102,0,18.38686692049668,13.941664402057489,4.44520251843919,0.3188430298023222,38,29,IXI035-IOP-0873-MRA_IXI-IOP,IXI-IOP
junction_only,57,60,0,3.5244760074211676,2.4771758955907126,1.047300111830455,0.4227798735223498,9,6,IXI035-IOP-0873-MRA_IXI-IOP,IXI-IOP
junction_only,57,63,0,31.502800490492103,25.516630819284526,5.986169671207577,0.23459874909047362,65,53,IXI035-IOP-0873-MRA_IXI-IOP,IXI-IOP
junction_only,58,61,0,3.7438860414440605,3.539943597702322,0.20394244374173853,0.057611777734004534,9,9,IXI035-IOP-0873-MRA_IXI-IOP,IXI-IOP
junction_only,58,233,0,23.066777181478297,13.71616614196806,9.350611039510238,0.6817219143255848,48,29,IXI035-IOP-0873-MRA_IXI-IOP,IXI-IOP
junction_only,59,60,0,2.7628218581351236,2.4351592217102493,0.32766263642487425,0.13455491267415023,7,6,IXI035-IOP-0873-MRA_IXI-IOP,IXI-IOP
junction_only,59,64,0,24.107786114529713,20.183578225948892,3.9242078885808205,0.19442577746376444,50,42,IXI035-IOP-0873-MRA_IXI-IOP,IXI-IOP
junction_only,59,234,0,24.21365494446139,15.335723535740913,8.877931408720476,0.5789052852987259,50,32,IXI035-IOP-0873-MRA_IXI-IOP,IXI-IOP
junction_only,61,62,0,9.894516769775793,7.605919023724954,2.288597746050839,0.3008969381493641,21,17,IXI035-IOP-0873-MRA_IXI-IOP,IXI-IOP
junction_only,61,68,0,14.12445287206957,10.536052751043334,3.588400121026236,0.34058296838641916,30,23,IXI035-IOP-0873-MRA_IXI-IOP,IXI-IOP
junction_only,62,232,0,12.718402766141239,8.967341005182352,3.751061760958887,0.4183025669249219,27,19,IXI035-IOP-0873-MRA_IXI-IOP,IXI-IOP
junction_only,62,236,0,19.116408879893317,15.045704193682289,4.0707046862110285,0.2705559429993528,40,32,IXI035-IOP-0873-MRA_IXI-IOP,IXI-IOP
junction_only,63,64,0,2.8767595009741926,2.7299817632989143,0.14677773767527835,0.05376509823197936,7,7,IXI035-IOP-0873-MRA_IXI-IOP,IXI-IOP
junction_only,63,235,0,32.3652587211864,17.294855335806005,15.070403385380395,0.8713807136726802,66,36,IXI035-IOP-0873-MRA_IXI-IOP,IXI-IOP
junction_only,64,231,0,50.805079128432446,30.823835894449513,19.981243233982934,0.6482399952557814,103,63,IXI035-IOP-0873-MRA_IXI-IOP,IXI-IOP
junction_only,65,67,0,1.8456435784338363,1.8456435784338363,0.0,0.0,5,5,IXI035-IOP-0873-MRA_IXI-IOP,IXI-IOP
junction_only,65,69,0,1.9539377121644308,1.9021041478429102,0.05183356432152064,0.027250644703289632,5,5,IXI035-IOP-0873-MRA_IXI-IOP,IXI-IOP
junction_only,66,67,0,1.7228218133113704,1.664812352937411,0.058009460373959376,0.03484444374262776,5,5,IXI035-IOP-0873-MRA_IXI-IOP,IXI-IOP
junction_only,66,99,0,8.021825427086464,5.997666279444864,2.0241591476415994,0.33749112627002525,18,13,IXI035-IOP-0873-MRA_IXI-IOP,IXI-IOP
junction_only,67,68,0,1.5733600433803931,1.3030733310195455,0.27028671236084767,0.20742248799564567,5,4,IXI035-IOP-0873-MRA_IXI-IOP,IXI-IOP
junction_only,68,70,0,3.8233083719159304,2.801785193210704,1.0215231787052264,0.36459725077446514,9,7,IXI035-IOP-0873-MRA_IXI-IOP,IXI-IOP
junction_only,69,70,0,4.555591929885924,3.0521468682783395,1.503445061607585,0.49258608005834625,11,8,IXI035-IOP-0873-MRA_IXI-IOP,IXI-IOP
junction_only,69,237,0,5.589529607377382,3.4122134244923714,2.1773161828850105,0.63809495832135,13,8,IXI035-IOP-0873-MRA_IXI-IOP,IXI-IOP
junction_only,70,99,0,6.386707859646458,5.454722857996546,0.9319850016499123,0.17085835997765414,14,12,IXI035-IOP-0873-MRA_IXI-IOP,IXI-IOP
junction_only,71,73,0,1.5733600438432234,1.3030733315205136,0.27028671232270973,0.20742248788663414,5,4,IXI035-IOP-0873-MRA_IXI-IOP,IXI-IOP
junction_only,71,81,0,4.0667201213580855,2.606146662509138,1.4605734588489474,0.560434099837935,10,7,IXI035-IOP-0873-MRA_IXI-IOP,IXI-IOP
junction_only,71,90,0,2.9850536415783235,2.9173276222426225,0.067726019335701,0.023215088637743853,7,7,IXI035-IOP-0873-MRA_IXI-IOP,IXI-IOP
junction_only,72,73,0,2.601654217926285,2.0063898656524195,0.5952643522738654,0.296684289760556,7,6,IXI035-IOP-0873-MRA_IXI-IOP,IXI-IOP
junction_only,72,79,0,11.00970095167108,9.422399167150397,1.5873017845206832,0.1684604691822591,24,20,IXI035-IOP-0873-MRA_IXI-IOP,IXI-IOP
junction_only,72,88,0,2.8767595014889498,2.7299817639530595,0.1467777375358903,0.053765098168038185,7,7,IXI035-IOP-0873-MRA_IXI-IOP,IXI-IOP
junction_only,73,89,0,2.8767595014894436,2.729981763953398,0.14677773753604573,0.05376509816808846,7,7,IXI035-IOP-0873-MRA_IXI-IOP,IXI-IOP
junction_only,74,82,0,8.241235584069425,6.036721183226618,2.2045144008428075,0.3651840682932615,18,14,IXI035-IOP-0873-MRA_IXI-IOP,IXI-IOP
junction_only,74,84,0,10.919752644069822,9.709583189775616,1.2101694542942063,0.1246366018644898,23,21,IXI035-IOP-0873-MRA_IXI-IOP,IXI-IOP
junction_only,74,85,0,5.719003707893361,4.8074111155244506,0.9115925923689101,0.1896223498392154,13,11,IXI035-IOP-0873-MRA_IXI-IOP,IXI-IOP
junction_only,75,76,0,1.8456435784342178,1.8456435784342178,0.0,0.0,5,5,IXI035-IOP-0873-MRA_IXI-IOP,IXI-IOP
junction_only,75,93,0,2.753937736034434,2.6111300965413062,0.1428076394931277,0.05469188979985723,7,7,IXI035-IOP-0873-MRA_IXI-IOP,IXI-IOP
junction_only,75,240,0,22.26276317681516,13.301504114354456,8.961259062460703,0.6737026869607977,46,28,IXI035-IOP-0873-MRA_IXI-IOP,IXI-IOP
junction_only,76,85,0,4.79900367375962,4.042276726172146,0.7567269475874738,0.18720315278960636,11,10,IXI035-IOP-0873-MRA_IXI-IOP,IXI-IOP
junction_only,76,86,0,2.8739377527849257,2.4813706722993256,0.3925670804856001,0.15820573881524663,7,6,IXI035-IOP-0873-MRA_IXI-IOP,IXI-IOP
junction_only,77,80,0,32.75564941498097,25.316825394872055,7.4388240201089175,0.2938292579770155,67,52,IXI035-IOP-0873-MRA_IXI-IOP,IXI-IOP
junction_only,77,239,0,38.4487629639188,28.112098023169946,10.336664940748857,0.36769453963305737,78,58,IXI035-IOP-0873-MRA_IXI-IOP,IXI-IOP
junction_only,77,242,0,14.320410432990162,9.07519730214899,5.245213130841172,0.5779723521381861,30,20,IXI035-IOP-0873-MRA_IXI-IOP,IXI-IOP
junction_only,78,79,0,6.747297882529742,5.12285096017484,1.6244469223549025,0.3170982203041607,15,12,IXI035-IOP-0873-MRA_IXI-IOP,IXI-IOP
junction_only,78,79,1,8.159989079468989,5.12285096017484,3.0371381192941493,0.5928609172714433,18,12,IXI035-IOP-0873-MRA_IXI-IOP,IXI-IOP
junction_only,78,87,0,6.472192593372722,5.596606322667541,0.8755862707051811,0.15644950175588654,14,13,IXI035-IOP-0873-MRA_IXI-IOP,IXI-IOP
junction_only,80,103,0,7.1316949119210244,4.763192358713942,2.3685025532070823,0.49725108180316613,16,11,IXI035-IOP-0873-MRA_IXI-IOP,IXI-IOP
junction_only,80,108,0,7.476340809133425,7.045253922538067,0.43108688659535765,0.06118826820652871,16,16,IXI035-IOP-0873-MRA_IXI-IOP,IXI-IOP
junction_only,81,82,0,1.681654183420671,1.2191800943071094,0.4624740891135617,0.37933205379013124,5,4,IXI035-IOP-0873-MRA_IXI-IOP,IXI-IOP
junction_only,81,91,0,1.8311159533997845,1.7271943074311318,0.10392164596865272,0.06016789513579172,5,5,IXI035-IOP-0873-MRA_IXI-IOP,IXI-IOP
junction_only,82,92,0,2.712770113007673,1.7271943074323308,0.9855758055753421,0.5706224258233642,7,5,IXI035-IOP-0873-MRA_IXI-IOP,IXI-IOP
junction_only,83,84,0,2.3056435955038164,2.112912751897456,0.1927308436063604,0.0912157132059914,6,6,IXI035-IOP-0873-MRA_IXI-IOP,IXI-IOP
junction_only,83,94,0,6.046707882687102,3.793257312410768,2.2534505702763337,0.5940674161237364,14,9,IXI035-IOP-0873-MRA_IXI-IOP,IXI-IOP
junction_only,83,104,0,2.982231868053517,2.438360151330606,0.543871716722911,0.2230481483328547,7,6,IXI035-IOP-0873-MRA_IXI-IOP,IXI-IOP
junction_only,83,106,0,3.2550142207221224,2.8017852112965933,0.45322900942552913,0.1617643663754605,8,7,IXI035-IOP-0873-MRA_IXI-IOP,IXI-IOP
junction_only,84,105,0,3.4450536463518,3.161012572969514,0.2840410733822858,0.08985762214651755,8,8,IXI035-IOP-0873-MRA_IXI-IOP,IXI-IOP
junction_only,85,95,0,1.9539377122102508,1.9021041478754976,0.05183356433475317,0.02725064470977955,5,5,IXI035-IOP-0873-MRA_IXI-IOP,IXI-IOP
junction_only,86,96,0,1.9539377118488086,1.9021041475001366,0.051833564348672034,0.027250644722474803,5,5,IXI035-IOP-0873-MRA_IXI-IOP,IXI-IOP
junction_only,86,241,0,30.416057914355026,13.484287567651547,16.93177034670348,1.2556666610494391,62,28,IXI035-IOP-0873-MRA_IXI-IOP,IXI-IOP
junction_only,87,98,0,10.263308626103377,8.932749067876708,1.3305595582266694,0.14895297607894634,22,19,IXI035-IOP-0873-MRA_IXI-IOP,IXI-IOP
junction_only,87,100,0,14.414176942174041,10.669527062956053,3.744649879217988,0.35096681016154724,30,23,IXI035-IOP-0873-MRA_IXI-IOP,IXI-IOP
junction_only,87,246,0,5.4523636771557795,4.445447248236889,1.00691642891889,0.22650508997002353,12,10,IXI035-IOP-0873-MRA_IXI-IOP,IXI-IOP
junction_only,88,89,0,3.445053664747307,2.0063898656515065,1.4386637990958007,0.7170410017141129,8,6,IXI035-IOP-0873-MRA_IXI-IOP,IXI-IOP
junction_only,88,100,0,10.890119793027083,8.932749068174623,1.9573707248524599,0.21912299449070297,23,19,IXI035-IOP-0873-MRA_IXI-IOP,IXI-IOP
junction_only,89,90,0,2.862231882463404,1.2191800943063567,1.6430517881570474,1.3476694672347398,7,4,IXI035-IOP-0873-MRA_IXI-IOP,IXI-IOP
junction_only,90,91,0,4.203886059220512,2.4351592218835605,1.7687268373369514,0.7263290307435695,10,6,IXI035-IOP-0873-MRA_IXI-IOP,IXI-IOP
junction_only,91,92,0,2.101076533067994,1.2191800943070228,0.8818964387609713,0.7233520649484011,6,4,IXI035-IOP-0873-MRA_IXI-IOP,IXI-IOP
junction_only,92,105,0,10.555344419565992,8.913293719615721,1.6420506999502713,0.1842249062584538,23,19,IXI035-IOP-0873-MRA_IXI-IOP,IXI-IOP
junction_only,93,96,0,6.7824031513399845,4.881516316187717,1.9008868351522672,0.389404994683453,15,11,IXI035-IOP-0873-MRA_IXI-IOP,IXI-IOP
junction_only,93,249,0,11.63441334925659,9.581753777982147,2.052659571274443,0.21422587334598775,25,21,IXI035-IOP-0873-MRA_IXI-IOP,IXI-IOP
junction_only,94,109,0,3.606720098779047,2.8017852261288674,0.8049348726501795,0.287293567381084,9,7,IXI035-IOP-0873-MRA_IXI-IOP,IXI-IOP
junction_only,94,113,0,3.553347792311998,2.0584460469335886,1.4949017453784093,0.7262282864325368,9,6,IXI035-IOP-0873-MRA_IXI-IOP,IXI-IOP
junction_only,95,96,0,9.407194495064052,6.450085494263506,2.9571090008005463,0.45846043489353777,20,14,IXI035-IOP-0873-MRA_IXI-IOP,IXI-IOP
junction_only,95,110,0,13.41410919382818,12.874176088377741,0.539933105450439,0.04193923570284763,28,27,IXI035-IOP-0873-MRA_IXI-IOP,IXI-IOP
junction_only,95,251,0,36.08915712100329,28.74845485030262,7.340702270700671,0.2553424978463982,74,59,IXI035-IOP-0873-MRA_IXI-IOP,IXI-IOP
junction_only,97,101,0,25.25698680082693,18.835382298755846,6.421604502071084,0.34093305886842856,52,39,IXI035-IOP-0873-MRA_IXI-IOP,IXI-IOP
junction_only,97,115,0,6.046707883095584,5.212293326082476,0.8344145570131074,0.160085878674109,14,12,IXI035-IOP-0873-MRA_IXI-IOP,IXI-IOP
junction_only,97,238,0,42.77314783612318,27.550971933342765,15.222175902780414,0.5525095789582007,87,57,IXI035-IOP-0873-MRA_IXI-IOP,IXI-IOP
junction_only,98,101,0,2.5228218315186095,2.4436858131312804,0.07913601838732909,0.03238387601306491,7,6,IXI035-IOP-0873-MRA_IXI-IOP,IXI-IOP
junction_only,98,243,0,11.572850398541583,9.24147207585211,2.3313783226894724,0.25227348019384754,25,20,IXI035-IOP-0873-MRA_IXI-IOP,IXI-IOP
junction_only,99,111,0,2.4139377172307754,2.1624061164573334,0.25153160077344205,0.11632024107734484,6,6,IXI035-IOP-0873-MRA_IXI-IOP,IXI-IOP
junction_only,100,101,0,22.40959789201668,16.87261749742524,5.536980394591442,0.32816368861774914,46,35,IXI035-IOP-0873-MRA_IXI-IOP,IXI-IOP
junction_only,102,103,0,2.64564360252842,2.400000072557154,0.24564352997126582,0.10235146772705608,7,6,IXI035-IOP-0873-MRA_IXI-IOP,IXI-IOP
junction_only,102,116,0,6.196169651614747,5.317217484423445,0.8789521671913025,0.1653030310996596,14,12,IXI035-IOP-0873-MRA_IXI-IOP,IXI-IOP
junction_only,102,123,0,18.04694697439892,14.663492410117415,3.3834545642815055,0.23074002220282888,38,31,IXI035-IOP-0873-MRA_IXI-IOP,IXI-IOP
junction_only,103,107,0,4.936759572723295,4.426872623270325,0.5098869494529703,0.11517994594484049,11,10,IXI035-IOP-0873-MRA_IXI-IOP,IXI-IOP
junction_only,104,105,0,2.9850536472812976,2.4436858152994474,0.5413678319818502,0.22153741229435076,7,6,IXI035-IOP-0873-MRA_IXI-IOP,IXI-IOP
junction_only,104,114,0,1.9539377122102446,1.9021041478754943,0.05183356433475028,0.02725064470977808,5,5,IXI035-IOP-0873-MRA_IXI-IOP,IXI-IOP
junction_only,105,113,0,8.803467367282213,6.117908337728043,2.6855590295541703,0.4389668627417658,19,14,IXI035-IOP-0873-MRA_IXI-IOP,IXI-IOP
junction_only,106,110,0,8.402403223551486,6.050785297904205,2.3516179256472816,0.3886467309395039,18,14,IXI035-IOP-0873-MRA_IXI-IOP,IXI-IOP
junction_only,106,114,0,2.0622318583296178,2.0622318583296178,0.0,0.0,6,6,IXI035-IOP-0873-MRA_IXI-IOP,IXI-IOP
junction_only,107,108,0,7.010697301425194,3.6800001380183156,3.330697163406878,0.9050807169807505,16,9,IXI035-IOP-0873-MRA_IXI-IOP,IXI-IOP
junction_only,107,116,0,2.9850536473424025,2.917327631536304,0.0677260158060986,0.023215087353912724,7,7,IXI035-IOP-0873-MRA_IXI-IOP,IXI-IOP
junction_only,108,112,0,7.9018255385487555,5.619181636820481,2.2826439017282745,0.406223548064531,17,13,IXI035-IOP-0873-MRA_IXI-IOP,IXI-IOP
junction_only,108,116,0,4.256759546992386,3.4491159397039017,0.8076436072884845,0.23415959956330684,10,8,IXI035-IOP-0873-MRA_IXI-IOP,IXI-IOP
junction_only,109,112,0,3.3339377700973714,2.8392957853746092,0.4946419847227621,0.17421291126859484,8,7,IXI035-IOP-0873-MRA_IXI-IOP,IXI-IOP
junction_only,109,113,0,4.095591918912379,2.478225259808789,1.61736665910359,0.6526310119316516,10,6,IXI035-IOP-0873-MRA_IXI-IOP,IXI-IOP
junction_only,110,250,0,34.8193664613251,22.671048329408137,12.148318131916966,0.5358516269474212,71,47,IXI035-IOP-0873-MRA_IXI-IOP,IXI-IOP
junction_only,111,117,0,2.4139377171854317,2.1624061164140658,0.25153160077136594,0.11632024107871221,6,6,IXI035-IOP-0873-MRA_IXI-IOP,IXI-IOP
junction_only,111,247,0,9.984635034684189,9.222668011985759,0.7619670226984301,0.08261893648434265,21,20,IXI035-IOP-0873-MRA_IXI-IOP,IXI-IOP
junction_only,112,244,0,57.71870069043052,38.15839237541335,19.560308315017174,0.5126082913183863,117,78,IXI035-IOP-0873-MRA_IXI-IOP,IXI-IOP
junction_only,113,114,0,5.367297830827249,3.765952874617645,1.6013449562096045,0.425216408575529,12,9,IXI035-IOP-0873-MRA_IXI-IOP,IXI-IOP
junction_only,115,245,0,16.831854089636085,12.960941792981558,3.8709122966545273,0.298659800999234,35,27,IXI035-IOP-0873-MRA_IXI-IOP,IXI-IOP
junction_only,115,255,0,21.79606893194712,15.404116804054338,6.391952127892781,0.41495089976274585,45,32,IXI035-IOP-0873-MRA_IXI-IOP,IXI-IOP
junction_only,117,118,0,6.943479585933525,5.435292196154298,1.508187389779227,0.2774804620157007,15,12,IXI035-IOP-0873-MRA_IXI-IOP,IXI-IOP
junction_only,117,142,0,28.153824929821994,19.040851215023686,9.112973714798308,0.47860117238918154,58,40,IXI035-IOP-0873-MRA_IXI-IOP,IXI-IOP
junction_only,118,119,0,8.233269118607321,7.317103505434083,0.9161656131732379,0.12520878138362304,18,16,IXI035-IOP-0873-MRA_IXI-IOP,IXI-IOP
junction_only,118,138,0,21.21930946906086,17.194534489288984,4.024774979771877,0.23407292487499656,44,36,IXI035-IOP-0873-MRA_IXI-IOP,IXI-IOP
junction_only,119,120,0,1.382821806378244,1.219180094168556,0.16364171220968804,0.13422275592621674,4,4,IXI035-IOP-0873-MRA_IXI-IOP,IXI-IOP
junction_only,119,122,0,1.3828217880214,1.2191800756660087,0.16364171235539127,0.13422275808272024,4,4,IXI035-IOP-0873-MRA_IXI-IOP,IXI-IOP
junction_only,120,123,0,2.985053640697223,2.9173276213250605,0.0677260193721625,0.023215088657543747,7,7,IXI035-IOP-0873-MRA_IXI-IOP,IXI-IOP
junction_only,120,124,0,3.987297778699515,2.6031520222347844,1.3841457564647306,0.5317191407347978,9,7,IXI035-IOP-0873-MRA_IXI-IOP,IXI-IOP
junction_only,121,126,0,2.490538323265311,2.345549061567219,0.1449892616980919,0.06181463610111605,6,6,IXI035-IOP-0873-MRA_IXI-IOP,IXI-IOP
junction_only,121,134,0,12.059898041505278,10.132759040275563,1.9271390012297154,0.19018896961525955,26,22,IXI035-IOP-0873-MRA_IXI-IOP,IXI-IOP
junction_only,121,248,0,25.56246027375577,18.38052291073293,7.18193736302284,0.3907362917748708,53,38,IXI035-IOP-0873-MRA_IXI-IOP,IXI-IOP
junction_only,122,123,0,5.832941351040078,3.0589541684139374,2.7739871826261404,0.906841694873921,13,8,IXI035-IOP-0873-MRA_IXI-IOP,IXI-IOP
junction_only,122,123,1,4.055014251040169,3.0589541684139374,0.9960600826262316,0.32562112009108235,10,8,IXI035-IOP-0873-MRA_IXI-IOP,IXI-IOP
junction_only,122,261,0,26.774323740225977,21.090908584740532,5.683415155485445,0.2694722767703544,55,44,IXI035-IOP-0873-MRA_IXI-IOP,IXI-IOP
junction_only,123,127,0,1.1105382715078547,1.028591302522111,0.08194696898574372,0.07966912493310933,4,4,IXI035-IOP-0873-MRA_IXI-IOP,IXI-IOP
junction_only,124,125,0,14.09275931952111,10.8818384778886,3.2109208416325092,0.29507154036121325,30,23,IXI035-IOP-0873-MRA_IXI-IOP,IXI-IOP
junction_only,124,127,0,1.9539377121649628,1.9021041478429095,0.05183356432205333,0.027250644703569693,5,5,IXI035-IOP-0873-MRA_IXI-IOP,IXI-IOP
junction_only,125,256,0,23.705293151676752,15.833736665846255,7.871556485830498,0.49713827202959815,49,33,IXI035-IOP-0873-MRA_IXI-IOP,IXI-IOP
junction_only,125,259,0,13.014413397950932,9.060949475821937,3.9534639221289947,0.43631894567764024,28,20,IXI035-IOP-0873-MRA_IXI-IOP,IXI-IOP
junction_only,126,129,0,4.245053670480532,3.804208295751249,0.4408453747292831,0.11588360585345543,10,9,IXI035-IOP-0873-MRA_IXI-IOP,IXI-IOP
junction_only,126,133,0,20.424465413245844,16.763353479054864,3.6611119341909806,0.21839973360732343,42,35,IXI035-IOP-0873-MRA_IXI-IOP,IXI-IOP
junction_only,127,143,0,10.761643230759312,8.143340957389936,2.618302273369375,0.32152678944301266,23,18,IXI035-IOP-0873-MRA_IXI-IOP,IXI-IOP
junction_only,128,130,0,9.114005626835784,5.894845403952519,3.219160222883265,0.5460974804741792,20,13,IXI035-IOP-0873-MRA_IXI-IOP,IXI-IOP
junction_only,128,130,1,9.54795559534898,5.894845403952519,3.653110191396462,0.6197126372384654,21,13,IXI035-IOP-0873-MRA_IXI-IOP,IXI-IOP
junction_only,128,131,0,9.812272673371446,7.60181583011233,2.2104568432591156,0.2907801099972784,21,17,IXI035-IOP-0873-MRA_IXI-IOP,IXI-IOP
junction_only,128,252,0,20.33232838138199,16.26328434115913,4.06904404022286,0.25019817368161723,42,34,IXI035-IOP-0873-MRA_IXI-IOP,IXI-IOP
junction_only,129,132,0,11.541156845955129,9.782126905513971,1.7590299404411578,0.17982080558059735,25,21,IXI035-IOP-0873-MRA_IXI-IOP,IXI-IOP
junction_only,129,257,0,61.24117024337229,31.65990003392905,29.58127020944324,0.9343450288137929,124,65,IXI035-IOP-0873-MRA_IXI-IOP,IXI-IOP
junction_only,130,139,0,9.48711563598464,8.270042557020755,1.2170730789638853,0.14716648319187492,20,18,IXI035-IOP-0873-MRA_IXI-IOP,IXI-IOP
junction_only,131,132,0,1.8311159530342551,1.7271943071340317,0.10392164590022346,0.06016789510652264,5,5,IXI035-IOP-0873-MRA_IXI-IOP,IXI-IOP
junction_only,131,262,0,26.022460201790906,15.456209521686134,10.566250680104773,0.6836249641465839,54,32,IXI035-IOP-0873-MRA_IXI-IOP,IXI-IOP
junction_only,132,136,0,8.582153241300752,8.033554919494202,0.5485983218065495,0.06828836390665885,19,18,IXI035-IOP-0873-MRA_IXI-IOP,IXI-IOP
junction_only,133,135,0,4.450119538834311,1.9021041480418484,2.5480153907924628,1.33957722210719,10,5,IXI035-IOP-0873-MRA_IXI-IOP,IXI-IOP
junction_only,133,137,0,8.112351451549651,5.706312470169359,2.4060389813802923,0.42164515069201647,18,13,IXI035-IOP-0873-MRA_IXI-IOP,IXI-IOP
junction_only,134,144,0,9.33651199481672,8.817823107239938,0.518688887576781,0.05882278213892811,20,19,IXI035-IOP-0873-MRA_IXI-IOP,IXI-IOP
junction_only,134,253,0,31.908499218115058,17.58496003060416,14.323539187510896,0.8145335083265917,65,37,IXI035-IOP-0873-MRA_IXI-IOP,IXI-IOP
junction_only,135,136,0,5.8978360571413635,3.9675686536718193,1.9302674034695442,0.4865114058412479,13,9,IXI035-IOP-0873-MRA_IXI-IOP,IXI-IOP
junction_only,135,263,0,22.043627661526017,11.226397713842662,10.817229947683355,0.9635530669241493,46,24,IXI035-IOP-0873-MRA_IXI-IOP,IXI-IOP
junction_only,136,137,0,0.9200000345048351,0.9200000345048353,1.1102230246251565e-16,1.2067641119412604e-16,3,3,IXI035-IOP-0873-MRA_IXI-IOP,IXI-IOP
junction_only,137,138,0,13.498415119260038,10.495809067700078,3.00260605155996,0.2860766647137488,28,22,IXI035-IOP-0873-MRA_IXI-IOP,IXI-IOP
junction_only,138,141,0,1.9539377122102461,1.9021041478754945,0.051833564334751614,0.027250644709778775,5,5,IXI035-IOP-0873-MRA_IXI-IOP,IXI-IOP
junction_only,139,140,0,1.9539377182796607,1.9021041567228778,0.05183356155678287,0.027250643122554635,5,5,IXI035-IOP-0873-MRA_IXI-IOP,IXI-IOP
junction_only,139,141,0,2.7539377421599247,2.6111301030360186,0.14280763912390615,0.05469188952241811,7,7,IXI035-IOP-0873-MRA_IXI-IOP,IXI-IOP
junction_only,140,142,0,2.6016542179803404,2.006389865483219,0.5952643524971215,0.2966842898968482,7,6,IXI035-IOP-0873-MRA_IXI-IOP,IXI-IOP
junction_only,140,258,0,13.407286892722125,9.107821091994305,4.29946580072782,0.47206304969110685,28,20,IXI035-IOP-0873-MRA_IXI-IOP,IXI-IOP
junction_only,141,145,0,2.9822318926312197,2.6061466625091447,0.37608523012207495,0.14430700909210833,7,7,IXI035-IOP-0873-MRA_IXI-IOP,IXI-IOP
junction_only,142,145,0,2.0622318580134533,1.845643565999879,0.2165882920135742,0.11735109422183437,6,5,IXI035-IOP-0873-MRA_IXI-IOP,IXI-IOP
junction_only,143,146,0,13.368442175603878,7.5500729728273,5.818369202776578,0.7706374790968087,28,17,IXI035-IOP-0873-MRA_IXI-IOP,IXI-IOP
junction_only,143,146,1,9.542810823778403,7.5500729728273,1.9927378509511033,0.26393623718909254,21,17,IXI035-IOP-0873-MRA_IXI-IOP,IXI-IOP
junction_only,144,254,0,41.6835148417496,27.367251417935144,14.316263423814455,0.5231165967376717,85,56,IXI035-IOP-0873-MRA_IXI-IOP,IXI-IOP
junction_only,144,260,0,36.83205650389318,23.262511480107932,13.569545023785246,0.5833224428664435,75,48,IXI035-IOP-0873-MRA_IXI-IOP,IXI-IOP
junction_only,145,151,0,23.16718478119699,14.195999607980399,8.971185173216591,0.6319516357392237,48,30,IXI035-IOP-0873-MRA_IXI-IOP,IXI-IOP
junction_only,146,147,0,8.07774493263321,6.82633150216998,1.2514134304632307,0.18332151464742472,18,15,IXI035-IOP-0873-MRA_IXI-IOP,IXI-IOP
junction_only,146,150,0,15.583875166668026,9.571980128017207,6.0118950386508185,0.6280722440129173,33,21,IXI035-IOP-0873-MRA_IXI-IOP,IXI-IOP
junction_only,147,149,0,3.442231872759161,2.948965976343257,0.4932658964159038,0.1672674084316014,8,7,IXI035-IOP-0873-MRA_IXI-IOP,IXI-IOP
junction_only,147,152,0,14.866210494645454,7.809456066704657,7.056754427940797,0.9036166370186809,31,17,IXI035-IOP-0873-MRA_IXI-IOP,IXI-IOP
junction_only,148,150,0,4.632192524359144,3.793942680184897,0.8382498441742472,0.22094425636746712,11,9,IXI035-IOP-0873-MRA_IXI-IOP,IXI-IOP
junction_only,148,152,0,1.681654183318117,1.5273506866912083,0.15430349662690857,0.10102689445944174,5,5,IXI035-IOP-0873-MRA_IXI-IOP,IXI-IOP
junction_only,148,159,0,19.74595054329453,3.7714719370800176,15.974478606214513,4.235608503183618,41,9,IXI035-IOP-0873-MRA_IXI-IOP,IXI-IOP
junction_only,149,150,0,1.8428218236302685,1.5951176073549043,0.2477042162753642,0.15528899883822264,5,5,IXI035-IOP-0873-MRA_IXI-IOP,IXI-IOP
junction_only,149,160,0,6.890107305133903,6.186695574989193,0.7034117301447091,0.11369748545384631,15,14,IXI035-IOP-0873-MRA_IXI-IOP,IXI-IOP
junction_only,149,168,0,9.7882709342203,7.917095600676997,1.8711753335433032,0.23634618399496118,21,17,IXI035-IOP-0873-MRA_IXI-IOP,IXI-IOP
junction_only,150,161,0,3.4133600573381138,2.9101890348391484,0.5031710224989654,0.1728997726523207,8,7,IXI035-IOP-0873-MRA_IXI-IOP,IXI-IOP
junction_only,151,155,0,2.0622318583814367,1.30107650925402,0.7611553491274168,0.5850196692612871,6,4,IXI035-IOP-0873-MRA_IXI-IOP,IXI-IOP
junction_only,151,156,0,1.9539377118486607,1.902104147500132,0.051833564348528816,0.027250644722399575,5,5,IXI035-IOP-0873-MRA_IXI-IOP,IXI-IOP
junction_only,152,157,0,1.9539377118492505,1.9021041475006175,0.051833564348632954,0.02725064472244737,5,5,IXI035-IOP-0873-MRA_IXI-IOP,IXI-IOP
junction_only,153,158,0,5.736169604505389,1.3030733184823844,4.433096286023005,3.40203135398857,13,4,IXI035-IOP-0873-MRA_IXI-IOP,IXI-IOP
junction_only,153,158,1,1.491115934185066,1.3030733184823844,0.18804261570268155,0.14430701099895446,4,4,IXI035-IOP-0873-MRA_IXI-IOP,IXI-IOP
junction_only,153,162,0,5.044962550056236,3.412213424492896,1.6327491255633402,0.47850146589408904,12,8,IXI035-IOP-0873-MRA_IXI-IOP,IXI-IOP
junction_only,153,194,0,21.215489982545932,13.74925483442586,7.466235148120072,0.5430283486655476,44,29,IXI035-IOP-0873-MRA_IXI-IOP,IXI-IOP
junction_only,154,170,0,14.660135796021757,11.5548261478769,3.105309648144857,0.2687456832671975,31,25,IXI035-IOP-0873-MRA_IXI-IOP,IXI-IOP
junction_only,154,199,0,50.84870279973197,20.18563873777363,30.663064061958337,1.5190534448918962,103,42,IXI035-IOP-0873-MRA_IXI-IOP,IXI-IOP
junction_only,154,199,1,40.352793062286544,20.18563873777363,20.167154324512914,0.9990842790014801,82,42,IXI035-IOP-0873-MRA_IXI-IOP,IXI-IOP
junction_only,155,156,0,2.522231875316508,2.112912751896792,0.40931912341971577,0.19372268119081784,7,6,IXI035-IOP-0873-MRA_IXI-IOP,IXI-IOP
junction_only,155,264,0,9.05344027740837,7.2498278418171545,1.8036124355912158,0.24878003656692957,20,16,IXI035-IOP-0873-MRA_IXI-IOP,IXI-IOP
junction_only,156,156,0,10.022299765874347,0.0,10.022299765874347,nan,22,1,IXI035-IOP-0873-MRA_IXI-IOP,IXI-IOP
junction_only,157,159,0,1.9539377121645174,1.9021041478429106,0.051833564321606795,0.027250644703334923,5,5,IXI035-IOP-0873-MRA_IXI-IOP,IXI-IOP
junction_only,157,159,1,4.367875441628426,1.9021041478429106,2.465771293785515,1.296338739696159,10,5,IXI035-IOP-0873-MRA_IXI-IOP,IXI-IOP
junction_only,157,265,0,4.632192524207004,3.793942679854389,0.8382498443526147,0.22094425643372834,11,9,IXI035-IOP-0873-MRA_IXI-IOP,IXI-IOP
junction_only,158,162,0,7.080645541598788,3.351954746502737,3.7286907950960506,1.1123929399662633,16,8,IXI035-IOP-0873-MRA_IXI-IOP,IXI-IOP
junction_only,158,193,0,20.44421760645896,14.396888892537978,6.047328713920981,0.4200441330804018,42,30,IXI035-IOP-0873-MRA_IXI-IOP,IXI-IOP
junction_only,159,163,0,3.4450536465486072,2.20726078622268,1.2377928603259272,0.560782336211473,8,6,IXI035-IOP-0873-MRA_IXI-IOP,IXI-IOP
junction_only,160,165,0,4.175014231656791,3.4759172126786124,0.6990970189781782,0.20112591186814827,10,8,IXI035-IOP-0873-MRA_IXI-IOP,IXI-IOP
junction_only,160,169,0,7.24231198274213,4.669047110140729,2.573264872601401,0.5511327711841915,16,11,IXI035-IOP-0873-MRA_IXI-IOP,IXI-IOP
junction_only,161,163,0,4.7172583755221105,3.8513375555803915,0.865920819941719,0.22483638669558942,11,9,IXI035-IOP-0873-MRA_IXI-IOP,IXI-IOP
junction_only,161,164,0,2.9827306930451747,2.7223519923426758,0.2603787007024989,0.09564475917694767,7,7,IXI035-IOP-0873-MRA_IXI-IOP,IXI-IOP
junction_only,162,167,0,4.365552480099868,3.0547013733824433,1.310851106717425,0.4291257790825987,10,8,IXI035-IOP-0873-MRA_IXI-IOP,IXI-IOP
junction_only,162,171,0,5.697823753909521,3.68635328362356,2.011470470285961,0.5456532012875212,13,9,IXI035-IOP-0873-MRA_IXI-IOP,IXI-IOP
junction_only,163,170,0,5.1678754532197,4.614108915000504,0.5537665382191967,0.12001592255850255,12,11,IXI035-IOP-0873-MRA_IXI-IOP,IXI-IOP
junction_only,164,165,0,6.5894507972967356,4.315785136872687,2.273665660424048,0.5268254994899019,15,10,IXI035-IOP-0873-MRA_IXI-IOP,IXI-IOP
junction_only,164,177,0,10.874583328468205,6.951834509415975,3.92274881905223,0.5642753454126429,23,15,IXI035-IOP-0873-MRA_IXI-IOP,IXI-IOP
junction_only,165,169,0,4.2038860586862254,2.9173276317534267,1.2865584269327988,0.44100580713984716,10,7,IXI035-IOP-0873-MRA_IXI-IOP,IXI-IOP
junction_only,165,172,0,6.560080200264913,5.3688361851518085,1.1912440151131047,0.22188123720512087,15,12,IXI035-IOP-0873-MRA_IXI-IOP,IXI-IOP
junction_only,166,175,0,46.7271757249155,35.83013945778747,10.89703626712803,0.3041304452628812,95,73,IXI035-IOP-0873-MRA_IXI-IOP,IXI-IOP
junction_only,166,202,0,24.689689937307744,18.168687558122514,6.52100237918523,0.35891433315280624,51,38,IXI035-IOP-0873-MRA_IXI-IOP,IXI-IOP
junction_only,166,272,0,67.7969085540619,34.30175031152221,33.49515824253969,0.9764853961778276,137,70,IXI035-IOP-0873-MRA_IXI-IOP,IXI-IOP
junction_only,167,171,0,2.223898298378053,1.841412556025705,0.382485742352348,0.2077132259692318,6,5,IXI035-IOP-0873-MRA_IXI-IOP,IXI-IOP
junction_only,167,174,0,1.4911159340832048,1.3030733183202183,0.18804261576298642,0.14430701106319227,4,4,IXI035-IOP-0873-MRA_IXI-IOP,IXI-IOP
junction_only,168,173,0,5.367796631073923,4.116892176600792,1.2509044544731314,0.30384678558814476,12,10,IXI035-IOP-0873-MRA_IXI-IOP,IXI-IOP
junction_only,168,182,0,7.7812355607603765,5.018525850206142,2.762709710554234,0.550502237712047,17,12,IXI035-IOP-0873-MRA_IXI-IOP,IXI-IOP
junction_only,169,172,0,9.492351503235643,5.798275793234312,3.6940757100013304,0.637099000070287,20,13,IXI035-IOP-0873-MRA_IXI-IOP,IXI-IOP
junction_only,169,189,0,4.7195812882063155,4.250788256290459,0.4687930319158564,0.11028378824142104,11,10,IXI035-IOP-0873-MRA_IXI-IOP,IXI-IOP
junction_only,170,177,0,1.9539377122111117,1.9021041478763352,0.05183356433477648,0.02725064470977981,5,5,IXI035-IOP-0873-MRA_IXI-IOP,IXI-IOP
junction_only,171,183,0,1.9539377120631185,1.0285912861113076,0.9253464259518109,0.8996249904567788,5,4,IXI035-IOP-0873-MRA_IXI-IOP,IXI-IOP
junction_only,172,173,0,1.722821813402974,1.6648123530385435,0.058009460364430554,0.03484444373478741,5,5,IXI035-IOP-0873-MRA_IXI-IOP,IXI-IOP
junction_only,172,176,0,2.4139377355429064,1.454647774614974,0.9592899609279324,0.6594654580087909,6,4,IXI035-IOP-0873-MRA_IXI-IOP,IXI-IOP
junction_only,173,182,0,2.862231882615419,2.7299817639525283,0.1322501186628906,0.04844359050641274,7,7,IXI035-IOP-0873-MRA_IXI-IOP,IXI-IOP
junction_only,174,183,0,2.604475972917312,1.6585536357846948,0.9459223371326171,0.5703296635837058,7,5,IXI035-IOP-0873-MRA_IXI-IOP,IXI-IOP
junction_only,174,184,0,1.951115939104253,1.6601205064421851,0.29099543266206784,0.17528572867622846,5,5,IXI035-IOP-0873-MRA_IXI-IOP,IXI-IOP
junction_only,175,178,0,4.552770181277303,3.2526913134606774,1.3000788678166257,0.3996932824324532,11,8,IXI035-IOP-0873-MRA_IXI-IOP,IXI-IOP
junction_only,175,185,0,3.0933477868618806,2.8064212804754614,0.28692650638641926,0.10223928544962017,8,7,IXI035-IOP-0873-MRA_IXI-IOP,IXI-IOP
junction_only,175,195,0,11.44337628731253,9.629330463181415,1.8140458241311155,0.18838753442591652,24,21,IXI035-IOP-0873-MRA_IXI-IOP,IXI-IOP
junction_only,176,181,0,2.876759507598866,2.806421297099917,0.07033821049894895,0.025063311261083514,7,7,IXI035-IOP-0873-MRA_IXI-IOP,IXI-IOP
junction_only,176,182,0,5.01900367018619,4.130133295255458,0.8888703749307316,0.21521590500525314,12,10,IXI035-IOP-0873-MRA_IXI-IOP,IXI-IOP
junction_only,177,266,0,5.013268997841083,4.412754373595263,0.6005146242458199,0.1360861206866936,12,10,IXI035-IOP-0873-MRA_IXI-IOP,IXI-IOP
junction_only,178,179,0,2.062231858013017,0.9200000345048388,1.1422318235081779,1.2415562833353027,6,3,IXI035-IOP-0873-MRA_IXI-IOP,IXI-IOP
junction_only,178,185,0,6.008951969886225,3.7714719860748076,2.2374799838114177,0.5932643784900798,14,9,IXI035-IOP-0873-MRA_IXI-IOP,IXI-IOP
junction_only,179,180,0,4.447297796267743,2.8736041151487415,1.5736936811190017,0.54763760701169,10,7,IXI035-IOP-0873-MRA_IXI-IOP,IXI-IOP
junction_only,179,186,0,2.985053640697222,2.9173276213250596,0.0677260193721625,0.023215088657543754,7,7,IXI035-IOP-0873-MRA_IXI-IOP,IXI-IOP
junction_only,180,181,0,1.3828218064707005,1.2191800943077733,0.16364171216292722,0.13422275587253563,4,4,IXI035-IOP-0873-MRA_IXI-IOP,IXI-IOP
junction_only,180,186,0,5.630697243857327,3.940812215429867,1.6898850284274598,0.4288164307375214,13,9,IXI035-IOP-0873-MRA_IXI-IOP,IXI-IOP
junction_only,181,190,0,4.707875448246366,2.2072607850999266,2.500614663146439,1.132904041075161,11,6,IXI035-IOP-0873-MRA_IXI-IOP,IXI-IOP
junction_only,181,190,1,5.290697224426825,2.2072607850999266,3.0834364393268987,1.3969515791435156,12,6,IXI035-IOP-0873-MRA_IXI-IOP,IXI-IOP
junction_only,183,187,0,2.7921924425940863,2.435159184396278,0.3570332581978084,0.14661598325298955,7,6,IXI035-IOP-0873-MRA_IXI-IOP,IXI-IOP
junction_only,184,187,0,2.712770112854093,1.4546477436707796,1.2581223691833134,0.8648983059008241,7,4,IXI035-IOP-0873-MRA_IXI-IOP,IXI-IOP
junction_only,184,188,0,1.4911159340837554,1.3030733183203163,0.18804261576343917,0.1443070110635289,4,4,IXI035-IOP-0873-MRA_IXI-IOP,IXI-IOP
junction_only,185,192,0,9.612850320430145,7.818439989123499,1.7944103313066453,0.22951002166709872,21,17,IXI035-IOP-0873-MRA_IXI-IOP,IXI-IOP
junction_only,186,193,0,8.249700835824612,7.524520142676669,0.7251806931479434,0.0963756730525513,18,17,IXI035-IOP-0873-MRA_IXI-IOP,IXI-IOP
junction_only,187,188,0,1.4911159464175003,1.303073331520601,0.18804261489689944,0.14430700893668516,4,4,IXI035-IOP-0873-MRA_IXI-IOP,IXI-IOP
junction_only,187,268,0,37.710506982250244,25.42792240486113,12.282584577389116,0.4830353177041715,77,52,IXI035-IOP-0873-MRA_IXI-IOP,IXI-IOP
junction_only,188,189,0,10.295763225758279,8.812014792267494,1.483748433490785,0.1683778872900631,22,19,IXI035-IOP-0873-MRA_IXI-IOP,IXI-IOP
junction_only,189,191,0,1.845643566295884,1.8456435662958843,2.220446049250313e-16,1.2030741416158911e-16,5,5,IXI035-IOP-0873-MRA_IXI-IOP,IXI-IOP
junction_only,190,191,0,7.239490251204814,5.622419604107162,1.617070647097652,0.28761116404694986,16,13,IXI035-IOP-0873-MRA_IXI-IOP,IXI-IOP
junction_only,191,273,0,47.32391151468917,16.68077974320139,30.64313177148778,1.8370323356123113,96,35,IXI035-IOP-0873-MRA_IXI-IOP,IXI-IOP
junction_only,192,195,0,2.062231858430814,2.062231858430814,0.0,0.0,6,6,IXI035-IOP-0873-MRA_IXI-IOP,IXI-IOP
junction_only,192,197,0,47.04216506310073,22.910653353922793,24.13151170917794,1.053287801809725,96,47,IXI035-IOP-0873-MRA_IXI-IOP,IXI-IOP
junction_only,193,196,0,32.0381864120277,9.072905042269904,22.965281369757797,2.5311938417479825,66,20,IXI035-IOP-0873-MRA_IXI-IOP,IXI-IOP
junction_only,193,205,0,21.958561729962263,14.614636671534171,7.343925058428091,0.5025047986811952,45,31,IXI035-IOP-0873-MRA_IXI-IOP,IXI-IOP
junction_only,194,267,0,4.58505369591764,4.330219524469571,0.25483417144806886,0.05885017376325388,11,10,IXI035-IOP-0873-MRA_IXI-IOP,IXI-IOP
junction_only,194,275,0,38.24309358783555,20.150087339195153,18.0930062486404,0.8979120509044445,78,42,IXI035-IOP-0873-MRA_IXI-IOP,IXI-IOP
junction_only,195,196,0,2.985053641329992,2.9173276219956934,0.06772601933429856,0.023215088639228103,7,7,IXI035-IOP-0873-MRA_IXI-IOP,IXI-IOP
junction_only,196,200,0,25.080506822897632,14.834729945456727,10.245776877440905,0.690661502778402,52,31,IXI035-IOP-0873-MRA_IXI-IOP,IXI-IOP
junction_only,196,206,0,20.842878795307158,14.871745296912806,5.971133498394352,0.40150859090048335,43,31,IXI035-IOP-0873-MRA_IXI-IOP,IXI-IOP
junction_only,197,198,0,3.7121924653944127,2.435159201610288,1.2770332637841246,0.5244146924520031,9,6,IXI035-IOP-0873-MRA_IXI-IOP,IXI-IOP
junction_only,197,198,1,3.794436587138742,2.435159201610288,1.3592773855284541,0.5581883043332896,9,6,IXI035-IOP-0873-MRA_IXI-IOP,IXI-IOP
junction_only,197,200,0,10.949359784899217,9.384689945041195,1.5646698398580217,0.16672578945293576,23,20,IXI035-IOP-0873-MRA_IXI-IOP,IXI-IOP
junction_only,198,201,0,5.933268985005265,5.039563572032009,0.8937054129732562,0.17733785876480257,13,12,IXI035-IOP-0873-MRA_IXI-IOP,IXI-IOP
junction_only,199,271,0,4.491287168620133,4.206281142510722,0.2850060261094107,0.06775724599789616,10,10,IXI035-IOP-0873-MRA_IXI-IOP,IXI-IOP
junction_only,200,279,0,46.11555078754303,15.154841244204505,30.960709543338524,2.042958355316225,94,32,IXI035-IOP-0873-MRA_IXI-IOP,IXI-IOP
junction_only,201,202,0,1.9539377179738755,1.9021041564017644,0.05183356157211105,0.02725064313521363,5,5,IXI035-IOP-0873-MRA_IXI-IOP,IXI-IOP
junction_only,201,204,0,3.252192448142086,2.4782252057972975,0.7739672423447885,0.31230706577200956,8,6,IXI035-IOP-0873-MRA_IXI-IOP,IXI-IOP
junction_only,202,203,0,1.9511159392064321,1.6601205066316025,0.2909954325748296,0.17528572860367927,5,5,IXI035-IOP-0873-MRA_IXI-IOP,IXI-IOP
junction_only,203,204,0,1.9539377183406217,1.9021041567991481,0.05183356154147356,0.027250643113413322,5,5,IXI035-IOP-0873-MRA_IXI-IOP,IXI-IOP
junction_only,203,280,0,19.489282283614116,16.514394171435104,2.9748881121790127,0.18013910055051655,40,35,IXI035-IOP-0873-MRA_IXI-IOP,IXI-IOP
junction_only,204,207,0,6.3960907508030225,5.142956432906194,1.2531343178968282,0.24366030205484435,14,12,IXI035-IOP-0873-MRA_IXI-IOP,IXI-IOP
junction_only,205,206,0,1.953937718340625,1.9021041567991483,0.05183356154147667,0.027250643113414953,5,5,IXI035-IOP-0873-MRA_IXI-IOP,IXI-IOP
junction_only,205,277,0,16.76762812980978,15.618822443847604,1.1488056859621754,0.0735526439392171,35,33,IXI035-IOP-0873-MRA_IXI-IOP,IXI-IOP
junction_only,206,276,0,13.45583099550172,10.109263382990264,3.346567612511457,0.33103970939587496,28,22,IXI035-IOP-0873-MRA_IXI-IOP,IXI-IOP
junction_only,207,269,0,62.38632601436111,36.045200611168056,26.341125403193054,0.7307803800939773,126,74,IXI035-IOP-0873-MRA_IXI-IOP,IXI-IOP
junction_only,207,274,0,35.07406522444618,29.30191893599626,5.772146288449921,0.19698867849091842,72,60,IXI035-IOP-0873-MRA_IXI-IOP,IXI-IOP
junction_only,270,278,0,30.2621325491209,17.810390619305252,12.451741929815647,0.6991279526636999,62,37,IXI035-IOP-0873-MRA_IXI-IOP,IXI-IOP
adaptive,0,33,0,60.24981624814121,52.16972059599031,8.080095652150895,0.23392804491096167,122,106,IXI035-IOP-0873-MRA_IXI-IOP,IXI-IOP
adaptive,0,210,0,21.615321306072687,18.457990220826662,3.1573310852460246,0.18931156412733516,45,38,IXI035-IOP-0873-MRA_IXI-IOP,IXI-IOP
adaptive,0,212,0,33.17978633482205,28.194109127609753,4.985677207212294,0.29652914306211026,68,58,IXI035-IOP-0873-MRA_IXI-IOP,IXI-IOP
adaptive,1,2,0,9.57400564521883,8.395138003708958,1.1788676415098713,0.14597818304496327,21,18,IXI035-IOP-0873-MRA_IXI-IOP,IXI-IOP
adaptive,1,2,1,12.937313993910992,10.219192051960677,2.718121941950315,0.33658274127565113,27,22,IXI035-IOP-0873-MRA_IXI-IOP,IXI-IOP
adaptive,1,11,0,47.16547332350173,41.45764409466862,5.707829228833106,0.18545645348320947,96,84,IXI035-IOP-0873-MRA_IXI-IOP,IXI-IOP
adaptive,2,209,0,19.90752470339758,17.597543971322665,2.3099807320749157,0.15638665197287427,41,37,IXI035-IOP-0873-MRA_IXI-IOP,IXI-IOP
adaptive,2,217,0,26.94163378510754,22.4247368106451,4.5168969744624405,0.22759529320204572,55,46,IXI035-IOP-0873-MRA_IXI-IOP,IXI-IOP
adaptive,3,4,0,2.0622318576980687,2.0622318576980687,0.0,0.0,6,6,IXI035-IOP-0873-MRA_IXI-IOP,IXI-IOP
adaptive,3,208,0,26.207853635723136,21.29668792224061,4.911165713482525,0.3187517923952181,54,44,IXI035-IOP-0873-MRA_IXI-IOP,IXI-IOP
adaptive,3,214,0,65.92261741453517,52.60792496873601,13.31469244579916,0.5028859629099225,133,107,IXI035-IOP-0873-MRA_IXI-IOP,IXI-IOP
adaptive,4,5,0,1.4911159342356595,1.3030733186266188,0.18804261560904068,0.1443070109111199,4,4,IXI035-IOP-0873-MRA_IXI-IOP,IXI-IOP
adaptive,4,216,0,34.13189881662107,29.59635694900063,4.535541867620438,0.2726300601138496,70,61,IXI035-IOP-0873-MRA_IXI-IOP,IXI-IOP
adaptive,5,13,0,10.652351436224123,9.29406070865295,1.3582907275711733,0.1537409578862614,23,20,IXI035-IOP-0873-MRA_IXI-IOP,IXI-IOP
adaptive,5,15,0,13.286198054698842,10.550970349081508,2.7352277056173335,0.3237184780756808,28,23,IXI035-IOP-0873-MRA_IXI-IOP,IXI-IOP
adaptive,6,7,0,1.6816541837908967,1.5655738976680895,0.11608028612280719,0.07600106976073062,5,5,IXI035-IOP-0873-MRA_IXI-IOP,IXI-IOP
adaptive,6,12,0,25.014323745984395,23.381010481766673,1.6333132642177226,0.07249436009558313,52,48,IXI035-IOP-0873-MRA_IXI-IOP,IXI-IOP
adaptive,6,220,0,24.543864302832155,21.00069670592688,3.543167596905274,0.24874287875042578,51,44,IXI035-IOP-0873-MRA_IXI-IOP,IXI-IOP
adaptive,7,8,0,7.6906061526766365,6.498780586737908,1.1918255659387285,0.18851958516880205,17,14,IXI035-IOP-0873-MRA_IXI-IOP,IXI-IOP
adaptive,7,221,0,6.887784362171296,5.2083180772207385,1.679466284950558,0.3957792349865412,15,12,IXI035-IOP-0873-MRA_IXI-IOP,IXI-IOP
adaptive,8,34,0,25.14899665750451,21.84489494242687,3.3041017150776426,0.18489346929255338,52,45,IXI035-IOP-0873-MRA_IXI-IOP,IXI-IOP
adaptive,8,219,0,33.84153158345905,28.04238496015571,5.79914662330334,0.33390134536771215,69,58,IXI035-IOP-0873-MRA_IXI-IOP,IXI-IOP
adaptive,9,12,0,9.621235605198047,8.077560658231656,1.5436749469663908,0.20989658880543485,21,18,IXI035-IOP-0873-MRA_IXI-IOP,IXI-IOP
adaptive,9,211,0,50.263965840693075,41.68362983705779,8.580336003635288,0.3025177527251833,102,85,IXI035-IOP-0873-MRA_IXI-IOP,IXI-IOP
adaptive,9,215,0,11.906198074680892,10.32838698189114,1.5778110927897533,0.18139066681516267,25,22,IXI035-IOP-0873-MRA_IXI-IOP,IXI-IOP
adaptive,10,11,0,1.9539377183410807,1.9021041567996388,0.05183356154144181,0.0272506431133896,5,5,IXI035-IOP-0873-MRA_IXI-IOP,IXI-IOP
adaptive,10,21,0,50.964331549656734,40.23182870004729,10.732502849609446,0.4592508402630219,103,82,IXI035-IOP-0873-MRA_IXI-IOP,IXI-IOP
adaptive,10,213,0,45.39980110475747,38.710234433192824,6.6895666715646485,0.32182778118430494,92,79,IXI035-IOP-0873-MRA_IXI-IOP,IXI-IOP
adaptive,11,33,0,17.868613369141098,15.331317953186565,2.5372954159545333,0.18657773991670423,37,32,IXI035-IOP-0873-MRA_IXI-IOP,IXI-IOP
adaptive,12,14,0,1.9539377182904782,1.0285913029923057,0.9253464152981725,0.8996249653348415,5,4,IXI035-IOP-0873-MRA_IXI-IOP,IXI-IOP
adaptive,13,15,0,1.9539377183815092,1.9151627599567975,0.03877495842471168,0.020385297138126115,5,5,IXI035-IOP-0873-MRA_IXI-IOP,IXI-IOP
adaptive,13,20,0,12.313599129880153,10.325170713250436,1.9884284166297164,0.19854880582479326,26,22,IXI035-IOP-0873-MRA_IXI-IOP,IXI-IOP
adaptive,14,16,0,41.14027295562826,35.5543012089401,5.585971746688159,0.922199463522958,84,73,IXI035-IOP-0873-MRA_IXI-IOP,IXI-IOP
adaptive,14,17,0,18.811422956868153,16.478300398999565,2.333122557868588,0.15358932739978465,39,34,IXI035-IOP-0873-MRA_IXI-IOP,IXI-IOP
adaptive,15,18,0,43.15618142835093,37.9454371504352,5.210744277915737,0.418340061053074,88,77,IXI035-IOP-0873-MRA_IXI-IOP,IXI-IOP
adaptive,16,19,0,8.648860886473047,7.550295228033482,1.0985656584395649,0.15092351612423002,19,17,IXI035-IOP-0873-MRA_IXI-IOP,IXI-IOP
adaptive,16,31,0,20.214415879844097,17.974465297443214,2.2399505824008834,0.13987369813721512,42,37,IXI035-IOP-0873-MRA_IXI-IOP,IXI-IOP
adaptive,17,20,0,9.96497504925637,8.96734106978679,0.9976339794695797,0.1112519276010207,21,19,IXI035-IOP-0873-MRA_IXI-IOP,IXI-IOP
adaptive,17,24,0,10.54173446879159,8.30676861607534,2.2349658527162504,0.2690535822065782,23,18,IXI035-IOP-0873-MRA_IXI-IOP,IXI-IOP
adaptive,18,21,0,2.0622318583304002,2.0622318583304007,4.440892098500626e-16,2.1534397699083203e-16,6,6,IXI035-IOP-0873-MRA_IXI-IOP,IXI-IOP
adaptive,18,22,0,1.5733600372560157,1.303073318046805,0.27028671920921066,0.20742249531618623,5,4,IXI035-IOP-0873-MRA_IXI-IOP,IXI-IOP
adaptive,19,34,0,8.329123146597937,7.28732064167486,1.0418025049230764,0.14830623505318022,18,16,IXI035-IOP-0873-MRA_IXI-IOP,IXI-IOP
adaptive,19,222,0,33.853054026126,27.50597677861449,6.347077247511514,0.4187032362565817,69,57,IXI035-IOP-0873-MRA_IXI-IOP,IXI-IOP
adaptive,20,33,0,15.554504669618716,12.535826845728835,3.018677823889881,0.2463856489123569,33,27,IXI035-IOP-0873-MRA_IXI-IOP,IXI-IOP
adaptive,21,22,0,2.9850536472299294,2.9462786888052213,0.03877495842470813,0.02430852636950518,7,7,IXI035-IOP-0873-MRA_IXI-IOP,IXI-IOP
adaptive,21,27,0,3.061654222628963,2.494386164214951,0.5672680584140122,0.23294906483121244,8,6,IXI035-IOP-0873-MRA_IXI-IOP,IXI-IOP
adaptive,22,23,0,1.5733600434718373,1.3030733312548575,0.27028671221697986,0.2074224878477823,5,4,IXI035-IOP-0873-MRA_IXI-IOP,IXI-IOP
adaptive,23,25,0,1.5733600434725592,1.3030733312546152,0.270286712217944,0.20742248784856074,5,4,IXI035-IOP-0873-MRA_IXI-IOP,IXI-IOP
adaptive,23,27,0,2.7539377363505695,2.7539377363505695,0.0,0.0,7,7,IXI035-IOP-0873-MRA_IXI-IOP,IXI-IOP
adaptive,24,26,0,4.476169593330266,2.345549061566023,2.1306205317642433,0.9083674976901649,10,6,IXI035-IOP-0873-MRA_IXI-IOP,IXI-IOP
adaptive,24,30,0,3.8933478116807043,3.7481729956233574,0.14517481605734694,0.03873215463290081,9,9,IXI035-IOP-0873-MRA_IXI-IOP,IXI-IOP
adaptive,25,28,0,2.0333600607237683,1.660120533524704,0.3732395271990643,0.22482676387757008,6,5,IXI035-IOP-0873-MRA_IXI-IOP,IXI-IOP
adaptive,25,29,0,1.8456435659998798,1.84564356599988,2.220446049250313e-16,1.20307414180884e-16,5,5,IXI035-IOP-0873-MRA_IXI-IOP,IXI-IOP
adaptive,26,30,0,7.622889674746885,6.476758018241144,1.146131656505741,0.230947288362017,17,14,IXI035-IOP-0873-MRA_IXI-IOP,IXI-IOP
adaptive,26,31,0,7.128374356494337,6.340338934203396,0.7880354222909416,0.13885143157888782,16,14,IXI035-IOP-0873-MRA_IXI-IOP,IXI-IOP
adaptive,26,35,0,8.731104966063473,7.393480130897135,1.3376248351663378,0.18376602495390304,19,16,IXI035-IOP-0873-MRA_IXI-IOP,IXI-IOP
adaptive,27,29,0,2.4961818326903407,2.1624061372263634,0.33377569546397723,0.15435384210114142,6,6,IXI035-IOP-0873-MRA_IXI-IOP,IXI-IOP
adaptive,28,30,0,2.4933600779763885,2.058446087896932,0.4349139900794565,0.2112826722237833,6,6,IXI035-IOP-0873-MRA_IXI-IOP,IXI-IOP
adaptive,28,32,0,2.062231858013459,1.84564356599988,0.2165882920135791,0.11735109422183697,6,5,IXI035-IOP-0873-MRA_IXI-IOP,IXI-IOP
adaptive,29,32,0,2.876759507283909,1.660120533524704,1.216638973759205,0.7328618309274713,7,5,IXI035-IOP-0873-MRA_IXI-IOP,IXI-IOP
adaptive,30,32,0,5.398991382549196,3.656004221308106,1.7429871612410905,0.5697983902047326,12,9,IXI035-IOP-0873-MRA_IXI-IOP,IXI-IOP
adaptive,31,36,0,5.822153052165036,5.3841620334275495,0.43799101873748647,0.08134803819391409,13,12,IXI035-IOP-0873-MRA_IXI-IOP,IXI-IOP
adaptive,34,218,0,45.077937939827066,37.16199732232196,7.9159406175051075,0.4222373625995047,92,76,IXI035-IOP-0873-MRA_IXI-IOP,IXI-IOP
adaptive,35,37,0,5.830119602420113,4.6003405302329,1.2297790721872124,0.32420133179308425,13,11,IXI035-IOP-0873-MRA_IXI-IOP,IXI-IOP
adaptive,35,39,0,6.281654233679434,5.577669827282185,0.7039844063972485,0.12621478649629514,14,13,IXI035-IOP-0873-MRA_IXI-IOP,IXI-IOP
adaptive,36,38,0,4.599581308913486,4.231359239185379,0.3682220697281062,0.0870221715797868,11,10,IXI035-IOP-0873-MRA_IXI-IOP,IXI-IOP
adaptive,36,40,0,7.046130180802466,5.804399705134509,1.241730475667957,0.21879226844335217,16,13,IXI035-IOP-0873-MRA_IXI-IOP,IXI-IOP
adaptive,36,224,0,23.07242062843083,18.083964117442893,4.9884565109879375,0.5869227087751655,48,38,IXI035-IOP-0873-MRA_IXI-IOP,IXI-IOP
adaptive,37,38,0,2.6044759667919624,2.6044759667919624,0.0,0.0,7,7,IXI035-IOP-0873-MRA_IXI-IOP,IXI-IOP
adaptive,37,223,0,8.429450865380005,7.250968367832721,1.178482497547284,0.18105490297288848,18,16,IXI035-IOP-0873-MRA_IXI-IOP,IXI-IOP
adaptive,38,42,0,5.719003628654027,4.777771648381851,0.9412319802721765,0.22190475268423915,13,11,IXI035-IOP-0873-MRA_IXI-IOP,IXI-IOP
adaptive,39,41,0,1.9539377118487964,1.9021041475003715,0.0518335643484249,0.02725064472234151,5,5,IXI035-IOP-0873-MRA_IXI-IOP,IXI-IOP
adaptive,39,43,0,3.4450536462939283,3.161012572875353,0.28404107341857543,0.08985762216067462,8,8,IXI035-IOP-0873-MRA_IXI-IOP,IXI-IOP
adaptive,40,41,0,2.0333600610036635,1.6601205338081888,0.3732395271954747,0.22482676383701605,6,5,IXI035-IOP-0873-MRA_IXI-IOP,IXI-IOP
adaptive,40,42,0,2.8767595074970327,2.806421296987673,0.07033821050935973,0.025063311265795557,7,7,IXI035-IOP-0873-MRA_IXI-IOP,IXI-IOP
adaptive,41,45,0,2.6838982972747196,2.2072607860524447,0.47663751122227493,0.2159407326194169,7,6,IXI035-IOP-0873-MRA_IXI-IOP,IXI-IOP
adaptive,42,44,0,2.062231858430361,2.0622318584303607,4.440892098500626e-16,2.153439769803939e-16,6,6,IXI035-IOP-0873-MRA_IXI-IOP,IXI-IOP
adaptive,42,45,0,9.222299760698611,6.490905017656699,2.7313947430419123,0.5734378411246026,20,14,IXI035-IOP-0873-MRA_IXI-IOP,IXI-IOP
adaptive,43,44,0,1.8428218236302678,1.5951176073549032,0.24770421627536465,0.15528899883822303,5,5,IXI035-IOP-0873-MRA_IXI-IOP,IXI-IOP
adaptive,43,46,0,15.480725707280198,11.899817118348796,3.5809085889314023,0.6407241259691379,32,25,IXI035-IOP-0873-MRA_IXI-IOP,IXI-IOP
adaptive,44,225,0,8.350028524086493,7.028512738827329,1.3215157852591641,0.21899097632741304,18,16,IXI035-IOP-0873-MRA_IXI-IOP,IXI-IOP
adaptive,45,46,0,3.9872977673393257,2.435159185481896,1.5521385818574296,0.6373869072342699,9,6,IXI035-IOP-0873-MRA_IXI-IOP,IXI-IOP
adaptive,46,56,0,16.011682711649982,13.355328429664459,2.6563542819855233,0.2111398591003721,34,28,IXI035-IOP-0873-MRA_IXI-IOP,IXI-IOP
adaptive,47,48,0,34.68533760764071,30.19465190983676,4.490685697803951,0.19629454550299735,71,62,IXI035-IOP-0873-MRA_IXI-IOP,IXI-IOP
adaptive,47,226,0,6.11724610909225,6.013324463113037,0.10392164597921294,0.022522581909881424,14,14,IXI035-IOP-0873-MRA_IXI-IOP,IXI-IOP
adaptive,47,228,0,4.904475991577928,4.700174944245413,0.20430104733251486,0.05091260064192032,11,11,IXI035-IOP-0873-MRA_IXI-IOP,IXI-IOP
adaptive,48,49,0,36.58327595123075,30.976825272385966,5.606450678844787,0.205042904901151,75,63,IXI035-IOP-0873-MRA_IXI-IOP,IXI-IOP
adaptive,48,230,0,3.9816542578223393,3.3092561203769293,0.67239813744541,0.21092929080675205,9,8,IXI035-IOP-0873-MRA_IXI-IOP,IXI-IOP
adaptive,49,51,0,3.984476018226754,2.839295784853202,1.145180233373552,0.40333248810594086,9,7,IXI035-IOP-0873-MRA_IXI-IOP,IXI-IOP
adaptive,49,57,0,12.638481617132268,10.971842879177602,1.6666387379546652,0.15577178221266327,27,23,IXI035-IOP-0873-MRA_IXI-IOP,IXI-IOP
adaptive,49,227,0,39.57629584824248,31.914132866032443,7.662162982210038,0.7211020171402259,81,65,IXI035-IOP-0873-MRA_IXI-IOP,IXI-IOP
adaptive,50,51,0,2.413937735594855,2.162406137327534,0.25153159826732097,0.11632023879574391,6,6,IXI035-IOP-0873-MRA_IXI-IOP,IXI-IOP
adaptive,50,54,0,12.299570378725713,10.97539652056743,1.3241738581582823,0.14418940412474845,26,23,IXI035-IOP-0873-MRA_IXI-IOP,IXI-IOP
adaptive,50,65,0,25.084703182723036,23.12464506874029,1.9600581139827469,0.08739699721340369,52,48,IXI035-IOP-0873-MRA_IXI-IOP,IXI-IOP
adaptive,51,54,0,11.77417681877168,10.695072159980962,1.079104658790719,0.11346430792592567,25,23,IXI035-IOP-0873-MRA_IXI-IOP,IXI-IOP
adaptive,52,53,0,17.16802352268613,13.04630218250575,4.121721340180381,0.35541694994688666,36,28,IXI035-IOP-0873-MRA_IXI-IOP,IXI-IOP
adaptive,52,53,1,17.06205234346174,14.235503213031159,2.826549130430582,0.24373396159011013,36,30,IXI035-IOP-0873-MRA_IXI-IOP,IXI-IOP
adaptive,52,66,0,19.22511060070358,15.292927607192851,3.932182993510729,0.27489368509827594,40,32,IXI035-IOP-0873-MRA_IXI-IOP,IXI-IOP
adaptive,53,55,0,3.5533478047983866,2.435159201582326,1.1181886032160606,0.45918501036379067,9,6,IXI035-IOP-0873-MRA_IXI-IOP,IXI-IOP
adaptive,54,57,0,6.208374323102892,5.1722386330942705,1.0361356900086216,0.20209751631399728,14,12,IXI035-IOP-0873-MRA_IXI-IOP,IXI-IOP
adaptive,55,60,0,22.170085457942704,18.836839711730907,3.333245746211798,0.22204275639061244,46,39,IXI035-IOP-0873-MRA_IXI-IOP,IXI-IOP
adaptive,55,229,0,17.045791652800613,14.737916625824731,2.307875026975882,0.1978599505995074,36,31,IXI035-IOP-0873-MRA_IXI-IOP,IXI-IOP
adaptive,56,58,0,1.8456435662958857,1.8456435662958859,2.220446049250313e-16,1.2030741416158901e-16,5,5,IXI035-IOP-0873-MRA_IXI-IOP,IXI-IOP
adaptive,56,102,0,18.38686692049668,14.81095103943657,3.5759158810601086,0.25649131824837074,38,31,IXI035-IOP-0873-MRA_IXI-IOP,IXI-IOP
adaptive,57,60,0,3.5244760074211676,2.622897924409294,0.9015780830118736,0.3639540028694173,9,7,IXI035-IOP-0873-MRA_IXI-IOP,IXI-IOP
adaptive,57,63,0,31.502800490492103,27.074238566277288,4.428561924214815,0.17355590381735944,65,56,IXI035-IOP-0873-MRA_IXI-IOP,IXI-IOP
adaptive,58,61,0,3.7438860414440605,3.539943597702322,0.20394244374173853,0.057611777734004534,9,9,IXI035-IOP-0873-MRA_IXI-IOP,IXI-IOP
adaptive,58,233,0,23.066777181478297,18.516203404467124,4.550573777011174,0.3317671811431001,48,39,IXI035-IOP-0873-MRA_IXI-IOP,IXI-IOP
adaptive,59,60,0,2.7628218581351236,2.4351592217102493,0.32766263642487425,0.13455491267415023,7,6,IXI035-IOP-0873-MRA_IXI-IOP,IXI-IOP
adaptive,59,64,0,24.107786114529713,20.703435799644154,3.4043503148855585,0.1686693150627165,50,43,IXI035-IOP-0873-MRA_IXI-IOP,IXI-IOP
adaptive,59,234,0,24.21365494446139,21.08206136495354,3.1315935795078502,0.20420253222545814,50,44,IXI035-IOP-0873-MRA_IXI-IOP,IXI-IOP
adaptive,61,62,0,9.894516769775793,7.605919023724954,2.288597746050839,0.3008969381493641,21,17,IXI035-IOP-0873-MRA_IXI-IOP,IXI-IOP
adaptive,61,68,0,14.12445287206957,11.0452576860642,3.0791951860053697,0.2922532051389409,30,24,IXI035-IOP-0873-MRA_IXI-IOP,IXI-IOP
adaptive,62,232,0,12.718402766141239,10.334232302098222,2.3841704640430166,0.26587262184689653,27,22,IXI035-IOP-0873-MRA_IXI-IOP,IXI-IOP
adaptive,62,236,0,19.116408879893317,15.44596801504774,3.6704408648455775,0.24395274675058418,40,32,IXI035-IOP-0873-MRA_IXI-IOP,IXI-IOP
adaptive,63,64,0,2.8767595009741926,2.7299817632989143,0.14677773767527835,0.05376509823197936,7,7,IXI035-IOP-0873-MRA_IXI-IOP,IXI-IOP
adaptive,63,235,0,32.3652587211864,27.076058008057544,5.2892007131288565,0.3058250913598845,66,56,IXI035-IOP-0873-MRA_IXI-IOP,IXI-IOP
adaptive,64,231,0,50.805079128432446,42.82323924658437,7.9818398818480745,0.25895024581562137,103,87,IXI035-IOP-0873-MRA_IXI-IOP,IXI-IOP
adaptive,65,67,0,1.8456435784338363,1.8456435784338363,0.0,0.0,5,5,IXI035-IOP-0873-MRA_IXI-IOP,IXI-IOP
adaptive,65,69,0,1.9539377121644308,1.9021041478429102,0.05183356432152064,0.027250644703289632,5,5,IXI035-IOP-0873-MRA_IXI-IOP,IXI-IOP
adaptive,66,67,0,1.7228218133113704,1.664812352937411,0.058009460373959376,0.03484444374262776,5,5,IXI035-IOP-0873-MRA_IXI-IOP,IXI-IOP
adaptive,66,99,0,8.021825427086464,6.765369595209836,1.256455831876628,0.2094907874722439,18,15,IXI035-IOP-0873-MRA_IXI-IOP,IXI-IOP
adaptive,67,68,0,1.5733600433803931,1.3030733310195455,0.27028671236084767,0.20742248799564567,5,4,IXI035-IOP-0873-MRA_IXI-IOP,IXI-IOP
adaptive,68,70,0,3.8233083719159304,2.801785193210704,1.0215231787052264,0.36459725077446514,9,7,IXI035-IOP-0873-MRA_IXI-IOP,IXI-IOP
adaptive,69,70,0,4.555591929885924,3.1365036661676506,1.4190882637182738,0.46494756804372117,11,8,IXI035-IOP-0873-MRA_IXI-IOP,IXI-IOP
adaptive,69,237,0,5.589529607377382,3.627369723829448,1.9621598835479341,0.5750401980907278,13,9,IXI035-IOP-0873-MRA_IXI-IOP,IXI-IOP
adaptive,70,99,0,6.386707859646458,5.594620253751247,0.7920876058952118,0.14521133823215648,14,13,IXI035-IOP-0873-MRA_IXI-IOP,IXI-IOP
adaptive,71,73,0,1.5733600438432234,1.3030733315205136,0.27028671232270973,0.20742248788663414,5,4,IXI035-IOP-0873-MRA_IXI-IOP,IXI-IOP
adaptive,71,81,0,4.0667201213580855,2.771382880887386,1.2953372404706993,0.4970315980696107,10,7,IXI035-IOP-0873-MRA_IXI-IOP,IXI-IOP
adaptive,71,90,0,2.9850536415783235,2.9173276222426225,0.067726019335701,0.023215088637743853,7,7,IXI035-IOP-0873-MRA_IXI-IOP,IXI-IOP
adaptive,72,73,0,2.601654217926285,2.0063898656524195,0.5952643522738654,0.296684289760556,7,6,IXI035-IOP-0873-MRA_IXI-IOP,IXI-IOP
adaptive,72,79,0,11.00970095167108,9.437755261766586,1.571945689904494,0.16683072559532577,24,20,IXI035-IOP-0873-MRA_IXI-IOP,IXI-IOP
adaptive,72,88,0,2.8767595014889498,2.8249259399475215,0.051833561541428264,0.01898677940850872,7,7,IXI035-IOP-0873-MRA_IXI-IOP,IXI-IOP
adaptive,73,89,0,2.8767595014894436,2.729981763953398,0.14677773753604573,0.05376509816808846,7,7,IXI035-IOP-0873-MRA_IXI-IOP,IXI-IOP
adaptive,74,82,0,8.241235584069425,6.610414980963209,1.6308206031062165,0.2701500621956082,18,15,IXI035-IOP-0873-MRA_IXI-IOP,IXI-IOP
adaptive,74,84,0,10.919752644069822,9.9736020333918,0.9461506106780231,0.09744502850280314,23,21,IXI035-IOP-0873-MRA_IXI-IOP,IXI-IOP
adaptive,74,85,0,5.719003707893361,5.080147001832006,0.6388567060613548,0.13288996732530553,13,12,IXI035-IOP-0873-MRA_IXI-IOP,IXI-IOP
adaptive,75,76,0,1.8456435784342178,1.8456435784342178,0.0,0.0,5,5,IXI035-IOP-0873-MRA_IXI-IOP,IXI-IOP
adaptive,75,93,0,2.753937736034434,2.6437689426237645,0.11016879341066943,0.04219199708072709,7,7,IXI035-IOP-0873-MRA_IXI-IOP,IXI-IOP
adaptive,75,240,0,22.26276317681516,18.59130042909392,3.6714627477212396,0.27601861535036043,46,39,IXI035-IOP-0873-MRA_IXI-IOP,IXI-IOP
adaptive,76,85,0,4.79900367375962,4.0872752113901365,0.7117284623694831,0.1760711872498294,11,10,IXI035-IOP-0873-MRA_IXI-IOP,IXI-IOP
adaptive,76,86,0,2.8739377527849257,2.4813706722993256,0.3925670804856001,0.15820573881524663,7,6,IXI035-IOP-0873-MRA_IXI-IOP,IXI-IOP
adaptive,77,80,0,32.75564941498097,27.566614158979945,5.189035256001027,0.20496389950424315,67,57,IXI035-IOP-0873-MRA_IXI-IOP,IXI-IOP
adaptive,77,239,0,38.4487629639188,32.294253050540235,6.154509913378568,0.21892744925355734,78,66,IXI035-IOP-0873-MRA_IXI-IOP,IXI-IOP
adaptive,77,242,0,14.320410432990162,11.938283904416817,2.3821265285733446,0.2624875745686831,30,25,IXI035-IOP-0873-MRA_IXI-IOP,IXI-IOP
adaptive,78,79,0,6.747297882529742,5.842874911031441,0.9044229714983016,0.17654680538811424,15,13,IXI035-IOP-0873-MRA_IXI-IOP,IXI-IOP
adaptive,78,79,1,8.159989079468989,6.423898265964063,1.7360908135049264,0.3388915326643965,18,14,IXI035-IOP-0873-MRA_IXI-IOP,IXI-IOP
adaptive,78,87,0,6.472192593372722,5.884651052545688,0.5875415408270346,0.10498175268239904,14,13,IXI035-IOP-0873-MRA_IXI-IOP,IXI-IOP
adaptive,80,103,0,7.1316949119210244,5.331601130949327,1.8000937809716975,0.37791750687509945,16,12,IXI035-IOP-0873-MRA_IXI-IOP,IXI-IOP
adaptive,80,108,0,7.476340809133425,7.053054074533898,0.42328673459952704,0.060081118332075266,16,16,IXI035-IOP-0873-MRA_IXI-IOP,IXI-IOP
adaptive,81,82,0,1.681654183420671,1.681654183420671,0.0,0.0,5,5,IXI035-IOP-0873-MRA_IXI-IOP,IXI-IOP
adaptive,81,91,0,1.8311159533997845,1.8311159533997845,0.0,0.0,5,5,IXI035-IOP-0873-MRA_IXI-IOP,IXI-IOP
adaptive,82,92,0,2.712770113007673,2.712770113007673,0.0,0.0,7,7,IXI035-IOP-0873-MRA_IXI-IOP,IXI-IOP
adaptive,83,84,0,2.3056435955038164,2.112912751897456,0.1927308436063604,0.0912157132059914,6,6,IXI035-IOP-0873-MRA_IXI-IOP,IXI-IOP
adaptive,83,94,0,6.046707882687102,3.793257312410768,2.2534505702763337,0.5940674161237364,14,9,IXI035-IOP-0873-MRA_IXI-IOP,IXI-IOP
adaptive,83,104,0,2.982231868053517,2.5286454489402397,0.45358641911327746,0.18602109244024376,7,7,IXI035-IOP-0873-MRA_IXI-IOP,IXI-IOP
adaptive,83,106,0,3.2550142207221224,3.2031806563873824,0.05183356433474007,0.01850019199392977,8,8,IXI035-IOP-0873-MRA_IXI-IOP,IXI-IOP
adaptive,84,105,0,3.4450536463518,3.2003507254948516,0.24470292085694823,0.07741282744316001,8,8,IXI035-IOP-0873-MRA_IXI-IOP,IXI-IOP
adaptive,85,95,0,1.9539377122102508,1.9021041478754976,0.05183356433475317,0.02725064470977955,5,5,IXI035-IOP-0873-MRA_IXI-IOP,IXI-IOP
adaptive,86,96,0,1.9539377118488086,1.9151627513331824,0.03877496051562623,0.0203852983374158,5,5,IXI035-IOP-0873-MRA_IXI-IOP,IXI-IOP
adaptive,86,241,0,30.416057914355026,25.492327910579434,4.923730003775592,0.3651457282465179,62,52,IXI035-IOP-0873-MRA_IXI-IOP,IXI-IOP
adaptive,87,98,0,10.263308626103377,9.108074653721854,1.1552339723815237,0.12932569398326554,22,20,IXI035-IOP-0873-MRA_IXI-IOP,IXI-IOP
adaptive,87,100,0,14.414176942174041,11.987659755194187,2.4265171869798543,0.2274249995020467,30,25,IXI035-IOP-0873-MRA_IXI-IOP,IXI-IOP
adaptive,87,246,0,5.4523636771557795,4.862910177832263,0.5894534993235165,0.13259711934660792,12,11,IXI035-IOP-0873-MRA_IXI-IOP,IXI-IOP
adaptive,88,89,0,3.445053664747307,2.0063898656515065,1.4386637990958007,0.7170410017141129,8,6,IXI035-IOP-0873-MRA_IXI-IOP,IXI-IOP
adaptive,88,100,0,10.890119793027083,9.12551521340937,1.7646045796177123,0.1975432832771047,23,20,IXI035-IOP-0873-MRA_IXI-IOP,IXI-IOP
adaptive,89,90,0,2.862231882463404,1.2191800943063567,1.6430517881570474,1.3476694672347398,7,4,IXI035-IOP-0873-MRA_IXI-IOP,IXI-IOP
adaptive,90,91,0,4.203886059220512,2.4351592218835605,1.7687268373369514,0.7263290307435695,10,6,IXI035-IOP-0873-MRA_IXI-IOP,IXI-IOP
adaptive,91,92,0,2.101076533067994,1.2191800943070228,0.8818964387609713,0.7233520649484011,6,4,IXI035-IOP-0873-MRA_IXI-IOP,IXI-IOP
adaptive,92,105,0,10.555344419565992,8.93231780948686,1.6230266100791333,0.18209055609906535,23,19,IXI035-IOP-0873-MRA_IXI-IOP,IXI-IOP
adaptive,93,96,0,6.7824031513399845,5.34812044216989,1.4342827091700947,0.29381909559819236,15,12,IXI035-IOP-0873-MRA_IXI-IOP,IXI-IOP
adaptive,93,249,0,11.63441334925659,9.738529584652484,1.8958837646041058,0.1978639619148475,25,21,IXI035-IOP-0873-MRA_IXI-IOP,IXI-IOP
adaptive,94,109,0,3.606720098779047,2.8017852261288674,0.8049348726501795,0.287293567381084,9,7,IXI035-IOP-0873-MRA_IXI-IOP,IXI-IOP
adaptive,94,113,0,3.553347792311998,3.3653051766081425,0.18804261570385528,0.09135173398592461,9,8,IXI035-IOP-0873-MRA_IXI-IOP,IXI-IOP
adaptive,95,96,0,9.407194495064052,7.507415840368843,1.8997786546952096,0.29453542226452817,20,17,IXI035-IOP-0873-MRA_IXI-IOP,IXI-IOP
adaptive,95,110,0,13.41410919382818,12.887997027904763,0.5261121659234167,0.04086569597244894,28,27,IXI035-IOP-0873-MRA_IXI-IOP,IXI-IOP
adaptive,95,251,0,36.08915712100329,30.403860910877356,5.685296210125934,0.1977600618791548,74,62,IXI035-IOP-0873-MRA_IXI-IOP,IXI-IOP
adaptive,97,101,0,25.25698680082693,18.906864906028318,6.350121894798612,0.33713793508815926,52,39,IXI035-IOP-0873-MRA_IXI-IOP,IXI-IOP
adaptive,97,115,0,6.046707883095584,5.243715058231301,0.8029928248642833,0.15405748959792467,14,12,IXI035-IOP-0873-MRA_IXI-IOP,IXI-IOP
adaptive,97,238,0,42.77314783612318,36.35215380746092,6.420994028662257,0.2330587118377278,87,74,IXI035-IOP-0873-MRA_IXI-IOP,IXI-IOP
adaptive,98,101,0,2.5228218315186095,2.5228218315186095,0.0,0.0,7,7,IXI035-IOP-0873-MRA_IXI-IOP,IXI-IOP
adaptive,98,243,0,11.572850398541583,9.275207743378001,2.297642655163582,0.24862301550066931,25,20,IXI035-IOP-0873-MRA_IXI-IOP,IXI-IOP
adaptive,99,111,0,2.4139377172307754,2.1624061164573334,0.25153160077344205,0.11632024107734484,6,6,IXI035-IOP-0873-MRA_IXI-IOP,IXI-IOP
adaptive,100,101,0,22.40959789201668,17.424760630167157,4.984837261849524,0.2954394753872782,46,36,IXI035-IOP-0873-MRA_IXI-IOP,IXI-IOP
adaptive,102,103,0,2.64564360252842,2.400000072557154,0.24564352997126582,0.10235146772705608,7,6,IXI035-IOP-0873-MRA_IXI-IOP,IXI-IOP
adaptive,102,116,0,6.196169651614747,5.317217484423445,0.8789521671913025,0.1653030310996596,14,12,IXI035-IOP-0873-MRA_IXI-IOP,IXI-IOP
adaptive,102,123,0,18.04694697439892,14.94299170566106,3.1039552687378613,0.21167912676765974,38,31,IXI035-IOP-0873-MRA_IXI-IOP,IXI-IOP
adaptive,103,107,0,4.936759572723295,4.426872623270325,0.5098869494529703,0.11517994594484049,11,10,IXI035-IOP-0873-MRA_IXI-IOP,IXI-IOP
adaptive,104,105,0,2.9850536472812976,2.4436858152994474,0.5413678319818502,0.22153741229435076,7,6,IXI035-IOP-0873-MRA_IXI-IOP,IXI-IOP
adaptive,104,114,0,1.9539377122102446,1.9021041478754943,0.05183356433475028,0.02725064470977808,5,5,IXI035-IOP-0873-MRA_IXI-IOP,IXI-IOP
adaptive,105,113,0,8.803467367282213,6.64138695179482,2.1620804154873934,0.3534018975332192,19,15,IXI035-IOP-0873-MRA_IXI-IOP,IXI-IOP
adaptive,106,110,0,8.402403223551486,6.050785297904205,2.3516179256472816,0.3886467309395039,18,14,IXI035-IOP-0873-MRA_IXI-IOP,IXI-IOP
adaptive,106,114,0,2.0622318583296178,2.0622318583296178,0.0,0.0,6,6,IXI035-IOP-0873-MRA_IXI-IOP,IXI-IOP
adaptive,107,108,0,7.010697301425194,5.052843421100267,1.9578538803249268,0.5320254910042567,16,12,IXI035-IOP-0873-MRA_IXI-IOP,IXI-IOP
adaptive,107,116,0,2.9850536473424025,2.917327631536304,0.0677260158060986,0.023215087353912724,7,7,IXI035-IOP-0873-MRA_IXI-IOP,IXI-IOP
adaptive,108,112,0,7.9018255385487555,6.661173558133825,1.2406519804149303,0.22078873056627732,17,15,IXI035-IOP-0873-MRA_IXI-IOP,IXI-IOP
adaptive,108,116,0,4.256759546992386,3.4491159397039017,0.8076436072884845,0.23415959956330684,10,8,IXI035-IOP-0873-MRA_IXI-IOP,IXI-IOP
adaptive,109,112,0,3.3339377700973714,2.8392957853746092,0.4946419847227621,0.17421291126859484,8,7,IXI035-IOP-0873-MRA_IXI-IOP,IXI-IOP
adaptive,109,113,0,4.095591918912379,2.478225259808789,1.61736665910359,0.6526310119316516,10,6,IXI035-IOP-0873-MRA_IXI-IOP,IXI-IOP
adaptive,110,250,0,34.8193664613251,30.464722209955347,4.354644251369756,0.19207952751444024,71,62,IXI035-IOP-0873-MRA_IXI-IOP,IXI-IOP
adaptive,111,117,0,2.4139377171854317,2.1624061164140658,0.25153160077136594,0.11632024107871221,6,6,IXI035-IOP-0873-MRA_IXI-IOP,IXI-IOP
adaptive,111,247,0,9.984635034684189,9.222668011985759,0.7619670226984301,0.08261893648434265,21,20,IXI035-IOP-0873-MRA_IXI-IOP,IXI-IOP
adaptive,112,244,0,57.71870069043052,48.6998960664331,9.018804623997426,0.23635179740456058,117,99,IXI035-IOP-0873-MRA_IXI-IOP,IXI-IOP
adaptive,113,114,0,5.367297830827249,3.765952874617645,1.6013449562096045,0.425216408575529,12,9,IXI035-IOP-0873-MRA_IXI-IOP,IXI-IOP
adaptive,115,245,0,16.831854089636085,13.696630409850702,3.1352236797853834,0.24189782886635053,35,29,IXI035-IOP-0873-MRA_IXI-IOP,IXI-IOP
adaptive,115,255,0,21.79606893194712,18.64293480985433,3.153134122092787,0.20469424908949582,45,39,IXI035-IOP-0873-MRA_IXI-IOP,IXI-IOP
adaptive,117,118,0,6.943479585933525,5.5615587116601874,1.3819208742733373,0.25424960138317965,15,13,IXI035-IOP-0873-MRA_IXI-IOP,IXI-IOP
adaptive,117,142,0,28.153824929821994,23.79151035504283,4.3623145747791625,0.229102918011207,58,49,IXI035-IOP-0873-MRA_IXI-IOP,IXI-IOP
adaptive,118,119,0,8.233269118607321,7.391241945772952,0.8420271728343689,0.11507656987618574,18,16,IXI035-IOP-0873-MRA_IXI-IOP,IXI-IOP
adaptive,118,138,0,21.21930946906086,17.903988814956058,3.315320654104802,0.19281246934425705,44,37,IXI035-IOP-0873-MRA_IXI-IOP,IXI-IOP
adaptive,119,120,0,1.382821806378244,1.219180094168556,0.16364171220968804,0.13422275592621674,4,4,IXI035-IOP-0873-MRA_IXI-IOP,IXI-IOP
adaptive,119,122,0,1.3828217880214,1.2191800756660087,0.16364171235539127,0.13422275808272024,4,4,IXI035-IOP-0873-MRA_IXI-IOP,IXI-IOP
adaptive,120,123,0,2.985053640697223,2.9193722042920847,0.06568143640513835,0.022514247602847433,7,7,IXI035-IOP-0873-MRA_IXI-IOP,IXI-IOP
adaptive,120,124,0,3.987297778699515,3.177597132117618,0.8097006465818968,0.3110462391999586,9,8,IXI035-IOP-0873-MRA_IXI-IOP,IXI-IOP
adaptive,121,126,0,2.490538323265311,2.345549061567219,0.1449892616980919,0.06181463610111605,6,6,IXI035-IOP-0873-MRA_IXI-IOP,IXI-IOP
adaptive,121,134,0,12.059898041505278,10.541718279642284,1.518179761862994,0.1498288625860491,26,23,IXI035-IOP-0873-MRA_IXI-IOP,IXI-IOP
adaptive,121,248,0,25.56246027375577,21.272584226847286,4.289876046908486,0.23339249202771592,53,44,IXI035-IOP-0873-MRA_IXI-IOP,IXI-IOP
adaptive,122,123,0,5.832941351040078,4.982942395207302,0.8499989558327758,0.27787240639617,13,11,IXI035-IOP-0873-MRA_IXI-IOP,IXI-IOP
adaptive,122,123,1,4.055014251040169,3.0987381909870004,0.9562760600531686,0.3126153604808653,10,8,IXI035-IOP-0873-MRA_IXI-IOP,IXI-IOP
adaptive,122,261,0,26.774323740225977,23.347741927422884,3.426581812803093,0.1624672450233963,55,48,IXI035-IOP-0873-MRA_IXI-IOP,IXI-IOP
adaptive,123,127,0,1.1105382715078547,1.028591302522111,0.08194696898574372,0.07966912493310933,4,4,IXI035-IOP-0873-MRA_IXI-IOP,IXI-IOP
adaptive,124,125,0,14.09275931952111,11.270422141530485,2.822337177990624,0.25936216418994684,30,24,IXI035-IOP-0873-MRA_IXI-IOP,IXI-IOP
adaptive,124,127,0,1.9539377121649628,1.9021041478429095,0.05183356432205333,0.027250644703569693,5,5,IXI035-IOP-0873-MRA_IXI-IOP,IXI-IOP
adaptive,125,256,0,23.705293151676752,19.510212600687908,4.195080550988845,0.2649457067223894,49,41,IXI035-IOP-0873-MRA_IXI-IOP,IXI-IOP
adaptive,125,259,0,13.014413397950932,10.981811559221072,2.0326018387298603,0.2243254798135246,28,23,IXI035-IOP-0873-MRA_IXI-IOP,IXI-IOP
adaptive,126,129,0,4.245053670480532,3.804208295751249,0.4408453747292831,0.11588360585345543,10,9,IXI035-IOP-0873-MRA_IXI-IOP,IXI-IOP
adaptive,126,133,0,20.424465413245844,17.894911461785806,2.529553951460038,0.1508978471772139,42,37,IXI035-IOP-0873-MRA_IXI-IOP,IXI-IOP
adaptive,127,143,0,10.761643230759312,8.143340957389936,2.618302273369375,0.32152678944301266,23,18,IXI035-IOP-0873-MRA_IXI-IOP,IXI-IOP
adaptive,128,130,0,9.114005626835784,7.157217923961247,1.9567877028745366,0.33194894331961655,20,16,IXI035-IOP-0873-MRA_IXI-IOP,IXI-IOP
adaptive,128,130,1,9.54795559534898,6.834024889754659,2.713930705594322,0.4603904800920852,21,15,IXI035-IOP-0873-MRA_IXI-IOP,IXI-IOP
adaptive,128,131,0,9.812272673371446,8.228202372139162,1.584070301232284,0.20838051547598158,21,18,IXI035-IOP-0873-MRA_IXI-IOP,IXI-IOP
adaptive,128,252,0,20.33232838138199,17.431832153432342,2.900496227949649,0.1783462778553942,42,36,IXI035-IOP-0873-MRA_IXI-IOP,IXI-IOP
adaptive,129,132,0,11.541156845955129,9.817739975525381,1.7234168704297481,0.1761801791242655,25,21,IXI035-IOP-0873-MRA_IXI-IOP,IXI-IOP
adaptive,129,257,0,61.24117024337229,49.74007531339438,11.50109492997791,0.3632700961674706,124,101,IXI035-IOP-0873-MRA_IXI-IOP,IXI-IOP
adaptive,130,139,0,9.48711563598464,8.306813699235718,1.180301936748922,0.1427201769048841,20,18,IXI035-IOP-0873-MRA_IXI-IOP,IXI-IOP
adaptive,131,132,0,1.8311159530342551,1.7271943071340317,0.10392164590022346,0.06016789510652264,5,5,IXI035-IOP-0873-MRA_IXI-IOP,IXI-IOP
adaptive,131,262,0,26.022460201790906,20.75373208973018,5.268728112060728,0.34088099703024455,54,43,IXI035-IOP-0873-MRA_IXI-IOP,IXI-IOP
adaptive,132,136,0,8.582153241300752,8.033554919494202,0.5485983218065495,0.06828836390665885,19,18,IXI035-IOP-0873-MRA_IXI-IOP,IXI-IOP
adaptive,133,135,0,4.450119538834311,3.553937760586023,0.8961817782482884,0.47115284363943843,10,9,IXI035-IOP-0873-MRA_IXI-IOP,IXI-IOP
adaptive,133,137,0,8.112351451549651,6.235312964732113,1.877038486817538,0.32894071199746777,18,14,IXI035-IOP-0873-MRA_IXI-IOP,IXI-IOP
adaptive,134,144,0,9.33651199481672,8.817823107239938,0.518688887576781,0.05882278213892811,20,19,IXI035-IOP-0873-MRA_IXI-IOP,IXI-IOP
adaptive,134,253,0,31.908499218115058,25.474818047456708,6.43368117065835,0.36586271219618516,65,52,IXI035-IOP-0873-MRA_IXI-IOP,IXI-IOP
adaptive,135,136,0,5.8978360571413635,4.79029937120635,1.1075366859350133,0.2791474534183635,13,11,IXI035-IOP-0873-MRA_IXI-IOP,IXI-IOP
adaptive,135,263,0,22.043627661526017,17.13340241506845,4.910225246457568,0.4373820856536229,46,36,IXI035-IOP-0873-MRA_IXI-IOP,IXI-IOP
adaptive,136,137,0,0.9200000345048351,0.9200000345048353,1.1102230246251565e-16,1.2067641119412604e-16,3,3,IXI035-IOP-0873-MRA_IXI-IOP,IXI-IOP
adaptive,137,138,0,13.498415119260038,10.724944934531173,2.7734701847288648,0.26424548758837213,28,23,IXI035-IOP-0873-MRA_IXI-IOP,IXI-IOP
adaptive,138,141,0,1.9539377122102461,1.9021041478754945,0.051833564334751614,0.027250644709778775,5,5,IXI035-IOP-0873-MRA_IXI-IOP,IXI-IOP
adaptive,139,140,0,1.9539377182796607,1.9021041567228778,0.05183356155678287,0.027250643122554635,5,5,IXI035-IOP-0873-MRA_IXI-IOP,IXI-IOP
adaptive,139,141,0,2.7539377421599247,2.6111301030360186,0.14280763912390615,0.05469188952241811,7,7,IXI035-IOP-0873-MRA_IXI-IOP,IXI-IOP
adaptive,140,142,0,2.6016542179803404,2.006389865483219,0.5952643524971215,0.2966842898968482,7,6,IXI035-IOP-0873-MRA_IXI-IOP,IXI-IOP
adaptive,140,258,0,13.407286892722125,10.743917593029463,2.6633692996926612,0.2924266158492879,28,23,IXI035-IOP-0873-MRA_IXI-IOP,IXI-IOP
adaptive,141,145,0,2.9822318926312197,2.6061466625091447,0.37608523012207495,0.14430700909210833,7,7,IXI035-IOP-0873-MRA_IXI-IOP,IXI-IOP
adaptive,142,145,0,2.0622318580134533,1.845643565999879,0.2165882920135742,0.11735109422183437,6,5,IXI035-IOP-0873-MRA_IXI-IOP,IXI-IOP
adaptive,143,146,0,13.368442175603878,10.78867661767855,2.5797655579253274,0.3416874998705177,28,23,IXI035-IOP-0873-MRA_IXI-IOP,IXI-IOP
adaptive,143,146,1,9.542810823778403,7.653830258300216,1.888980565478187,0.2501936831970532,21,17,IXI035-IOP-0873-MRA_IXI-IOP,IXI-IOP
adaptive,144,254,0,41.6835148417496,34.81707620036982,6.86643864137978,0.25089982682293976,85,71,IXI035-IOP-0873-MRA_IXI-IOP,IXI-IOP
adaptive,144,260,0,36.83205650389318,30.023647083955037,6.80840941993814,0.2926773158504445,75,62,IXI035-IOP-0873-MRA_IXI-IOP,IXI-IOP
adaptive,145,151,0,23.16718478119699,19.704442359518957,3.4627424216780334,0.24392381778676747,48,41,IXI035-IOP-0873-MRA_IXI-IOP,IXI-IOP
adaptive,146,147,0,8.07774493263321,6.82633150216998,1.2514134304632307,0.18332151464742472,18,15,IXI035-IOP-0873-MRA_IXI-IOP,IXI-IOP
adaptive,146,150,0,15.583875166668026,11.865818599358843,3.7180565673091834,0.388431287736006,33,25,IXI035-IOP-0873-MRA_IXI-IOP,IXI-IOP
adaptive,147,149,0,3.442231872759161,2.948965976343257,0.4932658964159038,0.1672674084316014,8,7,IXI035-IOP-0873-MRA_IXI-IOP,IXI-IOP
adaptive,147,152,0,14.866210494645454,12.271939664013233,2.5942708306322206,0.3321960977145135,31,26,IXI035-IOP-0873-MRA_IXI-IOP,IXI-IOP
adaptive,148,150,0,4.632192524359144,3.880029960509401,0.7521625638497436,0.1982535391950326,11,9,IXI035-IOP-0873-MRA_IXI-IOP,IXI-IOP
adaptive,148,152,0,1.681654183318117,1.5273506866912083,0.15430349662690857,0.10102689445944174,5,5,IXI035-IOP-0873-MRA_IXI-IOP,IXI-IOP
adaptive,148,159,0,19.74595054329453,16.430190945063185,3.3157595982313453,0.8791685722573618,41,34,IXI035-IOP-0873-MRA_IXI-IOP,IXI-IOP
adaptive,149,150,0,1.8428218236302685,1.5951176073549043,0.2477042162753642,0.15528899883822264,5,5,IXI035-IOP-0873-MRA_IXI-IOP,IXI-IOP
adaptive,149,160,0,6.890107305133903,6.186695574989193,0.7034117301447091,0.11369748545384631,15,14,IXI035-IOP-0873-MRA_IXI-IOP,IXI-IOP
adaptive,149,168,0,9.7882709342203,7.966727704687715,1.821543229532585,0.23007720525401051,21,17,IXI035-IOP-0873-MRA_IXI-IOP,IXI-IOP
adaptive,150,161,0,3.4133600573381138,2.9101890348391484,0.5031710224989654,0.1728997726523207,8,7,IXI035-IOP-0873-MRA_IXI-IOP,IXI-IOP
adaptive,151,155,0,2.0622318583814367,2.0622318583814367,0.0,0.0,6,6,IXI035-IOP-0873-MRA_IXI-IOP,IXI-IOP
adaptive,151,156,0,1.9539377118486607,1.902104147500132,0.051833564348528816,0.027250644722399575,5,5,IXI035-IOP-0873-MRA_IXI-IOP,IXI-IOP
adaptive,152,157,0,1.9539377118492505,1.9021041475006175,0.051833564348632954,0.02725064472244737,5,5,IXI035-IOP-0873-MRA_IXI-IOP,IXI-IOP
adaptive,153,158,0,5.736169604505389,4.804895358794106,0.9312742457112835,0.7146752469737357,13,11,IXI035-IOP-0873-MRA_IXI-IOP,IXI-IOP
adaptive,153,158,1,1.491115934185066,1.3030733184823844,0.18804261570268155,0.14430701099895446,4,4,IXI035-IOP-0873-MRA_IXI-IOP,IXI-IOP
adaptive,153,162,0,5.044962550056236,3.620948727630961,1.424013822425275,0.41732847429873293,12,9,IXI035-IOP-0873-MRA_IXI-IOP,IXI-IOP
adaptive,153,194,0,21.215489982545932,18.322722549512726,2.8927674330332067,0.21039448812819989,44,38,IXI035-IOP-0873-MRA_IXI-IOP,IXI-IOP
adaptive,154,170,0,14.660135796021757,12.853379179912839,1.8067566161089186,0.15636380790038062,31,27,IXI035-IOP-0873-MRA_IXI-IOP,IXI-IOP
adaptive,154,199,0,50.84870279973197,41.107372560023705,9.741330239708262,0.4825871683455423,103,84,IXI035-IOP-0873-MRA_IXI-IOP,IXI-IOP
adaptive,154,199,1,40.352793062286544,34.54753313633829,5.805259925948256,0.28759357092251947,82,71,IXI035-IOP-0873-MRA_IXI-IOP,IXI-IOP
adaptive,155,156,0,2.522231875316508,2.3341892603439245,0.18804261497258334,0.08899686690980252,7,6,IXI035-IOP-0873-MRA_IXI-IOP,IXI-IOP
adaptive,155,264,0,9.05344027740837,7.355919180966779,1.6975210964415908,0.23414640091868866,20,16,IXI035-IOP-0873-MRA_IXI-IOP,IXI-IOP
adaptive,156,156,0,10.022299765874347,7.092021924299882,2.9302778415744655,nan,22,16,IXI035-IOP-0873-MRA_IXI-IOP,IXI-IOP
adaptive,157,159,0,1.9539377121645174,1.915162751668975,0.0387749604955423,0.020385298323183414,5,5,IXI035-IOP-0873-MRA_IXI-IOP,IXI-IOP
adaptive,157,159,1,4.367875441628426,3.0908231443386454,1.2770522972897806,0.6713892605397171,10,8,IXI035-IOP-0873-MRA_IXI-IOP,IXI-IOP
adaptive,157,265,0,4.632192524207004,4.047762349833654,0.5844301743733498,0.15404296366327286,11,10,IXI035-IOP-0873-MRA_IXI-IOP,IXI-IOP
adaptive,158,162,0,7.080645541598788,4.946117710992352,2.1345278306064355,0.6368009093301441,16,11,IXI035-IOP-0873-MRA_IXI-IOP,IXI-IOP
adaptive,158,193,0,20.44421760645896,17.216510753077987,3.2277068533809725,0.22419474634231,42,36,IXI035-IOP-0873-MRA_IXI-IOP,IXI-IOP
adaptive,159,163,0,3.4450536465486072,2.3357152831745838,1.1093383633740235,0.5025859972225808,8,6,IXI035-IOP-0873-MRA_IXI-IOP,IXI-IOP
adaptive,160,165,0,4.175014231656791,3.5098722064224575,0.6651420252343332,0.19135726904202108,10,9,IXI035-IOP-0873-MRA_IXI-IOP,IXI-IOP
adaptive,160,169,0,7.24231198274213,5.999622205742658,1.2426897769994723,0.2661549022070194,16,13,IXI035-IOP-0873-MRA_IXI-IOP,IXI-IOP
adaptive,161,163,0,4.7172583755221105,3.8513375555803915,0.865920819941719,0.22483638669558942,11,9,IXI035-IOP-0873-MRA_IXI-IOP,IXI-IOP
adaptive,161,164,0,2.9827306930451747,2.7223519923426758,0.2603787007024989,0.09564475917694767,7,7,IXI035-IOP-0873-MRA_IXI-IOP,IXI-IOP
adaptive,162,167,0,4.365552480099868,3.132921215498033,1.2326312646018356,0.4035193997496895,10,8,IXI035-IOP-0873-MRA_IXI-IOP,IXI-IOP
adaptive,162,171,0,5.697823753909521,5.0778925228390435,0.6199312310704777,0.16816924026910038,13,12,IXI035-IOP-0873-MRA_IXI-IOP,IXI-IOP
adaptive,163,170,0,5.1678754532197,4.614108915000504,0.5537665382191967,0.12001592255850255,12,11,IXI035-IOP-0873-MRA_IXI-IOP,IXI-IOP
adaptive,164,165,0,6.5894507972967356,4.705505347687152,1.883945449609584,0.43652438429192336,15,11,IXI035-IOP-0873-MRA_IXI-IOP,IXI-IOP
adaptive,164,177,0,10.874583328468205,9.309952379905889,1.564630948562316,0.2250673468194744,23,20,IXI035-IOP-0873-MRA_IXI-IOP,IXI-IOP
adaptive,165,169,0,4.2038860586862254,3.164978635070453,1.0389074236157723,0.3561161291271727,10,8,IXI035-IOP-0873-MRA_IXI-IOP,IXI-IOP
adaptive,165,172,0,6.560080200264913,5.434136336863415,1.1259438634014982,0.20971842398831939,15,12,IXI035-IOP-0873-MRA_IXI-IOP,IXI-IOP
adaptive,166,175,0,46.7271757249155,38.57376998315789,8.15340574175761,0.22755718691420038,95,79,IXI035-IOP-0873-MRA_IXI-IOP,IXI-IOP
adaptive,166,202,0,24.689689937307744,20.050576894097567,4.639113043210177,0.255335616751041,51,42,IXI035-IOP-0873-MRA_IXI-IOP,IXI-IOP
adaptive,166,272,0,67.7969085540619,57.20037445658482,10.596534097477083,0.30892109006803736,137,116,IXI035-IOP-0873-MRA_IXI-IOP,IXI-IOP
adaptive,167,171,0,2.223898298378053,2.223898298378053,0.0,0.0,6,6,IXI035-IOP-0873-MRA_IXI-IOP,IXI-IOP
adaptive,167,174,0,1.4911159340832048,1.3030733183202183,0.18804261576298642,0.14430701106319227,4,4,IXI035-IOP-0873-MRA_IXI-IOP,IXI-IOP
adaptive,168,173,0,5.367796631073923,4.116892176600792,1.2509044544731314,0.30384678558814476,12,10,IXI035-IOP-0873-MRA_IXI-IOP,IXI-IOP
adaptive,168,182,0,7.7812355607603765,6.699659557383037,1.0815760033773394,0.21551667474880343,17,15,IXI035-IOP-0873-MRA_IXI-IOP,IXI-IOP
adaptive,169,172,0,9.492351503235643,7.444044694062535,2.0483068091731074,0.35326136289742605,20,16,IXI035-IOP-0873-MRA_IXI-IOP,IXI-IOP
adaptive,169,189,0,4.7195812882063155,4.250788256290459,0.4687930319158564,0.11028378824142104,11,10,IXI035-IOP-0873-MRA_IXI-IOP,IXI-IOP
adaptive,170,177,0,1.9539377122111117,1.9021041478763352,0.05183356433477648,0.02725064470977981,5,5,IXI035-IOP-0873-MRA_IXI-IOP,IXI-IOP
adaptive,171,183,0,1.9539377120631185,1.0285912861113076,0.9253464259518109,0.8996249904567788,5,4,IXI035-IOP-0873-MRA_IXI-IOP,IXI-IOP
adaptive,172,173,0,1.722821813402974,1.6648123530385435,0.058009460364430554,0.03484444373478741,5,5,IXI035-IOP-0873-MRA_IXI-IOP,IXI-IOP
adaptive,172,176,0,2.4139377355429064,1.454647774614974,0.9592899609279324,0.6594654580087909,6,4,IXI035-IOP-0873-MRA_IXI-IOP,IXI-IOP
adaptive,173,182,0,2.862231882615419,2.862231882615419,0.0,0.0,7,7,IXI035-IOP-0873-MRA_IXI-IOP,IXI-IOP
adaptive,174,183,0,2.604475972917312,2.604475972917312,0.0,0.0,7,7,IXI035-IOP-0873-MRA_IXI-IOP,IXI-IOP
adaptive,174,184,0,1.951115939104253,1.6601205064421851,0.29099543266206784,0.17528572867622846,5,5,IXI035-IOP-0873-MRA_IXI-IOP,IXI-IOP
adaptive,175,178,0,4.552770181277303,3.2526913134606774,1.3000788678166257,0.3996932824324532,11,8,IXI035-IOP-0873-MRA_IXI-IOP,IXI-IOP
adaptive,175,185,0,3.0933477868618806,2.8344259077294653,0.25892187913241527,0.0922605173121225,8,7,IXI035-IOP-0873-MRA_IXI-IOP,IXI-IOP
adaptive,175,195,0,11.44337628731253,10.03214223547372,1.4112340518388091,0.14655578155041887,24,22,IXI035-IOP-0873-MRA_IXI-IOP,IXI-IOP
adaptive,176,181,0,2.876759507598866,2.806421297099917,0.07033821049894895,0.025063311261083514,7,7,IXI035-IOP-0873-MRA_IXI-IOP,IXI-IOP
adaptive,176,182,0,5.01900367018619,4.365725919304502,0.6532777508816876,0.15817352714309454,12,10,IXI035-IOP-0873-MRA_IXI-IOP,IXI-IOP
adaptive,177,266,0,5.013268997841083,4.513917612031781,0.4993513858093017,0.11316092932733494,12,11,IXI035-IOP-0873-MRA_IXI-IOP,IXI-IOP
adaptive,178,179,0,2.062231858013017,0.9200000345048388,1.1422318235081779,1.2415562833353027,6,3,IXI035-IOP-0873-MRA_IXI-IOP,IXI-IOP
adaptive,178,185,0,6.008951969886225,4.172071464557019,1.8368805053292059,0.4870460425296584,14,10,IXI035-IOP-0873-MRA_IXI-IOP,IXI-IOP
adaptive,179,180,0,4.447297796267743,3.0907190576092285,1.3565787386585146,0.47208268233855044,10,8,IXI035-IOP-0873-MRA_IXI-IOP,IXI-IOP
adaptive,179,186,0,2.985053640697222,2.9183417415813624,0.06671189911585973,0.022867469059083247,7,7,IXI035-IOP-0873-MRA_IXI-IOP,IXI-IOP
adaptive,180,181,0,1.3828218064707005,1.2191800943077733,0.16364171216292722,0.13422275587253563,4,4,IXI035-IOP-0873-MRA_IXI-IOP,IXI-IOP
adaptive,180,186,0,5.630697243857327,4.156642273463599,1.4740549703937278,0.3740485183795891,13,10,IXI035-IOP-0873-MRA_IXI-IOP,IXI-IOP
adaptive,181,190,0,4.707875448246366,3.000331358168591,1.707544090077775,0.7736032378251451,11,8,IXI035-IOP-0873-MRA_IXI-IOP,IXI-IOP
adaptive,181,190,1,5.290697224426825,3.400249483400458,1.8904477410263674,0.8564677784282674,12,8,IXI035-IOP-0873-MRA_IXI-IOP,IXI-IOP
adaptive,183,187,0,2.7921924425940863,2.4577660964223425,0.3344263461717438,0.13733243736780784,7,6,IXI035-IOP-0873-MRA_IXI-IOP,IXI-IOP
adaptive,184,187,0,2.712770112854093,2.5966898267312843,0.11608028612280874,0.07979958490148416,7,7,IXI035-IOP-0873-MRA_IXI-IOP,IXI-IOP
adaptive,184,188,0,1.4911159340837554,1.3030733183203163,0.18804261576343917,0.1443070110635289,4,4,IXI035-IOP-0873-MRA_IXI-IOP,IXI-IOP
adaptive,185,192,0,9.612850320430145,8.045191582918154,1.5676587375119908,0.20050786853807342,21,18,IXI035-IOP-0873-MRA_IXI-IOP,IXI-IOP
adaptive,186,193,0,8.249700835824612,7.539927006656309,0.7097738291683031,0.0943281186985856,18,17,IXI035-IOP-0873-MRA_IXI-IOP,IXI-IOP
adaptive,187,188,0,1.4911159464175003,1.303073331520601,0.18804261489689944,0.14430700893668516,4,4,IXI035-IOP-0873-MRA_IXI-IOP,IXI-IOP
adaptive,187,268,0,37.710506982250244,34.263672258417344,3.4468347238329002,0.13555313992833165,77,70,IXI035-IOP-0873-MRA_IXI-IOP,IXI-IOP
adaptive,188,189,0,10.295763225758279,9.104198247476322,1.1915649782819564,0.13522049229054287,22,20,IXI035-IOP-0873-MRA_IXI-IOP,IXI-IOP
adaptive,189,191,0,1.845643566295884,1.8456435662958843,2.220446049250313e-16,1.2030741416158911e-16,5,5,IXI035-IOP-0873-MRA_IXI-IOP,IXI-IOP
adaptive,190,191,0,7.239490251204814,5.697218319845426,1.5422719313593882,0.2743075117041714,16,13,IXI035-IOP-0873-MRA_IXI-IOP,IXI-IOP
adaptive,191,273,0,47.32391151468917,37.49021774497468,9.833693769714493,0.5895224276744272,96,76,IXI035-IOP-0873-MRA_IXI-IOP,IXI-IOP
adaptive,192,195,0,2.062231858430814,2.062231858430814,0.0,0.0,6,6,IXI035-IOP-0873-MRA_IXI-IOP,IXI-IOP
adaptive,192,197,0,47.04216506310073,39.4297033619909,7.6124617011098294,0.33226733360733307,96,80,IXI035-IOP-0873-MRA_IXI-IOP,IXI-IOP
adaptive,193,196,0,32.0381864120277,27.612450698920473,4.425735713107226,0.487796983710079,66,57,IXI035-IOP-0873-MRA_IXI-IOP,IXI-IOP
adaptive,193,205,0,21.958561729962263,16.480739467265693,5.47782226269657,0.37481754666991224,45,34,IXI035-IOP-0873-MRA_IXI-IOP,IXI-IOP
adaptive,194,267,0,4.58505369591764,4.36411200357112,0.2209416923465204,0.05102320819949297,11,10,IXI035-IOP-0873-MRA_IXI-IOP,IXI-IOP
adaptive,194,275,0,38.24309358783555,33.758673918029196,4.484419669806357,0.22255088001943502,78,69,IXI035-IOP-0873-MRA_IXI-IOP,IXI-IOP
adaptive,195,196,0,2.985053641329992,2.9173276219956934,0.06772601933429856,0.023215088639228103,7,7,IXI035-IOP-0873-MRA_IXI-IOP,IXI-IOP
adaptive,196,200,0,25.080506822897632,21.49922427200383,3.5812825508938033,0.241412048892107,52,44,IXI035-IOP-0873-MRA_IXI-IOP,IXI-IOP
adaptive,196,206,0,20.842878795307158,16.119975831007302,4.7229029642998555,0.3175755683013394,43,34,IXI035-IOP-0873-MRA_IXI-IOP,IXI-IOP
adaptive,197,198,0,3.7121924653944127,2.84651658151565,0.8656758838787626,0.35549046785373234,9,7,IXI035-IOP-0873-MRA_IXI-IOP,IXI-IOP
adaptive,197,198,1,3.794436587138742,2.7372246140683956,1.0572119730703466,0.4341449102675703,9,7,IXI035-IOP-0873-MRA_IXI-IOP,IXI-IOP
adaptive,197,200,0,10.949359784899217,9.468526984928502,1.480832799970715,0.15779240535838657,23,20,IXI035-IOP-0873-MRA_IXI-IOP,IXI-IOP
adaptive,198,201,0,5.933268985005265,5.145991017583047,0.7872779674222183,0.15621947340665832,13,12,IXI035-IOP-0873-MRA_IXI-IOP,IXI-IOP
adaptive,199,271,0,4.491287168620133,4.28407165289575,0.2072155157243829,0.04926335370932822,10,10,IXI035-IOP-0873-MRA_IXI-IOP,IXI-IOP
adaptive,200,279,0,46.11555078754303,39.31845463868908,6.797096148853946,0.4485098879840317,94,80,IXI035-IOP-0873-MRA_IXI-IOP,IXI-IOP
adaptive,201,202,0,1.9539377179738755,1.9021041564017644,0.05183356157211105,0.02725064313521363,5,5,IXI035-IOP-0873-MRA_IXI-IOP,IXI-IOP
adaptive,201,204,0,3.252192448142086,2.529178272088772,0.7230141760533142,0.2917467606906634,8,7,IXI035-IOP-0873-MRA_IXI-IOP,IXI-IOP
adaptive,202,203,0,1.9511159392064321,1.6601205066316025,0.2909954325748296,0.17528572860367927,5,5,IXI035-IOP-0873-MRA_IXI-IOP,IXI-IOP
adaptive,203,204,0,1.9539377183406217,1.915162759920888,0.03877495841973366,0.02038529713587503,5,5,IXI035-IOP-0873-MRA_IXI-IOP,IXI-IOP
adaptive,203,280,0,19.489282283614116,17.744945518716502,1.7443367648976142,0.1056252349792394,40,37,IXI035-IOP-0873-MRA_IXI-IOP,IXI-IOP
adaptive,204,207,0,6.3960907508030225,5.366759536069494,1.0293312147335287,0.20014387214084794,14,12,IXI035-IOP-0873-MRA_IXI-IOP,IXI-IOP
adaptive,205,206,0,1.953937718340625,1.9151627599209384,0.03877495841968659,0.02038529713585028,5,5,IXI035-IOP-0873-MRA_IXI-IOP,IXI-IOP
adaptive,205,277,0,16.76762812980978,15.697521166071946,1.0701069637378335,0.06851393359422935,35,33,IXI035-IOP-0873-MRA_IXI-IOP,IXI-IOP
adaptive,206,276,0,13.45583099550172,11.735498487735219,1.7203325077665017,0.1701738734655103,28,25,IXI035-IOP-0873-MRA_IXI-IOP,IXI-IOP
adaptive,207,269,0,62.38632601436111,52.79273657478564,9.593589439575467,0.26615441936541867,126,107,IXI035-IOP-0873-MRA_IXI-IOP,IXI-IOP
adaptive,207,274,0,35.07406522444618,30.816405376125427,4.257659848320753,0.14530310651738185,72,63,IXI035-IOP-0873-MRA_IXI-IOP,IXI-IOP
adaptive,270,278,0,30.2621325491209,25.4078398783812,4.854292670739699,0.27255397001107745,62,52,IXI035-IOP-0873-MRA_IXI-IOP,IXI-IOP
dense,0,33,0,60.24981624814121,60.24981624814121,0.0,0.0,122,122,IXI035-IOP-0873-MRA_IXI-IOP,IXI-IOP
dense,0,210,0,21.615321306072687,21.615321306072687,0.0,0.0,45,45,IXI035-IOP-0873-MRA_IXI-IOP,IXI-IOP
dense,0,212,0,33.17978633482205,33.17978633482205,0.0,0.0,68,68,IXI035-IOP-0873-MRA_IXI-IOP,IXI-IOP
dense,1,2,0,9.57400564521883,9.57400564521883,0.0,0.0,21,21,IXI035-IOP-0873-MRA_IXI-IOP,IXI-IOP
dense,1,2,1,12.937313993910992,12.937313993910992,0.0,0.0,27,27,IXI035-IOP-0873-MRA_IXI-IOP,IXI-IOP
dense,1,11,0,47.16547332350173,47.16547332350173,0.0,0.0,96,96,IXI035-IOP-0873-MRA_IXI-IOP,IXI-IOP
dense,2,209,0,19.90752470339758,19.90752470339758,0.0,0.0,41,41,IXI035-IOP-0873-MRA_IXI-IOP,IXI-IOP
dense,2,217,0,26.94163378510754,26.94163378510754,0.0,0.0,55,55,IXI035-IOP-0873-MRA_IXI-IOP,IXI-IOP
dense,3,4,0,2.0622318576980687,2.0622318576980687,0.0,0.0,6,6,IXI035-IOP-0873-MRA_IXI-IOP,IXI-IOP
dense,3,208,0,26.207853635723136,26.207853635723136,0.0,0.0,54,54,IXI035-IOP-0873-MRA_IXI-IOP,IXI-IOP
dense,3,214,0,65.92261741453517,65.92261741453517,0.0,0.0,133,133,IXI035-IOP-0873-MRA_IXI-IOP,IXI-IOP
dense,4,5,0,1.4911159342356595,1.4911159342356595,0.0,0.0,4,4,IXI035-IOP-0873-MRA_IXI-IOP,IXI-IOP
dense,4,216,0,34.13189881662107,34.13189881662107,0.0,0.0,70,70,IXI035-IOP-0873-MRA_IXI-IOP,IXI-IOP
dense,5,13,0,10.652351436224123,10.652351436224123,0.0,0.0,23,23,IXI035-IOP-0873-MRA_IXI-IOP,IXI-IOP
dense,5,15,0,13.286198054698842,13.286198054698842,0.0,0.0,28,28,IXI035-IOP-0873-MRA_IXI-IOP,IXI-IOP
dense,6,7,0,1.6816541837908967,1.6816541837908967,0.0,0.0,5,5,IXI035-IOP-0873-MRA_IXI-IOP,IXI-IOP
dense,6,12,0,25.014323745984395,25.014323745984395,0.0,0.0,52,52,IXI035-IOP-0873-MRA_IXI-IOP,IXI-IOP
dense,6,220,0,24.543864302832155,24.543864302832155,0.0,0.0,51,51,IXI035-IOP-0873-MRA_IXI-IOP,IXI-IOP
dense,7,8,0,7.6906061526766365,7.6906061526766365,0.0,0.0,17,17,IXI035-IOP-0873-MRA_IXI-IOP,IXI-IOP
dense,7,221,0,6.887784362171296,6.887784362171296,0.0,0.0,15,15,IXI035-IOP-0873-MRA_IXI-IOP,IXI-IOP
dense,8,34,0,25.14899665750451,25.14899665750451,0.0,0.0,52,52,IXI035-IOP-0873-MRA_IXI-IOP,IXI-IOP
dense,8,219,0,33.84153158345905,33.84153158345905,0.0,0.0,69,69,IXI035-IOP-0873-MRA_IXI-IOP,IXI-IOP
dense,9,12,0,9.621235605198047,9.621235605198047,0.0,0.0,21,21,IXI035-IOP-0873-MRA_IXI-IOP,IXI-IOP
dense,9,211,0,50.263965840693075,50.263965840693075,0.0,0.0,102,102,IXI035-IOP-0873-MRA_IXI-IOP,IXI-IOP
dense,9,215,0,11.906198074680892,11.906198074680892,0.0,0.0,25,25,IXI035-IOP-0873-MRA_IXI-IOP,IXI-IOP
dense,10,11,0,1.9539377183410807,1.9539377183410807,0.0,0.0,5,5,IXI035-IOP-0873-MRA_IXI-IOP,IXI-IOP
dense,10,21,0,50.964331549656734,50.964331549656734,0.0,0.0,103,103,IXI035-IOP-0873-MRA_IXI-IOP,IXI-IOP
dense,10,213,0,45.39980110475747,45.39980110475747,0.0,0.0,92,92,IXI035-IOP-0873-MRA_IXI-IOP,IXI-IOP
dense,11,33,0,17.868613369141098,17.868613369141098,0.0,0.0,37,37,IXI035-IOP-0873-MRA_IXI-IOP,IXI-IOP
dense,12,14,0,1.9539377182904782,1.9539377182904782,0.0,0.0,5,5,IXI035-IOP-0873-MRA_IXI-IOP,IXI-IOP
dense,13,15,0,1.9539377183815092,1.9539377183815092,0.0,0.0,5,5,IXI035-IOP-0873-MRA_IXI-IOP,IXI-IOP
dense,13,20,0,12.313599129880153,12.313599129880153,0.0,0.0,26,26,IXI035-IOP-0873-MRA_IXI-IOP,IXI-IOP
dense,14,16,0,41.14027295562826,41.14027295562826,0.0,0.0,84,84,IXI035-IOP-0873-MRA_IXI-IOP,IXI-IOP
dense,14,17,0,18.811422956868153,18.811422956868153,0.0,0.0,39,39,IXI035-IOP-0873-MRA_IXI-IOP,IXI-IOP
dense,15,18,0,43.15618142835093,43.15618142835093,0.0,0.0,88,88,IXI035-IOP-0873-MRA_IXI-IOP,IXI-IOP
dense,16,19,0,8.648860886473047,8.648860886473047,0.0,0.0,19,19,IXI035-IOP-0873-MRA_IXI-IOP,IXI-IOP
dense,16,31,0,20.214415879844097,20.214415879844097,0.0,0.0,42,42,IXI035-IOP-0873-MRA_IXI-IOP,IXI-IOP
dense,17,20,0,9.96497504925637,9.96497504925637,0.0,0.0,21,21,IXI035-IOP-0873-MRA_IXI-IOP,IXI-IOP
dense,17,24,0,10.54173446879159,10.54173446879159,0.0,0.0,23,23,IXI035-IOP-0873-MRA_IXI-IOP,IXI-IOP
dense,18,21,0,2.0622318583304002,2.0622318583304002,0.0,0.0,6,6,IXI035-IOP-0873-MRA_IXI-IOP,IXI-IOP
dense,18,22,0,1.5733600372560157,1.5733600372560157,0.0,0.0,5,5,IXI035-IOP-0873-MRA_IXI-IOP,IXI-IOP
dense,19,34,0,8.329123146597937,8.329123146597937,0.0,0.0,18,18,IXI035-IOP-0873-MRA_IXI-IOP,IXI-IOP
dense,19,222,0,33.853054026126,33.853054026126,0.0,0.0,69,69,IXI035-IOP-0873-MRA_IXI-IOP,IXI-IOP
dense,20,33,0,15.554504669618716,15.554504669618716,0.0,0.0,33,33,IXI035-IOP-0873-MRA_IXI-IOP,IXI-IOP
dense,21,22,0,2.9850536472299294,2.9850536472299294,0.0,0.0,7,7,IXI035-IOP-0873-MRA_IXI-IOP,IXI-IOP
dense,21,27,0,3.061654222628963,3.061654222628963,0.0,0.0,8,8,IXI035-IOP-0873-MRA_IXI-IOP,IXI-IOP
dense,22,23,0,1.5733600434718373,1.5733600434718373,0.0,0.0,5,5,IXI035-IOP-0873-MRA_IXI-IOP,IXI-IOP
dense,23,25,0,1.5733600434725592,1.5733600434725592,0.0,0.0,5,5,IXI035-IOP-0873-MRA_IXI-IOP,IXI-IOP
dense,23,27,0,2.7539377363505695,2.7539377363505695,0.0,0.0,7,7,IXI035-IOP-0873-MRA_IXI-IOP,IXI-IOP
dense,24,26,0,4.476169593330266,4.476169593330266,0.0,0.0,10,10,IXI035-IOP-0873-MRA_IXI-IOP,IXI-IOP
dense,24,30,0,3.8933478116807043,3.8933478116807043,0.0,0.0,9,9,IXI035-IOP-0873-MRA_IXI-IOP,IXI-IOP
dense,25,28,0,2.0333600607237683,2.0333600607237683,0.0,0.0,6,6,IXI035-IOP-0873-MRA_IXI-IOP,IXI-IOP
dense,25,29,0,1.8456435659998798,1.8456435659998798,0.0,0.0,5,5,IXI035-IOP-0873-MRA_IXI-IOP,IXI-IOP
dense,26,30,0,7.622889674746885,7.622889674746885,0.0,0.0,17,17,IXI035-IOP-0873-MRA_IXI-IOP,IXI-IOP
dense,26,31,0,7.128374356494337,7.128374356494337,0.0,0.0,16,16,IXI035-IOP-0873-MRA_IXI-IOP,IXI-IOP
dense,26,35,0,8.731104966063473,8.731104966063473,0.0,0.0,19,19,IXI035-IOP-0873-MRA_IXI-IOP,IXI-IOP
dense,27,29,0,2.4961818326903407,2.4961818326903407,0.0,0.0,6,6,IXI035-IOP-0873-MRA_IXI-IOP,IXI-IOP
dense,28,30,0,2.4933600779763885,2.4933600779763885,0.0,0.0,6,6,IXI035-IOP-0873-MRA_IXI-IOP,IXI-IOP
dense,28,32,0,2.062231858013459,2.062231858013459,0.0,0.0,6,6,IXI035-IOP-0873-MRA_IXI-IOP,IXI-IOP
dense,29,32,0,2.876759507283909,2.876759507283909,0.0,0.0,7,7,IXI035-IOP-0873-MRA_IXI-IOP,IXI-IOP
dense,30,32,0,5.398991382549196,5.398991382549196,0.0,0.0,12,12,IXI035-IOP-0873-MRA_IXI-IOP,IXI-IOP
dense,31,36,0,5.822153052165036,5.822153052165036,0.0,0.0,13,13,IXI035-IOP-0873-MRA_IXI-IOP,IXI-IOP
dense,34,218,0,45.077937939827066,45.077937939827066,0.0,0.0,92,92,IXI035-IOP-0873-MRA_IXI-IOP,IXI-IOP
dense,35,37,0,5.830119602420113,5.830119602420113,0.0,0.0,13,13,IXI035-IOP-0873-MRA_IXI-IOP,IXI-IOP
dense,35,39,0,6.281654233679434,6.281654233679434,0.0,0.0,14,14,IXI035-IOP-0873-MRA_IXI-IOP,IXI-IOP
dense,36,38,0,4.599581308913486,4.599581308913486,0.0,0.0,11,11,IXI035-IOP-0873-MRA_IXI-IOP,IXI-IOP
dense,36,40,0,7.046130180802466,7.046130180802466,0.0,0.0,16,16,IXI035-IOP-0873-MRA_IXI-IOP,IXI-IOP
dense,36,224,0,23.07242062843083,23.07242062843083,0.0,0.0,48,48,IXI035-IOP-0873-MRA_IXI-IOP,IXI-IOP
dense,37,38,0,2.6044759667919624,2.6044759667919624,0.0,0.0,7,7,IXI035-IOP-0873-MRA_IXI-IOP,IXI-IOP
dense,37,223,0,8.429450865380005,8.429450865380005,0.0,0.0,18,18,IXI035-IOP-0873-MRA_IXI-IOP,IXI-IOP
dense,38,42,0,5.719003628654027,5.719003628654027,0.0,0.0,13,13,IXI035-IOP-0873-MRA_IXI-IOP,IXI-IOP
dense,39,41,0,1.9539377118487964,1.9539377118487964,0.0,0.0,5,5,IXI035-IOP-0873-MRA_IXI-IOP,IXI-IOP
dense,39,43,0,3.4450536462939283,3.4450536462939283,0.0,0.0,8,8,IXI035-IOP-0873-MRA_IXI-IOP,IXI-IOP
dense,40,41,0,2.0333600610036635,2.0333600610036635,0.0,0.0,6,6,IXI035-IOP-0873-MRA_IXI-IOP,IXI-IOP
dense,40,42,0,2.8767595074970327,2.8767595074970327,0.0,0.0,7,7,IXI035-IOP-0873-MRA_IXI-IOP,IXI-IOP
dense,41,45,0,2.6838982972747196,2.6838982972747196,0.0,0.0,7,7,IXI035-IOP-0873-MRA_IXI-IOP,IXI-IOP
dense,42,44,0,2.062231858430361,2.062231858430361,0.0,0.0,6,6,IXI035-IOP-0873-MRA_IXI-IOP,IXI-IOP
dense,42,45,0,9.222299760698611,9.222299760698611,0.0,0.0,20,20,IXI035-IOP-0873-MRA_IXI-IOP,IXI-IOP
dense,43,44,0,1.8428218236302678,1.8428218236302678,0.0,0.0,5,5,IXI035-IOP-0873-MRA_IXI-IOP,IXI-IOP
dense,43,46,0,15.480725707280198,15.480725707280198,0.0,0.0,32,32,IXI035-IOP-0873-MRA_IXI-IOP,IXI-IOP
dense,44,225,0,8.350028524086493,8.350028524086493,0.0,0.0,18,18,IXI035-IOP-0873-MRA_IXI-IOP,IXI-IOP
dense,45,46,0,3.9872977673393257,3.9872977673393257,0.0,0.0,9,9,IXI035-IOP-0873-MRA_IXI-IOP,IXI-IOP
dense,46,56,0,16.011682711649982,16.011682711649982,0.0,0.0,34,34,IXI035-IOP-0873-MRA_IXI-IOP,IXI-IOP
dense,47,48,0,34.68533760764071,34.68533760764071,0.0,0.0,71,71,IXI035-IOP-0873-MRA_IXI-IOP,IXI-IOP
dense,47,226,0,6.11724610909225,6.11724610909225,0.0,0.0,14,14,IXI035-IOP-0873-MRA_IXI-IOP,IXI-IOP
dense,47,228,0,4.904475991577928,4.904475991577928,0.0,0.0,11,11,IXI035-IOP-0873-MRA_IXI-IOP,IXI-IOP
dense,48,49,0,36.58327595123075,36.58327595123075,0.0,0.0,75,75,IXI035-IOP-0873-MRA_IXI-IOP,IXI-IOP
dense,48,230,0,3.9816542578223393,3.9816542578223393,0.0,0.0,9,9,IXI035-IOP-0873-MRA_IXI-IOP,IXI-IOP
dense,49,51,0,3.984476018226754,3.984476018226754,0.0,0.0,9,9,IXI035-IOP-0873-MRA_IXI-IOP,IXI-IOP
dense,49,57,0,12.638481617132268,12.638481617132268,0.0,0.0,27,27,IXI035-IOP-0873-MRA_IXI-IOP,IXI-IOP
dense,49,227,0,39.57629584824248,39.57629584824248,0.0,0.0,81,81,IXI035-IOP-0873-MRA_IXI-IOP,IXI-IOP
dense,50,51,0,2.413937735594855,2.413937735594855,0.0,0.0,6,6,IXI035-IOP-0873-MRA_IXI-IOP,IXI-IOP
dense,50,54,0,12.299570378725713,12.299570378725713,0.0,0.0,26,26,IXI035-IOP-0873-MRA_IXI-IOP,IXI-IOP
dense,50,65,0,25.084703182723036,25.084703182723036,0.0,0.0,52,52,IXI035-IOP-0873-MRA_IXI-IOP,IXI-IOP
dense,51,54,0,11.77417681877168,11.77417681877168,0.0,0.0,25,25,IXI035-IOP-0873-MRA_IXI-IOP,IXI-IOP
dense,52,53,0,17.16802352268613,17.16802352268613,0.0,0.0,36,36,IXI035-IOP-0873-MRA_IXI-IOP,IXI-IOP
dense,52,53,1,17.06205234346174,17.06205234346174,0.0,0.0,36,36,IXI035-IOP-0873-MRA_IXI-IOP,IXI-IOP
dense,52,66,0,19.22511060070358,19.22511060070358,0.0,0.0,40,40,IXI035-IOP-0873-MRA_IXI-IOP,IXI-IOP
dense,53,55,0,3.5533478047983866,3.5533478047983866,0.0,0.0,9,9,IXI035-IOP-0873-MRA_IXI-IOP,IXI-IOP
dense,54,57,0,6.208374323102892,6.208374323102892,0.0,0.0,14,14,IXI035-IOP-0873-MRA_IXI-IOP,IXI-IOP
dense,55,60,0,22.170085457942704,22.170085457942704,0.0,0.0,46,46,IXI035-IOP-0873-MRA_IXI-IOP,IXI-IOP
dense,55,229,0,17.045791652800613,17.045791652800613,0.0,0.0,36,36,IXI035-IOP-0873-MRA_IXI-IOP,IXI-IOP
dense,56,58,0,1.8456435662958857,1.8456435662958857,0.0,0.0,5,5,IXI035-IOP-0873-MRA_IXI-IOP,IXI-IOP
dense,56,102,0,18.38686692049668,18.38686692049668,0.0,0.0,38,38,IXI035-IOP-0873-MRA_IXI-IOP,IXI-IOP
dense,57,60,0,3.5244760074211676,3.5244760074211676,0.0,0.0,9,9,IXI035-IOP-0873-MRA_IXI-IOP,IXI-IOP
dense,57,63,0,31.502800490492103,31.502800490492103,0.0,0.0,65,65,IXI035-IOP-0873-MRA_IXI-IOP,IXI-IOP
dense,58,61,0,3.7438860414440605,3.7438860414440605,0.0,0.0,9,9,IXI035-IOP-0873-MRA_IXI-IOP,IXI-IOP
dense,58,233,0,23.066777181478297,23.066777181478297,0.0,0.0,48,48,IXI035-IOP-0873-MRA_IXI-IOP,IXI-IOP
dense,59,60,0,2.7628218581351236,2.7628218581351236,0.0,0.0,7,7,IXI035-IOP-0873-MRA_IXI-IOP,IXI-IOP
dense,59,64,0,24.107786114529713,24.107786114529713,0.0,0.0,50,50,IXI035-IOP-0873-MRA_IXI-IOP,IXI-IOP
dense,59,234,0,24.21365494446139,24.21365494446139,0.0,0.0,50,50,IXI035-IOP-0873-MRA_IXI-IOP,IXI-IOP
dense,61,62,0,9.894516769775793,9.894516769775793,0.0,0.0,21,21,IXI035-IOP-0873-MRA_IXI-IOP,IXI-IOP
dense,61,68,0,14.12445287206957,14.12445287206957,0.0,0.0,30,30,IXI035-IOP-0873-MRA_IXI-IOP,IXI-IOP
dense,62,232,0,12.718402766141239,12.718402766141239,0.0,0.0,27,27,IXI035-IOP-0873-MRA_IXI-IOP,IXI-IOP
dense,62,236,0,19.116408879893317,19.116408879893317,0.0,0.0,40,40,IXI035-IOP-0873-MRA_IXI-IOP,IXI-IOP
dense,63,64,0,2.8767595009741926,2.8767595009741926,0.0,0.0,7,7,IXI035-IOP-0873-MRA_IXI-IOP,IXI-IOP
dense,63,235,0,32.3652587211864,32.3652587211864,0.0,0.0,66,66,IXI035-IOP-0873-MRA_IXI-IOP,IXI-IOP
dense,64,231,0,50.805079128432446,50.805079128432446,0.0,0.0,103,103,IXI035-IOP-0873-MRA_IXI-IOP,IXI-IOP
dense,65,67,0,1.8456435784338363,1.8456435784338363,0.0,0.0,5,5,IXI035-IOP-0873-MRA_IXI-IOP,IXI-IOP
dense,65,69,0,1.9539377121644308,1.9539377121644308,0.0,0.0,5,5,IXI035-IOP-0873-MRA_IXI-IOP,IXI-IOP
dense,66,67,0,1.7228218133113704,1.7228218133113704,0.0,0.0,5,5,IXI035-IOP-0873-MRA_IXI-IOP,IXI-IOP
dense,66,99,0,8.021825427086464,8.021825427086464,0.0,0.0,18,18,IXI035-IOP-0873-MRA_IXI-IOP,IXI-IOP
dense,67,68,0,1.5733600433803931,1.5733600433803931,0.0,0.0,5,5,IXI035-IOP-0873-MRA_IXI-IOP,IXI-IOP
dense,68,70,0,3.8233083719159304,3.8233083719159304,0.0,0.0,9,9,IXI035-IOP-0873-MRA_IXI-IOP,IXI-IOP
dense,69,70,0,4.555591929885924,4.555591929885924,0.0,0.0,11,11,IXI035-IOP-0873-MRA_IXI-IOP,IXI-IOP
dense,69,237,0,5.589529607377382,5.589529607377382,0.0,0.0,13,13,IXI035-IOP-0873-MRA_IXI-IOP,IXI-IOP
dense,70,99,0,6.386707859646458,6.386707859646458,0.0,0.0,14,14,IXI035-IOP-0873-MRA_IXI-IOP,IXI-IOP
dense,71,73,0,1.5733600438432234,1.5733600438432234,0.0,0.0,5,5,IXI035-IOP-0873-MRA_IXI-IOP,IXI-IOP
dense,71,81,0,4.0667201213580855,4.0667201213580855,0.0,0.0,10,10,IXI035-IOP-0873-MRA_IXI-IOP,IXI-IOP
dense,71,90,0,2.9850536415783235,2.9850536415783235,0.0,0.0,7,7,IXI035-IOP-0873-MRA_IXI-IOP,IXI-IOP
dense,72,73,0,2.601654217926285,2.601654217926285,0.0,0.0,7,7,IXI035-IOP-0873-MRA_IXI-IOP,IXI-IOP
dense,72,79,0,11.00970095167108,11.00970095167108,0.0,0.0,24,24,IXI035-IOP-0873-MRA_IXI-IOP,IXI-IOP
dense,72,88,0,2.8767595014889498,2.8767595014889498,0.0,0.0,7,7,IXI035-IOP-0873-MRA_IXI-IOP,IXI-IOP
dense,73,89,0,2.8767595014894436,2.8767595014894436,0.0,0.0,7,7,IXI035-IOP-0873-MRA_IXI-IOP,IXI-IOP
dense,74,82,0,8.241235584069425,8.241235584069425,0.0,0.0,18,18,IXI035-IOP-0873-MRA_IXI-IOP,IXI-IOP
dense,74,84,0,10.919752644069822,10.919752644069822,0.0,0.0,23,23,IXI035-IOP-0873-MRA_IXI-IOP,IXI-IOP
dense,74,85,0,5.719003707893361,5.719003707893361,0.0,0.0,13,13,IXI035-IOP-0873-MRA_IXI-IOP,IXI-IOP
dense,75,76,0,1.8456435784342178,1.8456435784342178,0.0,0.0,5,5,IXI035-IOP-0873-MRA_IXI-IOP,IXI-IOP
dense,75,93,0,2.753937736034434,2.753937736034434,0.0,0.0,7,7,IXI035-IOP-0873-MRA_IXI-IOP,IXI-IOP
dense,75,240,0,22.26276317681516,22.26276317681516,0.0,0.0,46,46,IXI035-IOP-0873-MRA_IXI-IOP,IXI-IOP
dense,76,85,0,4.79900367375962,4.79900367375962,0.0,0.0,11,11,IXI035-IOP-0873-MRA_IXI-IOP,IXI-IOP
dense,76,86,0,2.8739377527849257,2.8739377527849257,0.0,0.0,7,7,IXI035-IOP-0873-MRA_IXI-IOP,IXI-IOP
dense,77,80,0,32.75564941498097,32.75564941498097,0.0,0.0,67,67,IXI035-IOP-0873-MRA_IXI-IOP,IXI-IOP
dense,77,239,0,38.4487629639188,38.4487629639188,0.0,0.0,78,78,IXI035-IOP-0873-MRA_IXI-IOP,IXI-IOP
dense,77,242,0,14.320410432990162,14.320410432990162,0.0,0.0,30,30,IXI035-IOP-0873-MRA_IXI-IOP,IXI-IOP
dense,78,79,0,6.747297882529742,6.747297882529742,0.0,0.0,15,15,IXI035-IOP-0873-MRA_IXI-IOP,IXI-IOP
dense,78,79,1,8.159989079468989,8.159989079468989,0.0,0.0,18,18,IXI035-IOP-0873-MRA_IXI-IOP,IXI-IOP
dense,78,87,0,6.472192593372722,6.472192593372722,0.0,0.0,14,14,IXI035-IOP-0873-MRA_IXI-IOP,IXI-IOP
dense,80,103,0,7.1316949119210244,7.1316949119210244,0.0,0.0,16,16,IXI035-IOP-0873-MRA_IXI-IOP,IXI-IOP
dense,80,108,0,7.476340809133425,7.476340809133425,0.0,0.0,16,16,IXI035-IOP-0873-MRA_IXI-IOP,IXI-IOP
dense,81,82,0,1.681654183420671,1.681654183420671,0.0,0.0,5,5,IXI035-IOP-0873-MRA_IXI-IOP,IXI-IOP
dense,81,91,0,1.8311159533997845,1.8311159533997845,0.0,0.0,5,5,IXI035-IOP-0873-MRA_IXI-IOP,IXI-IOP
dense,82,92,0,2.712770113007673,2.712770113007673,0.0,0.0,7,7,IXI035-IOP-0873-MRA_IXI-IOP,IXI-IOP
dense,83,84,0,2.3056435955038164,2.3056435955038164,0.0,0.0,6,6,IXI035-IOP-0873-MRA_IXI-IOP,IXI-IOP
dense,83,94,0,6.046707882687102,6.046707882687102,0.0,0.0,14,14,IXI035-IOP-0873-MRA_IXI-IOP,IXI-IOP
dense,83,104,0,2.982231868053517,2.982231868053517,0.0,0.0,7,7,IXI035-IOP-0873-MRA_IXI-IOP,IXI-IOP
dense,83,106,0,3.2550142207221224,3.2550142207221224,0.0,0.0,8,8,IXI035-IOP-0873-MRA_IXI-IOP,IXI-IOP
dense,84,105,0,3.4450536463518,3.4450536463518,0.0,0.0,8,8,IXI035-IOP-0873-MRA_IXI-IOP,IXI-IOP
dense,85,95,0,1.9539377122102508,1.9539377122102508,0.0,0.0,5,5,IXI035-IOP-0873-MRA_IXI-IOP,IXI-IOP
dense,86,96,0,1.9539377118488086,1.9539377118488086,0.0,0.0,5,5,IXI035-IOP-0873-MRA_IXI-IOP,IXI-IOP
dense,86,241,0,30.416057914355026,30.416057914355026,0.0,0.0,62,62,IXI035-IOP-0873-MRA_IXI-IOP,IXI-IOP
dense,87,98,0,10.263308626103377,10.263308626103377,0.0,0.0,22,22,IXI035-IOP-0873-MRA_IXI-IOP,IXI-IOP
dense,87,100,0,14.414176942174041,14.414176942174041,0.0,0.0,30,30,IXI035-IOP-0873-MRA_IXI-IOP,IXI-IOP
dense,87,246,0,5.4523636771557795,5.4523636771557795,0.0,0.0,12,12,IXI035-IOP-0873-MRA_IXI-IOP,IXI-IOP
dense,88,89,0,3.445053664747307,3.445053664747307,0.0,0.0,8,8,IXI035-IOP-0873-MRA_IXI-IOP,IXI-IOP
dense,88,100,0,10.890119793027083,10.890119793027083,0.0,0.0,23,23,IXI035-IOP-0873-MRA_IXI-IOP,IXI-IOP
dense,89,90,0,2.862231882463404,2.862231882463404,0.0,0.0,7,7,IXI035-IOP-0873-MRA_IXI-IOP,IXI-IOP
dense,90,91,0,4.203886059220512,4.203886059220512,0.0,0.0,10,10,IXI035-IOP-0873-MRA_IXI-IOP,IXI-IOP
dense,91,92,0,2.101076533067994,2.101076533067994,0.0,0.0,6,6,IXI035-IOP-0873-MRA_IXI-IOP,IXI-IOP
dense,92,105,0,10.555344419565992,10.555344419565992,0.0,0.0,23,23,IXI035-IOP-0873-MRA_IXI-IOP,IXI-IOP
dense,93,96,0,6.7824031513399845,6.7824031513399845,0.0,0.0,15,15,IXI035-IOP-0873-MRA_IXI-IOP,IXI-IOP
dense,93,249,0,11.63441334925659,11.63441334925659,0.0,0.0,25,25,IXI035-IOP-0873-MRA_IXI-IOP,IXI-IOP
dense,94,109,0,3.606720098779047,3.606720098779047,0.0,0.0,9,9,IXI035-IOP-0873-MRA_IXI-IOP,IXI-IOP
dense,94,113,0,3.553347792311998,3.553347792311998,0.0,0.0,9,9,IXI035-IOP-0873-MRA_IXI-IOP,IXI-IOP
dense,95,96,0,9.407194495064052,9.407194495064052,0.0,0.0,20,20,IXI035-IOP-0873-MRA_IXI-IOP,IXI-IOP
dense,95,110,0,13.41410919382818,13.41410919382818,0.0,0.0,28,28,IXI035-IOP-0873-MRA_IXI-IOP,IXI-IOP
dense,95,251,0,36.08915712100329,36.08915712100329,0.0,0.0,74,74,IXI035-IOP-0873-MRA_IXI-IOP,IXI-IOP
dense,97,101,0,25.25698680082693,25.25698680082693,0.0,0.0,52,52,IXI035-IOP-0873-MRA_IXI-IOP,IXI-IOP
dense,97,115,0,6.046707883095584,6.046707883095584,0.0,0.0,14,14,IXI035-IOP-0873-MRA_IXI-IOP,IXI-IOP
dense,97,238,0,42.77314783612318,42.77314783612318,0.0,0.0,87,87,IXI035-IOP-0873-MRA_IXI-IOP,IXI-IOP
dense,98,101,0,2.5228218315186095,2.5228218315186095,0.0,0.0,7,7,IXI035-IOP-0873-MRA_IXI-IOP,IXI-IOP
dense,98,243,0,11.572850398541583,11.572850398541583,0.0,0.0,25,25,IXI035-IOP-0873-MRA_IXI-IOP,IXI-IOP
dense,99,111,0,2.4139377172307754,2.4139377172307754,0.0,0.0,6,6,IXI035-IOP-0873-MRA_IXI-IOP,IXI-IOP
dense,100,101,0,22.40959789201668,22.40959789201668,0.0,0.0,46,46,IXI035-IOP-0873-MRA_IXI-IOP,IXI-IOP
dense,102,103,0,2.64564360252842,2.64564360252842,0.0,0.0,7,7,IXI035-IOP-0873-MRA_IXI-IOP,IXI-IOP
dense,102,116,0,6.196169651614747,6.196169651614747,0.0,0.0,14,14,IXI035-IOP-0873-MRA_IXI-IOP,IXI-IOP
dense,102,123,0,18.04694697439892,18.04694697439892,0.0,0.0,38,38,IXI035-IOP-0873-MRA_IXI-IOP,IXI-IOP
dense,103,107,0,4.936759572723295,4.936759572723295,0.0,0.0,11,11,IXI035-IOP-0873-MRA_IXI-IOP,IXI-IOP
dense,104,105,0,2.9850536472812976,2.9850536472812976,0.0,0.0,7,7,IXI035-IOP-0873-MRA_IXI-IOP,IXI-IOP
dense,104,114,0,1.9539377122102446,1.9539377122102446,0.0,0.0,5,5,IXI035-IOP-0873-MRA_IXI-IOP,IXI-IOP
dense,105,113,0,8.803467367282213,8.803467367282213,0.0,0.0,19,19,IXI035-IOP-0873-MRA_IXI-IOP,IXI-IOP
dense,106,110,0,8.402403223551486,8.402403223551486,0.0,0.0,18,18,IXI035-IOP-0873-MRA_IXI-IOP,IXI-IOP
dense,106,114,0,2.0622318583296178,2.0622318583296178,0.0,0.0,6,6,IXI035-IOP-0873-MRA_IXI-IOP,IXI-IOP
dense,107,108,0,7.010697301425194,7.010697301425194,0.0,0.0,16,16,IXI035-IOP-0873-MRA_IXI-IOP,IXI-IOP
dense,107,116,0,2.9850536473424025,2.9850536473424025,0.0,0.0,7,7,IXI035-IOP-0873-MRA_IXI-IOP,IXI-IOP
dense,108,112,0,7.9018255385487555,7.9018255385487555,0.0,0.0,17,17,IXI035-IOP-0873-MRA_IXI-IOP,IXI-IOP
dense,108,116,0,4.256759546992386,4.256759546992386,0.0,0.0,10,10,IXI035-IOP-0873-MRA_IXI-IOP,IXI-IOP
dense,109,112,0,3.3339377700973714,3.3339377700973714,0.0,0.0,8,8,IXI035-IOP-0873-MRA_IXI-IOP,IXI-IOP
dense,109,113,0,4.095591918912379,4.095591918912379,0.0,0.0,10,10,IXI035-IOP-0873-MRA_IXI-IOP,IXI-IOP
dense,110,250,0,34.8193664613251,34.8193664613251,0.0,0.0,71,71,IXI035-IOP-0873-MRA_IXI-IOP,IXI-IOP
dense,111,117,0,2.4139377171854317,2.4139377171854317,0.0,0.0,6,6,IXI035-IOP-0873-MRA_IXI-IOP,IXI-IOP
dense,111,247,0,9.984635034684189,9.984635034684189,0.0,0.0,21,21,IXI035-IOP-0873-MRA_IXI-IOP,IXI-IOP
dense,112,244,0,57.71870069043052,57.71870069043052,0.0,0.0,117,117,IXI035-IOP-0873-MRA_IXI-IOP,IXI-IOP
dense,113,114,0,5.367297830827249,5.367297830827249,0.0,0.0,12,12,IXI035-IOP-0873-MRA_IXI-IOP,IXI-IOP
dense,115,245,0,16.831854089636085,16.831854089636085,0.0,0.0,35,35,IXI035-IOP-0873-MRA_IXI-IOP,IXI-IOP
dense,115,255,0,21.79606893194712,21.79606893194712,0.0,0.0,45,45,IXI035-IOP-0873-MRA_IXI-IOP,IXI-IOP
dense,117,118,0,6.943479585933525,6.943479585933525,0.0,0.0,15,15,IXI035-IOP-0873-MRA_IXI-IOP,IXI-IOP
dense,117,142,0,28.153824929821994,28.153824929821994,0.0,0.0,58,58,IXI035-IOP-0873-MRA_IXI-IOP,IXI-IOP
dense,118,119,0,8.233269118607321,8.233269118607321,0.0,0.0,18,18,IXI035-IOP-0873-MRA_IXI-IOP,IXI-IOP
dense,118,138,0,21.21930946906086,21.21930946906086,0.0,0.0,44,44,IXI035-IOP-0873-MRA_IXI-IOP,IXI-IOP
dense,119,120,0,1.382821806378244,1.382821806378244,0.0,0.0,4,4,IXI035-IOP-0873-MRA_IXI-IOP,IXI-IOP
dense,119,122,0,1.3828217880214,1.3828217880214,0.0,0.0,4,4,IXI035-IOP-0873-MRA_IXI-IOP,IXI-IOP
dense,120,123,0,2.985053640697223,2.985053640697223,0.0,0.0,7,7,IXI035-IOP-0873-MRA_IXI-IOP,IXI-IOP
dense,120,124,0,3.987297778699515,3.987297778699515,0.0,0.0,9,9,IXI035-IOP-0873-MRA_IXI-IOP,IXI-IOP
dense,121,126,0,2.490538323265311,2.490538323265311,0.0,0.0,6,6,IXI035-IOP-0873-MRA_IXI-IOP,IXI-IOP
dense,121,134,0,12.059898041505278,12.059898041505278,0.0,0.0,26,26,IXI035-IOP-0873-MRA_IXI-IOP,IXI-IOP
dense,121,248,0,25.56246027375577,25.56246027375577,0.0,0.0,53,53,IXI035-IOP-0873-MRA_IXI-IOP,IXI-IOP
dense,122,123,0,5.832941351040078,5.832941351040078,0.0,0.0,13,13,IXI035-IOP-0873-MRA_IXI-IOP,IXI-IOP
dense,122,123,1,4.055014251040169,4.055014251040169,0.0,0.0,10,10,IXI035-IOP-0873-MRA_IXI-IOP,IXI-IOP
dense,122,261,0,26.774323740225977,26.774323740225977,0.0,0.0,55,55,IXI035-IOP-0873-MRA_IXI-IOP,IXI-IOP
dense,123,127,0,1.1105382715078547,1.1105382715078547,0.0,0.0,4,4,IXI035-IOP-0873-MRA_IXI-IOP,IXI-IOP
dense,124,125,0,14.09275931952111,14.09275931952111,0.0,0.0,30,30,IXI035-IOP-0873-MRA_IXI-IOP,IXI-IOP
dense,124,127,0,1.9539377121649628,1.9539377121649628,0.0,0.0,5,5,IXI035-IOP-0873-MRA_IXI-IOP,IXI-IOP
dense,125,256,0,23.705293151676752,23.705293151676752,0.0,0.0,49,49,IXI035-IOP-0873-MRA_IXI-IOP,IXI-IOP
dense,125,259,0,13.014413397950932,13.014413397950932,0.0,0.0,28,28,IXI035-IOP-0873-MRA_IXI-IOP,IXI-IOP
dense,126,129,0,4.245053670480532,4.245053670480532,0.0,0.0,10,10,IXI035-IOP-0873-MRA_IXI-IOP,IXI-IOP
dense,126,133,0,20.424465413245844,20.424465413245844,0.0,0.0,42,42,IXI035-IOP-0873-MRA_IXI-IOP,IXI-IOP
dense,127,143,0,10.761643230759312,10.761643230759312,0.0,0.0,23,23,IXI035-IOP-0873-MRA_IXI-IOP,IXI-IOP
dense,128,130,0,9.114005626835784,9.114005626835784,0.0,0.0,20,20,IXI035-IOP-0873-MRA_IXI-IOP,IXI-IOP
dense,128,130,1,9.54795559534898,9.54795559534898,0.0,0.0,21,21,IXI035-IOP-0873-MRA_IXI-IOP,IXI-IOP
dense,128,131,0,9.812272673371446,9.812272673371446,0.0,0.0,21,21,IXI035-IOP-0873-MRA_IXI-IOP,IXI-IOP
dense,128,252,0,20.33232838138199,20.33232838138199,0.0,0.0,42,42,IXI035-IOP-0873-MRA_IXI-IOP,IXI-IOP
dense,129,132,0,11.541156845955129,11.541156845955129,0.0,0.0,25,25,IXI035-IOP-0873-MRA_IXI-IOP,IXI-IOP
dense,129,257,0,61.24117024337229,61.24117024337229,0.0,0.0,124,124,IXI035-IOP-0873-MRA_IXI-IOP,IXI-IOP
dense,130,139,0,9.48711563598464,9.48711563598464,0.0,0.0,20,20,IXI035-IOP-0873-MRA_IXI-IOP,IXI-IOP
dense,131,132,0,1.8311159530342551,1.8311159530342551,0.0,0.0,5,5,IXI035-IOP-0873-MRA_IXI-IOP,IXI-IOP
dense,131,262,0,26.022460201790906,26.022460201790906,0.0,0.0,54,54,IXI035-IOP-0873-MRA_IXI-IOP,IXI-IOP
dense,132,136,0,8.582153241300752,8.582153241300752,0.0,0.0,19,19,IXI035-IOP-0873-MRA_IXI-IOP,IXI-IOP
dense,133,135,0,4.450119538834311,4.450119538834311,0.0,0.0,10,10,IXI035-IOP-0873-MRA_IXI-IOP,IXI-IOP
dense,133,137,0,8.112351451549651,8.112351451549651,0.0,0.0,18,18,IXI035-IOP-0873-MRA_IXI-IOP,IXI-IOP
dense,134,144,0,9.33651199481672,9.33651199481672,0.0,0.0,20,20,IXI035-IOP-0873-MRA_IXI-IOP,IXI-IOP
dense,134,253,0,31.908499218115058,31.908499218115058,0.0,0.0,65,65,IXI035-IOP-0873-MRA_IXI-IOP,IXI-IOP
dense,135,136,0,5.8978360571413635,5.8978360571413635,0.0,0.0,13,13,IXI035-IOP-0873-MRA_IXI-IOP,IXI-IOP
dense,135,263,0,22.043627661526017,22.043627661526017,0.0,0.0,46,46,IXI035-IOP-0873-MRA_IXI-IOP,IXI-IOP
dense,136,137,0,0.9200000345048351,0.9200000345048351,0.0,0.0,3,3,IXI035-IOP-0873-MRA_IXI-IOP,IXI-IOP
dense,137,138,0,13.498415119260038,13.498415119260038,0.0,0.0,28,28,IXI035-IOP-0873-MRA_IXI-IOP,IXI-IOP
dense,138,141,0,1.9539377122102461,1.9539377122102461,0.0,0.0,5,5,IXI035-IOP-0873-MRA_IXI-IOP,IXI-IOP
dense,139,140,0,1.9539377182796607,1.9539377182796607,0.0,0.0,5,5,IXI035-IOP-0873-MRA_IXI-IOP,IXI-IOP
dense,139,141,0,2.7539377421599247,2.7539377421599247,0.0,0.0,7,7,IXI035-IOP-0873-MRA_IXI-IOP,IXI-IOP
dense,140,142,0,2.6016542179803404,2.6016542179803404,0.0,0.0,7,7,IXI035-IOP-0873-MRA_IXI-IOP,IXI-IOP
dense,140,258,0,13.407286892722125,13.407286892722125,0.0,0.0,28,28,IXI035-IOP-0873-MRA_IXI-IOP,IXI-IOP
dense,141,145,0,2.9822318926312197,2.9822318926312197,0.0,0.0,7,7,IXI035-IOP-0873-MRA_IXI-IOP,IXI-IOP
dense,142,145,0,2.0622318580134533,2.0622318580134533,0.0,0.0,6,6,IXI035-IOP-0873-MRA_IXI-IOP,IXI-IOP
dense,143,146,0,13.368442175603878,13.368442175603878,0.0,0.0,28,28,IXI035-IOP-0873-MRA_IXI-IOP,IXI-IOP
dense,143,146,1,9.542810823778403,9.542810823778403,0.0,0.0,21,21,IXI035-IOP-0873-MRA_IXI-IOP,IXI-IOP
dense,144,254,0,41.6835148417496,41.6835148417496,0.0,0.0,85,85,IXI035-IOP-0873-MRA_IXI-IOP,IXI-IOP
dense,144,260,0,36.83205650389318,36.83205650389318,0.0,0.0,75,75,IXI035-IOP-0873-MRA_IXI-IOP,IXI-IOP
dense,145,151,0,23.16718478119699,23.16718478119699,0.0,0.0,48,48,IXI035-IOP-0873-MRA_IXI-IOP,IXI-IOP
dense,146,147,0,8.07774493263321,8.07774493263321,0.0,0.0,18,18,IXI035-IOP-0873-MRA_IXI-IOP,IXI-IOP
dense,146,150,0,15.583875166668026,15.583875166668026,0.0,0.0,33,33,IXI035-IOP-0873-MRA_IXI-IOP,IXI-IOP
dense,147,149,0,3.442231872759161,3.442231872759161,0.0,0.0,8,8,IXI035-IOP-0873-MRA_IXI-IOP,IXI-IOP
dense,147,152,0,14.866210494645454,14.866210494645454,0.0,0.0,31,31,IXI035-IOP-0873-MRA_IXI-IOP,IXI-IOP
dense,148,150,0,4.632192524359144,4.632192524359144,0.0,0.0,11,11,IXI035-IOP-0873-MRA_IXI-IOP,IXI-IOP
dense,148,152,0,1.681654183318117,1.681654183318117,0.0,0.0,5,5,IXI035-IOP-0873-MRA_IXI-IOP,IXI-IOP
dense,148,159,0,19.74595054329453,19.74595054329453,0.0,0.0,41,41,IXI035-IOP-0873-MRA_IXI-IOP,IXI-IOP
dense,149,150,0,1.8428218236302685,1.8428218236302685,0.0,0.0,5,5,IXI035-IOP-0873-MRA_IXI-IOP,IXI-IOP
dense,149,160,0,6.890107305133903,6.890107305133903,0.0,0.0,15,15,IXI035-IOP-0873-MRA_IXI-IOP,IXI-IOP
dense,149,168,0,9.7882709342203,9.7882709342203,0.0,0.0,21,21,IXI035-IOP-0873-MRA_IXI-IOP,IXI-IOP
dense,150,161,0,3.4133600573381138,3.4133600573381138,0.0,0.0,8,8,IXI035-IOP-0873-MRA_IXI-IOP,IXI-IOP
dense,151,155,0,2.0622318583814367,2.0622318583814367,0.0,0.0,6,6,IXI035-IOP-0873-MRA_IXI-IOP,IXI-IOP
dense,151,156,0,1.9539377118486607,1.9539377118486607,0.0,0.0,5,5,IXI035-IOP-0873-MRA_IXI-IOP,IXI-IOP
dense,152,157,0,1.9539377118492505,1.9539377118492505,0.0,0.0,5,5,IXI035-IOP-0873-MRA_IXI-IOP,IXI-IOP
dense,153,158,0,5.736169604505389,5.736169604505389,0.0,0.0,13,13,IXI035-IOP-0873-MRA_IXI-IOP,IXI-IOP
dense,153,158,1,1.491115934185066,1.491115934185066,0.0,0.0,4,4,IXI035-IOP-0873-MRA_IXI-IOP,IXI-IOP
dense,153,162,0,5.044962550056236,5.044962550056236,0.0,0.0,12,12,IXI035-IOP-0873-MRA_IXI-IOP,IXI-IOP
dense,153,194,0,21.215489982545932,21.215489982545932,0.0,0.0,44,44,IXI035-IOP-0873-MRA_IXI-IOP,IXI-IOP
dense,154,170,0,14.660135796021757,14.660135796021757,0.0,0.0,31,31,IXI035-IOP-0873-MRA_IXI-IOP,IXI-IOP
dense,154,199,0,50.84870279973197,50.84870279973197,0.0,0.0,103,103,IXI035-IOP-0873-MRA_IXI-IOP,IXI-IOP
dense,154,199,1,40.352793062286544,40.352793062286544,0.0,0.0,82,82,IXI035-IOP-0873-MRA_IXI-IOP,IXI-IOP
dense,155,156,0,2.522231875316508,2.522231875316508,0.0,0.0,7,7,IXI035-IOP-0873-MRA_IXI-IOP,IXI-IOP
dense,155,264,0,9.05344027740837,9.05344027740837,0.0,0.0,20,20,IXI035-IOP-0873-MRA_IXI-IOP,IXI-IOP
dense,156,156,0,10.022299765874347,10.022299765874347,0.0,nan,22,22,IXI035-IOP-0873-MRA_IXI-IOP,IXI-IOP
dense,157,159,0,1.9539377121645174,1.9539377121645174,0.0,0.0,5,5,IXI035-IOP-0873-MRA_IXI-IOP,IXI-IOP
dense,157,159,1,4.367875441628426,4.367875441628426,0.0,0.0,10,10,IXI035-IOP-0873-MRA_IXI-IOP,IXI-IOP
dense,157,265,0,4.632192524207004,4.632192524207004,0.0,0.0,11,11,IXI035-IOP-0873-MRA_IXI-IOP,IXI-IOP
dense,158,162,0,7.080645541598788,7.080645541598788,0.0,0.0,16,16,IXI035-IOP-0873-MRA_IXI-IOP,IXI-IOP
dense,158,193,0,20.44421760645896,20.44421760645896,0.0,0.0,42,42,IXI035-IOP-0873-MRA_IXI-IOP,IXI-IOP
dense,159,163,0,3.4450536465486072,3.4450536465486072,0.0,0.0,8,8,IXI035-IOP-0873-MRA_IXI-IOP,IXI-IOP
dense,160,165,0,4.175014231656791,4.175014231656791,0.0,0.0,10,10,IXI035-IOP-0873-MRA_IXI-IOP,IXI-IOP
dense,160,169,0,7.24231198274213,7.24231198274213,0.0,0.0,16,16,IXI035-IOP-0873-MRA_IXI-IOP,IXI-IOP
dense,161,163,0,4.7172583755221105,4.7172583755221105,0.0,0.0,11,11,IXI035-IOP-0873-MRA_IXI-IOP,IXI-IOP
dense,161,164,0,2.9827306930451747,2.9827306930451747,0.0,0.0,7,7,IXI035-IOP-0873-MRA_IXI-IOP,IXI-IOP
dense,162,167,0,4.365552480099868,4.365552480099868,0.0,0.0,10,10,IXI035-IOP-0873-MRA_IXI-IOP,IXI-IOP
dense,162,171,0,5.697823753909521,5.697823753909521,0.0,0.0,13,13,IXI035-IOP-0873-MRA_IXI-IOP,IXI-IOP
dense,163,170,0,5.1678754532197,5.1678754532197,0.0,0.0,12,12,IXI035-IOP-0873-MRA_IXI-IOP,IXI-IOP
dense,164,165,0,6.5894507972967356,6.5894507972967356,0.0,0.0,15,15,IXI035-IOP-0873-MRA_IXI-IOP,IXI-IOP
dense,164,177,0,10.874583328468205,10.874583328468205,0.0,0.0,23,23,IXI035-IOP-0873-MRA_IXI-IOP,IXI-IOP
dense,165,169,0,4.2038860586862254,4.2038860586862254,0.0,0.0,10,10,IXI035-IOP-0873-MRA_IXI-IOP,IXI-IOP
dense,165,172,0,6.560080200264913,6.560080200264913,0.0,0.0,15,15,IXI035-IOP-0873-MRA_IXI-IOP,IXI-IOP
dense,166,175,0,46.7271757249155,46.7271757249155,0.0,0.0,95,95,IXI035-IOP-0873-MRA_IXI-IOP,IXI-IOP
dense,166,202,0,24.689689937307744,24.689689937307744,0.0,0.0,51,51,IXI035-IOP-0873-MRA_IXI-IOP,IXI-IOP
dense,166,272,0,67.7969085540619,67.7969085540619,0.0,0.0,137,137,IXI035-IOP-0873-MRA_IXI-IOP,IXI-IOP
dense,167,171,0,2.223898298378053,2.223898298378053,0.0,0.0,6,6,IXI035-IOP-0873-MRA_IXI-IOP,IXI-IOP
dense,167,174,0,1.4911159340832048,1.4911159340832048,0.0,0.0,4,4,IXI035-IOP-0873-MRA_IXI-IOP,IXI-IOP
dense,168,173,0,5.367796631073923,5.367796631073923,0.0,0.0,12,12,IXI035-IOP-0873-MRA_IXI-IOP,IXI-IOP
dense,168,182,0,7.7812355607603765,7.7812355607603765,0.0,0.0,17,17,IXI035-IOP-0873-MRA_IXI-IOP,IXI-IOP
dense,169,172,0,9.492351503235643,9.492351503235643,0.0,0.0,20,20,IXI035-IOP-0873-MRA_IXI-IOP,IXI-IOP
dense,169,189,0,4.7195812882063155,4.7195812882063155,0.0,0.0,11,11,IXI035-IOP-0873-MRA_IXI-IOP,IXI-IOP
dense,170,177,0,1.9539377122111117,1.9539377122111117,0.0,0.0,5,5,IXI035-IOP-0873-MRA_IXI-IOP,IXI-IOP
dense,171,183,0,1.9539377120631185,1.9539377120631185,0.0,0.0,5,5,IXI035-IOP-0873-MRA_IXI-IOP,IXI-IOP
dense,172,173,0,1.722821813402974,1.722821813402974,0.0,0.0,5,5,IXI035-IOP-0873-MRA_IXI-IOP,IXI-IOP
dense,172,176,0,2.4139377355429064,2.4139377355429064,0.0,0.0,6,6,IXI035-IOP-0873-MRA_IXI-IOP,IXI-IOP
dense,173,182,0,2.862231882615419,2.862231882615419,0.0,0.0,7,7,IXI035-IOP-0873-MRA_IXI-IOP,IXI-IOP
dense,174,183,0,2.604475972917312,2.604475972917312,0.0,0.0,7,7,IXI035-IOP-0873-MRA_IXI-IOP,IXI-IOP
dense,174,184,0,1.951115939104253,1.951115939104253,0.0,0.0,5,5,IXI035-IOP-0873-MRA_IXI-IOP,IXI-IOP
dense,175,178,0,4.552770181277303,4.552770181277303,0.0,0.0,11,11,IXI035-IOP-0873-MRA_IXI-IOP,IXI-IOP
dense,175,185,0,3.0933477868618806,3.0933477868618806,0.0,0.0,8,8,IXI035-IOP-0873-MRA_IXI-IOP,IXI-IOP
dense,175,195,0,11.44337628731253,11.44337628731253,0.0,0.0,24,24,IXI035-IOP-0873-MRA_IXI-IOP,IXI-IOP
dense,176,181,0,2.876759507598866,2.876759507598866,0.0,0.0,7,7,IXI035-IOP-0873-MRA_IXI-IOP,IXI-IOP
dense,176,182,0,5.01900367018619,5.01900367018619,0.0,0.0,12,12,IXI035-IOP-0873-MRA_IXI-IOP,IXI-IOP
dense,177,266,0,5.013268997841083,5.013268997841083,0.0,0.0,12,12,IXI035-IOP-0873-MRA_IXI-IOP,IXI-IOP
dense,178,179,0,2.062231858013017,2.062231858013017,0.0,0.0,6,6,IXI035-IOP-0873-MRA_IXI-IOP,IXI-IOP
dense,178,185,0,6.008951969886225,6.008951969886225,0.0,0.0,14,14,IXI035-IOP-0873-MRA_IXI-IOP,IXI-IOP
dense,179,180,0,4.447297796267743,4.447297796267743,0.0,0.0,10,10,IXI035-IOP-0873-MRA_IXI-IOP,IXI-IOP
dense,179,186,0,2.985053640697222,2.985053640697222,0.0,0.0,7,7,IXI035-IOP-0873-MRA_IXI-IOP,IXI-IOP
dense,180,181,0,1.3828218064707005,1.3828218064707005,0.0,0.0,4,4,IXI035-IOP-0873-MRA_IXI-IOP,IXI-IOP
dense,180,186,0,5.630697243857327,5.630697243857327,0.0,0.0,13,13,IXI035-IOP-0873-MRA_IXI-IOP,IXI-IOP
dense,181,190,0,4.707875448246366,4.707875448246366,0.0,0.0,11,11,IXI035-IOP-0873-MRA_IXI-IOP,IXI-IOP
dense,181,190,1,5.290697224426825,5.290697224426825,0.0,0.0,12,12,IXI035-IOP-0873-MRA_IXI-IOP,IXI-IOP
dense,183,187,0,2.7921924425940863,2.7921924425940863,0.0,0.0,7,7,IXI035-IOP-0873-MRA_IXI-IOP,IXI-IOP
dense,184,187,0,2.712770112854093,2.712770112854093,0.0,0.0,7,7,IXI035-IOP-0873-MRA_IXI-IOP,IXI-IOP
dense,184,188,0,1.4911159340837554,1.4911159340837554,0.0,0.0,4,4,IXI035-IOP-0873-MRA_IXI-IOP,IXI-IOP
dense,185,192,0,9.612850320430145,9.612850320430145,0.0,0.0,21,21,IXI035-IOP-0873-MRA_IXI-IOP,IXI-IOP
dense,186,193,0,8.249700835824612,8.249700835824612,0.0,0.0,18,18,IXI035-IOP-0873-MRA_IXI-IOP,IXI-IOP
dense,187,188,0,1.4911159464175003,1.4911159464175003,0.0,0.0,4,4,IXI035-IOP-0873-MRA_IXI-IOP,IXI-IOP
dense,187,268,0,37.710506982250244,37.710506982250244,0.0,0.0,77,77,IXI035-IOP-0873-MRA_IXI-IOP,IXI-IOP
dense,188,189,0,10.295763225758279,10.295763225758279,0.0,0.0,22,22,IXI035-IOP-0873-MRA_IXI-IOP,IXI-IOP
dense,189,191,0,1.845643566295884,1.845643566295884,0.0,0.0,5,5,IXI035-IOP-0873-MRA_IXI-IOP,IXI-IOP
dense,190,191,0,7.239490251204814,7.239490251204814,0.0,0.0,16,16,IXI035-IOP-0873-MRA_IXI-IOP,IXI-IOP
dense,191,273,0,47.32391151468917,47.32391151468917,0.0,0.0,96,96,IXI035-IOP-0873-MRA_IXI-IOP,IXI-IOP
dense,192,195,0,2.062231858430814,2.062231858430814,0.0,0.0,6,6,IXI035-IOP-0873-MRA_IXI-IOP,IXI-IOP
dense,192,197,0,47.04216506310073,47.04216506310073,0.0,0.0,96,96,IXI035-IOP-0873-MRA_IXI-IOP,IXI-IOP
dense,193,196,0,32.0381864120277,32.0381864120277,0.0,0.0,66,66,IXI035-IOP-0873-MRA_IXI-IOP,IXI-IOP
dense,193,205,0,21.958561729962263,21.958561729962263,0.0,0.0,45,45,IXI035-IOP-0873-MRA_IXI-IOP,IXI-IOP
dense,194,267,0,4.58505369591764,4.58505369591764,0.0,0.0,11,11,IXI035-IOP-0873-MRA_IXI-IOP,IXI-IOP
dense,194,275,0,38.24309358783555,38.24309358783555,0.0,0.0,78,78,IXI035-IOP-0873-MRA_IXI-IOP,IXI-IOP
dense,195,196,0,2.985053641329992,2.985053641329992,0.0,0.0,7,7,IXI035-IOP-0873-MRA_IXI-IOP,IXI-IOP
dense,196,200,0,25.080506822897632,25.080506822897632,0.0,0.0,52,52,IXI035-IOP-0873-MRA_IXI-IOP,IXI-IOP
dense,196,206,0,20.842878795307158,20.842878795307158,0.0,0.0,43,43,IXI035-IOP-0873-MRA_IXI-IOP,IXI-IOP
dense,197,198,0,3.7121924653944127,3.7121924653944127,0.0,0.0,9,9,IXI035-IOP-0873-MRA_IXI-IOP,IXI-IOP
dense,197,198,1,3.794436587138742,3.794436587138742,0.0,0.0,9,9,IXI035-IOP-0873-MRA_IXI-IOP,IXI-IOP
dense,197,200,0,10.949359784899217,10.949359784899217,0.0,0.0,23,23,IXI035-IOP-0873-MRA_IXI-IOP,IXI-IOP
dense,198,201,0,5.933268985005265,5.933268985005265,0.0,0.0,13,13,IXI035-IOP-0873-MRA_IXI-IOP,IXI-IOP
dense,199,271,0,4.491287168620133,4.491287168620133,0.0,0.0,10,10,IXI035-IOP-0873-MRA_IXI-IOP,IXI-IOP
dense,200,279,0,46.11555078754303,46.11555078754303,0.0,0.0,94,94,IXI035-IOP-0873-MRA_IXI-IOP,IXI-IOP
dense,201,202,0,1.9539377179738755,1.9539377179738755,0.0,0.0,5,5,IXI035-IOP-0873-MRA_IXI-IOP,IXI-IOP
dense,201,204,0,3.252192448142086,3.252192448142086,0.0,0.0,8,8,IXI035-IOP-0873-MRA_IXI-IOP,IXI-IOP
dense,202,203,0,1.9511159392064321,1.9511159392064321,0.0,0.0,5,5,IXI035-IOP-0873-MRA_IXI-IOP,IXI-IOP
dense,203,204,0,1.9539377183406217,1.9539377183406217,0.0,0.0,5,5,IXI035-IOP-0873-MRA_IXI-IOP,IXI-IOP
dense,203,280,0,19.489282283614116,19.489282283614116,0.0,0.0,40,40,IXI035-IOP-0873-MRA_IXI-IOP,IXI-IOP
dense,204,207,0,6.3960907508030225,6.3960907508030225,0.0,0.0,14,14,IXI035-IOP-0873-MRA_IXI-IOP,IXI-IOP
dense,205,206,0,1.953937718340625,1.953937718340625,0.0,0.0,5,5,IXI035-IOP-0873-MRA_IXI-IOP,IXI-IOP
dense,205,277,0,16.76762812980978,16.76762812980978,0.0,0.0,35,35,IXI035-IOP-0873-MRA_IXI-IOP,IXI-IOP
dense,206,276,0,13.45583099550172,13.45583099550172,0.0,0.0,28,28,IXI035-IOP-0873-MRA_IXI-IOP,IXI-IOP
dense,207,269,0,62.38632601436111,62.38632601436111,0.0,0.0,126,126,IXI035-IOP-0873-MRA_IXI-IOP,IXI-IOP
dense,207,274,0,35.07406522444618,35.07406522444618,0.0,0.0,72,72,IXI035-IOP-0873-MRA_IXI-IOP,IXI-IOP
dense,270,278,0,30.2621325491209,30.2621325491209,0.0,0.0,62,62,IXI035-IOP-0873-MRA_IXI-IOP,IXI-IOP
junction_only,0,10,0,27.897674098827203,17.616272904017407,10.281401194809796,0.5836308991594421,57,37,IXI041-Guys-0706-MRA_IXI-Guys,IXI-Guys
junction_only,0,168,0,2.7320754727194885,2.5242962081083333,0.20777926461115515,0.08231176038047515,7,7,IXI041-Guys-0706-MRA_IXI-Guys,IXI-Guys
junction_only,0,189,0,55.04774136805597,35.27705159893516,19.770689769120814,0.560440537772085,112,72,IXI041-Guys-0706-MRA_IXI-Guys,IXI-Guys
junction_only,1,10,0,32.22574128506726,21.27398229240389,10.951758992663368,0.5147959061982399,66,44,IXI041-Guys-0706-MRA_IXI-Guys,IXI-Guys
junction_only,1,169,0,3.4651272464270093,2.9613989804181062,0.5037282660089031,0.1700980750448506,8,7,IXI041-Guys-0706-MRA_IXI-Guys,IXI-Guys
junction_only,1,176,0,23.120158866241084,19.95625126525196,3.1639076009891234,0.15854218104069243,48,41,IXI041-Guys-0706-MRA_IXI-Guys,IXI-Guys
junction_only,2,6,0,24.176506428916746,20.51162239324619,3.664884035670557,0.17867353276146913,50,43,IXI041-Guys-0706-MRA_IXI-Guys,IXI-Guys
junction_only,2,11,0,21.755358968840298,15.41132692249739,6.3440320463429085,0.4116473602984774,45,32,IXI041-Guys-0706-MRA_IXI-Guys,IXI-Guys
junction_only,2,177,0,34.156741597831655,28.941637469869743,5.2151041279619115,0.18019381707034363,70,59,IXI041-Guys-0706-MRA_IXI-Guys,IXI-Guys
junction_only,3,4,0,7.85554262368282,7.130757203368935,0.7247854203138848,0.10164213976763352,17,16,IXI041-Guys-0706-MRA_IXI-Guys,IXI-Guys
junction_only,3,5,0,5.574390301261939,3.862930143262727,1.7114601579992121,0.4430471415550037,13,9,IXI041-Guys-0706-MRA_IXI-Guys,IXI-Guys
junction_only,3,27,0,78.92786341718559,53.20458411667106,25.723279300514534,0.48347862740749126,159,108,IXI041-Guys-0706-MRA_IXI-Guys,IXI-Guys
junction_only,3,181,0,25.125110564178044,16.287099466802342,8.838011097375702,0.542638737817623,52,34,IXI041-Guys-0706-MRA_IXI-Guys,IXI-Guys
junction_only,4,171,0,8.527640119620319,7.93301101984231,0.5946290997780093,0.07495629317679041,19,17,IXI041-Guys-0706-MRA_IXI-Guys,IXI-Guys
junction_only,4,174,0,6.98941246687125,4.91221806669521,2.0771944001760394,0.4228628232649924,15,11,IXI041-Guys-0706-MRA_IXI-Guys,IXI-Guys
junction_only,5,188,0,26.599864386763077,16.55771554964832,10.042148837114755,0.6064936196665153,55,35,IXI041-Guys-0706-MRA_IXI-Guys,IXI-Guys
junction_only,5,191,0,51.65754068726239,31.655141394432825,20.002399292829566,0.6318846927136891,105,65,IXI041-Guys-0706-MRA_IXI-Guys,IXI-Guys
junction_only,6,178,0,14.781092815256791,11.17583408342297,3.605258731833821,0.32259415314526496,31,24,IXI041-Guys-0706-MRA_IXI-Guys,IXI-Guys
junction_only,6,184,0,13.851042081165026,11.588791145830008,2.262250935335018,0.19521026023055418,29,25,IXI041-Guys-0706-MRA_IXI-Guys,IXI-Guys
junction_only,7,8,0,14.339767016522257,13.060892838344992,1.278874178177265,0.09791629056343419,30,28,IXI041-Guys-0706-MRA_IXI-Guys,IXI-Guys
junction_only,7,9,0,1.966181864524064,1.912755408307031,0.053426456217033014,0.027931671757404918,5,5,IXI041-Guys-0706-MRA_IXI-Guys,IXI-Guys
junction_only,7,172,0,5.33861399726964,4.6781954145338025,0.6604185827358373,0.14116951606683797,12,11,IXI041-Guys-0706-MRA_IXI-Guys,IXI-Guys
junction_only,8,180,0,54.08500465298522,26.097170650776253,27.987834002208967,1.0724470624318991,110,54,IXI041-Guys-0706-MRA_IXI-Guys,IXI-Guys
junction_only,8,190,0,52.02321928948999,30.67919955344258,21.344019736047407,0.6957163174634505,106,63,IXI041-Guys-0706-MRA_IXI-Guys,IXI-Guys
junction_only,9,17,0,15.276820928365915,12.488629357527817,2.788191570838098,0.22325841299449323,32,26,IXI041-Guys-0706-MRA_IXI-Guys,IXI-Guys
junction_only,9,18,0,18.628681545134302,12.655640547887266,5.973040997247036,0.4719667072279622,39,27,IXI041-Guys-0706-MRA_IXI-Guys,IXI-Guys
junction_only,10,16,0,11.054796577049872,8.091881122467917,2.962915454581955,0.3661590438291442,24,18,IXI041-Guys-0706-MRA_IXI-Guys,IXI-Guys
junction_only,10,179,0,76.07978941440348,42.17140011881825,33.90838929558523,0.8040612642702893,154,86,IXI041-Guys-0706-MRA_IXI-Guys,IXI-Guys
junction_only,11,12,0,0.9375001788139983,0.9375001788139983,0.0,0.0,3,3,IXI041-Guys-0706-MRA_IXI-Guys,IXI-Guys
junction_only,11,170,0,17.92096412842336,12.085417071284722,5.835547057138639,0.4828585577740677,37,26,IXI041-Guys-0706-MRA_IXI-Guys,IXI-Guys
junction_only,12,22,0,20.372458631700862,11.728123487576136,8.644335144124726,0.7370603791204845,42,25,IXI041-Guys-0706-MRA_IXI-Guys,IXI-Guys
junction_only,12,25,0,22.581616760026744,16.753720160031182,5.827896599995562,0.3478568666736472,47,35,IXI041-Guys-0706-MRA_IXI-Guys,IXI-Guys
junction_only,13,14,0,2.44521766705123,2.0917344359688923,0.3534832310823375,0.16899049181575668,6,6,IXI041-Guys-0706-MRA_IXI-Guys,IXI-Guys
junction_only,13,175,0,12.514930746313702,9.816966675601952,2.69796407071175,0.2748266506208057,27,21,IXI041-Guys-0706-MRA_IXI-Guys,IXI-Guys
junction_only,13,185,0,55.69352690916831,29.22788280076452,26.465644108403794,0.9054930283117026,113,60,IXI041-Guys-0706-MRA_IXI-Guys,IXI-Guys
junction_only,14,15,0,1.7018800904861178,1.5484873154493126,0.15339277503680515,0.09905975561207381,5,5,IXI041-Guys-0706-MRA_IXI-Guys,IXI-Guys
junction_only,14,183,0,60.650956579612675,31.325074423356863,29.325882156255812,0.9361791694384485,123,64,IXI041-Guys-0706-MRA_IXI-Guys,IXI-Guys
junction_only,15,17,0,13.25873923108252,8.6460482861651,4.612690944917421,0.5335027971447233,28,19,IXI041-Guys-0706-MRA_IXI-Guys,IXI-Guys
junction_only,15,31,0,14.034919089503788,11.640215390529812,2.3947036989739754,0.20572675149312497,30,25,IXI041-Guys-0706-MRA_IXI-Guys,IXI-Guys
junction_only,16,22,0,15.83826619105931,10.393187182583954,5.445079008475355,0.5239084905157649,33,22,IXI041-Guys-0706-MRA_IXI-Guys,IXI-Guys
junction_only,16,24,0,13.678368290601313,11.370743422243864,2.3076248683574487,0.20294406290473396,29,24,IXI041-Guys-0706-MRA_IXI-Guys,IXI-Guys
junction_only,17,20,0,27.378596740421138,14.36222425945797,13.016372480963168,0.9062922459514922,56,30,IXI041-Guys-0706-MRA_IXI-Guys,IXI-Guys
junction_only,18,19,0,4.493809021213604,3.814323532786307,0.679485488427297,0.17814049662718118,10,9,IXI041-Guys-0706-MRA_IXI-Guys,IXI-Guys
junction_only,18,22,0,18.442472507210113,16.159030903305215,2.2834416039048975,0.14131055368164658,38,34,IXI041-Guys-0706-MRA_IXI-Guys,IXI-Guys
junction_only,19,20,0,1.131662721458604,1.0481569577494003,0.0835057637092036,0.07966914028649577,4,4,IXI041-Guys-0706-MRA_IXI-Guys,IXI-Guys
junction_only,19,173,0,29.361307404469255,18.49888979154112,10.862417612928134,0.5871929470002641,60,38,IXI041-Guys-0706-MRA_IXI-Guys,IXI-Guys
junction_only,20,23,0,4.289360885319101,3.9941072911962845,0.2952535941228165,0.07392229917649118,10,9,IXI041-Guys-0706-MRA_IXI-Guys,IXI-Guys
junction_only,21,25,0,15.100897455542508,10.69795602924306,4.4029414262994475,0.4115684729179972,32,23,IXI041-Guys-0706-MRA_IXI-Guys,IXI-Guys
junction_only,21,26,0,13.358221547689404,10.846408745808276,2.5118128018811277,0.2315801350241247,28,23,IXI041-Guys-0706-MRA_IXI-Guys,IXI-Guys
junction_only,21,28,0,15.520079651379232,13.021829053903403,2.4982505974758293,0.19185097478506352,33,28,IXI041-Guys-0706-MRA_IXI-Guys,IXI-Guys
junction_only,23,28,0,5.532776599519536,3.9120512598745463,1.62072533964499,0.4142904149208322,13,9,IXI041-Guys-0706-MRA_IXI-Guys,IXI-Guys
junction_only,23,29,0,7.808372479494423,6.566088887953207,1.2422835915412165,0.1891968891588465,17,15,IXI041-Guys-0706-MRA_IXI-Guys,IXI-Guys
junction_only,24,25,0,3.12317891284628,2.7816433066839443,0.3415356061623358,0.12278195602637766,8,7,IXI041-Guys-0706-MRA_IXI-Guys,IXI-Guys
junction_only,24,27,0,1.5077174882372346,1.3185724078674168,0.1891450803698178,0.14344686665765302,5,4,IXI041-Guys-0706-MRA_IXI-Guys,IXI-Guys
junction_only,25,26,0,1.9661818343913837,1.9127553644862727,0.05342646990511102,0.027931679553522142,5,5,IXI041-Guys-0706-MRA_IXI-Guys,IXI-Guys
junction_only,26,27,0,2.9036818939958398,2.509054038805713,0.39462785519012655,0.15728152884979943,7,7,IXI041-Guys-0706-MRA_IXI-Guys,IXI-Guys
junction_only,28,40,0,9.712716280619954,8.322319230934475,1.390397049685479,0.16706845905613713,21,18,IXI041-Guys-0706-MRA_IXI-Guys,IXI-Guys
junction_only,29,33,0,2.3647927821426915,2.1436135728956422,0.22117920924704926,0.10318054151349458,6,6,IXI041-Guys-0706-MRA_IXI-Guys,IXI-Guys
junction_only,29,182,0,15.16856647595881,11.827474009815138,3.3410924661436727,0.28248571616991397,32,25,IXI041-Guys-0706-MRA_IXI-Guys,IXI-Guys
junction_only,30,31,0,13.979520388260998,11.091952796844238,2.88756759141676,0.26032995670864195,29,24,IXI041-Guys-0706-MRA_IXI-Guys,IXI-Guys
junction_only,30,34,0,8.075039732930952,7.3957046806628375,0.6793350522681143,0.09185535139664733,18,16,IXI041-Guys-0706-MRA_IXI-Guys,IXI-Guys
junction_only,30,36,0,17.04133241446512,9.285960797738374,7.755371616726746,0.8351716947389648,36,20,IXI041-Guys-0706-MRA_IXI-Guys,IXI-Guys
junction_only,31,187,0,9.935404293311404,7.488484623420999,2.4469196698904048,0.3267576543106484,21,16,IXI041-Guys-0706-MRA_IXI-Guys,IXI-Guys
junction_only,32,35,0,4.136811954681182,3.6374035725401326,0.4994083821410493,0.137298040259056,10,9,IXI041-Guys-0706-MRA_IXI-Guys,IXI-Guys
junction_only,32,41,0,18.37466533487328,11.961987357801238,6.412677977072043,0.5360880082263164,38,25,IXI041-Guys-0706-MRA_IXI-Guys,IXI-Guys
junction_only,32,186,0,16.644955766624577,12.654669737177008,3.990286029447569,0.3153212302115534,35,27,IXI041-Guys-0706-MRA_IXI-Guys,IXI-Guys
junction_only,33,34,0,2.6290945561803643,1.9127553644862727,0.7163391916940915,0.3745064345363819,7,5,IXI041-Guys-0706-MRA_IXI-Guys,IXI-Guys
junction_only,33,35,0,1.7018800904861178,1.5484873154493126,0.15339277503680515,0.09905975561207381,5,5,IXI041-Guys-0706-MRA_IXI-Guys,IXI-Guys
junction_only,34,36,0,2.629094556181516,2.1301502043672924,0.4989443518142238,0.23422965704074503,7,6,IXI041-Guys-0706-MRA_IXI-Guys,IXI-Guys
junction_only,35,36,0,1.7018800904861195,1.2324392903303103,0.46944080015580925,0.380903792859438,5,4,IXI041-Guys-0706-MRA_IXI-Guys,IXI-Guys
junction_only,36,37,0,3.0051492633551575,1.6178812799282987,1.3872679834268589,0.8574596916581789,8,5,IXI041-Guys-0706-MRA_IXI-Guys,IXI-Guys
junction_only,37,38,0,2.54668488706836,2.1301502043672964,0.41653468270106364,0.19554239970827975,7,6,IXI041-Guys-0706-MRA_IXI-Guys,IXI-Guys
junction_only,37,39,0,3.0978446455873696,2.096314075433991,1.0015305701533785,0.4777578807918064,8,6,IXI041-Guys-0706-MRA_IXI-Guys,IXI-Guys
junction_only,38,39,0,1.9661818343913813,1.9127553644862711,0.05342646990511013,0.027931679553521705,5,5,IXI041-Guys-0706-MRA_IXI-Guys,IXI-Guys
junction_only,38,41,0,9.59067748502219,7.071811486527451,2.51886599849474,0.35618398529053646,21,16,IXI041-Guys-0706-MRA_IXI-Guys,IXI-Guys
junction_only,39,40,0,5.635757366716141,4.244712059955742,1.3910453067603985,0.327712524927993,13,10,IXI041-Guys-0706-MRA_IXI-Guys,IXI-Guys
junction_only,40,42,0,4.720813726501831,4.4221793411636225,0.2986343853382083,0.06753104347405949,11,10,IXI041-Guys-0706-MRA_IXI-Guys,IXI-Guys
junction_only,41,42,0,8.005313287899002,5.582999604942486,2.4223136829565153,0.43387316037280443,18,13,IXI041-Guys-0706-MRA_IXI-Guys,IXI-Guys
junction_only,42,61,0,15.133269038135076,12.678830881859813,2.4544381562752626,0.19358552686328045,32,27,IXI041-Guys-0706-MRA_IXI-Guys,IXI-Guys
junction_only,43,44,0,4.7323636807042,4.516030614283973,0.2163330664202272,0.047903365786754595,11,11,IXI041-Guys-0706-MRA_IXI-Guys,IXI-Guys
junction_only,43,63,0,24.687119557619326,18.912845683166715,5.774273874452611,0.3053096277093814,51,39,IXI041-Guys-0706-MRA_IXI-Guys,IXI-Guys
junction_only,43,194,0,15.42059730464447,10.79143609483565,4.629161209808821,0.4289661884783021,32,23,IXI041-Guys-0706-MRA_IXI-Guys,IXI-Guys
junction_only,44,192,0,16.046212898078807,13.122078297590411,2.9241346004883955,0.2228408133355941,34,28,IXI041-Guys-0706-MRA_IXI-Guys,IXI-Guys
junction_only,44,193,0,3.830896478899615,3.1866177797980444,0.6442786991015708,0.202182609783343,9,8,IXI041-Guys-0706-MRA_IXI-Guys,IXI-Guys
junction_only,45,46,0,4.057900856030111,3.281250208616001,0.7766506474141099,0.23669351559194066,10,8,IXI041-Guys-0706-MRA_IXI-Guys,IXI-Guys
junction_only,45,47,0,1.701880090486121,1.5484873154493148,0.15339277503680626,0.09905975561207438,5,5,IXI041-Guys-0706-MRA_IXI-Guys,IXI-Guys
junction_only,45,49,0,2.986091682317923,2.327325988107858,0.6587656942100653,0.28305690632778485,7,6,IXI041-Guys-0706-MRA_IXI-Guys,IXI-Guys
junction_only,46,47,0,3.942649292824925,2.6480316020288677,1.2946176907960574,0.4888981271236143,9,7,IXI041-Guys-0706-MRA_IXI-Guys,IXI-Guys
junction_only,46,57,0,8.467786660951246,6.458851570682144,2.0089350902691017,0.3110359586815726,18,14,IXI041-Guys-0706-MRA_IXI-Guys,IXI-Guys
junction_only,46,57,1,7.804873939162034,6.458851570682144,1.3460223684798898,0.20839964407755093,17,14,IXI041-Guys-0706-MRA_IXI-Guys,IXI-Guys
junction_only,47,49,0,2.915952510528449,2.091734235610468,0.8242182749179814,0.39403584876423614,7,6,IXI041-Guys-0706-MRA_IXI-Guys,IXI-Guys
junction_only,48,53,0,2.7661818764444654,2.618899262547767,0.1472826138966985,0.05623836548543538,7,7,IXI041-Guys-0706-MRA_IXI-Guys,IXI-Guys
junction_only,48,56,0,6.0015265094500645,3.7383623736491502,2.2631641358009142,0.6053891810364436,14,9,IXI041-Guys-0706-MRA_IXI-Guys,IXI-Guys
junction_only,48,196,0,6.939026808134547,5.617248802042479,1.3217780060920683,0.23530700751789002,15,13,IXI041-Guys-0706-MRA_IXI-Guys,IXI-Guys
junction_only,48,200,0,7.275452327897805,6.390450258961746,0.8850020689360596,0.13848821805552172,16,14,IXI041-Guys-0706-MRA_IXI-Guys,IXI-Guys
junction_only,49,58,0,3.690618165455166,3.4097405968847707,0.2808775685703955,0.08237505481414412,9,8,IXI041-Guys-0706-MRA_IXI-Guys,IXI-Guys
junction_only,50,62,0,6.036353306956724,5.404115053764372,0.6322382531923525,0.11699200459323143,14,12,IXI041-Guys-0706-MRA_IXI-Guys,IXI-Guys
junction_only,50,198,0,5.6357573667141985,4.4469532988874985,1.1888040678267,0.26733000954251196,13,10,IXI041-Guys-0706-MRA_IXI-Guys,IXI-Guys
junction_only,50,207,0,8.26485219144713,6.087452795441412,2.1773993960057174,0.35768645263849314,18,14,IXI041-Guys-0706-MRA_IXI-Guys,IXI-Guys
junction_only,51,54,0,2.5276272169551235,1.8698785838409577,0.6577486331141658,0.3517600761879791,7,5,IXI041-Guys-0706-MRA_IXI-Guys,IXI-Guys
junction_only,51,55,0,9.130227877826897,7.21498597953421,1.9152418982926873,0.26545330839524833,20,16,IXI041-Guys-0706-MRA_IXI-Guys,IXI-Guys
junction_only,51,68,0,17.122477395130826,13.02597571781352,4.096501677317306,0.3144871268042657,36,28,IXI041-Guys-0706-MRA_IXI-Guys,IXI-Guys
junction_only,52,54,0,1.9661818645244664,1.9127554083076177,0.05342645621684872,0.027931671757300002,5,5,IXI041-Guys-0706-MRA_IXI-Guys,IXI-Guys
junction_only,52,56,0,4.962146413334618,4.342401024257102,0.619745389077516,0.14271951982683176,11,10,IXI041-Guys-0706-MRA_IXI-Guys,IXI-Guys
junction_only,52,195,0,9.039517756635172,6.851625946190182,2.1878918104449907,0.31932446803543896,20,15,IXI041-Guys-0706-MRA_IXI-Guys,IXI-Guys
junction_only,53,56,0,1.7018800904860998,1.5484873154492966,0.15339277503680315,0.09905975561207354,5,5,IXI041-Guys-0706-MRA_IXI-Guys,IXI-Guys
junction_only,53,63,0,7.238155110465647,6.087452405315666,1.150702705149981,0.18902861632974213,16,14,IXI041-Guys-0706-MRA_IXI-Guys,IXI-Guys
junction_only,54,59,0,6.186917095101857,5.1488055835437905,1.0381115115580668,0.20162181203267757,14,12,IXI041-Guys-0706-MRA_IXI-Guys,IXI-Guys
junction_only,55,199,0,6.939026747869775,3.9954128059688525,2.9436139419009226,0.7367483874265458,15,9,IXI041-Guys-0706-MRA_IXI-Guys,IXI-Guys
junction_only,55,204,0,3.6783476681307867,3.167128912473938,0.5112187556568486,0.16141393981261107,9,8,IXI041-Guys-0706-MRA_IXI-Guys,IXI-Guys
junction_only,56,60,0,8.14281330545089,5.76418460843721,2.3786286970136796,0.4126565782664229,18,13,IXI041-Guys-0706-MRA_IXI-Guys,IXI-Guys
junction_only,57,66,0,6.322490868186998,5.423289887732714,0.8992009804542844,0.16580359875068537,14,12,IXI041-Guys-0706-MRA_IXI-Guys,IXI-Guys
junction_only,58,201,0,14.024633077699336,7.790484527842293,6.234148549857044,0.8002260356948167,30,17,IXI041-Guys-0706-MRA_IXI-Guys,IXI-Guys
junction_only,58,218,0,34.255936853291864,22.27355817359873,11.982378679693134,0.5379642797214176,70,46,IXI041-Guys-0706-MRA_IXI-Guys,IXI-Guys
junction_only,59,60,0,1.8544288711228063,1.8544288711228063,0.0,0.0,5,5,IXI041-Guys-0706-MRA_IXI-Guys,IXI-Guys
junction_only,59,64,0,3.473899263024506,2.243776292634227,1.230122970390279,0.5482377964454274,8,6,IXI041-Guys-0706-MRA_IXI-Guys,IXI-Guys
junction_only,60,64,0,2.058877187152822,1.5484873154498988,0.5103898717029232,0.3296054585727324,6,5,IXI041-Guys-0706-MRA_IXI-Guys,IXI-Guys
junction_only,61,73,0,18.116640575875557,14.151388937120638,3.9652516387549195,0.28020229366699345,38,30,IXI041-Guys-0706-MRA_IXI-Guys,IXI-Guys
junction_only,61,205,0,7.430332779830316,6.300301203719265,1.130031576111051,0.17936151615163384,16,14,IXI041-Guys-0706-MRA_IXI-Guys,IXI-Guys
junction_only,61,206,0,22.21584743847882,12.372895111297701,9.84295232718112,0.7955253995642064,46,26,IXI041-Guys-0706-MRA_IXI-Guys,IXI-Guys
junction_only,62,63,0,37.986183042216005,29.275045073699168,8.711137968516837,0.2975618977387318,77,60,IXI041-Guys-0706-MRA_IXI-Guys,IXI-Guys
junction_only,62,66,0,4.49339632392712,4.214002067378187,0.27939425654893313,0.06630140471733631,10,10,IXI041-Guys-0706-MRA_IXI-Guys,IXI-Guys
junction_only,64,65,0,2.9036818939958384,2.509054038805712,0.39462785519012655,0.15728152884979948,7,7,IXI041-Guys-0706-MRA_IXI-Guys,IXI-Guys
junction_only,65,67,0,2.517341592911269,2.0779347976604488,0.43940679525082027,0.21146322576894583,7,6,IXI041-Guys-0706-MRA_IXI-Guys,IXI-Guys
junction_only,65,69,0,3.292007247836685,2.3437503397466,0.9482569080900847,0.404589555469721,8,6,IXI041-Guys-0706-MRA_IXI-Guys,IXI-Guys
junction_only,66,213,0,13.196083403183021,8.680268364138827,4.515815039044194,0.5202391043231541,28,19,IXI041-Guys-0706-MRA_IXI-Guys,IXI-Guys
junction_only,67,68,0,2.766181846312885,2.6188992305434122,0.14728261576947288,0.05623836688779822,7,7,IXI041-Guys-0706-MRA_IXI-Guys,IXI-Guys
junction_only,67,69,0,1.9661818645249272,1.9127554083078675,0.05342645621705966,0.027931671757406636,5,5,IXI041-Guys-0706-MRA_IXI-Guys,IXI-Guys
junction_only,68,75,0,13.299535497140498,8.45051241036905,4.849023086771448,0.5738140897611771,28,18,IXI041-Guys-0706-MRA_IXI-Guys,IXI-Guys
junction_only,69,75,0,11.17882000751072,8.965484238165443,2.213335769345276,0.24687297535176736,24,19,IXI041-Guys-0706-MRA_IXI-Guys,IXI-Guys
junction_only,70,80,0,24.577836926522775,12.849339646276366,11.728497280246408,0.9127704304746299,51,27,IXI041-Guys-0706-MRA_IXI-Guys,IXI-Guys
junction_only,70,83,0,21.29768750687297,15.981819204653508,5.31586830221946,0.3326197245850217,44,33,IXI041-Guys-0706-MRA_IXI-Guys,IXI-Guys
junction_only,70,209,0,6.470276778333274,5.478631030739293,0.9916457475939815,0.18100246978307055,14,12,IXI041-Guys-0706-MRA_IXI-Guys,IXI-Guys
junction_only,71,84,0,41.38818235911615,34.609543545269304,6.778638813846847,0.1958603933906376,84,71,IXI041-Guys-0706-MRA_IXI-Guys,IXI-Guys
junction_only,71,208,0,20.914562959417424,14.142075933478662,6.772487025938762,0.47888917141974846,43,30,IXI041-Guys-0706-MRA_IXI-Guys,IXI-Guys
junction_only,71,216,0,14.415736399276497,10.917081707358918,3.4986546919175794,0.32047526854720043,30,23,IXI041-Guys-0706-MRA_IXI-Guys,IXI-Guys
junction_only,72,82,0,50.23995092835384,42.80286353304963,7.437087395304211,0.1737520993090046,102,87,IXI041-Guys-0706-MRA_IXI-Guys,IXI-Guys
junction_only,72,210,0,9.598977967233868,7.9440948060857455,1.6548831611481223,0.2083161394146962,21,17,IXI041-Guys-0706-MRA_IXI-Guys,IXI-Guys
junction_only,72,212,0,12.54392703416892,10.161497144159554,2.382429890009366,0.2344565821561734,27,22,IXI041-Guys-0706-MRA_IXI-Guys,IXI-Guys
junction_only,73,87,0,8.898421319735522,7.025050455786974,1.8733708639485487,0.26667009379346673,19,16,IXI041-Guys-0706-MRA_IXI-Guys,IXI-Guys
junction_only,73,109,0,6.400137606544034,4.51834014709777,1.8817974594462639,0.4164798129806549,14,11,IXI041-Guys-0706-MRA_IXI-Guys,IXI-Guys
junction_only,74,79,0,6.825759968868456,6.336328966815107,0.4894310020533492,0.07724204418940654,15,14,IXI041-Guys-0706-MRA_IXI-Guys,IXI-Guys
junction_only,74,211,0,8.306465833581939,6.710050358537091,1.5964154750448474,0.2379140825692542,18,15,IXI041-Guys-0706-MRA_IXI-Guys,IXI-Guys
junction_only,74,215,0,7.147825206971422,6.7345774368567835,0.41324777011463887,0.06136209346306265,16,15,IXI041-Guys-0706-MRA_IXI-Guys,IXI-Guys
junction_only,75,106,0,4.75811097472655,3.269539101191181,1.4885718735353692,0.45528492777255436,11,8,IXI041-Guys-0706-MRA_IXI-Guys,IXI-Guys
junction_only,76,78,0,2.364792782142699,1.6844185879257725,0.6803741942169266,0.4039222786390367,6,5,IXI041-Guys-0706-MRA_IXI-Guys,IXI-Guys
junction_only,76,86,0,2.253039818872554,1.869878583840532,0.38316123503202193,0.20491236080422368,6,5,IXI041-Guys-0706-MRA_IXI-Guys,IXI-Guys
junction_only,76,94,0,3.2606791098729047,2.1301502043672937,1.130528905505611,0.5307273182838322,8,6,IXI041-Guys-0706-MRA_IXI-Guys,IXI-Guys
junction_only,76,94,1,2.9706301918141165,2.1301502043672937,0.8404799874468227,0.3945637193676047,7,6,IXI041-Guys-0706-MRA_IXI-Guys,IXI-Guys
junction_only,77,78,0,4.790952629738504,3.8629300347699544,0.9280225949685494,0.24023800240115276,11,9,IXI041-Guys-0706-MRA_IXI-Guys,IXI-Guys
junction_only,77,79,0,9.786792629642793,8.923971552406714,0.8628210772360791,0.09668577181909373,21,19,IXI041-Guys-0706-MRA_IXI-Guys,IXI-Guys
junction_only,77,80,0,12.217440160959848,10.714173917690895,1.5032662432689534,0.1403063133767886,26,23,IXI041-Guys-0706-MRA_IXI-Guys,IXI-Guys
junction_only,78,94,0,3.0051492332220464,1.8698785838409562,1.1352706493810902,0.6071360243343219,8,5,IXI041-Guys-0706-MRA_IXI-Guys,IXI-Guys
junction_only,79,214,0,23.04076878195377,12.581026696021182,10.459742085932588,0.8313901829045907,48,27,IXI041-Guys-0706-MRA_IXI-Guys,IXI-Guys
junction_only,80,97,0,4.747825171207563,4.516030614283088,0.23179455692447526,0.051327056152225006,11,11,IXI041-Guys-0706-MRA_IXI-Guys,IXI-Guys
junction_only,81,82,0,3.540847501237786,2.8208626574044064,0.7199848438333794,0.2552356960533015,9,7,IXI041-Guys-0706-MRA_IXI-Guys,IXI-Guys
junction_only,81,88,0,1.8647144951661516,1.617881124505377,0.2468333706607746,0.15256582632808524,5,5,IXI041-Guys-0706-MRA_IXI-Guys,IXI-Guys
junction_only,81,88,1,3.6680619550110345,1.617881124505377,2.0501808305056572,1.2672011555437634,9,5,IXI041-Guys-0706-MRA_IXI-Guys,IXI-Guys
junction_only,81,98,0,2.364792782142437,1.6844185879257725,0.6803741942166646,0.40392227863888114,6,5,IXI041-Guys-0706-MRA_IXI-Guys,IXI-Guys
junction_only,81,98,1,2.721789878808711,1.6844185879257725,1.0373712908829384,0.6158631223372919,7,5,IXI041-Guys-0706-MRA_IXI-Guys,IXI-Guys
junction_only,82,98,0,2.195964567022248,1.8544289313884963,0.34153563563375156,0.1841729439466996,6,5,IXI041-Guys-0706-MRA_IXI-Guys,IXI-Guys
junction_only,83,105,0,3.5856522858981283,2.4765228999821325,1.1091293859159959,0.4478575126133491,9,6,IXI041-Guys-0706-MRA_IXI-Guys,IXI-Guys
junction_only,83,197,0,27.706021608113705,18.640924076087085,9.06509753202662,0.4863008665785776,57,39,IXI041-Guys-0706-MRA_IXI-Guys,IXI-Guys
junction_only,84,91,0,1.5077174286322121,1.318572344298999,0.1891450843332132,0.1434468765790546,5,4,IXI041-Guys-0706-MRA_IXI-Guys,IXI-Guys
junction_only,84,99,0,11.670125681182753,9.271472693465595,2.398652987717158,0.25871326670763917,25,20,IXI041-Guys-0706-MRA_IXI-Guys,IXI-Guys
junction_only,85,86,0,1.8647145252992627,1.3185723442997264,0.5461421809995364,0.4141920489691327,5,4,IXI041-Guys-0706-MRA_IXI-Guys,IXI-Guys
junction_only,85,86,1,1.8647145547706643,1.3185723442997264,0.5461422104709379,0.4141920713201259,5,4,IXI041-Guys-0706-MRA_IXI-Guys,IXI-Guys
junction_only,85,92,0,2.0779347976608973,1.854428871122792,0.2235059265381052,0.1205254782313544,6,5,IXI041-Guys-0706-MRA_IXI-Guys,IXI-Guys
junction_only,85,93,0,2.3231789611896483,1.667251230837933,0.6559277303517153,0.3934186511423697,6,5,IXI041-Guys-0706-MRA_IXI-Guys,IXI-Guys
junction_only,85,93,1,2.3231789611896483,1.667251230837933,0.6559277303517153,0.3934186511423697,6,5,IXI041-Guys-0706-MRA_IXI-Guys,IXI-Guys
junction_only,87,95,0,2.4349318641943727,1.4823177662958282,0.9526140978985445,0.6426517441526973,6,4,IXI041-Guys-0706-MRA_IXI-Guys,IXI-Guys
junction_only,87,100,0,2.7661818764454664,2.6188992625486844,0.147282613896782,0.056238365485447556,7,7,IXI041-Guys-0706-MRA_IXI-Guys,IXI-Guys
junction_only,88,96,0,8.528682251623902,7.683081014486892,0.8456012371370099,0.11006017449804056,19,17,IXI041-Guys-0706-MRA_IXI-Guys,IXI-Guys
junction_only,89,90,0,1.8647144951656456,1.617881124505377,0.24683337066026856,0.15256582632777246,5,5,IXI041-Guys-0706-MRA_IXI-Guys,IXI-Guys
junction_only,89,101,0,3.5661818883664664,3.367288743320543,0.19889314504592326,0.05906625781363531,9,8,IXI041-Guys-0706-MRA_IXI-Guys,IXI-Guys
junction_only,89,104,0,19.761039481371153,13.75963671224462,6.001402769126534,0.4361599724348769,41,29,IXI041-Guys-0706-MRA_IXI-Guys,IXI-Guys
junction_only,90,101,0,3.473899352762159,2.741863074389035,0.732036278373124,0.26698498740176607,8,7,IXI041-Guys-0706-MRA_IXI-Guys,IXI-Guys
junction_only,90,102,0,26.899777584923857,20.909362302808315,5.990415282115542,0.28649440357685974,55,43,IXI041-Guys-0706-MRA_IXI-Guys,IXI-Guys
junction_only,91,92,0,4.8924199689642265,3.650562012599834,1.2418579563643926,0.3401826765517603,11,9,IXI041-Guys-0706-MRA_IXI-Guys,IXI-Guys
junction_only,91,107,0,2.434931953931928,2.181115880370952,0.253816073560976,0.11636982511805305,6,6,IXI041-Guys-0706-MRA_IXI-Guys,IXI-Guys
junction_only,92,107,0,5.287532316779222,4.486390239142419,0.8011420776368032,0.17857164333300232,12,10,IXI041-Guys-0706-MRA_IXI-Guys,IXI-Guys
junction_only,92,219,0,31.142891419511848,16.112245782187113,15.030645637324735,0.932870925662136,64,34,IXI041-Guys-0706-MRA_IXI-Guys,IXI-Guys
junction_only,93,94,0,3.097844555850756,2.4648783992992236,0.6329661565515323,0.25679407013809996,8,6,IXI041-Guys-0706-MRA_IXI-Guys,IXI-Guys
junction_only,93,99,0,19.86913024588913,14.88680557957351,4.9823246663156215,0.33468057600966933,41,31,IXI041-Guys-0706-MRA_IXI-Guys,IXI-Guys
junction_only,94,97,0,18.691312850349863,15.866021588875984,2.825291261473879,0.17807181501976227,39,33,IXI041-Guys-0706-MRA_IXI-Guys,IXI-Guys
junction_only,95,96,0,3.719143366288928,2.476522719473271,1.242620646815657,0.50176024513918,9,6,IXI041-Guys-0706-MRA_IXI-Guys,IXI-Guys
junction_only,95,96,1,4.687971713200883,2.476522719473271,2.2114489937276125,0.8929653567636009,11,6,IXI041-Guys-0706-MRA_IXI-Guys,IXI-Guys
junction_only,95,100,0,3.668061924877979,2.6188992305434122,1.0491626943345667,0.4006120900332882,9,7,IXI041-Guys-0706-MRA_IXI-Guys,IXI-Guys
junction_only,97,104,0,9.817715580518522,9.28596070145642,0.5317548790621025,0.05726439042313646,21,20,IXI041-Guys-0706-MRA_IXI-Guys,IXI-Guys
junction_only,98,223,0,47.36130831436702,37.58803680455433,9.773271509812695,0.2600101612284397,96,77,IXI041-Guys-0706-MRA_IXI-Guys,IXI-Guys
junction_only,99,103,0,4.708542931153698,3.8629300347699553,0.8456128963837424,0.2189045332875412,11,9,IXI041-Guys-0706-MRA_IXI-Guys,IXI-Guys
junction_only,100,108,0,5.328328134146851,4.9788617492299405,0.3494663849169104,0.07019001581455056,12,11,IXI041-Guys-0706-MRA_IXI-Guys,IXI-Guys
junction_only,101,217,0,48.64627927857264,37.60584389918827,11.04043537938437,0.29358297101325465,99,77,IXI041-Guys-0706-MRA_IXI-Guys,IXI-Guys
junction_only,102,105,0,10.73347743326428,9.25039924598046,1.4830781872838195,0.16032585706268362,23,20,IXI041-Guys-0706-MRA_IXI-Guys,IXI-Guys
junction_only,102,221,0,14.290448190632976,11.739492426118751,2.5509557645142245,0.21729693856598942,30,25,IXI041-Guys-0706-MRA_IXI-Guys,IXI-Guys
junction_only,103,110,0,20.146908457678425,16.617323011887446,3.5295854457909783,0.212403974049613,42,35,IXI041-Guys-0706-MRA_IXI-Guys,IXI-Guys
junction_only,103,220,0,32.54282747328235,28.10490707730644,4.437920395975912,0.1579055352778359,67,58,IXI041-Guys-0706-MRA_IXI-Guys,IXI-Guys
junction_only,104,108,0,16.868907720391725,14.327566306028363,2.5413414143633624,0.1773742560377533,35,30,IXI041-Guys-0706-MRA_IXI-Guys,IXI-Guys
junction_only,105,231,0,38.30882574102077,17.709905334328703,20.598920406692066,1.1631298992187906,78,37,IXI041-Guys-0706-MRA_IXI-Guys,IXI-Guys
junction_only,106,114,0,25.18288162949819,18.421521850342444,6.761359779155747,0.3670358960614352,52,38,IXI041-Guys-0706-MRA_IXI-Guys,IXI-Guys
junction_only,106,117,0,21.80319168364662,15.43969638868838,6.3634952949582395,0.4121515821788012,45,32,IXI041-Guys-0706-MRA_IXI-Guys,IXI-Guys
junction_only,107,222,0,34.53778173500105,27.16232883890085,7.375452896100196,0.2715324205020798,71,56,IXI041-Guys-0706-MRA_IXI-Guys,IXI-Guys
junction_only,108,109,0,3.9426492928261223,3.483112332085751,0.4595369607403712,0.1319328568611487,9,8,IXI041-Guys-0706-MRA_IXI-Guys,IXI-Guys
junction_only,109,111,0,16.46833713796598,13.849399420113324,2.618937717852658,0.18910117604444313,34,29,IXI041-Guys-0706-MRA_IXI-Guys,IXI-Guys
junction_only,110,224,0,9.386229318996136,7.81306348115716,1.5731658378389763,0.2013507047053944,20,17,IXI041-Guys-0706-MRA_IXI-Guys,IXI-Guys
junction_only,110,229,0,25.47172412830667,18.491665911624676,6.980058216681993,0.3774704913035456,52,38,IXI041-Guys-0706-MRA_IXI-Guys,IXI-Guys
junction_only,111,119,0,16.975898350936486,10.909405234453574,6.066493116482912,0.5560791799468587,35,23,IXI041-Guys-0706-MRA_IXI-Guys,IXI-Guys
junction_only,111,225,0,21.838279004648726,12.06722130297106,9.771057701677666,0.8097189449299269,45,26,IXI041-Guys-0706-MRA_IXI-Guys,IXI-Guys
junction_only,111,235,0,25.971331060375135,18.073358807507958,7.897972252867177,0.4369952667340525,53,38,IXI041-Guys-0706-MRA_IXI-Guys,IXI-Guys
junction_only,112,113,0,28.31029298108302,23.51364851590894,4.796644465174079,0.2039940531529486,58,49,IXI041-Guys-0706-MRA_IXI-Guys,IXI-Guys
junction_only,112,118,0,9.060560180818179,8.034897793496476,1.0256623873217023,0.1276509563260261,20,18,IXI041-Guys-0706-MRA_IXI-Guys,IXI-Guys
junction_only,112,227,0,15.980057664584955,12.835688616524337,3.144369048060618,0.2449708108385114,33,27,IXI041-Guys-0706-MRA_IXI-Guys,IXI-Guys
junction_only,113,116,0,7.8471833043702075,6.539077604200973,1.3081057001692349,0.20004437618676585,17,15,IXI041-Guys-0706-MRA_IXI-Guys,IXI-Guys
junction_only,113,238,0,18.068749889228304,11.010367785691438,7.058382103536866,0.641066878139131,38,24,IXI041-Guys-0706-MRA_IXI-Guys,IXI-Guys
junction_only,114,116,0,2.537912810865598,2.3901655606490713,0.1477472502165269,0.06181465110576055,7,6,IXI041-Guys-0706-MRA_IXI-Guys,IXI-Guys
junction_only,114,116,1,7.133189410384885,2.3901655606490713,4.743023849735813,1.9843913441911538,16,6,IXI041-Guys-0706-MRA_IXI-Guys,IXI-Guys
junction_only,115,117,0,13.339163907046721,10.520518052040806,2.818645855005915,0.2679189219640324,28,23,IXI041-Guys-0706-MRA_IXI-Guys,IXI-Guys
junction_only,115,230,0,7.614209817640364,5.988534374616465,1.6256754430238987,0.27146465918516416,17,13,IXI041-Guys-0706-MRA_IXI-Guys,IXI-Guys
junction_only,115,241,0,24.85872666534251,18.08016419990757,6.778562465434938,0.3749170854028854,51,38,IXI041-Guys-0706-MRA_IXI-Guys,IXI-Guys
junction_only,117,234,0,22.23560023429155,16.039320349768342,6.196279884523207,0.38631810758818724,46,34,IXI041-Guys-0706-MRA_IXI-Guys,IXI-Guys
junction_only,118,120,0,9.23519429382538,8.008807478583005,1.2263868152423747,0.1531297660134738,20,18,IXI041-Guys-0706-MRA_IXI-Guys,IXI-Guys
junction_only,118,232,0,23.788430144078124,17.57031193745314,6.2181182066249825,0.3538991355850859,49,37,IXI041-Guys-0706-MRA_IXI-Guys,IXI-Guys
junction_only,119,121,0,4.2485649775544445,3.354573941596631,0.8939910359578134,0.26649912970238854,10,8,IXI041-Guys-0706-MRA_IXI-Guys,IXI-Guys
junction_only,119,236,0,10.619359050861304,8.343982188015223,2.2753768628460804,0.2726967545681353,23,18,IXI041-Guys-0706-MRA_IXI-Guys,IXI-Guys
junction_only,120,233,0,29.466306645424854,18.489746067121047,10.976560578303808,0.5936566429012574,60,38,IXI041-Guys-0706-MRA_IXI-Guys,IXI-Guys
junction_only,120,239,0,3.933877604383272,3.409740793541244,0.5241368108420281,0.15371749425494513,9,8,IXI041-Guys-0706-MRA_IXI-Guys,IXI-Guys
junction_only,121,122,0,4.710527923643266,4.110932875709384,0.5995950479338816,0.14585376751752854,11,10,IXI041-Guys-0706-MRA_IXI-Guys,IXI-Guys
junction_only,121,123,0,4.880149620983153,4.065292835859464,0.8148567851236894,0.2004423341747819,11,10,IXI041-Guys-0706-MRA_IXI-Guys,IXI-Guys
junction_only,122,124,0,5.667085743099381,4.953045799964262,0.714039943135119,0.14416178892193385,13,11,IXI041-Guys-0706-MRA_IXI-Guys,IXI-Guys
junction_only,122,129,0,12.424220475781368,9.525120379736965,2.8991000960444033,0.30436361751519003,26,21,IXI041-Guys-0706-MRA_IXI-Guys,IXI-Guys
junction_only,123,124,0,3.923591891265384,3.269539101191529,0.6540527900738553,0.20004433953259548,9,8,IXI041-Guys-0706-MRA_IXI-Guys,IXI-Guys
junction_only,123,128,0,10.878485286595593,7.1397885076776975,3.7386967789178955,0.5236425105446088,23,16,IXI041-Guys-0706-MRA_IXI-Guys,IXI-Guys
junction_only,124,126,0,2.0691629598768926,1.9327061161864538,0.13645684369043876,0.07060403159466919,6,5,IXI041-Guys-0706-MRA_IXI-Guys,IXI-Guys
junction_only,125,129,0,25.788056706969886,21.58145427182564,4.206602435144248,0.19491746858949738,53,45,IXI041-Guys-0706-MRA_IXI-Guys,IXI-Guys
junction_only,125,130,0,10.093533889079694,6.5660891943240625,3.5274446947556317,0.5372215622359909,22,15,IXI041-Guys-0706-MRA_IXI-Guys,IXI-Guys
junction_only,125,133,0,9.396515032115651,6.8251042574876,2.5714107746280517,0.3767577281778576,20,15,IXI041-Guys-0706-MRA_IXI-Guys,IXI-Guys
junction_only,126,127,0,1.976467577644683,1.6844187206230983,0.2920488570215847,0.17338257610527524,5,5,IXI041-Guys-0706-MRA_IXI-Guys,IXI-Guys
junction_only,126,128,0,4.341260240577367,3.7397571676819132,0.6015030728954538,0.16084014173259684,10,9,IXI041-Guys-0706-MRA_IXI-Guys,IXI-Guys
junction_only,127,128,0,6.928740945673937,4.092227968910156,2.836512976763781,0.6931463736413498,15,10,IXI041-Guys-0706-MRA_IXI-Guys,IXI-Guys
junction_only,127,132,0,6.7952498050174714,6.126435266777655,0.6688145382398165,0.10916862891976585,15,14,IXI041-Guys-0706-MRA_IXI-Guys,IXI-Guys
junction_only,127,135,0,5.654815245775259,3.9473296980684953,1.7074855477067636,0.43256724882704106,13,9,IXI041-Guys-0706-MRA_IXI-Guys,IXI-Guys
junction_only,128,136,0,6.489334269632492,4.301644471042914,2.1876897985895782,0.5085705741876857,14,10,IXI041-Guys-0706-MRA_IXI-Guys,IXI-Guys
junction_only,129,243,0,28.94946944493803,11.40181726026253,17.5476521846755,1.5390224017913667,59,24,IXI041-Guys-0706-MRA_IXI-Guys,IXI-Guys
junction_only,130,133,0,3.1169021964911416,3.116902196491141,4.440892098500626e-16,1.4247774933393704e-16,8,8,IXI041-Guys-0706-MRA_IXI-Guys,IXI-Guys
junction_only,130,242,0,62.278828238610366,23.779838847745154,38.49898939086521,1.6189760425780073,126,49,IXI041-Guys-0706-MRA_IXI-Guys,IXI-Guys
junction_only,131,138,0,8.711045681988736,7.527162116417242,1.1838835655714943,0.15728152884994537,19,17,IXI041-Guys-0706-MRA_IXI-Guys,IXI-Guys
junction_only,131,158,0,15.052026299645545,11.728123487576136,3.3239028120694094,0.28341301279701686,32,25,IXI041-Guys-0706-MRA_IXI-Guys,IXI-Guys
junction_only,131,160,0,29.909193289502205,17.458749767956544,12.450443521545662,0.7131348857749807,61,36,IXI041-Guys-0706-MRA_IXI-Guys,IXI-Guys
junction_only,132,140,0,3.2920072478366817,2.837810023831176,0.4541972240055059,0.16005201905387537,8,7,IXI041-Guys-0706-MRA_IXI-Guys,IXI-Guys
junction_only,132,141,0,3.5563090218750646,3.1866177797983433,0.3696912420767213,0.11601367582280805,9,8,IXI041-Guys-0706-MRA_IXI-Guys,IXI-Guys
junction_only,133,147,0,3.0066631386901816,2.8512954701188544,0.15536766857132722,0.05449020285675649,8,7,IXI041-Guys-0706-MRA_IXI-Guys,IXI-Guys
junction_only,134,137,0,3.668061924877993,2.0917342356108364,1.5763276892671567,0.7535984554973024,9,6,IXI041-Guys-0706-MRA_IXI-Guys,IXI-Guys
junction_only,134,156,0,23.216699854050656,14.68655243285379,8.530147421196865,0.5808134659373796,48,31,IXI041-Guys-0706-MRA_IXI-Guys,IXI-Guys
junction_only,134,166,0,56.205984353720105,29.16353866821389,27.042445685506216,0.927269011938544,114,60,IXI041-Guys-0706-MRA_IXI-Guys,IXI-Guys
junction_only,135,136,0,1.3959644653641419,1.2324391996496022,0.16352526571453962,0.13268424581190852,4,4,IXI041-Guys-0706-MRA_IXI-Guys,IXI-Guys
junction_only,135,141,0,5.156721712869486,3.658434469481142,1.498287243388344,0.40954327756507247,12,9,IXI041-Guys-0706-MRA_IXI-Guys,IXI-Guys
junction_only,135,247,0,53.70759937192607,14.51530016685524,39.19229920507083,2.7000681180926556,109,31,IXI041-Guys-0706-MRA_IXI-Guys,IXI-Guys
junction_only,136,260,0,36.513764512048304,21.082879577476852,15.430884934571452,0.7319154329874602,75,44,IXI041-Guys-0706-MRA_IXI-Guys,IXI-Guys
junction_only,137,139,0,2.390127139138744,1.9127553644867588,0.47737177465198544,0.2495728327391603,6,5,IXI041-Guys-0706-MRA_IXI-Guys,IXI-Guys
junction_only,137,142,0,2.629094556180564,1.6901024166091903,0.9389921395713738,0.555582981447509,7,5,IXI041-Guys-0706-MRA_IXI-Guys,IXI-Guys
junction_only,137,149,0,19.445407257848785,10.84640874580747,8.598998512041316,0.7927968338243883,40,23,IXI041-Guys-0706-MRA_IXI-Guys,IXI-Guys
junction_only,138,150,0,23.88239036410249,10.017691936251472,13.86469842785102,1.384021241228053,49,22,IXI041-Guys-0706-MRA_IXI-Guys,IXI-Guys
junction_only,138,150,1,11.819175861881718,10.017691936251472,1.8014839256302455,0.1798302380522538,25,22,IXI041-Guys-0706-MRA_IXI-Guys,IXI-Guys
junction_only,139,142,0,1.854428931387988,1.854428931387988,0.0,0.0,5,5,IXI041-Guys-0706-MRA_IXI-Guys,IXI-Guys
junction_only,139,144,0,12.763424022883276,9.611244658549506,3.1521793643337706,0.32796786226119085,27,21,IXI041-Guys-0706-MRA_IXI-Guys,IXI-Guys
junction_only,140,143,0,3.3621462997536664,3.081452947070508,0.28069335268315854,0.0910912343964264,8,8,IXI041-Guys-0706-MRA_IXI-Guys,IXI-Guys
junction_only,140,146,0,1.5077174882362325,1.3185724078667043,0.18914508036952826,0.14344686665751094,5,4,IXI041-Guys-0706-MRA_IXI-Guys,IXI-Guys
junction_only,141,146,0,4.273899274945057,3.8255107289732617,0.44838854597179534,0.11721011329960104,10,9,IXI041-Guys-0706-MRA_IXI-Guys,IXI-Guys
junction_only,142,163,0,21.710496390492217,17.47537496748658,4.235121423005637,0.24234795710450838,45,36,IXI041-Guys-0706-MRA_IXI-Guys,IXI-Guys
junction_only,143,145,0,8.483523486907407,7.275894072417495,1.2076294144899116,0.165976772403541,18,16,IXI041-Guys-0706-MRA_IXI-Guys,IXI-Guys
junction_only,143,152,0,2.3647927821426937,2.1436135728956422,0.22117920924705148,0.10318054151349562,6,6,IXI041-Guys-0706-MRA_IXI-Guys,IXI-Guys
junction_only,144,145,0,0.9375000596039911,0.9375000596039911,0.0,0.0,3,3,IXI041-Guys-0706-MRA_IXI-Guys,IXI-Guys
junction_only,144,148,0,3.693396281874474,3.2679433198781216,0.4254529619963523,0.1301898228798594,9,8,IXI041-Guys-0706-MRA_IXI-Guys,IXI-Guys
junction_only,144,149,0,1.838967410751219,1.7318929854505538,0.10707442530066524,0.061825081688179316,5,5,IXI041-Guys-0706-MRA_IXI-Guys,IXI-Guys
junction_only,145,148,0,3.932363698915839,3.2679433198781256,0.6644203790377134,0.20331453578041014,9,8,IXI041-Guys-0706-MRA_IXI-Guys,IXI-Guys
junction_only,145,149,0,2.4349318641933664,1.7318929854505614,0.703038878742805,0.40593667429163105,6,5,IXI041-Guys-0706-MRA_IXI-Guys,IXI-Guys
junction_only,146,154,0,5.211399543495945,4.362231760740744,0.8491677827552016,0.19466361012671315,12,10,IXI041-Guys-0706-MRA_IXI-Guys,IXI-Guys
junction_only,147,244,0,4.382056267551776,3.7269137405611543,0.6551425269906215,0.1757868769165497,10,9,IXI041-Guys-0706-MRA_IXI-Guys,IXI-Guys
junction_only,147,257,0,26.97897100702491,16.39226967054989,10.58670133647502,0.6458349910808832,55,34,IXI041-Guys-0706-MRA_IXI-Guys,IXI-Guys
junction_only,148,151,0,2.7661818463128145,2.618899230543401,0.14728261576941337,0.05623836688777574,7,7,IXI041-Guys-0706-MRA_IXI-Guys,IXI-Guys
junction_only,150,151,0,8.254094883675997,7.210997359951284,1.0430975237247129,0.1446537103893434,18,16,IXI041-Guys-0706-MRA_IXI-Guys,IXI-Guys
junction_only,151,152,0,1.3959644653636358,1.2324391996496022,0.16352526571403359,0.13268424581149793,4,4,IXI041-Guys-0706-MRA_IXI-Guys,IXI-Guys
junction_only,151,155,0,3.830896509033175,2.5204945481969756,1.3104019608361992,0.5198987483522189,9,7,IXI041-Guys-0706-MRA_IXI-Guys,IXI-Guys
junction_only,152,153,0,2.9036820433384833,2.50905420583911,0.39462783749937325,0.1572815113284477,7,7,IXI041-Guys-0706-MRA_IXI-Guys,IXI-Guys
junction_only,153,154,0,3.9426492928275767,3.3545737333759833,0.5880755594515934,0.17530559951644425,9,8,IXI041-Guys-0706-MRA_IXI-Guys,IXI-Guys
junction_only,153,155,0,1.1316627214578672,1.048156957748482,0.08350576370938523,0.07966914028673887,4,4,IXI041-Guys-0706-MRA_IXI-Guys,IXI-Guys
junction_only,154,261,0,31.538934635553183,15.255740733124465,16.283193902428717,1.0673486254963265,65,32,IXI041-Guys-0706-MRA_IXI-Guys,IXI-Guys
junction_only,155,163,0,17.77990726988268,14.196791272931359,3.5831159969513227,0.2523891440020784,37,30,IXI041-Guys-0706-MRA_IXI-Guys,IXI-Guys
junction_only,156,158,0,2.8335428119446817,2.091734235610812,0.7418085763338698,0.354638062381406,7,6,IXI041-Guys-0706-MRA_IXI-Guys,IXI-Guys
junction_only,156,245,0,78.88113325397924,33.48182111005701,45.39931214392223,1.3559391526133429,159,68,IXI041-Guys-0706-MRA_IXI-Guys,IXI-Guys
junction_only,156,264,0,43.23621105048136,29.836925091531956,13.399285958949402,0.44908400975783747,88,61,IXI041-Guys-0706-MRA_IXI-Guys,IXI-Guys
junction_only,157,159,0,1.395964555100381,1.23243929032966,0.16352526477072105,0.13268423528349244,4,4,IXI041-Guys-0706-MRA_IXI-Guys,IXI-Guys
junction_only,157,248,0,7.145459787836981,5.590016597178258,1.555443190658723,0.27825376966570786,16,13,IXI041-Guys-0706-MRA_IXI-Guys,IXI-Guys
junction_only,157,255,0,64.37702622891331,39.02716523167382,25.34986099723949,0.6495439995899561,130,80,IXI041-Guys-0706-MRA_IXI-Guys,IXI-Guys
junction_only,158,160,0,13.503983304217757,9.643207899235124,3.8607754049826326,0.40036214559771754,29,21,IXI041-Guys-0706-MRA_IXI-Guys,IXI-Guys
junction_only,159,164,0,15.03075876191123,10.510070960645184,4.520687801266046,0.4301291416769401,32,23,IXI041-Guys-0706-MRA_IXI-Guys,IXI-Guys
junction_only,159,254,0,3.5665947349942027,2.9886573232853846,0.5779374117088181,0.19337694127927,9,7,IXI041-Guys-0706-MRA_IXI-Guys,IXI-Guys
junction_only,160,167,0,34.52304075814652,28.206640040419746,6.316400717726776,0.2239331132199885,71,58,IXI041-Guys-0706-MRA_IXI-Guys,IXI-Guys
junction_only,160,252,0,71.64523787408518,31.851189326233627,39.79404854785156,1.2493740230628043,145,65,IXI041-Guys-0706-MRA_IXI-Guys,IXI-Guys
junction_only,161,246,0,30.469182647376826,17.695449568995116,12.77373307838171,0.721865416788453,62,37,IXI041-Guys-0706-MRA_IXI-Guys,IXI-Guys
junction_only,161,249,0,6.837559647724769,5.217942527824654,1.6196171199001146,0.3103938211782736,15,12,IXI041-Guys-0706-MRA_IXI-Guys,IXI-Guys
junction_only,161,256,0,35.447634972576225,28.854108914487977,6.593526058088248,0.22851255180427918,72,59,IXI041-Guys-0706-MRA_IXI-Guys,IXI-Guys
junction_only,162,165,0,16.044262011713407,10.357902836786417,5.68635917492699,0.5489874991616746,34,22,IXI041-Guys-0706-MRA_IXI-Guys,IXI-Guys
junction_only,162,165,1,16.23214783800299,10.357902836786417,5.874245001216574,0.5671268686122454,34,22,IXI041-Guys-0706-MRA_IXI-Guys,IXI-Guys
junction_only,162,250,0,14.247321030125855,8.335509472166967,5.911811557958888,0.7092321804322784,30,18,IXI041-Guys-0706-MRA_IXI-Guys,IXI-Guys
junction_only,162,251,0,10.322215592340841,8.165048489040592,2.1571671033002495,0.2641952593662699,22,18,IXI041-Guys-0706-MRA_IXI-Guys,IXI-Guys
junction_only,163,164,0,40.24016752692807,28.482471205173454,11.757696321754615,0.4128046417411629,82,58,IXI041-Guys-0706-MRA_IXI-Guys,IXI-Guys
junction_only,163,263,0,12.470597198017344,9.818303451060103,2.652293746957241,0.2701376831728365,26,21,IXI041-Guys-0706-MRA_IXI-Guys,IXI-Guys
junction_only,164,262,0,14.635174640631165,12.291653496217675,2.34352114441349,0.19065955163270965,31,26,IXI041-Guys-0706-MRA_IXI-Guys,IXI-Guys
junction_only,165,167,0,8.754644555696315,7.526581115251201,1.2280634404451138,0.1631635162951575,19,17,IXI041-Guys-0706-MRA_IXI-Guys,IXI-Guys
junction_only,166,253,0,16.90774387427382,11.613445248826382,5.294298625447437,0.455876659510877,35,25,IXI041-Guys-0706-MRA_IXI-Guys,IXI-Guys
junction_only,166,259,0,12.621160956691435,10.003322429918365,2.6178385267730704,0.26169690571439813,27,22,IXI041-Guys-0706-MRA_IXI-Guys,IXI-Guys
junction_only,167,258,0,18.826342508240245,14.878022144224445,3.9483203640157996,0.2653793848229022,39,31,IXI041-Guys-0706-MRA_IXI-Guys,IXI-Guys
junction_only,202,203,0,13.281295501135542,8.59121383381908,4.690081667316463,0.5459160670467874,28,19,IXI041-Guys-0706-MRA_IXI-Guys,IXI-Guys
junction_only,226,228,0,8.663462840512706,6.566088683705441,2.0973741568072644,0.3194251947909502,19,15,IXI041-Guys-0706-MRA_IXI-Guys,IXI-Guys
junction_only,237,240,0,14.225582853398617,10.562206961080644,3.6633758923179727,0.3468381092906708,30,23,IXI041-Guys-0706-MRA_IXI-Guys,IXI-Guys
adaptive,0,10,0,27.897674098827203,23.25296530949999,4.644708789327211,0.26366012916772996,57,48,IXI041-Guys-0706-MRA_IXI-Guys,IXI-Guys
adaptive,0,168,0,2.7320754727194885,2.5242962081083333,0.20777926461115515,0.08231176038047515,7,7,IXI041-Guys-0706-MRA_IXI-Guys,IXI-Guys
adaptive,0,189,0,55.04774136805597,46.09012515592354,8.957616212132436,0.253921906909103,112,94,IXI041-Guys-0706-MRA_IXI-Guys,IXI-Guys
adaptive,1,10,0,32.22574128506726,28.367674685134673,3.8580665999325845,0.1813514059993436,66,58,IXI041-Guys-0706-MRA_IXI-Guys,IXI-Guys
adaptive,1,169,0,3.4651272464270093,2.9613989804181062,0.5037282660089031,0.1700980750448506,8,7,IXI041-Guys-0706-MRA_IXI-Guys,IXI-Guys
adaptive,1,176,0,23.120158866241084,21.09550774428678,2.024651121954303,0.10145448135741042,48,44,IXI041-Guys-0706-MRA_IXI-Guys,IXI-Guys
adaptive,2,6,0,24.176506428916746,21.237001552534466,2.93950487638228,0.14330923317651184,50,44,IXI041-Guys-0706-MRA_IXI-Guys,IXI-Guys
adaptive,2,11,0,21.755358968840298,19.57227192423557,2.1830870446047292,0.14165470991455434,45,41,IXI041-Guys-0706-MRA_IXI-Guys,IXI-Guys
adaptive,2,177,0,34.156741597831655,30.895377921735534,3.2613636760961207,0.11268760032985096,70,63,IXI041-Guys-0706-MRA_IXI-Guys,IXI-Guys
adaptive,3,4,0,7.85554262368282,7.540011206308616,0.31553141737420365,0.04424935646737915,17,17,IXI041-Guys-0706-MRA_IXI-Guys,IXI-Guys
adaptive,3,5,0,5.574390301261939,4.0000695569734,1.5743207442885394,0.40754574530276877,13,10,IXI041-Guys-0706-MRA_IXI-Guys,IXI-Guys
adaptive,3,27,0,78.92786341718559,66.64769778882024,12.280165628365353,0.23081029261381825,159,135,IXI041-Guys-0706-MRA_IXI-Guys,IXI-Guys
adaptive,3,181,0,25.125110564178044,20.739453662228257,4.385656901949787,0.26927181914060144,52,43,IXI041-Guys-0706-MRA_IXI-Guys,IXI-Guys
adaptive,4,171,0,8.527640119620319,7.974846532325183,0.5527935872951355,0.06968269499594414,19,17,IXI041-Guys-0706-MRA_IXI-Guys,IXI-Guys
adaptive,4,174,0,6.98941246687125,5.622351573126248,1.367060893745002,0.27829808758158786,15,13,IXI041-Guys-0706-MRA_IXI-Guys,IXI-Guys
adaptive,5,188,0,26.599864386763077,23.65927148823811,2.940592898524965,0.17759653435932,55,49,IXI041-Guys-0706-MRA_IXI-Guys,IXI-Guys
adaptive,5,191,0,51.65754068726239,44.60016008701589,7.057380600246503,0.22294579298539105,105,91,IXI041-Guys-0706-MRA_IXI-Guys,IXI-Guys
adaptive,6,178,0,14.781092815256791,13.267303539675924,1.5137892755808675,0.13545201765533185,31,28,IXI041-Guys-0706-MRA_IXI-Guys,IXI-Guys
adaptive,6,184,0,13.851042081165026,12.341725787860517,1.5093162933045097,0.1302393212813751,29,26,IXI041-Guys-0706-MRA_IXI-Guys,IXI-Guys
adaptive,7,8,0,14.339767016522257,13.182829077113944,1.156937939408314,0.08858031022287409,30,28,IXI041-Guys-0706-MRA_IXI-Guys,IXI-Guys
adaptive,7,9,0,1.966181864524064,1.912755408307031,0.053426456217033014,0.027931671757404918,5,5,IXI041-Guys-0706-MRA_IXI-Guys,IXI-Guys
adaptive,7,172,0,5.33861399726964,4.6781954145338025,0.6604185827358373,0.14116951606683797,12,11,IXI041-Guys-0706-MRA_IXI-Guys,IXI-Guys
adaptive,8,180,0,54.08500465298522,47.07626174914137,7.008742903843846,0.26856332426348184,110,96,IXI041-Guys-0706-MRA_IXI-Guys,IXI-Guys
adaptive,8,190,0,52.02321928948999,44.22770091209337,7.795518377396618,0.2540978412365999,106,90,IXI041-Guys-0706-MRA_IXI-Guys,IXI-Guys
adaptive,9,17,0,15.276820928365915,13.381965083051297,1.894855845314618,0.15172648583508877,32,28,IXI041-Guys-0706-MRA_IXI-Guys,IXI-Guys
adaptive,9,18,0,18.628681545134302,16.01512029226945,2.6135612528648515,0.20651354966787197,39,34,IXI041-Guys-0706-MRA_IXI-Guys,IXI-Guys
adaptive,10,16,0,11.054796577049872,8.263233651847454,2.7915629252024186,0.34498318536234607,24,18,IXI041-Guys-0706-MRA_IXI-Guys,IXI-Guys
adaptive,10,179,0,76.07978941440348,63.825599865459836,12.254189548943643,0.2905805715346744,154,129,IXI041-Guys-0706-MRA_IXI-Guys,IXI-Guys
adaptive,11,12,0,0.9375001788139983,0.9375001788139983,0.0,0.0,3,3,IXI041-Guys-0706-MRA_IXI-Guys,IXI-Guys
adaptive,11,170,0,17.92096412842336,15.28559443451044,2.6353696939129208,0.21806195668452602,37,32,IXI041-Guys-0706-MRA_IXI-Guys,IXI-Guys
adaptive,12,22,0,20.372458631700862,16.582444410290773,3.7900142214100896,0.323156063749238,42,35,IXI041-Guys-0706-MRA_IXI-Guys,IXI-Guys
adaptive,12,25,0,22.581616760026744,17.49131662510563,5.090300134921115,0.30383103491634544,47,36,IXI041-Guys-0706-MRA_IXI-Guys,IXI-Guys
adaptive,13,14,0,2.44521766705123,2.0917344359688923,0.3534832310823375,0.16899049181575668,6,6,IXI041-Guys-0706-MRA_IXI-Guys,IXI-Guys
adaptive,13,175,0,12.514930746313702,10.98453848686243,1.530392259451272,0.15589257965545983,27,23,IXI041-Guys-0706-MRA_IXI-Guys,IXI-Guys
adaptive,13,185,0,55.69352690916831,50.048817975239594,5.644708933928719,0.19312753415656467,113,102,IXI041-Guys-0706-MRA_IXI-Guys,IXI-Guys
adaptive,14,15,0,1.7018800904861178,1.5484873154493126,0.15339277503680515,0.09905975561207381,5,5,IXI041-Guys-0706-MRA_IXI-Guys,IXI-Guys
adaptive,14,183,0,60.650956579612675,52.46160483577718,8.189351743835495,0.26143119831598177,123,106,IXI041-Guys-0706-MRA_IXI-Guys,IXI-Guys
adaptive,15,17,0,13.25873923108252,10.029387266231659,3.2293519648508617,0.373506121868216,28,22,IXI041-Guys-0706-MRA_IXI-Guys,IXI-Guys
adaptive,15,31,0,14.034919089503788,12.612183342466071,1.4227357470377164,0.12222589525235233,30,27,IXI041-Guys-0706-MRA_IXI-Guys,IXI-Guys
adaptive,16,22,0,15.83826619105931,13.083414119802557,2.754852071256753,0.26506325950456344,33,28,IXI041-Guys-0706-MRA_IXI-Guys,IXI-Guys
adaptive,16,24,0,13.678368290601313,12.003778070482813,1.6745902201184997,0.1472718324505155,29,26,IXI041-Guys-0706-MRA_IXI-Guys,IXI-Guys
adaptive,17,20,0,27.378596740421138,24.066951944887133,3.3116447955340043,0.2305802176395612,56,50,IXI041-Guys-0706-MRA_IXI-Guys,IXI-Guys
adaptive,18,19,0,4.493809021213604,3.814323532786307,0.679485488427297,0.17814049662718118,10,9,IXI041-Guys-0706-MRA_IXI-Guys,IXI-Guys
adaptive,18,22,0,18.442472507210113,16.204361340393717,2.2381111668163953,0.13850528414786345,38,34,IXI041-Guys-0706-MRA_IXI-Guys,IXI-Guys
adaptive,19,20,0,1.131662721458604,1.0481569577494003,0.0835057637092036,0.07966914028649577,4,4,IXI041-Guys-0706-MRA_IXI-Guys,IXI-Guys
adaptive,19,173,0,29.361307404469255,23.941070084544464,5.420237319924791,0.29300338458166664,60,49,IXI041-Guys-0706-MRA_IXI-Guys,IXI-Guys
adaptive,20,23,0,4.289360885319101,3.9941072911962845,0.2952535941228165,0.07392229917649118,10,9,IXI041-Guys-0706-MRA_IXI-Guys,IXI-Guys
adaptive,21,25,0,15.100897455542508,11.585980309481265,3.5149171460612436,0.3285596927537515,32,25,IXI041-Guys-0706-MRA_IXI-Guys,IXI-Guys
adaptive,21,26,0,13.358221547689404,11.273781425633516,2.084440122055888,0.1921779061536331,28,24,IXI041-Guys-0706-MRA_IXI-Guys,IXI-Guys
adaptive,21,28,0,15.520079651379232,13.190222568958358,2.329857082420874,0.17891934172814838,33,28,IXI041-Guys-0706-MRA_IXI-Guys,IXI-Guys
adaptive,23,28,0,5.532776599519536,4.11844868773126,1.414327911788276,0.3615310275442637,13,10,IXI041-Guys-0706-MRA_IXI-Guys,IXI-Guys
adaptive,23,29,0,7.808372479494423,6.864484651969291,0.9438878275251321,0.143751911317692,17,15,IXI041-Guys-0706-MRA_IXI-Guys,IXI-Guys
adaptive,24,25,0,3.12317891284628,2.7816433066839443,0.3415356061623358,0.12278195602637766,8,7,IXI041-Guys-0706-MRA_IXI-Guys,IXI-Guys
adaptive,24,27,0,1.5077174882372346,1.3185724078674168,0.1891450803698178,0.14344686665765302,5,4,IXI041-Guys-0706-MRA_IXI-Guys,IXI-Guys
adaptive,25,26,0,1.9661818343913837,1.9127553644862727,0.05342646990511102,0.027931679553522142,5,5,IXI041-Guys-0706-MRA_IXI-Guys,IXI-Guys
adaptive,26,27,0,2.9036818939958398,2.6116330234869256,0.29204887050891415,0.11639799940216781,7,7,IXI041-Guys-0706-MRA_IXI-Guys,IXI-Guys
adaptive,28,40,0,9.712716280619954,8.322319230934475,1.390397049685479,0.16706845905613713,21,18,IXI041-Guys-0706-MRA_IXI-Guys,IXI-Guys
adaptive,29,33,0,2.3647927821426915,2.1436135728956422,0.22117920924704926,0.10318054151349458,6,6,IXI041-Guys-0706-MRA_IXI-Guys,IXI-Guys
adaptive,29,182,0,15.16856647595881,12.924285929562313,2.2442805463964977,0.18975146718006408,32,27,IXI041-Guys-0706-MRA_IXI-Guys,IXI-Guys
adaptive,30,31,0,13.979520388260998,11.835354107257292,2.144166281003706,0.19330827675481463,29,25,IXI041-Guys-0706-MRA_IXI-Guys,IXI-Guys
adaptive,30,34,0,8.075039732930952,7.649066316126381,0.42597341680457035,0.05759740757609492,18,17,IXI041-Guys-0706-MRA_IXI-Guys,IXI-Guys
adaptive,30,36,0,17.04133241446512,14.17746398679876,2.863868427666361,0.3084084124460084,36,30,IXI041-Guys-0706-MRA_IXI-Guys,IXI-Guys
adaptive,31,187,0,9.935404293311404,7.771973089927422,2.1634312033839818,0.2889010677297287,21,17,IXI041-Guys-0706-MRA_IXI-Guys,IXI-Guys
adaptive,32,35,0,4.136811954681182,3.6374035725401326,0.4994083821410493,0.137298040259056,10,9,IXI041-Guys-0706-MRA_IXI-Guys,IXI-Guys
adaptive,32,41,0,18.37466533487328,16.001269445237536,2.373395889635745,0.1984115029253805,38,34,IXI041-Guys-0706-MRA_IXI-Guys,IXI-Guys
adaptive,32,186,0,16.644955766624577,14.02796518623202,2.6169905803925566,0.20680038552917246,35,30,IXI041-Guys-0706-MRA_IXI-Guys,IXI-Guys
adaptive,33,34,0,2.6290945561803643,2.6290945561803643,0.0,0.0,7,7,IXI041-Guys-0706-MRA_IXI-Guys,IXI-Guys
adaptive,33,35,0,1.7018800904861178,1.5484873154493126,0.15339277503680515,0.09905975561207381,5,5,IXI041-Guys-0706-MRA_IXI-Guys,IXI-Guys
adaptive,34,36,0,2.629094556181516,2.1301502043672924,0.4989443518142238,0.23422965704074503,7,6,IXI041-Guys-0706-MRA_IXI-Guys,IXI-Guys
adaptive,35,36,0,1.7018800904861195,1.2324392903303103,0.46944080015580925,0.380903792859438,5,4,IXI041-Guys-0706-MRA_IXI-Guys,IXI-Guys
adaptive,36,37,0,3.0051492633551575,1.6178812799282987,1.3872679834268589,0.8574596916581789,8,5,IXI041-Guys-0706-MRA_IXI-Guys,IXI-Guys
adaptive,37,38,0,2.54668488706836,2.1301502043672964,0.41653468270106364,0.19554239970827975,7,6,IXI041-Guys-0706-MRA_IXI-Guys,IXI-Guys
adaptive,37,39,0,3.0978446455873696,2.517831595034524,0.5800130505528456,0.2766823241563972,8,7,IXI041-Guys-0706-MRA_IXI-Guys,IXI-Guys
adaptive,38,39,0,1.9661818343913813,1.9262169305390828,0.03996490385229845,0.02089389191859998,5,5,IXI041-Guys-0706-MRA_IXI-Guys,IXI-Guys
adaptive,38,41,0,9.59067748502219,7.530015642348085,2.060661842674106,0.2913909465205464,21,17,IXI041-Guys-0706-MRA_IXI-Guys,IXI-Guys
adaptive,39,40,0,5.635757366716141,4.498261458371515,1.1374959083446257,0.26797952187986246,13,10,IXI041-Guys-0706-MRA_IXI-Guys,IXI-Guys
adaptive,40,42,0,4.720813726501831,4.4221793411636225,0.2986343853382083,0.06753104347405949,11,10,IXI041-Guys-0706-MRA_IXI-Guys,IXI-Guys
adaptive,41,42,0,8.005313287899002,6.467050752092956,1.5382625358060453,0.27552617672483104,18,14,IXI041-Guys-0706-MRA_IXI-Guys,IXI-Guys
adaptive,42,61,0,15.133269038135076,12.887306761711104,2.245962276423972,0.1771426953598201,32,27,IXI041-Guys-0706-MRA_IXI-Guys,IXI-Guys
adaptive,43,44,0,4.7323636807042,4.516030614283973,0.2163330664202272,0.047903365786754595,11,11,IXI041-Guys-0706-MRA_IXI-Guys,IXI-Guys
adaptive,43,63,0,24.687119557619326,21.056986309038592,3.6301332485807336,0.19194008714467098,51,44,IXI041-Guys-0706-MRA_IXI-Guys,IXI-Guys
adaptive,43,194,0,15.42059730464447,12.317088488285364,3.1035088163591062,0.2875899731125056,32,26,IXI041-Guys-0706-MRA_IXI-Guys,IXI-Guys
adaptive,44,192,0,16.046212898078807,15.005928708246914,1.0402841898318922,0.07927739541250246,34,32,IXI041-Guys-0706-MRA_IXI-Guys,IXI-Guys
adaptive,44,193,0,3.830896478899615,3.2804049826955657,0.5504914962040495,0.1727510276550762,9,8,IXI041-Guys-0706-MRA_IXI-Guys,IXI-Guys
adaptive,45,46,0,4.057900856030111,3.5683781464440356,0.48952270958607524,0.14918786391256372,10,9,IXI041-Guys-0706-MRA_IXI-Guys,IXI-Guys
adaptive,45,47,0,1.701880090486121,1.586547113887511,0.11533297659861019,0.07448105996602546,5,5,IXI041-Guys-0706-MRA_IXI-Guys,IXI-Guys
adaptive,45,49,0,2.986091682317923,2.4120966631148955,0.5739950192030276,0.24663284049420683,7,6,IXI041-Guys-0706-MRA_IXI-Guys,IXI-Guys
adaptive,46,47,0,3.942649292824925,3.078179890907678,0.8644694019172472,0.3264573584601137,9,8,IXI041-Guys-0706-MRA_IXI-Guys,IXI-Guys
adaptive,46,57,0,8.467786660951246,7.472380033348328,0.9954066276029181,0.15411511113233237,18,16,IXI041-Guys-0706-MRA_IXI-Guys,IXI-Guys
adaptive,46,57,1,7.804873939162034,7.149400987840765,0.6554729513212694,0.10148444257436966,17,16,IXI041-Guys-0706-MRA_IXI-Guys,IXI-Guys
adaptive,47,49,0,2.915952510528449,2.091734235610468,0.8242182749179814,0.39403584876423614,7,6,IXI041-Guys-0706-MRA_IXI-Guys,IXI-Guys
adaptive,48,53,0,2.7661818764444654,2.65254421135726,0.11363766508720552,0.04339138458371033,7,7,IXI041-Guys-0706-MRA_IXI-Guys,IXI-Guys
adaptive,48,56,0,6.0015265094500645,5.578824014267157,0.42270249518290726,0.11307156795778792,14,13,IXI041-Guys-0706-MRA_IXI-Guys,IXI-Guys
adaptive,48,196,0,6.939026808134547,5.861944595742294,1.077082212392253,0.19174550573594262,15,13,IXI041-Guys-0706-MRA_IXI-Guys,IXI-Guys
adaptive,48,200,0,7.275452327897805,6.390450258961746,0.8850020689360596,0.13848821805552172,16,14,IXI041-Guys-0706-MRA_IXI-Guys,IXI-Guys
adaptive,49,58,0,3.690618165455166,3.4097405968847707,0.2808775685703955,0.08237505481414412,9,8,IXI041-Guys-0706-MRA_IXI-Guys,IXI-Guys
adaptive,50,62,0,6.036353306956724,5.404115053764372,0.6322382531923525,0.11699200459323143,14,12,IXI041-Guys-0706-MRA_IXI-Guys,IXI-Guys
adaptive,50,198,0,5.6357573667141985,4.840624199311549,0.7951331674026498,0.17880402917691302,13,11,IXI041-Guys-0706-MRA_IXI-Guys,IXI-Guys
adaptive,50,207,0,8.26485219144713,6.967000213470192,1.2978519779769373,0.21320115680384963,18,15,IXI041-Guys-0706-MRA_IXI-Guys,IXI-Guys
adaptive,51,54,0,2.5276272169551235,2.1492242180306933,0.3784029989244302,0.2023676842948511,7,6,IXI041-Guys-0706-MRA_IXI-Guys,IXI-Guys
adaptive,51,55,0,9.130227877826897,7.784263814399201,1.3459640634276964,0.1865511682552972,20,17,IXI041-Guys-0706-MRA_IXI-Guys,IXI-Guys
adaptive,51,68,0,17.122477395130826,14.007009302351724,3.1154680927791016,0.23917349151193182,36,30,IXI041-Guys-0706-MRA_IXI-Guys,IXI-Guys
adaptive,52,54,0,1.9661818645244664,1.9127554083076177,0.05342645621684872,0.027931671757300002,5,5,IXI041-Guys-0706-MRA_IXI-Guys,IXI-Guys
adaptive,52,56,0,4.962146413334618,4.43379739212393,0.5283490212106878,0.12167209298709987,11,10,IXI041-Guys-0706-MRA_IXI-Guys,IXI-Guys
adaptive,52,195,0,9.039517756635172,7.298776876849708,1.7407408797854647,0.254062450790005,20,16,IXI041-Guys-0706-MRA_IXI-Guys,IXI-Guys
adaptive,53,56,0,1.7018800904860998,1.5484873154492966,0.15339277503680315,0.09905975561207354,5,5,IXI041-Guys-0706-MRA_IXI-Guys,IXI-Guys
adaptive,53,63,0,7.238155110465647,6.233321005155814,1.0048341053098335,0.16506644132977458,16,14,IXI041-Guys-0706-MRA_IXI-Guys,IXI-Guys
adaptive,54,59,0,6.186917095101857,5.1488055835437905,1.0381115115580668,0.20162181203267757,14,12,IXI041-Guys-0706-MRA_IXI-Guys,IXI-Guys
adaptive,55,199,0,6.939026747869775,4.826105151288063,2.112921596581712,0.5288368684770602,15,11,IXI041-Guys-0706-MRA_IXI-Guys,IXI-Guys
adaptive,55,204,0,3.6783476681307867,3.167128912473938,0.5112187556568486,0.16141393981261107,9,8,IXI041-Guys-0706-MRA_IXI-Guys,IXI-Guys
adaptive,56,60,0,8.14281330545089,6.015820205212168,2.126993100238722,0.3690015578483344,18,14,IXI041-Guys-0706-MRA_IXI-Guys,IXI-Guys
adaptive,57,66,0,6.322490868186998,5.423289887732714,0.8992009804542844,0.16580359875068537,14,12,IXI041-Guys-0706-MRA_IXI-Guys,IXI-Guys
adaptive,58,201,0,14.024633077699336,11.45873327710873,2.565899800590607,0.3293633138504258,30,24,IXI041-Guys-0706-MRA_IXI-Guys,IXI-Guys
adaptive,58,218,0,34.255936853291864,29.662278900684505,4.593657952607359,0.20623817338948155,70,61,IXI041-Guys-0706-MRA_IXI-Guys,IXI-Guys
adaptive,59,60,0,1.8544288711228063,1.8544288711228063,0.0,0.0,5,5,IXI041-Guys-0706-MRA_IXI-Guys,IXI-Guys
adaptive,59,64,0,3.473899263024506,3.2200831767229614,0.2538160863015446,0.11312004995095154,8,8,IXI041-Guys-0706-MRA_IXI-Guys,IXI-Guys
adaptive,60,64,0,2.058877187152822,1.5484873154498988,0.5103898717029232,0.3296054585727324,6,5,IXI041-Guys-0706-MRA_IXI-Guys,IXI-Guys
adaptive,61,73,0,18.116640575875557,15.224349703568846,2.8922908723067113,0.20438212002780284,38,32,IXI041-Guys-0706-MRA_IXI-Guys,IXI-Guys
adaptive,61,205,0,7.430332779830316,6.522795278658189,0.9075375011721265,0.14404668472618082,16,15,IXI041-Guys-0706-MRA_IXI-Guys,IXI-Guys
adaptive,61,206,0,22.21584743847882,17.40231809879401,4.813529339684813,0.3890382401520219,46,36,IXI041-Guys-0706-MRA_IXI-Guys,IXI-Guys
adaptive,62,63,0,37.986183042216005,32.7117172327893,5.274465809426708,0.18016934888224345,77,67,IXI041-Guys-0706-MRA_IXI-Guys,IXI-Guys
adaptive,62,66,0,4.49339632392712,4.214002067378187,0.27939425654893313,0.06630140471733631,10,10,IXI041-Guys-0706-MRA_IXI-Guys,IXI-Guys
adaptive,64,65,0,2.9036818939958384,2.509054038805712,0.39462785519012655,0.15728152884979948,7,7,IXI041-Guys-0706-MRA_IXI-Guys,IXI-Guys
adaptive,65,67,0,2.517341592911269,2.0779347976604488,0.43940679525082027,0.21146322576894583,7,6,IXI041-Guys-0706-MRA_IXI-Guys,IXI-Guys
adaptive,65,69,0,3.292007247836685,2.3437503397466,0.9482569080900847,0.404589555469721,8,6,IXI041-Guys-0706-MRA_IXI-Guys,IXI-Guys
adaptive,66,213,0,13.196083403183021,10.534498215744375,2.6615851874386465,0.30662475810478046,28,23,IXI041-Guys-0706-MRA_IXI-Guys,IXI-Guys
adaptive,67,68,0,2.766181846312885,2.6188992305434122,0.14728261576947288,0.05623836688779822,7,7,IXI041-Guys-0706-MRA_IXI-Guys,IXI-Guys
adaptive,67,69,0,1.9661818645249272,1.9127554083078675,0.05342645621705966,0.027931671757406636,5,5,IXI041-Guys-0706-MRA_IXI-Guys,IXI-Guys
adaptive,68,75,0,13.299535497140498,9.945331172409874,3.354204324730624,0.396923187831179,28,21,IXI041-Guys-0706-MRA_IXI-Guys,IXI-Guys
adaptive,69,75,0,11.17882000751072,9.373099475241977,1.805720532268742,0.20140803154635142,24,20,IXI041-Guys-0706-MRA_IXI-Guys,IXI-Guys
adaptive,70,80,0,24.577836926522775,21.31989499411287,3.257941932409903,0.25354936690104757,51,44,IXI041-Guys-0706-MRA_IXI-Guys,IXI-Guys
adaptive,70,83,0,21.29768750687297,18.567485035729433,2.730202471143535,0.17083177053764742,44,39,IXI041-Guys-0706-MRA_IXI-Guys,IXI-Guys
adaptive,70,209,0,6.470276778333274,5.566231397660375,0.9040453806728994,0.1650130070085969,14,13,IXI041-Guys-0706-MRA_IXI-Guys,IXI-Guys
adaptive,71,84,0,41.38818235911615,36.25746467790585,5.1307176812102995,0.14824574830058995,84,74,IXI041-Guys-0706-MRA_IXI-Guys,IXI-Guys
adaptive,71,208,0,20.914562959417424,18.011679397866242,2.9028835615511817,0.2052657315096972,43,38,IXI041-Guys-0706-MRA_IXI-Guys,IXI-Guys
adaptive,71,216,0,14.415736399276497,12.145245667924637,2.2704907313518596,0.2079759767503967,30,26,IXI041-Guys-0706-MRA_IXI-Guys,IXI-Guys
adaptive,72,82,0,50.23995092835384,44.21925425716972,6.020696671184119,0.1406610720456897,102,90,IXI041-Guys-0706-MRA_IXI-Guys,IXI-Guys
adaptive,72,210,0,9.598977967233868,8.414810849363704,1.1841671178701638,0.14906256115712602,21,18,IXI041-Guys-0706-MRA_IXI-Guys,IXI-Guys
adaptive,72,212,0,12.54392703416892,10.788148522412941,1.7557785117559792,0.17278738426503762,27,23,IXI041-Guys-0706-MRA_IXI-Guys,IXI-Guys
adaptive,73,87,0,8.898421319735522,7.172359079634005,1.726062240101517,0.2457010452757178,19,16,IXI041-Guys-0706-MRA_IXI-Guys,IXI-Guys
adaptive,73,109,0,6.400137606544034,4.716650291729625,1.6834873148144087,0.37258976969579194,14,11,IXI041-Guys-0706-MRA_IXI-Guys,IXI-Guys
adaptive,74,79,0,6.825759968868456,6.336328966815107,0.4894310020533492,0.07724204418940654,15,14,IXI041-Guys-0706-MRA_IXI-Guys,IXI-Guys
adaptive,74,211,0,8.306465833581939,6.922391215416073,1.384074618165866,0.20626888685044364,18,15,IXI041-Guys-0706-MRA_IXI-Guys,IXI-Guys
adaptive,74,215,0,7.147825206971422,6.7345774368567835,0.41324777011463887,0.06136209346306265,16,15,IXI041-Guys-0706-MRA_IXI-Guys,IXI-Guys
adaptive,75,106,0,4.75811097472655,3.269539101191181,1.4885718735353692,0.45528492777255436,11,8,IXI041-Guys-0706-MRA_IXI-Guys,IXI-Guys
adaptive,76,78,0,2.364792782142699,2.364792782142699,0.0,0.0,6,6,IXI041-Guys-0706-MRA_IXI-Guys,IXI-Guys
adaptive,76,86,0,2.253039818872554,2.253039818872554,0.0,0.0,6,6,IXI041-Guys-0706-MRA_IXI-Guys,IXI-Guys
adaptive,76,94,0,3.2606791098729047,2.4716932162032172,0.7889858936696874,0.3703897931949054,8,6,IXI041-Guys-0706-MRA_IXI-Guys,IXI-Guys
adaptive,76,94,1,2.9706301918141165,2.8871244484682226,0.08350574334589389,0.03920180988865859,7,7,IXI041-Guys-0706-MRA_IXI-Guys,IXI-Guys
adaptive,77,78,0,4.790952629738504,3.883892471655435,0.9070601580830688,0.23481143844664176,11,9,IXI041-Guys-0706-MRA_IXI-Guys,IXI-Guys
adaptive,77,79,0,9.786792629642793,8.923971552406714,0.8628210772360791,0.09668577181909373,21,19,IXI041-Guys-0706-MRA_IXI-Guys,IXI-Guys
adaptive,77,80,0,12.217440160959848,10.741443513643318,1.4759966473165296,0.1377611245305074,26,23,IXI041-Guys-0706-MRA_IXI-Guys,IXI-Guys
adaptive,78,94,0,3.0051492332220464,1.9589178013327355,1.046231431889311,0.5595183777869819,8,5,IXI041-Guys-0706-MRA_IXI-Guys,IXI-Guys
adaptive,79,214,0,23.04076878195377,18.476301985642372,4.564466796311397,0.36280558865318474,48,38,IXI041-Guys-0706-MRA_IXI-Guys,IXI-Guys
adaptive,80,97,0,4.747825171207563,4.516030614283088,0.23179455692447526,0.051327056152225006,11,11,IXI041-Guys-0706-MRA_IXI-Guys,IXI-Guys
adaptive,81,82,0,3.540847501237786,2.887946795290943,0.652900705946843,0.23145426957709606,9,7,IXI041-Guys-0706-MRA_IXI-Guys,IXI-Guys
adaptive,81,88,0,1.8647144951661516,1.617881124505377,0.2468333706607746,0.15256582632808524,5,5,IXI041-Guys-0706-MRA_IXI-Guys,IXI-Guys
adaptive,81,88,1,3.6680619550110345,3.5146691799742245,0.15339277503681004,0.09481090589007625,9,9,IXI041-Guys-0706-MRA_IXI-Guys,IXI-Guys
adaptive,81,98,0,2.364792782142437,1.852717532229542,0.5120752499128951,0.30400712363515,6,5,IXI041-Guys-0706-MRA_IXI-Guys,IXI-Guys
adaptive,81,98,1,2.721789878808711,2.721789878808711,0.0,0.0,7,7,IXI041-Guys-0706-MRA_IXI-Guys,IXI-Guys
adaptive,82,98,0,2.195964567022248,2.195964567022248,0.0,0.0,6,6,IXI041-Guys-0706-MRA_IXI-Guys,IXI-Guys
adaptive,83,105,0,3.5856522858981283,3.131851880592593,0.45380040530553556,0.1832409485528317,9,8,IXI041-Guys-0706-MRA_IXI-Guys,IXI-Guys
adaptive,83,197,0,27.706021608113705,25.500049073325044,2.2059725347886605,0.11834029932124031,57,53,IXI041-Guys-0706-MRA_IXI-Guys,IXI-Guys
adaptive,84,91,0,1.5077174286322121,1.318572344298999,0.1891450843332132,0.1434468765790546,5,4,IXI041-Guys-0706-MRA_IXI-Guys,IXI-Guys
adaptive,84,99,0,11.670125681182753,9.51179365986668,2.158332021316074,0.2327927927606621,25,21,IXI041-Guys-0706-MRA_IXI-Guys,IXI-Guys
adaptive,85,86,0,1.8647145252992627,1.3185723442997264,0.5461421809995364,0.4141920489691327,5,4,IXI041-Guys-0706-MRA_IXI-Guys,IXI-Guys
adaptive,85,86,1,1.8647145547706643,1.3185723442997264,0.5461422104709379,0.4141920713201259,5,4,IXI041-Guys-0706-MRA_IXI-Guys,IXI-Guys
adaptive,85,92,0,2.0779347976608973,1.854428871122792,0.2235059265381052,0.1205254782313544,6,5,IXI041-Guys-0706-MRA_IXI-Guys,IXI-Guys
adaptive,85,93,0,2.3231789611896483,2.3231789611896483,0.0,0.0,6,6,IXI041-Guys-0706-MRA_IXI-Guys,IXI-Guys
adaptive,85,93,1,2.3231789611896483,1.713278272715542,0.6099006884741063,0.3658121086931693,6,5,IXI041-Guys-0706-MRA_IXI-Guys,IXI-Guys
adaptive,87,95,0,2.4349318641943727,1.4823177662958282,0.9526140978985445,0.6426517441526973,6,4,IXI041-Guys-0706-MRA_IXI-Guys,IXI-Guys
adaptive,87,100,0,2.7661818764454664,2.7661818764454664,0.0,0.0,7,7,IXI041-Guys-0706-MRA_IXI-Guys,IXI-Guys
adaptive,88,96,0,8.528682251623902,7.686233252117481,0.8424489995064208,0.10964989148467062,19,17,IXI041-Guys-0706-MRA_IXI-Guys,IXI-Guys
adaptive,89,90,0,1.8647144951656456,1.617881124505377,0.24683337066026856,0.15256582632777246,5,5,IXI041-Guys-0706-MRA_IXI-Guys,IXI-Guys
adaptive,89,101,0,3.5661818883664664,3.367288743320543,0.19889314504592326,0.05906625781363531,9,8,IXI041-Guys-0706-MRA_IXI-Guys,IXI-Guys
adaptive,89,104,0,19.761039481371153,16.41618578045199,3.3448537009191632,0.24309171607289587,41,34,IXI041-Guys-0706-MRA_IXI-Guys,IXI-Guys
adaptive,90,101,0,3.473899352762159,3.261608326038684,0.212291026723475,0.0774258308908367,8,8,IXI041-Guys-0706-MRA_IXI-Guys,IXI-Guys
adaptive,90,102,0,26.899777584923857,23.377767427080514,3.5220101578433436,0.16844177774710548,55,48,IXI041-Guys-0706-MRA_IXI-Guys,IXI-Guys
adaptive,91,92,0,4.8924199689642265,3.967152388128836,0.9252675808353903,0.25345894074442504,11,9,IXI041-Guys-0706-MRA_IXI-Guys,IXI-Guys
adaptive,91,107,0,2.434931953931928,2.434931953931928,0.0,0.0,6,6,IXI041-Guys-0706-MRA_IXI-Guys,IXI-Guys
adaptive,92,107,0,5.287532316779222,4.486390239142419,0.8011420776368032,0.17857164333300232,12,10,IXI041-Guys-0706-MRA_IXI-Guys,IXI-Guys
adaptive,92,219,0,31.142891419511848,25.744975419285616,5.397916000226232,0.33501946737889865,64,53,IXI041-Guys-0706-MRA_IXI-Guys,IXI-Guys
adaptive,93,94,0,3.097844555850756,2.4648783992992236,0.6329661565515323,0.25679407013809996,8,6,IXI041-Guys-0706-MRA_IXI-Guys,IXI-Guys
adaptive,93,99,0,19.86913024588913,15.8429969858292,4.026133260059931,0.27044977772694706,41,33,IXI041-Guys-0706-MRA_IXI-Guys,IXI-Guys
adaptive,94,97,0,18.691312850349863,16.03888746951486,2.652425380835002,0.1671764636129498,39,34,IXI041-Guys-0706-MRA_IXI-Guys,IXI-Guys
adaptive,95,96,0,3.719143366288928,2.8022145547711377,0.9169288115177903,0.3702484957266255,9,7,IXI041-Guys-0706-MRA_IXI-Guys,IXI-Guys
adaptive,95,96,1,4.687971713200883,3.788929824357411,0.8990418888434721,0.36302589989349604,11,9,IXI041-Guys-0706-MRA_IXI-Guys,IXI-Guys
adaptive,95,100,0,3.668061924877979,3.3965071419601616,0.2715547829178173,0.10369042831077951,9,8,IXI041-Guys-0706-MRA_IXI-Guys,IXI-Guys
adaptive,97,104,0,9.817715580518522,9.321297270259123,0.49641831025939887,0.05345901476640323,21,20,IXI041-Guys-0706-MRA_IXI-Guys,IXI-Guys
adaptive,98,223,0,47.36130831436702,40.44248404810572,6.9188242662613035,0.18406984919794983,96,82,IXI041-Guys-0706-MRA_IXI-Guys,IXI-Guys
adaptive,99,103,0,4.708542931153698,3.8629300347699553,0.8456128963837424,0.2189045332875412,11,9,IXI041-Guys-0706-MRA_IXI-Guys,IXI-Guys
adaptive,100,108,0,5.328328134146851,4.9788617492299405,0.3494663849169104,0.07019001581455056,12,11,IXI041-Guys-0706-MRA_IXI-Guys,IXI-Guys
adaptive,101,217,0,48.64627927857264,44.17559161740047,4.470687661172171,0.11888279048216417,99,90,IXI041-Guys-0706-MRA_IXI-Guys,IXI-Guys
adaptive,102,105,0,10.73347743326428,9.743289540352741,0.9901878929115391,0.10704271962551257,23,21,IXI041-Guys-0706-MRA_IXI-Guys,IXI-Guys
adaptive,102,221,0,14.290448190632976,12.384502745417455,1.9059454452155205,0.16235330932835348,30,26,IXI041-Guys-0706-MRA_IXI-Guys,IXI-Guys
adaptive,103,110,0,20.146908457678425,17.376600188169615,2.77030826950881,0.16671206713181355,42,36,IXI041-Guys-0706-MRA_IXI-Guys,IXI-Guys
adaptive,103,220,0,32.54282747328235,28.394914375323708,4.147913097958643,0.14758679281697085,67,58,IXI041-Guys-0706-MRA_IXI-Guys,IXI-Guys
adaptive,104,108,0,16.868907720391725,14.406037928152113,2.462869792239612,0.1718972880413998,35,30,IXI041-Guys-0706-MRA_IXI-Guys,IXI-Guys
adaptive,105,231,0,38.30882574102077,33.60534340226361,4.703482338757162,0.26558483797425947,78,69,IXI041-Guys-0706-MRA_IXI-Guys,IXI-Guys
adaptive,106,114,0,25.18288162949819,20.838037683159275,4.344843946338916,0.23585694936806473,52,43,IXI041-Guys-0706-MRA_IXI-Guys,IXI-Guys
adaptive,106,117,0,21.80319168364662,17.989529404546282,3.8136622791003383,0.24700370934070634,45,37,IXI041-Guys-0706-MRA_IXI-Guys,IXI-Guys
adaptive,107,222,0,34.53778173500105,28.199336623435077,6.338445111565971,0.23335425872940216,71,58,IXI041-Guys-0706-MRA_IXI-Guys,IXI-Guys
adaptive,108,109,0,3.9426492928261223,3.483112332085751,0.4595369607403712,0.1319328568611487,9,8,IXI041-Guys-0706-MRA_IXI-Guys,IXI-Guys
adaptive,109,111,0,16.46833713796598,14.334224526350681,2.1341126116153006,0.15409423519953894,34,30,IXI041-Guys-0706-MRA_IXI-Guys,IXI-Guys
adaptive,110,224,0,9.386229318996136,7.926424266655813,1.4598050523403234,0.18684157064139426,20,17,IXI041-Guys-0706-MRA_IXI-Guys,IXI-Guys
adaptive,110,229,0,25.47172412830667,20.880746625756807,4.590977502549862,0.24827279080700734,52,43,IXI041-Guys-0706-MRA_IXI-Guys,IXI-Guys
adaptive,111,119,0,16.975898350936486,11.540699043562087,5.435199307374399,0.4982122481076426,35,25,IXI041-Guys-0706-MRA_IXI-Guys,IXI-Guys
adaptive,111,225,0,21.838279004648726,16.63667837199131,5.201600632657417,0.43105206261334866,45,35,IXI041-Guys-0706-MRA_IXI-Guys,IXI-Guys
adaptive,111,235,0,25.971331060375135,20.933137693270453,5.038193367104682,0.2787635337052976,53,43,IXI041-Guys-0706-MRA_IXI-Guys,IXI-Guys
adaptive,112,113,0,28.31029298108302,23.726751802188666,4.583541178894354,0.19493109186323027,58,49,IXI041-Guys-0706-MRA_IXI-Guys,IXI-Guys
adaptive,112,118,0,9.060560180818179,8.168267141853304,0.8922930389648744,0.1110521952982532,20,18,IXI041-Guys-0706-MRA_IXI-Guys,IXI-Guys
adaptive,112,227,0,15.980057664584955,13.165165687933055,2.8148919766519,0.2193019837695408,33,28,IXI041-Guys-0706-MRA_IXI-Guys,IXI-Guys
adaptive,113,116,0,7.8471833043702075,6.575348988147624,1.2718343162225834,0.1944975106895053,17,15,IXI041-Guys-0706-MRA_IXI-Guys,IXI-Guys
adaptive,113,238,0,18.068749889228304,14.516008895057638,3.552740994170666,0.32267232696691955,38,31,IXI041-Guys-0706-MRA_IXI-Guys,IXI-Guys
adaptive,114,116,0,2.537912810865598,2.3901655606490713,0.1477472502165269,0.06181465110576055,7,6,IXI041-Guys-0706-MRA_IXI-Guys,IXI-Guys
adaptive,114,116,1,7.133189410384885,5.155347214145916,1.977842196238969,0.8274917138802167,16,12,IXI041-Guys-0706-MRA_IXI-Guys,IXI-Guys
adaptive,115,117,0,13.339163907046721,10.586796097764472,2.7523678092822497,0.2616190377381973,28,23,IXI041-Guys-0706-MRA_IXI-Guys,IXI-Guys
adaptive,115,230,0,7.614209817640364,6.037119363705526,1.5770904539348383,0.2633516575641002,17,14,IXI041-Guys-0706-MRA_IXI-Guys,IXI-Guys
adaptive,115,241,0,24.85872666534251,21.477730142885136,3.380996522457373,0.18700032173793296,51,44,IXI041-Guys-0706-MRA_IXI-Guys,IXI-Guys
adaptive,117,234,0,22.23560023429155,19.163213135368697,3.072387098922853,0.19155344689946466,46,40,IXI041-Guys-0706-MRA_IXI-Guys,IXI-Guys
adaptive,118,120,0,9.23519429382538,8.24497538806139,0.9902189057639905,0.12364124227133869,20,18,IXI041-Guys-0706-MRA_IXI-Guys,IXI-Guys
adaptive,118,232,0,23.788430144078124,19.495906455206534,4.29252368887159,0.24430549122588893,49,40,IXI041-Guys-0706-MRA_IXI-Guys,IXI-Guys
adaptive,119,121,0,4.2485649775544445,3.452144582526347,0.7964203950280977,0.23741327777948346,10,8,IXI041-Guys-0706-MRA_IXI-Guys,IXI-Guys
adaptive,119,236,0,10.619359050861304,8.577258480813498,2.042100570047806,0.2447393251846764,23,19,IXI041-Guys-0706-MRA_IXI-Guys,IXI-Guys
adaptive,120,233,0,29.466306645424854,25.491162815258892,3.975143830165962,0.21499180225274522,60,52,IXI041-Guys-0706-MRA_IXI-Guys,IXI-Guys
adaptive,120,239,0,3.933877604383272,3.4449548209723293,0.48892278341094286,0.14339001496449938,9,8,IXI041-Guys-0706-MRA_IXI-Guys,IXI-Guys
adaptive,121,122,0,4.710527923643266,4.110932875709384,0.5995950479338816,0.14585376751752854,11,10,IXI041-Guys-0706-MRA_IXI-Guys,IXI-Guys
adaptive,121,123,0,4.880149620983153,4.065292835859464,0.8148567851236894,0.2004423341747819,11,10,IXI041-Guys-0706-MRA_IXI-Guys,IXI-Guys
adaptive,122,124,0,5.667085743099381,5.006596434426183,0.6604893086731982,0.1333501314843412,13,12,IXI041-Guys-0706-MRA_IXI-Guys,IXI-Guys
adaptive,122,129,0,12.424220475781368,10.419884048176113,2.0043364276052547,0.21042636184096228,26,22,IXI041-Guys-0706-MRA_IXI-Guys,IXI-Guys
adaptive,123,124,0,3.923591891265384,3.269539101191529,0.6540527900738553,0.20004433953259548,9,8,IXI041-Guys-0706-MRA_IXI-Guys,IXI-Guys
adaptive,123,128,0,10.878485286595593,8.79402109316671,2.0844641934288823,0.2919504115825525,23,19,IXI041-Guys-0706-MRA_IXI-Guys,IXI-Guys
adaptive,124,126,0,2.0691629598768926,1.9327061161864538,0.13645684369043876,0.07060403159466919,6,5,IXI041-Guys-0706-MRA_IXI-Guys,IXI-Guys
adaptive,125,129,0,25.788056706969886,23.28860068875923,2.4994560182106547,0.11581499498269068,53,48,IXI041-Guys-0706-MRA_IXI-Guys,IXI-Guys
adaptive,125,130,0,10.093533889079694,8.72915088047528,1.3643830086044133,0.20779233547174925,22,19,IXI041-Guys-0706-MRA_IXI-Guys,IXI-Guys
adaptive,125,133,0,9.396515032115651,7.096994170128771,2.2995208619868803,0.33692098687930677,20,16,IXI041-Guys-0706-MRA_IXI-Guys,IXI-Guys
adaptive,126,127,0,1.976467577644683,1.6844187206230983,0.2920488570215847,0.17338257610527524,5,5,IXI041-Guys-0706-MRA_IXI-Guys,IXI-Guys
adaptive,126,128,0,4.341260240577367,4.0364567856143045,0.3048034549630625,0.08150354188691743,10,10,IXI041-Guys-0706-MRA_IXI-Guys,IXI-Guys
adaptive,127,128,0,6.928740945673937,5.8313806319929125,1.0973603136810244,0.26815718039610437,15,13,IXI041-Guys-0706-MRA_IXI-Guys,IXI-Guys
adaptive,127,132,0,6.7952498050174714,6.126435266777655,0.6688145382398165,0.10916862891976585,15,14,IXI041-Guys-0706-MRA_IXI-Guys,IXI-Guys
adaptive,127,135,0,5.654815245775259,3.9473296980684953,1.7074855477067636,0.43256724882704106,13,9,IXI041-Guys-0706-MRA_IXI-Guys,IXI-Guys
adaptive,128,136,0,6.489334269632492,4.301644471042914,2.1876897985895782,0.5085705741876857,14,10,IXI041-Guys-0706-MRA_IXI-Guys,IXI-Guys
adaptive,129,243,0,28.94946944493803,25.622960814004852,3.3265086309331764,0.2917524947998143,59,53,IXI041-Guys-0706-MRA_IXI-Guys,IXI-Guys
adaptive,130,133,0,3.1169021964911416,3.116902196491141,4.440892098500626e-16,1.4247774933393704e-16,8,8,IXI041-Guys-0706-MRA_IXI-Guys,IXI-Guys
adaptive,130,242,0,62.278828238610366,53.06358270674883,9.215245531861534,0.3875234643457367,126,108,IXI041-Guys-0706-MRA_IXI-Guys,IXI-Guys
adaptive,131,138,0,8.711045681988736,7.527162116417242,1.1838835655714943,0.15728152884994537,19,17,IXI041-Guys-0706-MRA_IXI-Guys,IXI-Guys
adaptive,131,158,0,15.052026299645545,13.126419771733826,1.9256065279117198,0.16418709522896463,32,28,IXI041-Guys-0706-MRA_IXI-Guys,IXI-Guys
adaptive,131,160,0,29.909193289502205,24.554889136550358,5.354304152951848,0.3066831373446359,61,51,IXI041-Guys-0706-MRA_IXI-Guys,IXI-Guys
adaptive,132,140,0,3.2920072478366817,2.837810023831176,0.4541972240055059,0.16005201905387537,8,7,IXI041-Guys-0706-MRA_IXI-Guys,IXI-Guys
adaptive,132,141,0,3.5563090218750646,3.2670893635398643,0.28921965833520025,0.09076069937496638,9,8,IXI041-Guys-0706-MRA_IXI-Guys,IXI-Guys
adaptive,133,147,0,3.0066631386901816,2.8512954701188544,0.15536766857132722,0.05449020285675649,8,7,IXI041-Guys-0706-MRA_IXI-Guys,IXI-Guys
adaptive,134,137,0,3.668061924877993,2.0917342356108364,1.5763276892671567,0.7535984554973024,9,6,IXI041-Guys-0706-MRA_IXI-Guys,IXI-Guys
adaptive,134,156,0,23.216699854050656,20.266911381501846,2.9497884725488106,0.20084961981616184,48,42,IXI041-Guys-0706-MRA_IXI-Guys,IXI-Guys
adaptive,134,166,0,56.205984353720105,49.467013524027195,6.73897082969291,0.23107521026033417,114,100,IXI041-Guys-0706-MRA_IXI-Guys,IXI-Guys
adaptive,135,136,0,1.3959644653641419,1.2324391996496022,0.16352526571453962,0.13268424581190852,4,4,IXI041-Guys-0706-MRA_IXI-Guys,IXI-Guys
adaptive,135,141,0,5.156721712869486,3.658434469481142,1.498287243388344,0.40954327756507247,12,9,IXI041-Guys-0706-MRA_IXI-Guys,IXI-Guys
adaptive,135,247,0,53.70759937192607,45.753195295381026,7.954404076545046,0.5480013492733977,109,93,IXI041-Guys-0706-MRA_IXI-Guys,IXI-Guys
adaptive,136,260,0,36.513764512048304,30.800062533662846,5.713701978385458,0.27101146014652994,75,63,IXI041-Guys-0706-MRA_IXI-Guys,IXI-Guys
adaptive,137,139,0,2.390127139138744,1.9127553644867588,0.47737177465198544,0.2495728327391603,6,5,IXI041-Guys-0706-MRA_IXI-Guys,IXI-Guys
adaptive,137,142,0,2.629094556180564,2.2142811380152954,0.41481341816526873,0.24543685287279715,7,6,IXI041-Guys-0706-MRA_IXI-Guys,IXI-Guys
adaptive,137,149,0,19.445407257848785,17.984769038703256,1.4606382191455296,0.13466560714947418,40,37,IXI041-Guys-0706-MRA_IXI-Guys,IXI-Guys
adaptive,138,150,0,23.88239036410249,20.987411304881423,2.8949790592210682,0.2889866326139335,49,43,IXI041-Guys-0706-MRA_IXI-Guys,IXI-Guys
adaptive,138,150,1,11.819175861881718,10.017691936251472,1.8014839256302455,0.1798302380522538,25,22,IXI041-Guys-0706-MRA_IXI-Guys,IXI-Guys
adaptive,139,142,0,1.854428931387988,1.854428931387988,0.0,0.0,5,5,IXI041-Guys-0706-MRA_IXI-Guys,IXI-Guys
adaptive,139,144,0,12.763424022883276,9.81372067915462,2.9497033437286557,0.30690128578766346,27,21,IXI041-Guys-0706-MRA_IXI-Guys,IXI-Guys
adaptive,140,143,0,3.3621462997536664,3.081452947070508,0.28069335268315854,0.0910912343964264,8,8,IXI041-Guys-0706-MRA_IXI-Guys,IXI-Guys
adaptive,140,146,0,1.5077174882362325,1.3185724078667043,0.18914508036952826,0.14344686665751094,5,4,IXI041-Guys-0706-MRA_IXI-Guys,IXI-Guys
adaptive,141,146,0,4.273899274945057,3.8255107289732617,0.44838854597179534,0.11721011329960104,10,9,IXI041-Guys-0706-MRA_IXI-Guys,IXI-Guys
adaptive,142,163,0,21.710496390492217,18.823172695539053,2.8873236949531638,0.16522241727717485,45,39,IXI041-Guys-0706-MRA_IXI-Guys,IXI-Guys
adaptive,143,145,0,8.483523486907407,7.6608920393794495,0.8226314475279572,0.11306259262988816,18,17,IXI041-Guys-0706-MRA_IXI-Guys,IXI-Guys
adaptive,143,152,0,2.3647927821426937,2.1436135728956422,0.22117920924705148,0.10318054151349562,6,6,IXI041-Guys-0706-MRA_IXI-Guys,IXI-Guys
adaptive,144,145,0,0.9375000596039911,0.9375000596039911,0.0,0.0,3,3,IXI041-Guys-0706-MRA_IXI-Guys,IXI-Guys
adaptive,144,148,0,3.693396281874474,3.2679433198781216,0.4254529619963523,0.1301898228798594,9,8,IXI041-Guys-0706-MRA_IXI-Guys,IXI-Guys
adaptive,144,149,0,1.838967410751219,1.838967410751219,0.0,0.0,5,5,IXI041-Guys-0706-MRA_IXI-Guys,IXI-Guys
adaptive,145,148,0,3.932363698915839,3.932363698915839,0.0,0.0,9,9,IXI041-Guys-0706-MRA_IXI-Guys,IXI-Guys
adaptive,145,149,0,2.4349318641933664,1.7563852226027503,0.6785466415906161,0.3917947859890942,6,5,IXI041-Guys-0706-MRA_IXI-Guys,IXI-Guys
adaptive,146,154,0,5.211399543495945,4.362231760740744,0.8491677827552016,0.19466361012671315,12,10,IXI041-Guys-0706-MRA_IXI-Guys,IXI-Guys
adaptive,147,244,0,4.382056267551776,3.7269137405611543,0.6551425269906215,0.1757868769165497,10,9,IXI041-Guys-0706-MRA_IXI-Guys,IXI-Guys
adaptive,147,257,0,26.97897100702491,23.180009403263398,3.798961603761512,0.2317532397961138,55,48,IXI041-Guys-0706-MRA_IXI-Guys,IXI-Guys
adaptive,148,151,0,2.7661818463128145,2.618899230543401,0.14728261576941337,0.05623836688777574,7,7,IXI041-Guys-0706-MRA_IXI-Guys,IXI-Guys
adaptive,150,151,0,8.254094883675997,7.210997359951284,1.0430975237247129,0.1446537103893434,18,16,IXI041-Guys-0706-MRA_IXI-Guys,IXI-Guys
adaptive,151,152,0,1.3959644653636358,1.2324391996496022,0.16352526571403359,0.13268424581149793,4,4,IXI041-Guys-0706-MRA_IXI-Guys,IXI-Guys
adaptive,151,155,0,3.830896509033175,2.6164609794873877,1.2144355295457872,0.4818243032560924,9,7,IXI041-Guys-0706-MRA_IXI-Guys,IXI-Guys
adaptive,152,153,0,2.9036820433384833,2.7401567785675445,0.16352526477093887,0.06517406614427873,7,7,IXI041-Guys-0706-MRA_IXI-Guys,IXI-Guys
adaptive,153,154,0,3.9426492928275767,3.3545737333759833,0.5880755594515934,0.17530559951644425,9,8,IXI041-Guys-0706-MRA_IXI-Guys,IXI-Guys
adaptive,153,155,0,1.1316627214578672,1.048156957748482,0.08350576370938523,0.07966914028673887,4,4,IXI041-Guys-0706-MRA_IXI-Guys,IXI-Guys
adaptive,154,261,0,31.538934635553183,27.948836940124387,3.5900976954287955,0.23532765522382618,65,57,IXI041-Guys-0706-MRA_IXI-Guys,IXI-Guys
adaptive,155,163,0,17.77990726988268,15.259095268637639,2.5208120012450426,0.1775620950384336,37,32,IXI041-Guys-0706-MRA_IXI-Guys,IXI-Guys
adaptive,156,158,0,2.8335428119446817,2.3145226054682846,0.5190202064763971,0.24812913497341926,7,6,IXI041-Guys-0706-MRA_IXI-Guys,IXI-Guys
adaptive,156,245,0,78.88113325397924,69.32942721509488,9.551706038884362,0.2852803617666811,159,140,IXI041-Guys-0706-MRA_IXI-Guys,IXI-Guys
adaptive,156,264,0,43.23621105048136,38.52819074479633,4.708020305685025,0.15779173930430293,88,79,IXI041-Guys-0706-MRA_IXI-Guys,IXI-Guys
adaptive,157,159,0,1.395964555100381,1.23243929032966,0.16352526477072105,0.13268423528349244,4,4,IXI041-Guys-0706-MRA_IXI-Guys,IXI-Guys
adaptive,157,248,0,7.145459787836981,5.690166752759667,1.4552930350773146,0.2603378737393948,16,13,IXI041-Guys-0706-MRA_IXI-Guys,IXI-Guys
adaptive,157,255,0,64.37702622891331,55.84091964988545,8.536106579027859,0.218722177958754,130,113,IXI041-Guys-0706-MRA_IXI-Guys,IXI-Guys
adaptive,158,160,0,13.503983304217757,11.096242530960357,2.4077407732574,0.24968255360836678,29,24,IXI041-Guys-0706-MRA_IXI-Guys,IXI-Guys
adaptive,159,164,0,15.03075876191123,12.696165301349108,2.3345934605621217,0.22212918155395667,32,27,IXI041-Guys-0706-MRA_IXI-Guys,IXI-Guys
adaptive,159,254,0,3.5665947349942027,2.9886573232853846,0.5779374117088181,0.19337694127927,9,7,IXI041-Guys-0706-MRA_IXI-Guys,IXI-Guys
adaptive,160,167,0,34.52304075814652,29.087647906952625,5.435392851193896,0.1926990539605231,71,60,IXI041-Guys-0706-MRA_IXI-Guys,IXI-Guys
adaptive,160,252,0,71.64523787408518,62.371625219544285,9.273612654540898,0.2911543603460629,145,126,IXI041-Guys-0706-MRA_IXI-Guys,IXI-Guys
adaptive,161,246,0,30.469182647376826,26.478322738359893,3.990859909016933,0.22553029203674338,62,54,IXI041-Guys-0706-MRA_IXI-Guys,IXI-Guys
adaptive,161,249,0,6.837559647724769,5.3151623551448735,1.5223972925798952,0.2917619894166559,15,12,IXI041-Guys-0706-MRA_IXI-Guys,IXI-Guys
adaptive,161,256,0,35.447634972576225,31.87732268685484,3.5703122857213856,0.12373670232902917,72,65,IXI041-Guys-0706-MRA_IXI-Guys,IXI-Guys
adaptive,162,165,0,16.044262011713407,14.293394232872975,1.7508677788404317,0.16903689930573298,34,30,IXI041-Guys-0706-MRA_IXI-Guys,IXI-Guys
adaptive,162,165,1,16.23214783800299,13.822090215204803,2.4100576227981882,0.23267814544840032,34,29,IXI041-Guys-0706-MRA_IXI-Guys,IXI-Guys
adaptive,162,250,0,14.247321030125855,12.097160075085872,2.1501609550399827,0.2579519538931085,30,26,IXI041-Guys-0706-MRA_IXI-Guys,IXI-Guys
adaptive,162,251,0,10.322215592340841,9.737121091220024,0.5850945011208175,0.07165842332793877,22,21,IXI041-Guys-0706-MRA_IXI-Guys,IXI-Guys
adaptive,163,164,0,40.24016752692807,35.943200345052595,4.296967181875473,0.1508635662587798,82,73,IXI041-Guys-0706-MRA_IXI-Guys,IXI-Guys
adaptive,163,263,0,12.470597198017344,10.570306467330287,1.9002907306870576,0.19354573222952068,26,23,IXI041-Guys-0706-MRA_IXI-Guys,IXI-Guys
adaptive,164,262,0,14.635174640631165,12.73235626334562,1.902818377285545,0.15480572877124063,31,27,IXI041-Guys-0706-MRA_IXI-Guys,IXI-Guys
adaptive,165,167,0,8.754644555696315,7.742514083104652,1.0121304725916627,0.13447413335395678,19,17,IXI041-Guys-0706-MRA_IXI-Guys,IXI-Guys
adaptive,166,253,0,16.90774387427382,13.626736842926931,3.2810070313468884,0.2825179747309229,35,29,IXI041-Guys-0706-MRA_IXI-Guys,IXI-Guys
adaptive,166,259,0,12.621160956691435,11.621915877427,0.9992450792644352,0.0998913197355161,27,25,IXI041-Guys-0706-MRA_IXI-Guys,IXI-Guys
adaptive,167,258,0,18.826342508240245,15.771963343390194,3.054379164850051,0.2052947048499818,39,33,IXI041-Guys-0706-MRA_IXI-Guys,IXI-Guys
adaptive,202,203,0,13.281295501135542,9.425926812881551,3.855368688253991,0.44875715618640966,28,20,IXI041-Guys-0706-MRA_IXI-Guys,IXI-Guys
adaptive,226,228,0,8.663462840512706,6.689747336105249,1.9737155044074566,0.3005922702971519,19,15,IXI041-Guys-0706-MRA_IXI-Guys,IXI-Guys
adaptive,237,240,0,14.225582853398617,12.00227655347658,2.2233062999220365,0.21049637714110506,30,26,IXI041-Guys-0706-MRA_IXI-Guys,IXI-Guys
dense,0,10,0,27.897674098827203,27.897674098827203,0.0,0.0,57,57,IXI041-Guys-0706-MRA_IXI-Guys,IXI-Guys
dense,0,168,0,2.7320754727194885,2.7320754727194885,0.0,0.0,7,7,IXI041-Guys-0706-MRA_IXI-Guys,IXI-Guys
dense,0,189,0,55.04774136805597,55.04774136805597,0.0,0.0,112,112,IXI041-Guys-0706-MRA_IXI-Guys,IXI-Guys
dense,1,10,0,32.22574128506726,32.22574128506726,0.0,0.0,66,66,IXI041-Guys-0706-MRA_IXI-Guys,IXI-Guys
dense,1,169,0,3.4651272464270093,3.4651272464270093,0.0,0.0,8,8,IXI041-Guys-0706-MRA_IXI-Guys,IXI-Guys
dense,1,176,0,23.120158866241084,23.120158866241084,0.0,0.0,48,48,IXI041-Guys-0706-MRA_IXI-Guys,IXI-Guys
dense,2,6,0,24.176506428916746,24.176506428916746,0.0,0.0,50,50,IXI041-Guys-0706-MRA_IXI-Guys,IXI-Guys
dense,2,11,0,21.755358968840298,21.755358968840298,0.0,0.0,45,45,IXI041-Guys-0706-MRA_IXI-Guys,IXI-Guys
dense,2,177,0,34.156741597831655,34.156741597831655,0.0,0.0,70,70,IXI041-Guys-0706-MRA_IXI-Guys,IXI-Guys
dense,3,4,0,7.85554262368282,7.85554262368282,0.0,0.0,17,17,IXI041-Guys-0706-MRA_IXI-Guys,IXI-Guys
dense,3,5,0,5.574390301261939,5.574390301261939,0.0,0.0,13,13,IXI041-Guys-0706-MRA_IXI-Guys,IXI-Guys
dense,3,27,0,78.92786341718559,78.92786341718559,0.0,0.0,159,159,IXI041-Guys-0706-MRA_IXI-Guys,IXI-Guys
dense,3,181,0,25.125110564178044,25.125110564178044,0.0,0.0,52,52,IXI041-Guys-0706-MRA_IXI-Guys,IXI-Guys
dense,4,171,0,8.527640119620319,8.527640119620319,0.0,0.0,19,19,IXI041-Guys-0706-MRA_IXI-Guys,IXI-Guys
dense,4,174,0,6.98941246687125,6.98941246687125,0.0,0.0,15,15,IXI041-Guys-0706-MRA_IXI-Guys,IXI-Guys
dense,5,188,0,26.599864386763077,26.599864386763077,0.0,0.0,55,55,IXI041-Guys-0706-MRA_IXI-Guys,IXI-Guys
dense,5,191,0,51.65754068726239,51.65754068726239,0.0,0.0,105,105,IXI041-Guys-0706-MRA_IXI-Guys,IXI-Guys
dense,6,178,0,14.781092815256791,14.781092815256791,0.0,0.0,31,31,IXI041-Guys-0706-MRA_IXI-Guys,IXI-Guys
dense,6,184,0,13.851042081165026,13.851042081165026,0.0,0.0,29,29,IXI041-Guys-0706-MRA_IXI-Guys,IXI-Guys
dense,7,8,0,14.339767016522257,14.339767016522257,0.0,0.0,30,30,IXI041-Guys-0706-MRA_IXI-Guys,IXI-Guys
dense,7,9,0,1.966181864524064,1.966181864524064,0.0,0.0,5,5,IXI041-Guys-0706-MRA_IXI-Guys,IXI-Guys
dense,7,172,0,5.33861399726964,5.33861399726964,0.0,0.0,12,12,IXI041-Guys-0706-MRA_IXI-Guys,IXI-Guys
dense,8,180,0,54.08500465298522,54.08500465298522,0.0,0.0,110,110,IXI041-Guys-0706-MRA_IXI-Guys,IXI-Guys
dense,8,190,0,52.02321928948999,52.02321928948999,0.0,0.0,106,106,IXI041-Guys-0706-MRA_IXI-Guys,IXI-Guys
dense,9,17,0,15.276820928365915,15.276820928365915,0.0,0.0,32,32,IXI041-Guys-0706-MRA_IXI-Guys,IXI-Guys
dense,9,18,0,18.628681545134302,18.628681545134302,0.0,0.0,39,39,IXI041-Guys-0706-MRA_IXI-Guys,IXI-Guys
dense,10,16,0,11.054796577049872,11.054796577049872,0.0,0.0,24,24,IXI041-Guys-0706-MRA_IXI-Guys,IXI-Guys
dense,10,179,0,76.07978941440348,76.07978941440348,0.0,0.0,154,154,IXI041-Guys-0706-MRA_IXI-Guys,IXI-Guys
dense,11,12,0,0.9375001788139983,0.9375001788139983,0.0,0.0,3,3,IXI041-Guys-0706-MRA_IXI-Guys,IXI-Guys
dense,11,170,0,17.92096412842336,17.92096412842336,0.0,0.0,37,37,IXI041-Guys-0706-MRA_IXI-Guys,IXI-Guys
dense,12,22,0,20.372458631700862,20.372458631700862,0.0,0.0,42,42,IXI041-Guys-0706-MRA_IXI-Guys,IXI-Guys
dense,12,25,0,22.581616760026744,22.581616760026744,0.0,0.0,47,47,IXI041-Guys-0706-MRA_IXI-Guys,IXI-Guys
dense,13,14,0,2.44521766705123,2.44521766705123,0.0,0.0,6,6,IXI041-Guys-0706-MRA_IXI-Guys,IXI-Guys
dense,13,175,0,12.514930746313702,12.514930746313702,0.0,0.0,27,27,IXI041-Guys-0706-MRA_IXI-Guys,IXI-Guys
dense,13,185,0,55.69352690916831,55.69352690916831,0.0,0.0,113,113,IXI041-Guys-0706-MRA_IXI-Guys,IXI-Guys
dense,14,15,0,1.7018800904861178,1.7018800904861178,0.0,0.0,5,5,IXI041-Guys-0706-MRA_IXI-Guys,IXI-Guys
dense,14,183,0,60.650956579612675,60.650956579612675,0.0,0.0,123,123,IXI041-Guys-0706-MRA_IXI-Guys,IXI-Guys
dense,15,17,0,13.25873923108252,13.25873923108252,0.0,0.0,28,28,IXI041-Guys-0706-MRA_IXI-Guys,IXI-Guys
dense,15,31,0,14.034919089503788,14.034919089503788,0.0,0.0,30,30,IXI041-Guys-0706-MRA_IXI-Guys,IXI-Guys
dense,16,22,0,15.83826619105931,15.83826619105931,0.0,0.0,33,33,IXI041-Guys-0706-MRA_IXI-Guys,IXI-Guys
dense,16,24,0,13.678368290601313,13.678368290601313,0.0,0.0,29,29,IXI041-Guys-0706-MRA_IXI-Guys,IXI-Guys
dense,17,20,0,27.378596740421138,27.378596740421138,0.0,0.0,56,56,IXI041-Guys-0706-MRA_IXI-Guys,IXI-Guys
dense,18,19,0,4.493809021213604,4.493809021213604,0.0,0.0,10,10,IXI041-Guys-0706-MRA_IXI-Guys,IXI-Guys
dense,18,22,0,18.442472507210113,18.442472507210113,0.0,0.0,38,38,IXI041-Guys-0706-MRA_IXI-Guys,IXI-Guys
dense,19,20,0,1.131662721458604,1.131662721458604,0.0,0.0,4,4,IXI041-Guys-0706-MRA_IXI-Guys,IXI-Guys
dense,19,173,0,29.361307404469255,29.361307404469255,0.0,0.0,60,60,IXI041-Guys-0706-MRA_IXI-Guys,IXI-Guys
dense,20,23,0,4.289360885319101,4.289360885319101,0.0,0.0,10,10,IXI041-Guys-0706-MRA_IXI-Guys,IXI-Guys
dense,21,25,0,15.100897455542508,15.100897455542508,0.0,0.0,32,32,IXI041-Guys-0706-MRA_IXI-Guys,IXI-Guys
dense,21,26,0,13.358221547689404,13.358221547689404,0.0,0.0,28,28,IXI041-Guys-0706-MRA_IXI-Guys,IXI-Guys
dense,21,28,0,15.520079651379232,15.520079651379232,0.0,0.0,33,33,IXI041-Guys-0706-MRA_IXI-Guys,IXI-Guys
dense,23,28,0,5.532776599519536,5.532776599519536,0.0,0.0,13,13,IXI041-Guys-0706-MRA_IXI-Guys,IXI-Guys
dense,23,29,0,7.808372479494423,7.808372479494423,0.0,0.0,17,17,IXI041-Guys-0706-MRA_IXI-Guys,IXI-Guys
dense,24,25,0,3.12317891284628,3.12317891284628,0.0,0.0,8,8,IXI041-Guys-0706-MRA_IXI-Guys,IXI-Guys
dense,24,27,0,1.5077174882372346,1.5077174882372346,0.0,0.0,5,5,IXI041-Guys-0706-MRA_IXI-Guys,IXI-Guys
dense,25,26,0,1.9661818343913837,1.9661818343913837,0.0,0.0,5,5,IXI041-Guys-0706-MRA_IXI-Guys,IXI-Guys
dense,26,27,0,2.9036818939958398,2.9036818939958398,0.0,0.0,7,7,IXI041-Guys-0706-MRA_IXI-Guys,IXI-Guys
dense,28,40,0,9.712716280619954,9.712716280619954,0.0,0.0,21,21,IXI041-Guys-0706-MRA_IXI-Guys,IXI-Guys
dense,29,33,0,2.3647927821426915,2.3647927821426915,0.0,0.0,6,6,IXI041-Guys-0706-MRA_IXI-Guys,IXI-Guys
dense,29,182,0,15.16856647595881,15.16856647595881,0.0,0.0,32,32,IXI041-Guys-0706-MRA_IXI-Guys,IXI-Guys
dense,30,31,0,13.979520388260998,13.979520388260998,0.0,0.0,29,29,IXI041-Guys-0706-MRA_IXI-Guys,IXI-Guys
dense,30,34,0,8.075039732930952,8.075039732930952,0.0,0.0,18,18,IXI041-Guys-0706-MRA_IXI-Guys,IXI-Guys
dense,30,36,0,17.04133241446512,17.04133241446512,0.0,0.0,36,36,IXI041-Guys-0706-MRA_IXI-Guys,IXI-Guys
dense,31,187,0,9.935404293311404,9.935404293311404,0.0,0.0,21,21,IXI041-Guys-0706-MRA_IXI-Guys,IXI-Guys
dense,32,35,0,4.136811954681182,4.136811954681182,0.0,0.0,10,10,IXI041-Guys-0706-MRA_IXI-Guys,IXI-Guys
dense,32,41,0,18.37466533487328,18.37466533487328,0.0,0.0,38,38,IXI041-Guys-0706-MRA_IXI-Guys,IXI-Guys
dense,32,186,0,16.644955766624577,16.644955766624577,0.0,0.0,35,35,IXI041-Guys-0706-MRA_IXI-Guys,IXI-Guys
dense,33,34,0,2.6290945561803643,2.6290945561803643,0.0,0.0,7,7,IXI041-Guys-0706-MRA_IXI-Guys,IXI-Guys
dense,33,35,0,1.7018800904861178,1.7018800904861178,0.0,0.0,5,5,IXI041-Guys-0706-MRA_IXI-Guys,IXI-Guys
dense,34,36,0,2.629094556181516,2.629094556181516,0.0,0.0,7,7,IXI041-Guys-0706-MRA_IXI-Guys,IXI-Guys
dense,35,36,0,1.7018800904861195,1.7018800904861195,0.0,0.0,5,5,IXI041-Guys-0706-MRA_IXI-Guys,IXI-Guys
dense,36,37,0,3.0051492633551575,3.0051492633551575,0.0,0.0,8,8,IXI041-Guys-0706-MRA_IXI-Guys,IXI-Guys
dense,37,38,0,2.54668488706836,2.54668488706836,0.0,0.0,7,7,IXI041-Guys-0706-MRA_IXI-Guys,IXI-Guys
dense,37,39,0,3.0978446455873696,3.0978446455873696,0.0,0.0,8,8,IXI041-Guys-0706-MRA_IXI-Guys,IXI-Guys
dense,38,39,0,1.9661818343913813,1.9661818343913813,0.0,0.0,5,5,IXI041-Guys-0706-MRA_IXI-Guys,IXI-Guys
dense,38,41,0,9.59067748502219,9.59067748502219,0.0,0.0,21,21,IXI041-Guys-0706-MRA_IXI-Guys,IXI-Guys
dense,39,40,0,5.635757366716141,5.635757366716141,0.0,0.0,13,13,IXI041-Guys-0706-MRA_IXI-Guys,IXI-Guys
dense,40,42,0,4.720813726501831,4.720813726501831,0.0,0.0,11,11,IXI041-Guys-0706-MRA_IXI-Guys,IXI-Guys
dense,41,42,0,8.005313287899002,8.005313287899002,0.0,0.0,18,18,IXI041-Guys-0706-MRA_IXI-Guys,IXI-Guys
dense,42,61,0,15.133269038135076,15.133269038135076,0.0,0.0,32,32,IXI041-Guys-0706-MRA_IXI-Guys,IXI-Guys
dense,43,44,0,4.7323636807042,4.7323636807042,0.0,0.0,11,11,IXI041-Guys-0706-MRA_IXI-Guys,IXI-Guys
dense,43,63,0,24.687119557619326,24.687119557619326,0.0,0.0,51,51,IXI041-Guys-0706-MRA_IXI-Guys,IXI-Guys
dense,43,194,0,15.42059730464447,15.42059730464447,0.0,0.0,32,32,IXI041-Guys-0706-MRA_IXI-Guys,IXI-Guys
dense,44,192,0,16.046212898078807,16.046212898078807,0.0,0.0,34,34,IXI041-Guys-0706-MRA_IXI-Guys,IXI-Guys
dense,44,193,0,3.830896478899615,3.830896478899615,0.0,0.0,9,9,IXI041-Guys-0706-MRA_IXI-Guys,IXI-Guys
dense,45,46,0,4.057900856030111,4.057900856030111,0.0,0.0,10,10,IXI041-Guys-0706-MRA_IXI-Guys,IXI-Guys
dense,45,47,0,1.701880090486121,1.701880090486121,0.0,0.0,5,5,IXI041-Guys-0706-MRA_IXI-Guys,IXI-Guys
dense,45,49,0,2.986091682317923,2.986091682317923,0.0,0.0,7,7,IXI041-Guys-0706-MRA_IXI-Guys,IXI-Guys
dense,46,47,0,3.942649292824925,3.942649292824925,0.0,0.0,9,9,IXI041-Guys-0706-MRA_IXI-Guys,IXI-Guys
dense,46,57,0,8.467786660951246,8.467786660951246,0.0,0.0,18,18,IXI041-Guys-0706-MRA_IXI-Guys,IXI-Guys
dense,46,57,1,7.804873939162034,7.804873939162034,0.0,0.0,17,17,IXI041-Guys-0706-MRA_IXI-Guys,IXI-Guys
dense,47,49,0,2.915952510528449,2.915952510528449,0.0,0.0,7,7,IXI041-Guys-0706-MRA_IXI-Guys,IXI-Guys
dense,48,53,0,2.7661818764444654,2.7661818764444654,0.0,0.0,7,7,IXI041-Guys-0706-MRA_IXI-Guys,IXI-Guys
dense,48,56,0,6.0015265094500645,6.0015265094500645,0.0,0.0,14,14,IXI041-Guys-0706-MRA_IXI-Guys,IXI-Guys
dense,48,196,0,6.939026808134547,6.939026808134547,0.0,0.0,15,15,IXI041-Guys-0706-MRA_IXI-Guys,IXI-Guys
dense,48,200,0,7.275452327897805,7.275452327897805,0.0,0.0,16,16,IXI041-Guys-0706-MRA_IXI-Guys,IXI-Guys
dense,49,58,0,3.690618165455166,3.690618165455166,0.0,0.0,9,9,IXI041-Guys-0706-MRA_IXI-Guys,IXI-Guys
dense,50,62,0,6.036353306956724,6.036353306956724,0.0,0.0,14,14,IXI041-Guys-0706-MRA_IXI-Guys,IXI-Guys
dense,50,198,0,5.6357573667141985,5.6357573667141985,0.0,0.0,13,13,IXI041-Guys-0706-MRA_IXI-Guys,IXI-Guys
dense,50,207,0,8.26485219144713,8.26485219144713,0.0,0.0,18,18,IXI041-Guys-0706-MRA_IXI-Guys,IXI-Guys
dense,51,54,0,2.5276272169551235,2.5276272169551235,0.0,0.0,7,7,IXI041-Guys-0706-MRA_IXI-Guys,IXI-Guys
dense,51,55,0,9.130227877826897,9.130227877826897,0.0,0.0,20,20,IXI041-Guys-0706-MRA_IXI-Guys,IXI-Guys
dense,51,68,0,17.122477395130826,17.122477395130826,0.0,0.0,36,36,IXI041-Guys-0706-MRA_IXI-Guys,IXI-Guys
dense,52,54,0,1.9661818645244664,1.9661818645244664,0.0,0.0,5,5,IXI041-Guys-0706-MRA_IXI-Guys,IXI-Guys
dense,52,56,0,4.962146413334618,4.962146413334618,0.0,0.0,11,11,IXI041-Guys-0706-MRA_IXI-Guys,IXI-Guys
dense,52,195,0,9.039517756635172,9.039517756635172,0.0,0.0,20,20,IXI041-Guys-0706-MRA_IXI-Guys,IXI-Guys
dense,53,56,0,1.7018800904860998,1.7018800904860998,0.0,0.0,5,5,IXI041-Guys-0706-MRA_IXI-Guys,IXI-Guys
dense,53,63,0,7.238155110465647,7.238155110465647,0.0,0.0,16,16,IXI041-Guys-0706-MRA_IXI-Guys,IXI-Guys
dense,54,59,0,6.186917095101857,6.186917095101857,0.0,0.0,14,14,IXI041-Guys-0706-MRA_IXI-Guys,IXI-Guys
dense,55,199,0,6.939026747869775,6.939026747869775,0.0,0.0,15,15,IXI041-Guys-0706-MRA_IXI-Guys,IXI-Guys
dense,55,204,0,3.6783476681307867,3.6783476681307867,0.0,0.0,9,9,IXI041-Guys-0706-MRA_IXI-Guys,IXI-Guys
dense,56,60,0,8.14281330545089,8.14281330545089,0.0,0.0,18,18,IXI041-Guys-0706-MRA_IXI-Guys,IXI-Guys
dense,57,66,0,6.322490868186998,6.322490868186998,0.0,0.0,14,14,IXI041-Guys-0706-MRA_IXI-Guys,IXI-Guys
dense,58,201,0,14.024633077699336,14.024633077699336,0.0,0.0,30,30,IXI041-Guys-0706-MRA_IXI-Guys,IXI-Guys
dense,58,218,0,34.255936853291864,34.255936853291864,0.0,0.0,70,70,IXI041-Guys-0706-MRA_IXI-Guys,IXI-Guys
dense,59,60,0,1.8544288711228063,1.8544288711228063,0.0,0.0,5,5,IXI041-Guys-0706-MRA_IXI-Guys,IXI-Guys
dense,59,64,0,3.473899263024506,3.473899263024506,0.0,0.0,8,8,IXI041-Guys-0706-MRA_IXI-Guys,IXI-Guys
dense,60,64,0,2.058877187152822,2.058877187152822,0.0,0.0,6,6,IXI041-Guys-0706-MRA_IXI-Guys,IXI-Guys
dense,61,73,0,18.116640575875557,18.116640575875557,0.0,0.0,38,38,IXI041-Guys-0706-MRA_IXI-Guys,IXI-Guys
dense,61,205,0,7.430332779830316,7.430332779830316,0.0,0.0,16,16,IXI041-Guys-0706-MRA_IXI-Guys,IXI-Guys
dense,61,206,0,22.21584743847882,22.21584743847882,0.0,0.0,46,46,IXI041-Guys-0706-MRA_IXI-Guys,IXI-Guys
dense,62,63,0,37.986183042216005,37.986183042216005,0.0,0.0,77,77,IXI041-Guys-0706-MRA_IXI-Guys,IXI-Guys
dense,62,66,0,4.49339632392712,4.49339632392712,0.0,0.0,10,10,IXI041-Guys-0706-MRA_IXI-Guys,IXI-Guys
dense,64,65,0,2.9036818939958384,2.9036818939958384,0.0,0.0,7,7,IXI041-Guys-0706-MRA_IXI-Guys,IXI-Guys
dense,65,67,0,2.517341592911269,2.517341592911269,0.0,0.0,7,7,IXI041-Guys-0706-MRA_IXI-Guys,IXI-Guys
dense,65,69,0,3.292007247836685,3.292007247836685,0.0,0.0,8,8,IXI041-Guys-0706-MRA_IXI-Guys,IXI-Guys
dense,66,213,0,13.196083403183021,13.196083403183021,0.0,0.0,28,28,IXI041-Guys-0706-MRA_IXI-Guys,IXI-Guys
dense,67,68,0,2.766181846312885,2.766181846312885,0.0,0.0,7,7,IXI041-Guys-0706-MRA_IXI-Guys,IXI-Guys
dense,67,69,0,1.9661818645249272,1.9661818645249272,0.0,0.0,5,5,IXI041-Guys-0706-MRA_IXI-Guys,IXI-Guys
dense,68,75,0,13.299535497140498,13.299535497140498,0.0,0.0,28,28,IXI041-Guys-0706-MRA_IXI-Guys,IXI-Guys
dense,69,75,0,11.17882000751072,11.17882000751072,0.0,0.0,24,24,IXI041-Guys-0706-MRA_IXI-Guys,IXI-Guys
dense,70,80,0,24.577836926522775,24.577836926522775,0.0,0.0,51,51,IXI041-Guys-0706-MRA_IXI-Guys,IXI-Guys
dense,70,83,0,21.29768750687297,21.29768750687297,0.0,0.0,44,44,IXI041-Guys-0706-MRA_IXI-Guys,IXI-Guys
dense,70,209,0,6.470276778333274,6.470276778333274,0.0,0.0,14,14,IXI041-Guys-0706-MRA_IXI-Guys,IXI-Guys
dense,71,84,0,41.38818235911615,41.38818235911615,0.0,0.0,84,84,IXI041-Guys-0706-MRA_IXI-Guys,IXI-Guys
dense,71,208,0,20.914562959417424,20.914562959417424,0.0,0.0,43,43,IXI041-Guys-0706-MRA_IXI-Guys,IXI-Guys
dense,71,216,0,14.415736399276497,14.415736399276497,0.0,0.0,30,30,IXI041-Guys-0706-MRA_IXI-Guys,IXI-Guys
dense,72,82,0,50.23995092835384,50.23995092835384,0.0,0.0,102,102,IXI041-Guys-0706-MRA_IXI-Guys,IXI-Guys
dense,72,210,0,9.598977967233868,9.598977967233868,0.0,0.0,21,21,IXI041-Guys-0706-MRA_IXI-Guys,IXI-Guys
dense,72,212,0,12.54392703416892,12.54392703416892,0.0,0.0,27,27,IXI041-Guys-0706-MRA_IXI-Guys,IXI-Guys
dense,73,87,0,8.898421319735522,8.898421319735522,0.0,0.0,19,19,IXI041-Guys-0706-MRA_IXI-Guys,IXI-Guys
dense,73,109,0,6.400137606544034,6.400137606544034,0.0,0.0,14,14,IXI041-Guys-0706-MRA_IXI-Guys,IXI-Guys
dense,74,79,0,6.825759968868456,6.825759968868456,0.0,0.0,15,15,IXI041-Guys-0706-MRA_IXI-Guys,IXI-Guys
dense,74,211,0,8.306465833581939,8.306465833581939,0.0,0.0,18,18,IXI041-Guys-0706-MRA_IXI-Guys,IXI-Guys
dense,74,215,0,7.147825206971422,7.147825206971422,0.0,0.0,16,16,IXI041-Guys-0706-MRA_IXI-Guys,IXI-Guys
dense,75,106,0,4.75811097472655,4.75811097472655,0.0,0.0,11,11,IXI041-Guys-0706-MRA_IXI-Guys,IXI-Guys
dense,76,78,0,2.364792782142699,2.364792782142699,0.0,0.0,6,6,IXI041-Guys-0706-MRA_IXI-Guys,IXI-Guys
dense,76,86,0,2.253039818872554,2.253039818872554,0.0,0.0,6,6,IXI041-Guys-0706-MRA_IXI-Guys,IXI-Guys
dense,76,94,0,3.2606791098729047,3.2606791098729047,0.0,0.0,8,8,IXI041-Guys-0706-MRA_IXI-Guys,IXI-Guys
dense,76,94,1,2.9706301918141165,2.9706301918141165,0.0,0.0,7,7,IXI041-Guys-0706-MRA_IXI-Guys,IXI-Guys
dense,77,78,0,4.790952629738504,4.790952629738504,0.0,0.0,11,11,IXI041-Guys-0706-MRA_IXI-Guys,IXI-Guys
dense,77,79,0,9.786792629642793,9.786792629642793,0.0,0.0,21,21,IXI041-Guys-0706-MRA_IXI-Guys,IXI-Guys
dense,77,80,0,12.217440160959848,12.217440160959848,0.0,0.0,26,26,IXI041-Guys-0706-MRA_IXI-Guys,IXI-Guys
dense,78,94,0,3.0051492332220464,3.0051492332220464,0.0,0.0,8,8,IXI041-Guys-0706-MRA_IXI-Guys,IXI-Guys
dense,79,214,0,23.04076878195377,23.04076878195377,0.0,0.0,48,48,IXI041-Guys-0706-MRA_IXI-Guys,IXI-Guys
dense,80,97,0,4.747825171207563,4.747825171207563,0.0,0.0,11,11,IXI041-Guys-0706-MRA_IXI-Guys,IXI-Guys
dense,81,82,0,3.540847501237786,3.540847501237786,0.0,0.0,9,9,IXI041-Guys-0706-MRA_IXI-Guys,IXI-Guys
dense,81,88,0,1.8647144951661516,1.8647144951661516,0.0,0.0,5,5,IXI041-Guys-0706-MRA_IXI-Guys,IXI-Guys
dense,81,88,1,3.6680619550110345,3.6680619550110345,0.0,0.0,9,9,IXI041-Guys-0706-MRA_IXI-Guys,IXI-Guys
dense,81,98,0,2.364792782142437,2.364792782142437,0.0,0.0,6,6,IXI041-Guys-0706-MRA_IXI-Guys,IXI-Guys
dense,81,98,1,2.721789878808711,2.721789878808711,0.0,0.0,7,7,IXI041-Guys-0706-MRA_IXI-Guys,IXI-Guys
dense,82,98,0,2.195964567022248,2.195964567022248,0.0,0.0,6,6,IXI041-Guys-0706-MRA_IXI-Guys,IXI-Guys
dense,83,105,0,3.5856522858981283,3.5856522858981283,0.0,0.0,9,9,IXI041-Guys-0706-MRA_IXI-Guys,IXI-Guys
dense,83,197,0,27.706021608113705,27.706021608113705,0.0,0.0,57,57,IXI041-Guys-0706-MRA_IXI-Guys,IXI-Guys
dense,84,91,0,1.5077174286322121,1.5077174286322121,0.0,0.0,5,5,IXI041-Guys-0706-MRA_IXI-Guys,IXI-Guys
dense,84,99,0,11.670125681182753,11.670125681182753,0.0,0.0,25,25,IXI041-Guys-0706-MRA_IXI-Guys,IXI-Guys
dense,85,86,0,1.8647145252992627,1.8647145252992627,0.0,0.0,5,5,IXI041-Guys-0706-MRA_IXI-Guys,IXI-Guys
dense,85,86,1,1.8647145547706643,1.8647145547706643,0.0,0.0,5,5,IXI041-Guys-0706-MRA_IXI-Guys,IXI-Guys
dense,85,92,0,2.0779347976608973,2.0779347976608973,0.0,0.0,6,6,IXI041-Guys-0706-MRA_IXI-Guys,IXI-Guys
dense,85,93,0,2.3231789611896483,2.3231789611896483,0.0,0.0,6,6,IXI041-Guys-0706-MRA_IXI-Guys,IXI-Guys
dense,85,93,1,2.3231789611896483,2.3231789611896483,0.0,0.0,6,6,IXI041-Guys-0706-MRA_IXI-Guys,IXI-Guys
dense,87,95,0,2.4349318641943727,2.4349318641943727,0.0,0.0,6,6,IXI041-Guys-0706-MRA_IXI-Guys,IXI-Guys
dense,87,100,0,2.7661818764454664,2.7661818764454664,0.0,0.0,7,7,IXI041-Guys-0706-MRA_IXI-Guys,IXI-Guys
dense,88,96,0,8.528682251623902,8.528682251623902,0.0,0.0,19,19,IXI041-Guys-0706-MRA_IXI-Guys,IXI-Guys
dense,89,90,0,1.8647144951656456,1.8647144951656456,0.0,0.0,5,5,IXI041-Guys-0706-MRA_IXI-Guys,IXI-Guys
dense,89,101,0,3.5661818883664664,3.5661818883664664,0.0,0.0,9,9,IXI041-Guys-0706-MRA_IXI-Guys,IXI-Guys
dense,89,104,0,19.761039481371153,19.761039481371153,0.0,0.0,41,41,IXI041-Guys-0706-MRA_IXI-Guys,IXI-Guys
dense,90,101,0,3.473899352762159,3.473899352762159,0.0,0.0,8,8,IXI041-Guys-0706-MRA_IXI-Guys,IXI-Guys
dense,90,102,0,26.899777584923857,26.899777584923857,0.0,0.0,55,55,IXI041-Guys-0706-MRA_IXI-Guys,IXI-Guys
dense,91,92,0,4.8924199689642265,4.8924199689642265,0.0,0.0,11,11,IXI041-Guys-0706-MRA_IXI-Guys,IXI-Guys
dense,91,107,0,2.434931953931928,2.434931953931928,0.0,0.0,6,6,IXI041-Guys-0706-MRA_IXI-Guys,IXI-Guys
dense,92,107,0,5.287532316779222,5.287532316779222,0.0,0.0,12,12,IXI041-Guys-0706-MRA_IXI-Guys,IXI-Guys
dense,92,219,0,31.142891419511848,31.142891419511848,0.0,0.0,64,64,IXI041-Guys-0706-MRA_IXI-Guys,IXI-Guys
dense,93,94,0,3.097844555850756,3.097844555850756,0.0,0.0,8,8,IXI041-Guys-0706-MRA_IXI-Guys,IXI-Guys
dense,93,99,0,19.86913024588913,19.86913024588913,0.0,0.0,41,41,IXI041-Guys-0706-MRA_IXI-Guys,IXI-Guys
dense,94,97,0,18.691312850349863,18.691312850349863,0.0,0.0,39,39,IXI041-Guys-0706-MRA_IXI-Guys,IXI-Guys
dense,95,96,0,3.719143366288928,3.719143366288928,0.0,0.0,9,9,IXI041-Guys-0706-MRA_IXI-Guys,IXI-Guys
dense,95,96,1,4.687971713200883,4.687971713200883,0.0,0.0,11,11,IXI041-Guys-0706-MRA_IXI-Guys,IXI-Guys
dense,95,100,0,3.668061924877979,3.668061924877979,0.0,0.0,9,9,IXI041-Guys-0706-MRA_IXI-Guys,IXI-Guys
dense,97,104,0,9.817715580518522,9.817715580518522,0.0,0.0,21,21,IXI041-Guys-0706-MRA_IXI-Guys,IXI-Guys
dense,98,223,0,47.36130831436702,47.36130831436702,0.0,0.0,96,96,IXI041-Guys-0706-MRA_IXI-Guys,IXI-Guys
dense,99,103,0,4.708542931153698,4.708542931153698,0.0,0.0,11,11,IXI041-Guys-0706-MRA_IXI-Guys,IXI-Guys
dense,100,108,0,5.328328134146851,5.328328134146851,0.0,0.0,12,12,IXI041-Guys-0706-MRA_IXI-Guys,IXI-Guys
dense,101,217,0,48.64627927857264,48.64627927857264,0.0,0.0,99,99,IXI041-Guys-0706-MRA_IXI-Guys,IXI-Guys
dense,102,105,0,10.73347743326428,10.73347743326428,0.0,0.0,23,23,IXI041-Guys-0706-MRA_IXI-Guys,IXI-Guys
dense,102,221,0,14.290448190632976,14.290448190632976,0.0,0.0,30,30,IXI041-Guys-0706-MRA_IXI-Guys,IXI-Guys
dense,103,110,0,20.146908457678425,20.146908457678425,0.0,0.0,42,42,IXI041-Guys-0706-MRA_IXI-Guys,IXI-Guys
dense,103,220,0,32.54282747328235,32.54282747328235,0.0,0.0,67,67,IXI041-Guys-0706-MRA_IXI-Guys,IXI-Guys
dense,104,108,0,16.868907720391725,16.868907720391725,0.0,0.0,35,35,IXI041-Guys-0706-MRA_IXI-Guys,IXI-Guys
dense,105,231,0,38.30882574102077,38.30882574102077,0.0,0.0,78,78,IXI041-Guys-0706-MRA_IXI-Guys,IXI-Guys
dense,106,114,0,25.18288162949819,25.18288162949819,0.0,0.0,52,52,IXI041-Guys-0706-MRA_IXI-Guys,IXI-Guys
dense,106,117,0,21.80319168364662,21.80319168364662,0.0,0.0,45,45,IXI041-Guys-0706-MRA_IXI-Guys,IXI-Guys
dense,107,222,0,34.53778173500105,34.53778173500105,0.0,0.0,71,71,IXI041-Guys-0706-MRA_IXI-Guys,IXI-Guys
dense,108,109,0,3.9426492928261223,3.9426492928261223,0.0,0.0,9,9,IXI041-Guys-0706-MRA_IXI-Guys,IXI-Guys
dense,109,111,0,16.46833713796598,16.46833713796598,0.0,0.0,34,34,IXI041-Guys-0706-MRA_IXI-Guys,IXI-Guys
dense,110,224,0,9.386229318996136,9.386229318996136,0.0,0.0,20,20,IXI041-Guys-0706-MRA_IXI-Guys,IXI-Guys
dense,110,229,0,25.47172412830667,25.47172412830667,0.0,0.0,52,52,IXI041-Guys-0706-MRA_IXI-Guys,IXI-Guys
dense,111,119,0,16.975898350936486,16.975898350936486,0.0,0.0,35,35,IXI041-Guys-0706-MRA_IXI-Guys,IXI-Guys
dense,111,225,0,21.838279004648726,21.838279004648726,0.0,0.0,45,45,IXI041-Guys-0706-MRA_IXI-Guys,IXI-Guys
dense,111,235,0,25.971331060375135,25.971331060375135,0.0,0.0,53,53,IXI041-Guys-0706-MRA_IXI-Guys,IXI-Guys
dense,112,113,0,28.31029298108302,28.31029298108302,0.0,0.0,58,58,IXI041-Guys-0706-MRA_IXI-Guys,IXI-Guys
dense,112,118,0,9.060560180818179,9.060560180818179,0.0,0.0,20,20,IXI041-Guys-0706-MRA_IXI-Guys,IXI-Guys
dense,112,227,0,15.980057664584955,15.980057664584955,0.0,0.0,33,33,IXI041-Guys-0706-MRA_IXI-Guys,IXI-Guys
dense,113,116,0,7.8471833043702075,7.8471833043702075,0.0,0.0,17,17,IXI041-Guys-0706-MRA_IXI-Guys,IXI-Guys
dense,113,238,0,18.068749889228304,18.068749889228304,0.0,0.0,38,38,IXI041-Guys-0706-MRA_IXI-Guys,IXI-Guys
dense,114,116,0,2.537912810865598,2.537912810865598,0.0,0.0,7,7,IXI041-Guys-0706-MRA_IXI-Guys,IXI-Guys
dense,114,116,1,7.133189410384885,7.133189410384885,0.0,0.0,16,16,IXI041-Guys-0706-MRA_IXI-Guys,IXI-Guys
dense,115,117,0,13.339163907046721,13.339163907046721,0.0,0.0,28,28,IXI041-Guys-0706-MRA_IXI-Guys,IXI-Guys
dense,115,230,0,7.614209817640364,7.614209817640364,0.0,0.0,17,17,IXI041-Guys-0706-MRA_IXI-Guys,IXI-Guys
dense,115,241,0,24.85872666534251,24.85872666534251,0.0,0.0,51,51,IXI041-Guys-0706-MRA_IXI-Guys,IXI-Guys
dense,117,234,0,22.23560023429155,22.23560023429155,0.0,0.0,46,46,IXI041-Guys-0706-MRA_IXI-Guys,IXI-Guys
dense,118,120,0,9.23519429382538,9.23519429382538,0.0,0.0,20,20,IXI041-Guys-0706-MRA_IXI-Guys,IXI-Guys
dense,118,232,0,23.788430144078124,23.788430144078124,0.0,0.0,49,49,IXI041-Guys-0706-MRA_IXI-Guys,IXI-Guys
dense,119,121,0,4.2485649775544445,4.2485649775544445,0.0,0.0,10,10,IXI041-Guys-0706-MRA_IXI-Guys,IXI-Guys
dense,119,236,0,10.619359050861304,10.619359050861304,0.0,0.0,23,23,IXI041-Guys-0706-MRA_IXI-Guys,IXI-Guys
dense,120,233,0,29.466306645424854,29.466306645424854,0.0,0.0,60,60,IXI041-Guys-0706-MRA_IXI-Guys,IXI-Guys
dense,120,239,0,3.933877604383272,3.933877604383272,0.0,0.0,9,9,IXI041-Guys-0706-MRA_IXI-Guys,IXI-Guys
dense,121,122,0,4.710527923643266,4.710527923643266,0.0,0.0,11,11,IXI041-Guys-0706-MRA_IXI-Guys,IXI-Guys
dense,121,123,0,4.880149620983153,4.880149620983153,0.0,0.0,11,11,IXI041-Guys-0706-MRA_IXI-Guys,IXI-Guys
dense,122,124,0,5.667085743099381,5.667085743099381,0.0,0.0,13,13,IXI041-Guys-0706-MRA_IXI-Guys,IXI-Guys
dense,122,129,0,12.424220475781368,12.424220475781368,0.0,0.0,26,26,IXI041-Guys-0706-MRA_IXI-Guys,IXI-Guys
dense,123,124,0,3.923591891265384,3.923591891265384,0.0,0.0,9,9,IXI041-Guys-0706-MRA_IXI-Guys,IXI-Guys
dense,123,128,0,10.878485286595593,10.878485286595593,0.0,0.0,23,23,IXI041-Guys-0706-MRA_IXI-Guys,IXI-Guys
dense,124,126,0,2.0691629598768926,2.0691629598768926,0.0,0.0,6,6,IXI041-Guys-0706-MRA_IXI-Guys,IXI-Guys
dense,125,129,0,25.788056706969886,25.788056706969886,0.0,0.0,53,53,IXI041-Guys-0706-MRA_IXI-Guys,IXI-Guys
dense,125,130,0,10.093533889079694,10.093533889079694,0.0,0.0,22,22,IXI041-Guys-0706-MRA_IXI-Guys,IXI-Guys
dense,125,133,0,9.396515032115651,9.396515032115651,0.0,0.0,20,20,IXI041-Guys-0706-MRA_IXI-Guys,IXI-Guys
dense,126,127,0,1.976467577644683,1.976467577644683,0.0,0.0,5,5,IXI041-Guys-0706-MRA_IXI-Guys,IXI-Guys
dense,126,128,0,4.341260240577367,4.341260240577367,0.0,0.0,10,10,IXI041-Guys-0706-MRA_IXI-Guys,IXI-Guys
dense,127,128,0,6.928740945673937,6.928740945673937,0.0,0.0,15,15,IXI041-Guys-0706-MRA_IXI-Guys,IXI-Guys
dense,127,132,0,6.7952498050174714,6.7952498050174714,0.0,0.0,15,15,IXI041-Guys-0706-MRA_IXI-Guys,IXI-Guys
dense,127,135,0,5.654815245775259,5.654815245775259,0.0,0.0,13,13,IXI041-Guys-0706-MRA_IXI-Guys,IXI-Guys
dense,128,136,0,6.489334269632492,6.489334269632492,0.0,0.0,14,14,IXI041-Guys-0706-MRA_IXI-Guys,IXI-Guys
dense,129,243,0,28.94946944493803,28.94946944493803,0.0,0.0,59,59,IXI041-Guys-0706-MRA_IXI-Guys,IXI-Guys
dense,130,133,0,3.1169021964911416,3.1169021964911416,0.0,0.0,8,8,IXI041-Guys-0706-MRA_IXI-Guys,IXI-Guys
dense,130,242,0,62.278828238610366,62.278828238610366,0.0,0.0,126,126,IXI041-Guys-0706-MRA_IXI-Guys,IXI-Guys
dense,131,138,0,8.711045681988736,8.711045681988736,0.0,0.0,19,19,IXI041-Guys-0706-MRA_IXI-Guys,IXI-Guys
dense,131,158,0,15.052026299645545,15.052026299645545,0.0,0.0,32,32,IXI041-Guys-0706-MRA_IXI-Guys,IXI-Guys
dense,131,160,0,29.909193289502205,29.909193289502205,0.0,0.0,61,61,IXI041-Guys-0706-MRA_IXI-Guys,IXI-Guys
dense,132,140,0,3.2920072478366817,3.2920072478366817,0.0,0.0,8,8,IXI041-Guys-0706-MRA_IXI-Guys,IXI-Guys
dense,132,141,0,3.5563090218750646,3.5563090218750646,0.0,0.0,9,9,IXI041-Guys-0706-MRA_IXI-Guys,IXI-Guys
dense,133,147,0,3.0066631386901816,3.0066631386901816,0.0,0.0,8,8,IXI041-Guys-0706-MRA_IXI-Guys,IXI-Guys
dense,134,137,0,3.668061924877993,3.668061924877993,0.0,0.0,9,9,IXI041-Guys-0706-MRA_IXI-Guys,IXI-Guys
dense,134,156,0,23.216699854050656,23.216699854050656,0.0,0.0,48,48,IXI041-Guys-0706-MRA_IXI-Guys,IXI-Guys
dense,134,166,0,56.205984353720105,56.205984353720105,0.0,0.0,114,114,IXI041-Guys-0706-MRA_IXI-Guys,IXI-Guys
dense,135,136,0,1.3959644653641419,1.3959644653641419,0.0,0.0,4,4,IXI041-Guys-0706-MRA_IXI-Guys,IXI-Guys
dense,135,141,0,5.156721712869486,5.156721712869486,0.0,0.0,12,12,IXI041-Guys-0706-MRA_IXI-Guys,IXI-Guys
dense,135,247,0,53.70759937192607,53.70759937192607,0.0,0.0,109,109,IXI041-Guys-0706-MRA_IXI-Guys,IXI-Guys
dense,136,260,0,36.513764512048304,36.513764512048304,0.0,0.0,75,75,IXI041-Guys-0706-MRA_IXI-Guys,IXI-Guys
dense,137,139,0,2.390127139138744,2.390127139138744,0.0,0.0,6,6,IXI041-Guys-0706-MRA_IXI-Guys,IXI-Guys
dense,137,142,0,2.629094556180564,2.629094556180564,0.0,0.0,7,7,IXI041-Guys-0706-MRA_IXI-Guys,IXI-Guys
dense,137,149,0,19.445407257848785,19.445407257848785,0.0,0.0,40,40,IXI041-Guys-0706-MRA_IXI-Guys,IXI-Guys
dense,138,150,0,23.88239036410249,23.88239036410249,0.0,0.0,49,49,IXI041-Guys-0706-MRA_IXI-Guys,IXI-Guys
dense,138,150,1,11.819175861881718,11.819175861881718,0.0,0.0,25,25,IXI041-Guys-0706-MRA_IXI-Guys,IXI-Guys
dense,139,142,0,1.854428931387988,1.854428931387988,0.0,0.0,5,5,IXI041-Guys-0706-MRA_IXI-Guys,IXI-Guys
dense,139,144,0,12.763424022883276,12.763424022883276,0.0,0.0,27,27,IXI041-Guys-0706-MRA_IXI-Guys,IXI-Guys
dense,140,143,0,3.3621462997536664,3.3621462997536664,0.0,0.0,8,8,IXI041-Guys-0706-MRA_IXI-Guys,IXI-Guys
dense,140,146,0,1.5077174882362325,1.5077174882362325,0.0,0.0,5,5,IXI041-Guys-0706-MRA_IXI-Guys,IXI-Guys
dense,141,146,0,4.273899274945057,4.273899274945057,0.0,0.0,10,10,IXI041-Guys-0706-MRA_IXI-Guys,IXI-Guys
dense,142,163,0,21.710496390492217,21.710496390492217,0.0,0.0,45,45,IXI041-Guys-0706-MRA_IXI-Guys,IXI-Guys
dense,143,145,0,8.483523486907407,8.483523486907407,0.0,0.0,18,18,IXI041-Guys-0706-MRA_IXI-Guys,IXI-Guys
dense,143,152,0,2.3647927821426937,2.3647927821426937,0.0,0.0,6,6,IXI041-Guys-0706-MRA_IXI-Guys,IXI-Guys
dense,144,145,0,0.9375000596039911,0.9375000596039911,0.0,0.0,3,3,IXI041-Guys-0706-MRA_IXI-Guys,IXI-Guys
dense,144,148,0,3.693396281874474,3.693396281874474,0.0,0.0,9,9,IXI041-Guys-0706-MRA_IXI-Guys,IXI-Guys
dense,144,149,0,1.838967410751219,1.838967410751219,0.0,0.0,5,5,IXI041-Guys-0706-MRA_IXI-Guys,IXI-Guys
dense,145,148,0,3.932363698915839,3.932363698915839,0.0,0.0,9,9,IXI041-Guys-0706-MRA_IXI-Guys,IXI-Guys
dense,145,149,0,2.4349318641933664,2.4349318641933664,0.0,0.0,6,6,IXI041-Guys-0706-MRA_IXI-Guys,IXI-Guys
dense,146,154,0,5.211399543495945,5.211399543495945,0.0,0.0,12,12,IXI041-Guys-0706-MRA_IXI-Guys,IXI-Guys
dense,147,244,0,4.382056267551776,4.382056267551776,0.0,0.0,10,10,IXI041-Guys-0706-MRA_IXI-Guys,IXI-Guys
dense,147,257,0,26.97897100702491,26.97897100702491,0.0,0.0,55,55,IXI041-Guys-0706-MRA_IXI-Guys,IXI-Guys
dense,148,151,0,2.7661818463128145,2.7661818463128145,0.0,0.0,7,7,IXI041-Guys-0706-MRA_IXI-Guys,IXI-Guys
dense,150,151,0,8.254094883675997,8.254094883675997,0.0,0.0,18,18,IXI041-Guys-0706-MRA_IXI-Guys,IXI-Guys
dense,151,152,0,1.3959644653636358,1.3959644653636358,0.0,0.0,4,4,IXI041-Guys-0706-MRA_IXI-Guys,IXI-Guys
dense,151,155,0,3.830896509033175,3.830896509033175,0.0,0.0,9,9,IXI041-Guys-0706-MRA_IXI-Guys,IXI-Guys
dense,152,153,0,2.9036820433384833,2.9036820433384833,0.0,0.0,7,7,IXI041-Guys-0706-MRA_IXI-Guys,IXI-Guys
dense,153,154,0,3.9426492928275767,3.9426492928275767,0.0,0.0,9,9,IXI041-Guys-0706-MRA_IXI-Guys,IXI-Guys
dense,153,155,0,1.1316627214578672,1.1316627214578672,0.0,0.0,4,4,IXI041-Guys-0706-MRA_IXI-Guys,IXI-Guys
dense,154,261,0,31.538934635553183,31.538934635553183,0.0,0.0,65,65,IXI041-Guys-0706-MRA_IXI-Guys,IXI-Guys
dense,155,163,0,17.77990726988268,17.77990726988268,0.0,0.0,37,37,IXI041-Guys-0706-MRA_IXI-Guys,IXI-Guys
dense,156,158,0,2.8335428119446817,2.8335428119446817,0.0,0.0,7,7,IXI041-Guys-0706-MRA_IXI-Guys,IXI-Guys
dense,156,245,0,78.88113325397924,78.88113325397924,0.0,0.0,159,159,IXI041-Guys-0706-MRA_IXI-Guys,IXI-Guys
dense,156,264,0,43.23621105048136,43.23621105048136,0.0,0.0,88,88,IXI041-Guys-0706-MRA_IXI-Guys,IXI-Guys
dense,157,159,0,1.395964555100381,1.395964555100381,0.0,0.0,4,4,IXI041-Guys-0706-MRA_IXI-Guys,IXI-Guys
dense,157,248,0,7.145459787836981,7.145459787836981,0.0,0.0,16,16,IXI041-Guys-0706-MRA_IXI-Guys,IXI-Guys
dense,157,255,0,64.37702622891331,64.37702622891331,0.0,0.0,130,130,IXI041-Guys-0706-MRA_IXI-Guys,IXI-Guys
dense,158,160,0,13.503983304217757,13.503983304217757,0.0,0.0,29,29,IXI041-Guys-0706-MRA_IXI-Guys,IXI-Guys
dense,159,164,0,15.03075876191123,15.03075876191123,0.0,0.0,32,32,IXI041-Guys-0706-MRA_IXI-Guys,IXI-Guys
dense,159,254,0,3.5665947349942027,3.5665947349942027,0.0,0.0,9,9,IXI041-Guys-0706-MRA_IXI-Guys,IXI-Guys
dense,160,167,0,34.52304075814652,34.52304075814652,0.0,0.0,71,71,IXI041-Guys-0706-MRA_IXI-Guys,IXI-Guys
dense,160,252,0,71.64523787408518,71.64523787408518,0.0,0.0,145,145,IXI041-Guys-0706-MRA_IXI-Guys,IXI-Guys
dense,161,246,0,30.469182647376826,30.469182647376826,0.0,0.0,62,62,IXI041-Guys-0706-MRA_IXI-Guys,IXI-Guys
dense,161,249,0,6.837559647724769,6.837559647724769,0.0,0.0,15,15,IXI041-Guys-0706-MRA_IXI-Guys,IXI-Guys
dense,161,256,0,35.447634972576225,35.447634972576225,0.0,0.0,72,72,IXI041-Guys-0706-MRA_IXI-Guys,IXI-Guys
dense,162,165,0,16.044262011713407,16.044262011713407,0.0,0.0,34,34,IXI041-Guys-0706-MRA_IXI-Guys,IXI-Guys
dense,162,165,1,16.23214783800299,16.23214783800299,0.0,0.0,34,34,IXI041-Guys-0706-MRA_IXI-Guys,IXI-Guys
dense,162,250,0,14.247321030125855,14.247321030125855,0.0,0.0,30,30,IXI041-Guys-0706-MRA_IXI-Guys,IXI-Guys
dense,162,251,0,10.322215592340841,10.322215592340841,0.0,0.0,22,22,IXI041-Guys-0706-MRA_IXI-Guys,IXI-Guys
dense,163,164,0,40.24016752692807,40.24016752692807,0.0,0.0,82,82,IXI041-Guys-0706-MRA_IXI-Guys,IXI-Guys
dense,163,263,0,12.470597198017344,12.470597198017344,0.0,0.0,26,26,IXI041-Guys-0706-MRA_IXI-Guys,IXI-Guys
dense,164,262,0,14.635174640631165,14.635174640631165,0.0,0.0,31,31,IXI041-Guys-0706-MRA_IXI-Guys,IXI-Guys
dense,165,167,0,8.754644555696315,8.754644555696315,0.0,0.0,19,19,IXI041-Guys-0706-MRA_IXI-Guys,IXI-Guys
dense,166,253,0,16.90774387427382,16.90774387427382,0.0,0.0,35,35,IXI041-Guys-0706-MRA_IXI-Guys,IXI-Guys
dense,166,259,0,12.621160956691435,12.621160956691435,0.0,0.0,27,27,IXI041-Guys-0706-MRA_IXI-Guys,IXI-Guys
dense,167,258,0,18.826342508240245,18.826342508240245,0.0,0.0,39,39,IXI041-Guys-0706-MRA_IXI-Guys,IXI-Guys
dense,202,203,0,13.281295501135542,13.281295501135542,0.0,0.0,28,28,IXI041-Guys-0706-MRA_IXI-Guys,IXI-Guys
dense,226,228,0,8.663462840512706,8.663462840512706,0.0,0.0,19,19,IXI041-Guys-0706-MRA_IXI-Guys,IXI-Guys
dense,237,240,0,14.225582853398617,14.225582853398617,0.0,0.0,30,30,IXI041-Guys-0706-MRA_IXI-Guys,IXI-Guys
junction_only,0,1,0,5.365630230676397,3.76157989820088,1.6040503324755173,0.42642995121350896,12,9,topcow_ct_001,TopBrain-CT
junction_only,0,2,0,1.7573306274231464,1.68874808577842,0.06858254164472632,0.040611469657485084,5,5,topcow_ct_001,TopBrain-CT
junction_only,0,5,0,5.756267621024939,3.311111565202145,2.4451560558227943,0.7384698484702119,13,8,topcow_ct_001,TopBrain-CT
junction_only,1,2,0,3.578250949290577,3.1969281358118526,0.3813228134787243,0.11927788091548334,9,8,topcow_ct_001,TopBrain-CT
junction_only,1,3,0,2.5290725184599654,2.3619096416997993,0.16716287676016606,0.07077445885688653,7,6,topcow_ct_001,TopBrain-CT
junction_only,2,5,0,3.2171798634909266,2.2432916328464922,0.9738882306444343,0.43413358137866204,8,6,topcow_ct_001,TopBrain-CT
junction_only,3,7,0,7.474028141499687,6.497188607175518,0.9768395343241689,0.15034803410899045,16,14,topcow_ct_001,TopBrain-CT
junction_only,3,147,0,45.20976457345938,14.62806605790183,30.58169851555755,2.090618021172925,92,31,topcow_ct_001,TopBrain-CT
junction_only,4,6,0,7.6252499912336855,6.331982002325832,1.2932679889078535,0.20424378787444702,17,14,topcow_ct_001,TopBrain-CT
junction_only,4,10,0,10.683692199099047,6.702837230935849,3.9808549681631984,0.5939059581799501,23,15,topcow_ct_001,TopBrain-CT
junction_only,4,15,0,44.95829939985475,12.60225409356484,32.356045306289914,2.567480790822339,91,27,topcow_ct_001,TopBrain-CT
junction_only,5,13,0,4.18573134099953,3.714845085747326,0.4708862552522035,0.1267579789689868,10,9,topcow_ct_001,TopBrain-CT
junction_only,6,14,0,4.974510490914172,4.509818155670517,0.4646923352436554,0.10304014911540602,11,11,topcow_ct_001,TopBrain-CT
junction_only,6,21,0,11.064302913698496,8.655415450420078,2.4088874632784183,0.2783098601190202,24,19,topcow_ct_001,TopBrain-CT
junction_only,7,8,0,1.7573306274237757,1.688748085779021,0.06858254164475475,0.040611469657487465,5,5,topcow_ct_001,TopBrain-CT
junction_only,7,11,0,2.411885495296432,2.2169488611090515,0.1949366341873806,0.08793014471694288,6,6,topcow_ct_001,TopBrain-CT
junction_only,8,12,0,2.5626249956172074,2.4686768104479784,0.09394818516922898,0.03805608930728388,7,6,topcow_ct_001,TopBrain-CT
junction_only,8,16,0,2.475486626415621,2.2169488611095107,0.25853776530611006,0.11661873209683345,6,6,topcow_ct_001,TopBrain-CT
junction_only,9,18,0,2.856108777690215,2.2432916328464954,0.6128171448437199,0.27317765370796704,7,6,topcow_ct_001,TopBrain-CT
junction_only,9,23,0,3.637854471126077,3.2140654413224015,0.4237890298036757,0.1318545118450703,9,8,topcow_ct_001,TopBrain-CT
junction_only,9,144,0,20.070757961423197,15.24720441588563,4.8235535455375675,0.31635658668759264,42,32,topcow_ct_001,TopBrain-CT
junction_only,10,19,0,41.01848357867314,3.513454880092187,37.50502869858096,10.674686306942666,84,9,topcow_ct_001,TopBrain-CT
junction_only,10,22,0,3.4275228856460416,3.1563389371403847,0.27118394850565686,0.08591724586819789,8,8,topcow_ct_001,TopBrain-CT
junction_only,11,12,0,2.23558873638686,2.1323979642121733,0.10319077217468653,0.04839189208887233,6,6,topcow_ct_001,TopBrain-CT
junction_only,11,146,0,16.65024565890804,13.374227387855473,3.2760182710525676,0.24495009513800928,35,28,topcow_ct_001,TopBrain-CT
junction_only,12,15,0,2.6222285174524367,2.0350037332753517,0.587224784177085,0.2885620181305235,7,6,topcow_ct_001,TopBrain-CT
junction_only,13,14,0,1.4302943681940605,1.3492123700311494,0.08108199816291117,0.06009580104949618,4,4,topcow_ct_001,TopBrain-CT
junction_only,13,27,0,23.612003738220672,17.364602159910625,6.247401578310047,0.35977798516647397,49,36,topcow_ct_001,TopBrain-CT
junction_only,14,20,0,24.98473747843512,16.977778365323992,8.00695911311113,0.4716140675663915,51,35,topcow_ct_001,TopBrain-CT
junction_only,15,16,0,2.4158831045802898,2.4158831045802898,0.0,0.0,6,6,topcow_ct_001,TopBrain-CT
junction_only,16,20,0,2.4519379516588797,2.271008672129011,0.18092927952986892,0.07966912753364895,6,6,topcow_ct_001,TopBrain-CT
junction_only,17,18,0,12.81857482058005,10.682371814110033,2.1362030064700175,0.1999745977432062,27,23,topcow_ct_001,TopBrain-CT
junction_only,17,20,0,4.804208488446147,4.094119107191648,0.710089381254499,0.17344131000174623,11,10,topcow_ct_001,TopBrain-CT
junction_only,17,24,0,19.520861071042464,14.775814129753359,4.745046941289106,0.3211360741019494,41,31,topcow_ct_001,TopBrain-CT
junction_only,18,23,0,4.232805817164396,3.2719391464035983,0.9608666707607973,0.29366886967227024,10,8,topcow_ct_001,TopBrain-CT
junction_only,19,22,0,1.7573306274236786,1.688748085779021,0.06858254164465771,0.040611469657430004,5,5,topcow_ct_001,TopBrain-CT
junction_only,19,149,0,3.280769557935311,2.8752781614222194,0.40549139651309174,0.14102684114309158,8,7,topcow_ct_001,TopBrain-CT
junction_only,21,25,0,8.624894007709985,7.952368093667378,0.6725259140426072,0.0845692636609908,19,17,topcow_ct_001,TopBrain-CT
junction_only,21,150,0,47.97363961925591,13.16180631790161,34.811833301354305,2.6449130507266396,97,28,topcow_ct_001,TopBrain-CT
junction_only,22,29,0,21.920734180106397,17.03134781039847,4.889386369707928,0.2870815876781472,45,36,topcow_ct_001,TopBrain-CT
junction_only,23,24,0,3.8717347313652137,3.1969281358126467,0.6748065955525671,0.21107968865275537,9,8,topcow_ct_001,TopBrain-CT
junction_only,23,148,0,37.52183571820838,15.185431207056494,22.336404511151883,1.47091012474986,77,32,topcow_ct_001,TopBrain-CT
junction_only,24,145,0,81.85259843811242,28.19959936864907,53.65299906946335,1.9026156495369262,165,58,topcow_ct_001,TopBrain-CT
junction_only,25,26,0,8.909846353397215,1.6887480857784196,7.221098267618796,4.276006781846488,19,5,topcow_ct_001,TopBrain-CT
junction_only,25,26,1,1.757330627423145,1.6887480857784196,0.06858254164472544,0.04061146965748457,5,5,topcow_ct_001,TopBrain-CT
junction_only,26,27,0,11.052772876880628,9.041346149003397,2.0114267278772306,0.22246982857734574,24,20,topcow_ct_001,TopBrain-CT
junction_only,27,31,0,24.082212564019194,21.061916745096156,3.0202958189230387,0.143400805134521,50,44,topcow_ct_001,TopBrain-CT
junction_only,28,29,0,3.5146612548468252,1.6105887363874907,1.9040725184593346,1.1822214296184144,9,5,topcow_ct_001,TopBrain-CT
junction_only,28,29,1,1.9040725184599676,1.6105887363874907,0.29348378207247694,0.18222142961880733,5,5,topcow_ct_001,TopBrain-CT
junction_only,28,151,0,11.716849197738394,8.354997299685056,3.361851898053338,0.4023761800832735,25,18,topcow_ct_001,TopBrain-CT
junction_only,30,32,0,2.953744735378799,2.468676810447361,0.485067924931438,0.19648903529155623,7,6,topcow_ct_001,TopBrain-CT
junction_only,30,33,0,5.605528120705089,4.486583265691631,1.1189448550134582,0.24939799146711403,13,10,topcow_ct_001,TopBrain-CT
junction_only,30,41,0,36.70453414874936,27.62801066991934,9.076523478830019,0.328526131948845,75,57,topcow_ct_001,TopBrain-CT
junction_only,31,39,0,9.73164450319482,8.342205794096392,1.3894387090984281,0.16655531443274937,21,18,topcow_ct_001,TopBrain-CT
junction_only,31,49,0,24.27399747404017,15.268705559441681,9.005291914598487,0.5897875153555437,50,32,topcow_ct_001,TopBrain-CT
junction_only,32,33,0,6.829477076027512,4.972154274332743,1.8573228016947692,0.3735448860230749,15,11,topcow_ct_001,TopBrain-CT
junction_only,32,156,0,10.001591047183918,7.553223274239109,2.4483677729448097,0.3241487354537989,22,17,topcow_ct_001,TopBrain-CT
junction_only,33,34,0,4.823770990592863,3.3774961715568397,1.4462748190360237,0.42820916607268,11,8,topcow_ct_001,TopBrain-CT
junction_only,33,35,0,5.605528120704523,3.8693602844786943,1.736167836225829,0.4486963499341693,13,9,topcow_ct_001,TopBrain-CT
junction_only,34,35,0,1.904072518460499,1.904072518460499,0.0,0.0,5,5,topcow_ct_001,TopBrain-CT
junction_only,34,37,0,2.709366886653929,1.9346801422400037,0.7746867444139254,0.40042109674883036,7,5,topcow_ct_001,TopBrain-CT
junction_only,35,36,0,4.617919363810006,3.260959725379776,1.3569596384302298,0.41612278369129396,11,8,topcow_ct_001,TopBrain-CT
junction_only,35,37,0,2.382330627423146,1.9425496182708064,0.43978100915233953,0.2263937070208884,6,5,topcow_ct_001,TopBrain-CT
junction_only,36,38,0,2.2415949295029396,1.8309457263318105,0.4106492031711291,0.2242825646142117,6,5,topcow_ct_001,TopBrain-CT
junction_only,36,154,0,9.398108264760333,7.721842141143857,1.6762661236164762,0.2170811178183664,20,17,topcow_ct_001,TopBrain-CT
junction_only,37,38,0,1.5234503671853699,1.296146248391854,0.22730411879351586,0.17536919084210992,5,4,topcow_ct_001,TopBrain-CT
junction_only,38,45,0,7.045814854624455,5.643691643968256,1.4021232106561987,0.24844079001990302,16,13,topcow_ct_001,TopBrain-CT
junction_only,39,45,0,24.406267040653255,15.470046733205278,8.936220307447977,0.5776466265138721,50,32,topcow_ct_001,TopBrain-CT
junction_only,39,158,0,11.525029977697697,8.737617846920802,2.787412130776895,0.3190128224432702,25,19,topcow_ct_001,TopBrain-CT
junction_only,40,101,0,27.63192447212414,20.23763549524777,7.394288976876371,0.365373167167316,57,42,topcow_ct_001,TopBrain-CT
junction_only,40,153,0,83.09352883179774,37.70533682797258,45.38819200382516,1.203760417547918,168,77,topcow_ct_001,TopBrain-CT
junction_only,40,164,0,44.11095836487604,30.93948093006721,13.171477434808832,0.42571746644943537,90,63,topcow_ct_001,TopBrain-CT
junction_only,41,43,0,3.9353358624823347,2.939828842333144,0.9955070201491907,0.33862754382636906,9,7,topcow_ct_001,TopBrain-CT
junction_only,41,43,1,4.46669751407654,2.939828842333144,1.5268686717433964,0.5193733219283689,10,7,topcow_ct_001,TopBrain-CT
junction_only,42,44,0,1.31310734503043,1.19252718114776,0.12058016388267001,0.10111313669732576,4,4,topcow_ct_001,TopBrain-CT
junction_only,42,47,0,12.395917439197317,8.75148329126042,3.644434147936897,0.41643616592131005,26,19,topcow_ct_001,TopBrain-CT
junction_only,42,159,0,8.505675527364875,6.8671215090022395,1.638554018362636,0.2386085663716048,19,15,topcow_ct_001,TopBrain-CT
junction_only,43,157,0,36.14962382239959,20.98501717462007,15.164606647779522,0.7226397063005537,74,43,topcow_ct_001,TopBrain-CT
junction_only,44,50,0,8.401471840967782,7.918134280631168,0.48333756033661324,0.06104184940623229,18,17,topcow_ct_001,TopBrain-CT
junction_only,44,162,0,11.770423653108303,8.308571346471076,3.461852306637226,0.4166603573919587,25,18,topcow_ct_001,TopBrain-CT
junction_only,45,61,0,11.167945064505666,7.8351306633045645,3.3328144012011016,0.42536806907511676,24,17,topcow_ct_001,TopBrain-CT
junction_only,46,47,0,1.4598492360667108,1.2961462483918507,0.16370298767486013,0.12629978127697322,4,4,topcow_ct_001,TopBrain-CT
junction_only,46,48,0,1.7573306274236815,1.6887480857790242,0.06858254164465727,0.040611469657429664,5,5,topcow_ct_001,TopBrain-CT
junction_only,46,50,0,2.7093668866539318,2.620684500808484,0.08868238584544796,0.03383939799624463,7,7,topcow_ct_001,TopBrain-CT
junction_only,47,52,0,2.8961612340515956,2.6148566855767554,0.2813045484748402,0.10757933695811449,7,7,topcow_ct_001,TopBrain-CT
junction_only,48,52,0,2.836557712217511,2.4385155998176504,0.39804211239986076,0.16323131680175673,7,6,topcow_ct_001,TopBrain-CT
junction_only,48,53,0,7.7239298339285565,6.251102293682817,1.4728275402457394,0.23561085246263466,17,14,topcow_ct_001,TopBrain-CT
junction_only,49,51,0,2.411885495296967,2.2169488611097394,0.1949366341872274,0.08793014471684651,6,6,topcow_ct_001,TopBrain-CT
junction_only,49,57,0,21.475492822794855,17.18541415844292,4.290078664351935,0.24963487203736007,44,36,topcow_ct_001,TopBrain-CT
junction_only,50,52,0,2.3823306274236815,2.192029903359281,0.19030072406440057,0.08681483942019456,6,6,topcow_ct_001,TopBrain-CT
junction_only,51,55,0,20.699764759149616,16.40792431689277,4.291840442256845,0.26157119934044204,43,34,topcow_ct_001,TopBrain-CT
junction_only,51,173,0,18.015945942642993,14.336163834758592,3.6797821078844013,0.2566782962512346,38,30,topcow_ct_001,TopBrain-CT
junction_only,52,53,0,8.827187942892268,7.126528042772713,1.7006599001195548,0.23863792998671488,19,16,topcow_ct_001,TopBrain-CT
junction_only,53,54,0,2.983288166578249,2.6637097262184035,0.3195784403598454,0.11997494967799748,7,7,topcow_ct_001,TopBrain-CT
junction_only,54,56,0,6.2640691611872334,5.234087274245788,1.0299818869414459,0.1967834758907153,14,12,topcow_ct_001,TopBrain-CT
junction_only,54,58,0,8.569265221809452,5.813497435324908,2.7557677864845447,0.4740292426619999,19,13,topcow_ct_001,TopBrain-CT
junction_only,55,56,0,2.2416063661780146,1.2961462483926371,0.9454601177853774,0.7294393815187531,6,4,topcow_ct_001,TopBrain-CT
junction_only,55,57,0,2.562624995616576,2.46867681044736,0.09394818516921566,0.03805608930728801,7,6,topcow_ct_001,TopBrain-CT
junction_only,56,58,0,1.7573306274236775,1.6887480857790198,0.06858254164465771,0.04061146965743003,5,5,topcow_ct_001,TopBrain-CT
junction_only,56,58,1,3.3679193638117013,1.6887480857790198,1.6791712780326815,0.9943290489404638,8,5,topcow_ct_001,TopBrain-CT
junction_only,57,58,0,2.328744735378798,1.605845632195246,0.7228991031835519,0.4501672444040117,6,5,topcow_ct_001,TopBrain-CT
junction_only,59,60,0,3.046900734371441,2.031251907348995,1.0156488270224457,0.5000112607145699,8,6,topcow_ct_001,TopBrain-CT
junction_only,59,60,1,3.340384516444016,2.031251907348995,1.3091326090950206,0.6444954485254274,8,6,topcow_ct_001,TopBrain-CT
junction_only,59,160,0,48.514516472134716,34.84360290720009,13.670913564934622,0.39235074516675944,99,71,topcow_ct_001,TopBrain-CT
junction_only,60,64,0,4.209268579082026,3.62861280312306,0.5806557759589657,0.16002142070909556,10,9,topcow_ct_001,TopBrain-CT
junction_only,61,65,0,2.0312633440233663,1.7231846083468805,0.3080787356764858,0.1787845215098793,6,5,topcow_ct_001,TopBrain-CT
junction_only,61,66,0,23.56035349553541,19.104239032505355,4.456114463030055,0.2332526543165679,49,40,topcow_ct_001,TopBrain-CT
junction_only,61,163,0,7.910701307978844,7.019201777779346,0.8914995301994981,0.12700867683013672,17,16,topcow_ct_001,TopBrain-CT
junction_only,62,63,0,1.670192258222365,1.1925271811486113,0.4776650770737536,0.40054858675311616,5,4,topcow_ct_001,TopBrain-CT
junction_only,62,63,1,3.2171798634920226,1.1925271811486113,2.0246526823434112,1.6977832575634193,8,4,topcow_ct_001,TopBrain-CT
junction_only,62,161,0,87.4829739832805,72.18227663202802,15.30069735125248,0.2119730502440734,176,146,topcow_ct_001,TopBrain-CT
junction_only,63,67,0,20.181410695361386,16.578905783816175,3.6025049115452106,0.21729449208052476,42,35,topcow_ct_001,TopBrain-CT
junction_only,64,69,0,5.990147881262544,4.64121175598407,1.348936125278474,0.2906430898222313,13,11,topcow_ct_001,TopBrain-CT
junction_only,64,71,0,2.6222285174519073,2.4908296509388297,0.13139886651307764,0.05275305216619349,7,6,topcow_ct_001,TopBrain-CT
junction_only,65,140,0,42.939048442063,24.485573616350703,18.453474825712295,0.7536468254674515,87,50,topcow_ct_001,TopBrain-CT
junction_only,65,177,0,25.45943789579812,19.169506561127942,6.289931334670179,0.32812171323308575,52,40,topcow_ct_001,TopBrain-CT
junction_only,66,101,0,8.749103050676329,8.308571346471874,0.44053170420445475,0.05302135419364495,19,18,topcow_ct_001,TopBrain-CT
junction_only,66,165,0,4.7110753628025765,4.026471840967781,0.6846035218347959,0.1700256574177974,11,10,topcow_ct_001,TopBrain-CT
junction_only,67,68,0,8.01741361600205,4.570316791534001,3.4470968244680495,0.7542358619108,18,11,topcow_ct_001,TopBrain-CT
junction_only,67,74,0,4.506738533764086,3.6969342745769844,0.8098042591871013,0.21904751316677432,11,9,topcow_ct_001,TopBrain-CT
junction_only,68,74,0,1.9040725184594323,1.4363119979838799,0.4677605204755524,0.32566776656613444,5,4,topcow_ct_001,TopBrain-CT
junction_only,68,77,0,4.717070119244656,3.9175653316520873,0.7995047875925683,0.2040820560496963,11,9,topcow_ct_001,TopBrain-CT
junction_only,69,71,0,3.0408831045809186,2.7457913426227973,0.29509176195812126,0.10747057046084489,8,7,topcow_ct_001,TopBrain-CT
junction_only,69,76,0,2.4754866264150843,2.2169488611090507,0.2585377653060337,0.11661873209682319,6,6,topcow_ct_001,TopBrain-CT
junction_only,69,87,0,6.17694222866018,4.101564920516976,2.075377308143204,0.505996454612162,14,10,topcow_ct_001,TopBrain-CT
junction_only,70,73,0,1.5770362592302467,1.441612999001161,0.13542326022908568,0.09393870638161235,5,4,topcow_ct_001,TopBrain-CT
junction_only,70,80,0,3.852195102564174,2.415883104580289,1.4363119979838852,0.5945287647654689,9,6,topcow_ct_001,TopBrain-CT
junction_only,70,80,1,3.788593971448009,2.415883104580289,1.37271086686772,0.5682025195114732,9,6,topcow_ct_001,TopBrain-CT
junction_only,70,81,0,4.443148839319429,1.934680142239214,2.508468697080215,1.296580578005465,10,5,topcow_ct_001,TopBrain-CT
junction_only,71,87,0,3.0469007343713743,2.2710086721290144,0.77589206224236,0.3416508583892726,8,6,topcow_ct_001,TopBrain-CT
junction_only,72,73,0,2.6802943681940583,2.551053511678081,0.1292408565159775,0.05066175833801423,7,7,topcow_ct_001,TopBrain-CT
junction_only,72,79,0,2.562624995616578,2.3619096416993712,0.20071535391720685,0.08498011540051723,7,6,topcow_ct_001,TopBrain-CT
junction_only,72,85,0,4.086075362803206,1.9706258333322706,2.1154495294709355,1.0734912197379307,10,5,topcow_ct_001,TopBrain-CT
junction_only,72,91,0,4.209268579082186,2.8300795900660654,1.379188989016121,0.48733222693002964,10,7,topcow_ct_001,TopBrain-CT
junction_only,73,81,0,3.4275228856460416,2.1920299033590487,1.235492982286993,0.5636296203777756,8,6,topcow_ct_001,TopBrain-CT
junction_only,74,171,0,5.101701316476942,3.3322422960277276,1.7694590204492142,0.5310115121456014,12,8,topcow_ct_001,TopBrain-CT
junction_only,75,76,0,2.3823306274231495,1.9425496182708069,0.43978100915234264,0.22639370702088993,6,5,topcow_ct_001,TopBrain-CT
junction_only,75,76,1,2.7093668866528633,1.9425496182708069,0.7668172683820564,0.39474784127504126,7,5,topcow_ct_001,TopBrain-CT
junction_only,75,78,0,2.5626249956165785,2.4686768104473638,0.09394818516921477,0.0380560893072876,7,6,topcow_ct_001,TopBrain-CT
junction_only,77,77,0,7.339310073370736,0.0,7.339310073370736,nan,16,1,topcow_ct_001,TopBrain-CT
junction_only,77,82,0,6.661206530740607,5.254310227220115,1.406896303520492,0.2677604181481372,15,12,topcow_ct_001,TopBrain-CT
junction_only,78,83,0,5.4192161227202025,1.6058456321961974,3.8133704905240053,2.3746806131724743,12,5,topcow_ct_001,TopBrain-CT
junction_only,78,83,1,2.328744735379432,1.6058456321961974,0.7228991031832346,0.45016724440354733,6,5,topcow_ct_001,TopBrain-CT
junction_only,79,85,0,1.5234503671853736,1.2961462483918575,0.22730411879351609,0.1753691908421096,5,4,topcow_ct_001,TopBrain-CT
junction_only,79,90,0,6.6732137320039655,5.805481647163694,0.8677320848402719,0.1494677164752055,15,13,topcow_ct_001,TopBrain-CT
junction_only,80,81,0,1.9040725184599667,1.6105887363874896,0.29348378207247716,0.18222142961880758,5,5,topcow_ct_001,TopBrain-CT
junction_only,80,86,0,3.0073306274236797,2.745791342622798,0.26153928480088195,0.09525096854266353,8,7,topcow_ct_001,TopBrain-CT
junction_only,81,94,0,2.11840171322449,1.9706258333330424,0.1477758798914477,0.07498931425328223,6,5,topcow_ct_001,TopBrain-CT
junction_only,82,97,0,21.454454147353005,17.87634911419276,3.578105033160245,0.2001586011944375,44,37,topcow_ct_001,TopBrain-CT
junction_only,82,172,0,4.41960016456313,3.6447669297518788,0.7748332348112514,0.21258786905861193,10,9,topcow_ct_001,TopBrain-CT
junction_only,83,88,0,14.848868280805219,13.083201190625632,1.765667090179587,0.13495680945766714,31,28,topcow_ct_001,TopBrain-CT
junction_only,84,89,0,2.235588736387492,2.0078279405589337,0.22776079582855813,0.11343641117234114,6,6,topcow_ct_001,TopBrain-CT
junction_only,84,98,0,5.482323467750644,3.513454880092186,1.9688685876584575,0.5603796419343225,12,9,topcow_ct_001,TopBrain-CT
junction_only,84,98,1,4.139661254846824,3.513454880092186,0.6262063747546378,0.17823094251268923,10,9,topcow_ct_001,TopBrain-CT
junction_only,85,90,0,8.851218967063785,6.59138516023377,2.259833806830015,0.34284657198667895,19,15,topcow_ct_001,TopBrain-CT
junction_only,85,91,0,3.1876249956176435,2.9713196048968915,0.21630539072075194,0.07279775301326362,8,7,topcow_ct_001,TopBrain-CT
junction_only,86,86,0,5.605528120703458,0.0,5.605528120703458,nan,13,1,topcow_ct_001,TopBrain-CT
junction_only,86,93,0,2.2951922582223645,1.6105887363874896,0.6846035218348749,0.425064143544443,6,5,topcow_ct_001,TopBrain-CT
junction_only,87,107,0,5.038111622032192,4.50981815566995,0.5282934663622418,0.11714296411221084,12,11,topcow_ct_001,TopBrain-CT
junction_only,88,89,0,4.34999284032893,2.9276041697947397,1.4223886705341906,0.4858541619832155,10,7,topcow_ct_001,TopBrain-CT
junction_only,88,89,1,3.3684017132244914,2.9276041697947397,0.44079754342975175,0.15056596379306872,8,7,topcow_ct_001,TopBrain-CT
junction_only,90,98,0,21.772974214153958,18.397941526989623,3.3750326871643352,0.1834462122957175,45,38,topcow_ct_001,TopBrain-CT
junction_only,91,94,0,2.23558873638686,2.00782794055868,0.22776079582817976,0.11343641117216702,6,6,topcow_ct_001,TopBrain-CT
junction_only,92,92,0,5.244457034905225,0.0,5.244457034905225,nan,12,1,topcow_ct_001,TopBrain-CT
junction_only,92,99,0,6.644702749135376,5.265911414991911,1.3787913341434646,0.26183337042436416,15,12,topcow_ct_001,TopBrain-CT
junction_only,93,94,0,5.091697514076005,3.75,1.3416975140760048,0.35778600375360126,12,9,topcow_ct_001,TopBrain-CT
junction_only,93,94,1,7.718394553552354,3.75,3.968394553552354,1.058238547613961,17,9,topcow_ct_001,TopBrain-CT
junction_only,95,96,0,5.2724742316839235,4.5287250397994425,0.743749191884481,0.1642292665923075,12,11,topcow_ct_001,TopBrain-CT
junction_only,95,105,0,2.4754866264150848,2.2169488611090507,0.2585377653060341,0.1166187320968234,6,6,topcow_ct_001,TopBrain-CT
junction_only,95,166,0,23.814802896165894,12.464867054484774,11.34993584168112,0.9105541031500604,49,26,topcow_ct_001,TopBrain-CT
junction_only,96,106,0,2.4754866264150843,1.970625833332268,0.5048607930828164,0.2561931263374906,6,5,topcow_ct_001,TopBrain-CT
junction_only,96,106,1,19.35564924629949,1.970625833332268,17.38502341296722,8.822082365361911,40,5,topcow_ct_001,TopBrain-CT
junction_only,97,110,0,41.81726653098694,33.637438220091376,8.179828310895566,0.24317631614436735,85,69,topcow_ct_001,TopBrain-CT
junction_only,97,167,0,4.419611601237383,3.8021311092876524,0.6174804919497308,0.16240378729743982,10,9,topcow_ct_001,TopBrain-CT
junction_only,99,100,0,1.7573306274231473,1.6887480857784216,0.06858254164472566,0.040611469657484654,5,5,topcow_ct_001,TopBrain-CT
junction_only,99,168,0,4.296406948283141,3.0262752123861674,1.2701317358969737,0.41970133142500815,10,8,topcow_ct_001,TopBrain-CT
junction_only,100,100,0,7.934272856083483,0.0,7.934272856083483,nan,17,1,topcow_ct_001,TopBrain-CT
junction_only,100,108,0,4.798213732003962,4.384059806718554,0.41415392528540806,0.09446812852569184,11,10,topcow_ct_001,TopBrain-CT
junction_only,101,105,0,41.01039255228212,28.917917310801215,12.092475241480905,0.41816549620481175,84,59,topcow_ct_001,TopBrain-CT
junction_only,102,103,0,7.430434615181545,3.476563126853375,3.95387148832817,1.1372931668601125,16,8,topcow_ct_001,TopBrain-CT
junction_only,102,103,1,4.7110753628019495,3.476563126853375,1.2345122359485745,0.355095590358495,11,8,topcow_ct_001,TopBrain-CT
junction_only,102,108,0,1.577036259229716,1.4416129990008106,0.13542326022890538,0.09393870638151011,5,4,topcow_ct_001,TopBrain-CT
junction_only,103,104,0,2.5626249956177363,2.00782794055868,0.5547970550590562,0.27631703088297666,7,6,topcow_ct_001,TopBrain-CT
junction_only,104,112,0,2.7734503671867063,2.1920299033597432,0.5814204638269631,0.26524294350903466,7,6,topcow_ct_001,TopBrain-CT
junction_only,104,117,0,2.959750928495593,2.5390648841856063,0.4206860443099867,0.16568542494924066,7,7,topcow_ct_001,TopBrain-CT
junction_only,104,117,1,5.645580577066951,2.5390648841856063,3.106515692881345,1.2234881086458513,13,7,topcow_ct_001,TopBrain-CT
junction_only,104,170,0,5.418733773307853,3.377496171556841,2.041237601751012,0.604364149674258,12,8,topcow_ct_001,TopBrain-CT
junction_only,105,120,0,3.8757323406480055,3.3774961715574405,0.498236169090565,0.14751642749037283,9,8,topcow_ct_001,TopBrain-CT
junction_only,106,120,0,4.209268579082654,3.483580743604977,0.7256878354776766,0.20831663994292834,10,8,topcow_ct_001,TopBrain-CT
junction_only,107,109,0,2.8561087776891503,1.7231846083460047,1.1329241693431455,0.6574595454578603,7,5,topcow_ct_001,TopBrain-CT
junction_only,107,109,1,3.2807809946098585,1.7231846083460047,1.5575963862638538,0.9039056980429446,8,5,topcow_ct_001,TopBrain-CT
junction_only,108,175,0,4.466697514077075,4.058367837635166,0.4083296764419089,0.10061425991386845,10,10,topcow_ct_001,TopBrain-CT
junction_only,109,174,0,3.637854471126608,3.214065441322872,0.4237890298037357,0.13185451184506966,9,8,topcow_ct_001,TopBrain-CT
junction_only,110,113,0,8.198201770284022,6.347148540441029,1.8510532298429938,0.29163540415809686,18,14,topcow_ct_001,TopBrain-CT
junction_only,110,169,0,4.657478034084933,4.050842624962232,0.6066354091227018,0.1497553633371175,11,10,topcow_ct_001,TopBrain-CT
junction_only,111,114,0,3.3679193638111715,2.7457913426229825,0.622128021188189,0.22657512664232032,8,7,topcow_ct_001,TopBrain-CT
junction_only,111,116,0,10.043153116322614,7.52315979640244,2.5199933199201743,0.3349647472761685,22,17,topcow_ct_001,TopBrain-CT
junction_only,111,121,0,2.4754866264157935,2.2169488611097385,0.258537765306055,0.11661873209679663,6,6,topcow_ct_001,TopBrain-CT
junction_only,112,115,0,3.9989369936023307,2.764346091051003,1.2345909025513278,0.4466122771486753,9,7,topcow_ct_001,TopBrain-CT
junction_only,112,117,0,5.155287208520826,3.1969281358126493,1.9583590727081766,0.6125752564689314,12,8,topcow_ct_001,TopBrain-CT
junction_only,112,118,0,3.1876249956177403,2.6011051572145467,0.5865198384031935,0.2254887068969106,8,7,topcow_ct_001,TopBrain-CT
junction_only,113,116,0,5.385181296149638,1.4416129990008106,3.9435682971488277,2.7355249292855537,12,4,topcow_ct_001,TopBrain-CT
junction_only,113,116,1,1.577036259229716,1.4416129990008106,0.13542326022890538,0.09393870638151011,5,4,topcow_ct_001,TopBrain-CT
junction_only,114,122,0,2.0312633440223595,1.566402616044935,0.4648607279774246,0.29676963203187684,6,5,topcow_ct_001,TopBrain-CT
junction_only,114,125,0,5.902998075388291,2.971319604896207,2.931678470492084,0.9866587443710864,13,7,topcow_ct_001,TopBrain-CT
junction_only,114,126,0,2.856108777690211,1.7231846083459985,1.1329241693442127,0.6574595454584821,7,5,topcow_ct_001,TopBrain-CT
junction_only,114,134,0,8.138586811774157,2.3554416547397516,5.783145157034406,2.455227513446252,18,6,topcow_ct_001,TopBrain-CT
junction_only,115,118,0,3.935335862483751,2.663709726218407,1.2716261362653438,0.4773891553381214,9,7,topcow_ct_001,TopBrain-CT
junction_only,115,118,1,4.185731340998822,2.663709726218407,1.5220216147804146,0.5713916947479054,10,7,topcow_ct_001,TopBrain-CT
junction_only,118,119,0,1.757330627423145,1.3492123700307737,0.4081182573923714,0.3024862997535835,5,4,topcow_ct_001,TopBrain-CT
junction_only,118,119,1,7.72392983392848,1.3492123700307737,6.374717463897706,4.724769506636163,17,4,topcow_ct_001,TopBrain-CT
junction_only,119,123,0,9.173213732003433,8.156676592760565,1.0165371392428675,0.124626387681607,20,18,topcow_ct_001,TopBrain-CT
junction_only,120,179,0,54.599278837300986,20.037707560919326,34.561571276381656,1.7248266135887242,111,42,topcow_ct_001,TopBrain-CT
junction_only,121,126,0,4.106108777689685,2.468676810447979,1.6374319672417061,0.6632832456284827,10,6,topcow_ct_001,TopBrain-CT
junction_only,121,134,0,1.6701922582216606,1.566402616044949,0.10378964217671172,0.06625987540723911,5,5,topcow_ct_001,TopBrain-CT
junction_only,122,125,0,2.8561087776891467,2.468676810447356,0.3874319672417905,0.15693912042361788,7,6,topcow_ct_001,TopBrain-CT
junction_only,122,127,0,5.45676620916121,4.660403973309997,0.7963622358512135,0.17087837028977695,12,11,topcow_ct_001,TopBrain-CT
junction_only,123,133,0,5.062624995616568,4.433550838649322,0.6290741569672464,0.14188946509495615,12,10,topcow_ct_001,TopBrain-CT
junction_only,123,133,1,7.416444640172019,4.433550838649322,2.982893801522697,0.6728001798286435,16,10,topcow_ct_001,TopBrain-CT
junction_only,124,124,0,8.057466072363031,0.0,8.057466072363031,nan,18,1,topcow_ct_001,TopBrain-CT
junction_only,124,133,0,3.632330627423149,3.165991001162836,0.466339626260313,0.14729657351806472,9,8,topcow_ct_001,TopBrain-CT
junction_only,124,136,0,5.990147881261363,3.9181462577627557,2.072001623498607,0.5288219191393103,13,9,topcow_ct_001,TopBrain-CT
junction_only,124,136,1,4.584366886652867,3.9181462577627557,0.6662206288901111,0.170034650332456,11,9,topcow_ct_001,TopBrain-CT
junction_only,125,126,0,2.529072518460497,1.875,0.654072518460497,0.348838676512265,7,5,topcow_ct_001,TopBrain-CT
junction_only,126,134,0,1.5770362592302485,1.4416129990011624,0.13542326022908613,0.09393870638161257,5,4,topcow_ct_001,TopBrain-CT
junction_only,127,129,0,10.91756102266312,2.132397964212175,8.785163058450944,4.119851550175657,23,6,topcow_ct_001,TopBrain-CT
junction_only,127,129,1,2.2355887363868625,2.132397964212175,0.10319077217468742,0.04839189208887271,6,6,topcow_ct_001,TopBrain-CT
junction_only,128,129,0,1.25,1.25,0.0,0.0,4,4,topcow_ct_001,TopBrain-CT
junction_only,128,130,0,8.582810094166263,4.047637110092321,4.535172984073942,1.1204495019491756,19,10,topcow_ct_001,TopBrain-CT
junction_only,128,130,1,4.651471840967155,4.047637110092321,0.6038347308748344,0.1491820324923006,11,10,topcow_ct_001,TopBrain-CT
junction_only,130,131,0,3.812624995617111,3.2858973017698303,0.5267276938472807,0.16029949979373298,9,8,topcow_ct_001,TopBrain-CT
junction_only,131,132,0,3.9929193638100116,3.165991001162836,0.8269283626471755,0.26119100223072433,9,8,topcow_ct_001,TopBrain-CT
junction_only,131,135,0,4.319955623040357,2.8106019516382994,1.509353671402058,0.5370214983741315,10,7,topcow_ct_001,TopBrain-CT
junction_only,131,135,1,6.64469131246283,2.8106019516382994,3.8340893608245303,1.3641523868542254,15,7,topcow_ct_001,TopBrain-CT
junction_only,132,135,0,5.248443207512768,2.8752781614220466,2.373165046090721,0.825368855762118,12,7,topcow_ct_001,TopBrain-CT
junction_only,132,136,0,15.846427464006869,13.843454778141204,2.0029726858656645,0.14468734271652733,33,29,topcow_ct_001,TopBrain-CT
junction_only,137,137,0,9.54486159247082,0.0,9.54486159247082,nan,21,1,topcow_ct_001,TopBrain-CT
junction_only,137,138,0,5.288507100548757,4.1415499832636,1.1469571172851571,0.2769390981444437,12,10,topcow_ct_001,TopBrain-CT
junction_only,137,180,0,48.35673207865852,24.672251393789736,23.68448068486878,0.959964305925904,98,51,topcow_ct_001,TopBrain-CT
junction_only,138,141,0,16.616738928447173,12.067350230864633,4.54938869758254,0.3769998061336265,35,26,topcow_ct_001,TopBrain-CT
junction_only,138,143,0,18.320977449915745,12.369073246292016,5.951904203623728,0.48119241313474975,38,26,topcow_ct_001,TopBrain-CT
junction_only,139,139,0,5.074166469110493,0.0,5.074166469110493,nan,12,1,topcow_ct_001,TopBrain-CT
junction_only,139,142,0,17.030902120203773,12.435695890254175,4.595206229949598,0.36951741748130473,36,26,topcow_ct_001,TopBrain-CT
junction_only,140,142,0,1.9040725184599676,1.9040725184599676,0.0,0.0,5,5,topcow_ct_001,TopBrain-CT
junction_only,140,143,0,3.2807809946085174,2.3554416547393213,0.925339339869196,0.39285173462367257,8,6,topcow_ct_001,TopBrain-CT
junction_only,141,142,0,3.217179863490863,2.3554416547401837,0.8617382087506793,0.3658499487841201,8,6,topcow_ct_001,TopBrain-CT
junction_only,141,143,0,1.904072518459434,1.904072518459434,0.0,0.0,5,5,topcow_ct_001,TopBrain-CT
junction_only,152,155,0,32.43214678796104,18.15264667257189,14.279500115389148,0.7866346088785525,66,38,topcow_ct_001,TopBrain-CT
junction_only,176,178,0,2.2415949295039406,2.093766541559255,0.14782838794468578,0.07060404539399893,6,6,topcow_ct_001,TopBrain-CT
adaptive,0,1,0,5.365630230676397,4.196597491371963,1.1690327393044342,0.3107823762732167,12,10,topcow_ct_001,TopBrain-CT
adaptive,0,2,0,1.7573306274231464,1.7060559366914232,0.051274690731723194,0.030362545582450433,5,5,topcow_ct_001,TopBrain-CT
adaptive,0,5,0,5.756267621024939,4.222286152974054,1.533981468050885,0.46328293017128663,13,10,topcow_ct_001,TopBrain-CT
adaptive,1,2,0,3.578250949290577,3.1969281358118526,0.3813228134787243,0.11927788091548334,9,8,topcow_ct_001,TopBrain-CT
adaptive,1,3,0,2.5290725184599654,2.3619096416997993,0.16716287676016606,0.07077445885688653,7,6,topcow_ct_001,TopBrain-CT
adaptive,2,5,0,3.2171798634909266,2.2432916328464922,0.9738882306444343,0.43413358137866204,8,6,topcow_ct_001,TopBrain-CT
adaptive,3,7,0,7.474028141499687,6.497188607175518,0.9768395343241689,0.15034803410899045,16,14,topcow_ct_001,TopBrain-CT
adaptive,3,147,0,45.20976457345938,37.746877952709845,7.462886620749536,0.5101758900465324,92,77,topcow_ct_001,TopBrain-CT
adaptive,4,6,0,7.6252499912336855,6.753766878698336,0.8714831125353495,0.13763196298019179,17,15,topcow_ct_001,TopBrain-CT
adaptive,4,10,0,10.683692199099047,8.389251546523086,2.294440652575961,0.34230887212751426,23,18,topcow_ct_001,TopBrain-CT
adaptive,4,15,0,44.95829939985475,38.89196182420358,6.0663375756511755,0.48136924796246283,91,79,topcow_ct_001,TopBrain-CT
adaptive,5,13,0,4.18573134099953,3.714845085747326,0.4708862552522035,0.1267579789689868,10,9,topcow_ct_001,TopBrain-CT
adaptive,6,14,0,4.974510490914172,4.509818155670517,0.4646923352436554,0.10304014911540602,11,11,topcow_ct_001,TopBrain-CT
adaptive,6,21,0,11.064302913698496,8.655415450420078,2.4088874632784183,0.2783098601190202,24,19,topcow_ct_001,TopBrain-CT
adaptive,7,8,0,1.7573306274237757,1.688748085779021,0.06858254164475475,0.040611469657487465,5,5,topcow_ct_001,TopBrain-CT
adaptive,7,11,0,2.411885495296432,2.2232261710082555,0.18865932428817667,0.08509863605685423,6,6,topcow_ct_001,TopBrain-CT
adaptive,8,12,0,2.5626249956172074,2.4686768104479784,0.09394818516922898,0.03805608930728388,7,6,topcow_ct_001,TopBrain-CT
adaptive,8,16,0,2.475486626415621,2.2169488611095107,0.25853776530611006,0.11661873209683345,6,6,topcow_ct_001,TopBrain-CT
adaptive,9,18,0,2.856108777690215,2.2432916328464954,0.6128171448437199,0.27317765370796704,7,6,topcow_ct_001,TopBrain-CT
adaptive,9,23,0,3.637854471126077,3.2140654413224015,0.4237890298036757,0.1318545118450703,9,8,topcow_ct_001,TopBrain-CT
adaptive,9,144,0,20.070757961423197,17.110629282883966,2.960128678539231,0.19414238819118584,42,36,topcow_ct_001,TopBrain-CT
adaptive,10,19,0,41.01848357867314,35.2689836826878,5.749499895985345,1.6364234328332936,84,72,topcow_ct_001,TopBrain-CT
adaptive,10,22,0,3.4275228856460416,3.1563389371403847,0.27118394850565686,0.08591724586819789,8,8,topcow_ct_001,TopBrain-CT
adaptive,11,12,0,2.23558873638686,2.1323979642121733,0.10319077217468653,0.04839189208887233,6,6,topcow_ct_001,TopBrain-CT
adaptive,11,146,0,16.65024565890804,14.357777468068157,2.292468190839884,0.171409392435003,35,30,topcow_ct_001,TopBrain-CT
adaptive,12,15,0,2.6222285174524367,2.0350037332753517,0.587224784177085,0.2885620181305235,7,6,topcow_ct_001,TopBrain-CT
adaptive,13,14,0,1.4302943681940605,1.3492123700311494,0.08108199816291117,0.06009580104949618,4,4,topcow_ct_001,TopBrain-CT
adaptive,13,27,0,23.612003738220672,19.466272446114377,4.145731292106294,0.2387461143035846,49,40,topcow_ct_001,TopBrain-CT
adaptive,14,20,0,24.98473747843512,21.656593531534035,3.3281439469010863,0.19602941417226907,51,45,topcow_ct_001,TopBrain-CT
adaptive,15,16,0,2.4158831045802898,2.4158831045802898,0.0,0.0,6,6,topcow_ct_001,TopBrain-CT
adaptive,16,20,0,2.4519379516588797,2.271008672129011,0.18092927952986892,0.07966912753364895,6,6,topcow_ct_001,TopBrain-CT
adaptive,17,18,0,12.81857482058005,11.185958115379599,1.6326167052004514,0.15283279159446367,27,24,topcow_ct_001,TopBrain-CT
adaptive,17,20,0,4.804208488446147,4.094119107191648,0.710089381254499,0.17344131000174623,11,10,topcow_ct_001,TopBrain-CT
adaptive,17,24,0,19.520861071042464,16.24994768312758,3.2709133879148844,0.22136941891603798,41,34,topcow_ct_001,TopBrain-CT
adaptive,18,23,0,4.232805817164396,3.317399674910247,0.9154061422541488,0.2797748067106723,10,8,topcow_ct_001,TopBrain-CT
adaptive,19,22,0,1.7573306274236786,1.7060559366919927,0.05127469073168589,0.030362545582417542,5,5,topcow_ct_001,TopBrain-CT
adaptive,19,149,0,3.280769557935311,2.897380362128775,0.3833891958065361,0.13333986288717803,8,7,topcow_ct_001,TopBrain-CT
adaptive,21,25,0,8.624894007709985,7.952368093667378,0.6725259140426072,0.0845692636609908,19,17,topcow_ct_001,TopBrain-CT
adaptive,21,150,0,47.97363961925591,39.68915184042416,8.284487778831753,0.6294339529646378,97,81,topcow_ct_001,TopBrain-CT
adaptive,22,29,0,21.920734180106397,18.627365619235047,3.2933685608713503,0.19337098845815293,45,39,topcow_ct_001,TopBrain-CT
adaptive,23,24,0,3.8717347313652137,3.1969281358126467,0.6748065955525671,0.21107968865275537,9,8,topcow_ct_001,TopBrain-CT
adaptive,23,148,0,37.52183571820838,31.056932437796146,6.4649032804122335,0.425730635650838,77,64,topcow_ct_001,TopBrain-CT
adaptive,24,145,0,81.85259843811242,69.04760346718368,12.804994970928746,0.45408428692659764,165,140,topcow_ct_001,TopBrain-CT
adaptive,25,26,0,8.909846353397215,6.171078477135145,2.73876787626207,1.6217740818339104,19,14,topcow_ct_001,TopBrain-CT
adaptive,25,26,1,1.757330627423145,1.6887480857784196,0.06858254164472544,0.04061146965748457,5,5,topcow_ct_001,TopBrain-CT
adaptive,26,27,0,11.052772876880628,9.519182901369062,1.5335899755115658,0.1696196506844956,24,21,topcow_ct_001,TopBrain-CT
adaptive,27,31,0,24.082212564019194,21.31078373022235,2.7714288337968433,0.1315848347203307,50,44,topcow_ct_001,TopBrain-CT
adaptive,28,29,0,3.5146612548468252,3.4633865641148307,0.05127469073199453,0.03183599237568391,9,8,topcow_ct_001,TopBrain-CT
adaptive,28,29,1,1.9040725184599676,1.6105887363874907,0.29348378207247694,0.18222142961880733,5,5,topcow_ct_001,TopBrain-CT
adaptive,28,151,0,11.716849197738394,9.806910662169322,1.9099385355690721,0.2285983426518962,25,21,topcow_ct_001,TopBrain-CT
adaptive,30,32,0,2.953744735378799,2.726440616585284,0.2273041187935152,0.09207528414880857,7,7,topcow_ct_001,TopBrain-CT
adaptive,30,33,0,5.605528120705089,4.517962861178625,1.087565259526464,0.24240389515178423,13,11,topcow_ct_001,TopBrain-CT
adaptive,30,41,0,36.70453414874936,31.313877546521418,5.390656602227942,0.19511562618937123,75,64,topcow_ct_001,TopBrain-CT
adaptive,31,39,0,9.73164450319482,8.342205794096392,1.3894387090984281,0.16655531443274937,21,18,topcow_ct_001,TopBrain-CT
adaptive,31,49,0,24.27399747404017,20.711473621202057,3.562523852838112,0.23332193020351752,50,43,topcow_ct_001,TopBrain-CT
adaptive,32,33,0,6.829477076027512,5.481970826176185,1.3475062498513273,0.27101054703942407,15,12,topcow_ct_001,TopBrain-CT
adaptive,32,156,0,10.001591047183918,7.553223274239109,2.4483677729448097,0.3241487354537989,22,17,topcow_ct_001,TopBrain-CT
adaptive,33,34,0,4.823770990592863,3.3774961715568397,1.4462748190360237,0.42820916607268,11,8,topcow_ct_001,TopBrain-CT
adaptive,33,35,0,5.605528120704523,4.391757536596933,1.21377058410759,0.31368766278406074,13,10,topcow_ct_001,TopBrain-CT
adaptive,34,35,0,1.904072518460499,1.904072518460499,0.0,0.0,5,5,topcow_ct_001,TopBrain-CT
adaptive,34,37,0,2.709366886653929,1.9346801422400037,0.7746867444139254,0.40042109674883036,7,5,topcow_ct_001,TopBrain-CT
adaptive,35,36,0,4.617919363810006,3.2894231255984976,1.3284962382115082,0.40739424896049264,11,8,topcow_ct_001,TopBrain-CT
adaptive,35,37,0,2.382330627423146,2.382330627423146,0.0,0.0,6,6,topcow_ct_001,TopBrain-CT
adaptive,36,38,0,2.2415949295029396,1.8930356042758678,0.3485593252270718,0.19037119463141564,6,5,topcow_ct_001,TopBrain-CT
adaptive,36,154,0,9.398108264760333,8.083705769540718,1.3144024952196158,0.17021877308474864,20,18,topcow_ct_001,TopBrain-CT
adaptive,37,38,0,1.5234503671853699,1.296146248391854,0.22730411879351586,0.17536919084210992,5,4,topcow_ct_001,TopBrain-CT
adaptive,38,45,0,7.045814854624455,5.643691643968256,1.4021232106561987,0.24844079001990302,16,13,topcow_ct_001,TopBrain-CT
adaptive,39,45,0,24.406267040653255,20.555533486454845,3.85073355419841,0.24891544418757983,50,43,topcow_ct_001,TopBrain-CT
adaptive,39,158,0,11.525029977697697,8.737617846920802,2.787412130776895,0.3190128224432702,25,19,topcow_ct_001,TopBrain-CT
adaptive,40,101,0,27.63192447212414,23.71452615644763,3.917398315676511,0.19356996110520916,57,49,topcow_ct_001,TopBrain-CT
adaptive,40,153,0,83.09352883179774,69.6770580199783,13.416470811819437,0.35582418672006444,168,141,topcow_ct_001,TopBrain-CT
adaptive,40,164,0,44.11095836487604,38.018990755022216,6.091967609853825,0.19689947687304626,90,78,topcow_ct_001,TopBrain-CT
adaptive,41,43,0,3.9353358624823347,3.0782618464015012,0.8570740160808334,0.2915387466573161,9,8,topcow_ct_001,TopBrain-CT
adaptive,41,43,1,4.46669751407654,4.312038388788144,0.1546591252883962,0.05260820734232053,10,10,topcow_ct_001,TopBrain-CT
adaptive,42,44,0,1.31310734503043,1.19252718114776,0.12058016388267001,0.10111313669732576,4,4,topcow_ct_001,TopBrain-CT
adaptive,42,47,0,12.395917439197317,10.464134510314462,1.9317829288828552,0.22073777262558572,26,22,topcow_ct_001,TopBrain-CT
adaptive,42,159,0,8.505675527364875,7.077500483608947,1.4281750437559282,0.20797288090558852,19,16,topcow_ct_001,TopBrain-CT
adaptive,43,157,0,36.14962382239959,29.776246813123514,6.373377009276076,0.30371083122029735,74,61,topcow_ct_001,TopBrain-CT
adaptive,44,50,0,8.401471840967782,7.918134280631168,0.48333756033661324,0.06104184940623229,18,17,topcow_ct_001,TopBrain-CT
adaptive,44,162,0,11.770423653108303,9.300160079222563,2.47026357388574,0.297315082325789,25,20,topcow_ct_001,TopBrain-CT
adaptive,45,61,0,11.167945064505666,9.239978924892622,1.9279661396130443,0.24606687781769557,24,20,topcow_ct_001,TopBrain-CT
adaptive,46,47,0,1.4598492360667108,1.2961462483918507,0.16370298767486013,0.12629978127697322,4,4,topcow_ct_001,TopBrain-CT
adaptive,46,48,0,1.7573306274236815,1.6887480857790242,0.06858254164465727,0.040611469657429664,5,5,topcow_ct_001,TopBrain-CT
adaptive,46,50,0,2.7093668866539318,2.658092195921973,0.05127469073195856,0.01956538099727009,7,7,topcow_ct_001,TopBrain-CT
adaptive,47,52,0,2.8961612340515956,2.896161234051595,4.440892098500626e-16,1.6983309727818237e-16,7,7,topcow_ct_001,TopBrain-CT
adaptive,48,52,0,2.836557712217511,2.4702436435726627,0.3663140686448485,0.15022010467033348,7,6,topcow_ct_001,TopBrain-CT
adaptive,48,53,0,7.7239298339285565,6.684971433433372,1.0389584004951846,0.16620403117464994,17,15,topcow_ct_001,TopBrain-CT
adaptive,49,51,0,2.411885495296967,2.2169488611097394,0.1949366341872274,0.08793014471684651,6,6,topcow_ct_001,TopBrain-CT
adaptive,49,57,0,21.475492822794855,18.952860581181714,2.5226322416131417,0.14678914446608274,44,39,topcow_ct_001,TopBrain-CT
adaptive,50,52,0,2.3823306274236815,2.192029903359281,0.19030072406440057,0.08681483942019456,6,6,topcow_ct_001,TopBrain-CT
adaptive,51,55,0,20.699764759149616,18.22651995388005,2.473244805269566,0.15073477653253423,43,38,topcow_ct_001,TopBrain-CT
adaptive,51,173,0,18.015945942642993,15.602510230722435,2.413435711920558,0.16834599128039318,38,33,topcow_ct_001,TopBrain-CT
adaptive,52,53,0,8.827187942892268,7.384580127869413,1.4426078150228543,0.20242785917131956,19,16,topcow_ct_001,TopBrain-CT
adaptive,53,54,0,2.983288166578249,2.6637097262184035,0.3195784403598454,0.11997494967799748,7,7,topcow_ct_001,TopBrain-CT
adaptive,54,56,0,6.2640691611872334,5.296301666975606,0.9677674942116274,0.18489708778329053,14,12,topcow_ct_001,TopBrain-CT
adaptive,54,58,0,8.569265221809452,6.669807581295462,1.8994576405139902,0.3267323434207093,19,15,topcow_ct_001,TopBrain-CT
adaptive,55,56,0,2.2416063661780146,1.2961462483926371,0.9454601177853774,0.7294393815187531,6,4,topcow_ct_001,TopBrain-CT
adaptive,55,57,0,2.562624995616576,2.46867681044736,0.09394818516921566,0.03805608930728801,7,6,topcow_ct_001,TopBrain-CT
adaptive,56,58,0,1.7573306274236775,1.7060559366917194,0.05127469073195812,0.03036254558257876,5,5,topcow_ct_001,TopBrain-CT
adaptive,56,58,1,3.3679193638117013,2.34996644797851,1.0179529158331913,0.6027855334998703,8,6,topcow_ct_001,TopBrain-CT
adaptive,57,58,0,2.328744735378798,1.605845632195246,0.7228991031835519,0.4501672444040117,6,5,topcow_ct_001,TopBrain-CT
adaptive,59,60,0,3.046900734371441,2.1946076874796665,0.8522930468917744,0.41959002908906046,8,6,topcow_ct_001,TopBrain-CT
adaptive,59,60,1,3.340384516444016,2.204887106645139,1.1354974097988766,0.5590135845242475,8,6,topcow_ct_001,TopBrain-CT
adaptive,59,160,0,48.514516472134716,39.742404763797396,8.77211170833732,0.25175673513730257,99,81,topcow_ct_001,TopBrain-CT
adaptive,60,64,0,4.209268579082026,3.6800564194295764,0.5292121596524493,0.14584420779118926,10,9,topcow_ct_001,TopBrain-CT
adaptive,61,65,0,2.0312633440233663,1.7231846083468805,0.3080787356764858,0.1787845215098793,6,5,topcow_ct_001,TopBrain-CT
adaptive,61,66,0,23.56035349553541,20.48524122361208,3.075112271923331,0.1609649181362895,49,42,topcow_ct_001,TopBrain-CT
adaptive,61,163,0,7.910701307978844,7.185732087374675,0.7249692206041685,0.10328371281463943,17,16,topcow_ct_001,TopBrain-CT
adaptive,62,63,0,1.670192258222365,1.1925271811486113,0.4776650770737536,0.40054858675311616,5,4,topcow_ct_001,TopBrain-CT
adaptive,62,63,1,3.2171798634920226,3.2171798634920226,0.0,0.0,8,8,topcow_ct_001,TopBrain-CT
adaptive,62,161,0,87.4829739832805,77.80467594749778,9.678298035782717,0.13408136300716728,176,157,topcow_ct_001,TopBrain-CT
adaptive,63,67,0,20.181410695361386,16.578905783816175,3.6025049115452106,0.21729449208052476,42,35,topcow_ct_001,TopBrain-CT
adaptive,64,69,0,5.990147881262544,5.005751781779424,0.9843960994831198,0.21209894123316067,13,12,topcow_ct_001,TopBrain-CT
adaptive,64,71,0,2.6222285174519073,2.4908296509388297,0.13139886651307764,0.05275305216619349,7,6,topcow_ct_001,TopBrain-CT
adaptive,65,140,0,42.939048442063,36.46960395435029,6.469444487712707,0.26421453665241534,87,74,topcow_ct_001,TopBrain-CT
adaptive,65,177,0,25.45943789579812,22.07596819570211,3.3834697000960112,0.17650270179395408,52,46,topcow_ct_001,TopBrain-CT
adaptive,66,101,0,8.749103050676329,8.308571346471874,0.44053170420445475,0.05302135419364495,19,18,topcow_ct_001,TopBrain-CT
adaptive,66,165,0,4.7110753628025765,4.105249120266837,0.6058262425357395,0.15046081692952468,11,10,topcow_ct_001,TopBrain-CT
adaptive,67,68,0,8.01741361600205,7.5574489581282664,0.45996465787378416,0.1006417451686975,18,17,topcow_ct_001,TopBrain-CT
adaptive,67,74,0,4.506738533764086,3.6969342745769844,0.8098042591871013,0.21904751316677432,11,9,topcow_ct_001,TopBrain-CT
adaptive,68,74,0,1.9040725184594323,1.4363119979838799,0.4677605204755524,0.32566776656613444,5,4,topcow_ct_001,TopBrain-CT
adaptive,68,77,0,4.717070119244656,3.9175653316520873,0.7995047875925683,0.2040820560496963,11,9,topcow_ct_001,TopBrain-CT
adaptive,69,71,0,3.0408831045809186,2.7457913426227973,0.29509176195812126,0.10747057046084489,8,7,topcow_ct_001,TopBrain-CT
adaptive,69,76,0,2.4754866264150843,2.2169488611090507,0.2585377653060337,0.11661873209682319,6,6,topcow_ct_001,TopBrain-CT
adaptive,69,87,0,6.17694222866018,4.649155491385937,1.5277867372742433,0.37248873707493957,14,11,topcow_ct_001,TopBrain-CT
adaptive,70,73,0,1.5770362592302467,1.441612999001161,0.13542326022908568,0.09393870638161235,5,4,topcow_ct_001,TopBrain-CT
adaptive,70,80,0,3.852195102564174,3.852195102564173,8.881784197001252e-16,3.676413059954026e-16,9,9,topcow_ct_001,TopBrain-CT
adaptive,70,80,1,3.788593971448009,2.415883104580289,1.37271086686772,0.5682025195114732,9,6,topcow_ct_001,TopBrain-CT
adaptive,70,81,0,4.443148839319429,4.1350701036433115,0.30807873567611743,0.15924013946798704,10,10,topcow_ct_001,TopBrain-CT
adaptive,71,87,0,3.0469007343713743,2.2710086721290144,0.77589206224236,0.3416508583892726,8,6,topcow_ct_001,TopBrain-CT
adaptive,72,73,0,2.6802943681940583,2.551053511678081,0.1292408565159775,0.05066175833801423,7,7,topcow_ct_001,TopBrain-CT
adaptive,72,79,0,2.562624995616578,2.3619096416993712,0.20071535391720685,0.08498011540051723,7,6,topcow_ct_001,TopBrain-CT
adaptive,72,85,0,4.086075362803206,3.193642625408362,0.8924327373948442,0.452867673964147,10,8,topcow_ct_001,TopBrain-CT
adaptive,72,91,0,4.209268579082186,3.737486855731456,0.47178172335073043,0.16670263444418437,10,9,topcow_ct_001,TopBrain-CT
adaptive,73,81,0,3.4275228856460416,2.301843298864421,1.1256795867816205,0.5135329518345705,8,6,topcow_ct_001,TopBrain-CT
adaptive,74,171,0,5.101701316476942,4.357318404047564,0.7443829124293782,0.2233879911183938,12,10,topcow_ct_001,TopBrain-CT
adaptive,75,76,0,2.3823306274231495,2.3823306274231495,0.0,0.0,6,6,topcow_ct_001,TopBrain-CT
adaptive,75,76,1,2.7093668866528633,2.658092195921141,0.051274690731722306,0.026395562949565906,7,7,topcow_ct_001,TopBrain-CT
adaptive,75,78,0,2.5626249956165785,2.4686768104473638,0.09394818516921477,0.0380560893072876,7,6,topcow_ct_001,TopBrain-CT
adaptive,77,77,0,7.339310073370736,5.758072624502184,1.5812374488685528,nan,16,13,topcow_ct_001,TopBrain-CT
adaptive,77,82,0,6.661206530740607,5.254310227220115,1.406896303520492,0.2677604181481372,15,12,topcow_ct_001,TopBrain-CT
adaptive,78,83,0,5.4192161227202025,4.8623260686785,0.5568900540417028,0.3467892821553994,12,11,topcow_ct_001,TopBrain-CT
adaptive,78,83,1,2.328744735379432,1.6058456321961974,0.7228991031832346,0.45016724440354733,6,5,topcow_ct_001,TopBrain-CT
adaptive,79,85,0,1.5234503671853736,1.2961462483918575,0.22730411879351609,0.1753691908421096,5,4,topcow_ct_001,TopBrain-CT
adaptive,79,90,0,6.6732137320039655,5.88668658710832,0.7865271448956452,0.13548008463344438,15,13,topcow_ct_001,TopBrain-CT
adaptive,80,81,0,1.9040725184599667,1.6105887363874896,0.29348378207247716,0.18222142961880758,5,5,topcow_ct_001,TopBrain-CT
adaptive,80,86,0,3.0073306274236797,2.745791342622798,0.26153928480088195,0.09525096854266353,8,7,topcow_ct_001,TopBrain-CT
adaptive,81,94,0,2.11840171322449,2.11840171322449,0.0,0.0,6,6,topcow_ct_001,TopBrain-CT
adaptive,82,97,0,21.454454147353005,17.87634911419276,3.578105033160245,0.2001586011944375,44,37,topcow_ct_001,TopBrain-CT
adaptive,82,172,0,4.41960016456313,3.8130350507745483,0.6065651137885819,0.16642082346534967,10,9,topcow_ct_001,TopBrain-CT
adaptive,83,88,0,14.848868280805219,13.431569830265053,1.4172984505401658,0.10832963812829598,31,28,topcow_ct_001,TopBrain-CT
adaptive,84,89,0,2.235588736387492,2.0078279405589337,0.22776079582855813,0.11343641117234114,6,6,topcow_ct_001,TopBrain-CT
adaptive,84,98,0,5.482323467750644,4.901052113048685,0.5812713547019586,0.1654415310683333,12,11,topcow_ct_001,TopBrain-CT
adaptive,84,98,1,4.139661254846824,3.646814640939252,0.492846613907572,0.14027406946368434,10,9,topcow_ct_001,TopBrain-CT
adaptive,85,90,0,8.851218967063785,7.521242328512253,1.329976638551532,0.2017749845017952,19,17,topcow_ct_001,TopBrain-CT
adaptive,85,91,0,3.1876249956176435,2.980651580322035,0.20697341529560864,0.06965706918720743,8,7,topcow_ct_001,TopBrain-CT
adaptive,86,86,0,5.605528120703458,4.218731434232128,1.3867966864713308,nan,13,10,topcow_ct_001,TopBrain-CT
adaptive,86,93,0,2.2951922582223645,1.6105887363874896,0.6846035218348749,0.425064143544443,6,5,topcow_ct_001,TopBrain-CT
adaptive,87,107,0,5.038111622032192,4.550117620834038,0.48799400119815406,0.10820702395386511,12,11,topcow_ct_001,TopBrain-CT
adaptive,88,89,0,4.34999284032893,4.040309871411782,0.30968296891714786,0.10578034152030204,10,10,topcow_ct_001,TopBrain-CT
adaptive,88,89,1,3.3684017132244914,2.9276041697947397,0.44079754342975175,0.15056596379306872,8,7,topcow_ct_001,TopBrain-CT
adaptive,90,98,0,21.772974214153958,18.80491121472038,2.9680629994335774,0.16132581979779936,45,39,topcow_ct_001,TopBrain-CT
adaptive,91,94,0,2.23558873638686,2.00782794055868,0.22776079582817976,0.11343641117216702,6,6,topcow_ct_001,TopBrain-CT
adaptive,92,92,0,5.244457034905225,4.950973252832749,0.2934837820724763,nan,12,11,topcow_ct_001,TopBrain-CT
adaptive,92,99,0,6.644702749135376,5.39266555238145,1.2520371967539257,0.23776267735712545,15,12,topcow_ct_001,TopBrain-CT
adaptive,93,94,0,5.091697514076005,4.237866350976971,0.8538311630990334,0.22768831015974225,12,10,topcow_ct_001,TopBrain-CT
adaptive,93,94,1,7.718394553552354,5.6932700843652455,2.0251244691871086,0.540033191783229,17,13,topcow_ct_001,TopBrain-CT
adaptive,95,96,0,5.2724742316839235,4.641042755560196,0.6314314761237272,0.13942808860652103,12,11,topcow_ct_001,TopBrain-CT
adaptive,95,105,0,2.4754866264150848,2.2169488611090507,0.2585377653060341,0.1166187320968234,6,6,topcow_ct_001,TopBrain-CT
adaptive,95,166,0,23.814802896165894,20.57072357476992,3.244079321395972,0.2602578356604914,49,43,topcow_ct_001,TopBrain-CT
adaptive,96,106,0,2.4754866264150843,1.992947815376797,0.48253881103828733,0.24486576948112418,6,5,topcow_ct_001,TopBrain-CT
adaptive,96,106,1,19.35564924629949,15.106219641653446,4.249429604646043,2.1563858205696955,40,32,topcow_ct_001,TopBrain-CT
adaptive,97,110,0,41.81726653098694,34.063516913651206,7.753749617335735,0.23050951640854986,85,70,topcow_ct_001,TopBrain-CT
adaptive,97,167,0,4.419611601237383,3.861123974804066,0.5584876264333172,0.1468880505117438,10,9,topcow_ct_001,TopBrain-CT
adaptive,99,100,0,1.7573306274231473,1.6887480857784216,0.06858254164472566,0.040611469657484654,5,5,topcow_ct_001,TopBrain-CT
adaptive,99,168,0,4.296406948283141,3.9423897411665205,0.35401720711662055,0.11698116736629643,10,9,topcow_ct_001,TopBrain-CT
adaptive,100,100,0,7.934272856083483,5.271392028953455,2.662880827130028,nan,17,12,topcow_ct_001,TopBrain-CT
adaptive,100,108,0,4.798213732003962,4.384059806718554,0.41415392528540806,0.09446812852569184,11,10,topcow_ct_001,TopBrain-CT
adaptive,101,105,0,41.01039255228212,35.85684174952664,5.153550802755483,0.17821306933575623,84,73,topcow_ct_001,TopBrain-CT
adaptive,102,103,0,7.430434615181545,6.531491291751479,0.8989433234300659,0.25857241494812044,16,15,topcow_ct_001,TopBrain-CT
adaptive,102,103,1,4.7110753628019495,3.6077136283987894,1.10336173440316,0.3173714079519128,11,9,topcow_ct_001,TopBrain-CT
adaptive,102,108,0,1.577036259229716,1.4416129990008106,0.13542326022890538,0.09393870638151011,5,4,topcow_ct_001,TopBrain-CT
adaptive,103,104,0,2.5626249956177363,2.00782794055868,0.5547970550590562,0.27631703088297666,7,6,topcow_ct_001,TopBrain-CT
adaptive,104,112,0,2.7734503671867063,2.1920299033597432,0.5814204638269631,0.26524294350903466,7,6,topcow_ct_001,TopBrain-CT
adaptive,104,117,0,2.959750928495593,2.578013770695244,0.381737157800349,0.15034557020498887,7,7,topcow_ct_001,TopBrain-CT
adaptive,104,117,1,5.645580577066951,4.1540192380260565,1.4915613390408948,0.587445144994515,13,10,topcow_ct_001,TopBrain-CT
adaptive,104,170,0,5.418733773307853,3.7712417151421462,1.6474920581657067,0.48778502609117774,12,9,topcow_ct_001,TopBrain-CT
adaptive,105,120,0,3.8757323406480055,3.3774961715574405,0.498236169090565,0.14751642749037283,9,8,topcow_ct_001,TopBrain-CT
adaptive,106,120,0,4.209268579082654,3.5600259616953593,0.6492426173872943,0.1863722029636169,10,9,topcow_ct_001,TopBrain-CT
adaptive,107,109,0,2.8561087776891503,2.8561087776891503,0.0,0.0,7,7,topcow_ct_001,TopBrain-CT
adaptive,107,109,1,3.2807809946098585,3.2807809946098585,0.0,0.0,8,8,topcow_ct_001,TopBrain-CT
adaptive,108,175,0,4.466697514077075,4.058367837635166,0.4083296764419089,0.10061425991386845,10,10,topcow_ct_001,TopBrain-CT
adaptive,109,174,0,3.637854471126608,3.214065441322872,0.4237890298037357,0.13185451184506966,9,8,topcow_ct_001,TopBrain-CT
adaptive,110,113,0,8.198201770284022,6.347148540441029,1.8510532298429938,0.29163540415809686,18,14,topcow_ct_001,TopBrain-CT
adaptive,110,169,0,4.657478034084933,4.195662362499131,0.4618156715858026,0.11400484154580268,11,10,topcow_ct_001,TopBrain-CT
adaptive,111,114,0,3.3679193638111715,2.7457913426229825,0.622128021188189,0.22657512664232032,8,7,topcow_ct_001,TopBrain-CT
adaptive,111,116,0,10.043153116322614,7.620798359499713,2.4223547568229007,0.32198634913766766,22,17,topcow_ct_001,TopBrain-CT
adaptive,111,121,0,2.4754866264157935,2.2169488611097385,0.258537765306055,0.11661873209679663,6,6,topcow_ct_001,TopBrain-CT
adaptive,112,115,0,3.9989369936023307,2.992142432288148,1.0067945613141829,0.3642071318687162,9,7,topcow_ct_001,TopBrain-CT
adaptive,112,117,0,5.155287208520826,3.8656315302789186,1.2896556782419073,0.40340465079427906,12,9,topcow_ct_001,TopBrain-CT
adaptive,112,118,0,3.1876249956177403,2.6011051572145467,0.5865198384031935,0.2254887068969106,8,7,topcow_ct_001,TopBrain-CT
adaptive,113,116,0,5.385181296149638,5.218018419389472,0.16716287676016606,0.11595544496062918,12,12,topcow_ct_001,TopBrain-CT
adaptive,113,116,1,1.577036259229716,1.4416129990008106,0.13542326022890538,0.09393870638151011,5,4,topcow_ct_001,TopBrain-CT
adaptive,114,122,0,2.0312633440223595,1.566402616044935,0.4648607279774246,0.29676963203187684,6,5,topcow_ct_001,TopBrain-CT
adaptive,114,125,0,5.902998075388291,4.288188017440866,1.614810057947425,0.5434656222395278,13,10,topcow_ct_001,TopBrain-CT
adaptive,114,126,0,2.856108777690211,1.7231846083459985,1.1329241693442127,0.6574595454584821,7,5,topcow_ct_001,TopBrain-CT
adaptive,114,134,0,8.138586811774157,6.59599479602962,1.5425920157445372,0.654905636333826,18,15,topcow_ct_001,TopBrain-CT
adaptive,115,118,0,3.935335862483751,3.210191280483347,0.7251445820004041,0.2722310824122234,9,8,topcow_ct_001,TopBrain-CT
adaptive,115,118,1,4.185731340998822,3.41102808957232,0.7747032514265015,0.29083621379658575,10,8,topcow_ct_001,TopBrain-CT
adaptive,118,119,0,1.757330627423145,1.3492123700307737,0.4081182573923714,0.3024862997535835,5,4,topcow_ct_001,TopBrain-CT
adaptive,118,119,1,7.72392983392848,6.230315181275922,1.4936146526525578,1.1070270965707871,17,14,topcow_ct_001,TopBrain-CT
adaptive,119,123,0,9.173213732003433,8.156676592760565,1.0165371392428675,0.124626387681607,20,18,topcow_ct_001,TopBrain-CT
adaptive,120,179,0,54.599278837300986,46.0079230062691,8.591355831031883,0.4287594179579749,111,94,topcow_ct_001,TopBrain-CT
adaptive,121,126,0,4.106108777689685,4.106108777689685,0.0,0.0,10,10,topcow_ct_001,TopBrain-CT
adaptive,121,134,0,1.6701922582216606,1.5925553690396947,0.07763688918196587,0.04956381481154142,5,5,topcow_ct_001,TopBrain-CT
adaptive,122,125,0,2.8561087776891467,2.468676810447356,0.3874319672417905,0.15693912042361788,7,6,topcow_ct_001,TopBrain-CT
adaptive,122,127,0,5.45676620916121,4.660403973309997,0.7963622358512135,0.17087837028977695,12,11,topcow_ct_001,TopBrain-CT
adaptive,123,133,0,5.062624995616568,4.433550838649322,0.6290741569672464,0.14188946509495615,12,10,topcow_ct_001,TopBrain-CT
adaptive,123,133,1,7.416444640172019,6.664253814609079,0.7521908255629395,0.1696587798217498,16,15,topcow_ct_001,TopBrain-CT
adaptive,124,124,0,8.057466072363031,6.332378323248674,1.7250877491143566,nan,18,14,topcow_ct_001,TopBrain-CT
adaptive,124,133,0,3.632330627423149,3.165991001162836,0.466339626260313,0.14729657351806472,9,8,topcow_ct_001,TopBrain-CT
adaptive,124,136,0,5.990147881261363,5.391338903009336,0.598808978252027,0.15282966455518285,13,12,topcow_ct_001,TopBrain-CT
adaptive,124,136,1,4.584366886652867,3.9181462577627557,0.6662206288901111,0.170034650332456,11,9,topcow_ct_001,TopBrain-CT
adaptive,125,126,0,2.529072518460497,2.393649258231411,0.13542326022908613,0.07222573878884593,7,6,topcow_ct_001,TopBrain-CT
adaptive,126,134,0,1.5770362592302485,1.4416129990011624,0.13542326022908613,0.09393870638161257,5,4,topcow_ct_001,TopBrain-CT
adaptive,127,129,0,10.91756102266312,8.509889213640438,2.4076718090226823,1.1290912153502306,23,19,topcow_ct_001,TopBrain-CT
adaptive,127,129,1,2.2355887363868625,2.132397964212175,0.10319077217468742,0.04839189208887271,6,6,topcow_ct_001,TopBrain-CT
adaptive,128,129,0,1.25,1.25,0.0,0.0,4,4,topcow_ct_001,TopBrain-CT
adaptive,128,130,0,8.582810094166263,6.96951892166766,1.6132911724986023,0.3985760404449413,19,15,topcow_ct_001,TopBrain-CT
adaptive,128,130,1,4.651471840967155,4.047637110092321,0.6038347308748344,0.1491820324923006,11,10,topcow_ct_001,TopBrain-CT
adaptive,130,131,0,3.812624995617111,3.2858973017698303,0.5267276938472807,0.16029949979373298,9,8,topcow_ct_001,TopBrain-CT
adaptive,131,132,0,3.9929193638100116,3.165991001162836,0.8269283626471755,0.26119100223072433,9,8,topcow_ct_001,TopBrain-CT
adaptive,131,135,0,4.319955623040357,2.9243887209338437,1.3955669021065136,0.4965366587371214,10,7,topcow_ct_001,TopBrain-CT
adaptive,131,135,1,6.64469131246283,5.319599191131724,1.3250921213311058,0.47146203700552825,15,12,topcow_ct_001,TopBrain-CT
adaptive,132,135,0,5.248443207512768,4.720829513664382,0.5276136938483855,0.18350005259575994,12,11,topcow_ct_001,TopBrain-CT
adaptive,132,136,0,15.846427464006869,13.843454778141204,2.0029726858656645,0.14468734271652733,33,29,topcow_ct_001,TopBrain-CT
adaptive,137,137,0,9.54486159247082,7.423178813502442,2.1216827789683776,nan,21,16,topcow_ct_001,TopBrain-CT
adaptive,137,138,0,5.288507100548757,4.1415499832636,1.1469571172851571,0.2769390981444437,12,10,topcow_ct_001,TopBrain-CT
adaptive,137,180,0,48.35673207865852,39.60589024475886,8.750841833899656,0.3546835549877031,98,81,topcow_ct_001,TopBrain-CT
adaptive,138,141,0,16.616738928447173,13.592675175219568,3.0240637532276047,0.2505988220589607,35,29,topcow_ct_001,TopBrain-CT
adaptive,138,143,0,18.320977449915745,16.07096293171064,2.2500145182051057,0.18190647540062163,38,34,topcow_ct_001,TopBrain-CT
adaptive,139,139,0,5.074166469110493,3.9365782108665046,1.137588258243988,nan,12,9,topcow_ct_001,TopBrain-CT
adaptive,139,142,0,17.030902120203773,13.970974296859515,3.0599278233442586,0.24606003961083645,36,29,topcow_ct_001,TopBrain-CT
adaptive,140,142,0,1.9040725184599676,1.9040725184599676,0.0,0.0,5,5,topcow_ct_001,TopBrain-CT
adaptive,140,143,0,3.2807809946085174,2.3554416547393213,0.925339339869196,0.39285173462367257,8,6,topcow_ct_001,TopBrain-CT
adaptive,141,142,0,3.217179863490863,2.6362400945260736,0.5809397689647895,0.2466372995466406,8,7,topcow_ct_001,TopBrain-CT
adaptive,141,143,0,1.904072518459434,1.904072518459434,0.0,0.0,5,5,topcow_ct_001,TopBrain-CT
adaptive,152,155,0,32.43214678796104,27.685280894617957,4.746865893343081,0.2614971788392408,66,57,topcow_ct_001,TopBrain-CT
adaptive,176,178,0,2.2415949295039406,2.093766541559255,0.14782838794468578,0.07060404539399893,6,6,topcow_ct_001,TopBrain-CT
dense,0,1,0,5.365630230676397,5.365630230676397,0.0,0.0,12,12,topcow_ct_001,TopBrain-CT
dense,0,2,0,1.7573306274231464,1.7573306274231464,0.0,0.0,5,5,topcow_ct_001,TopBrain-CT
dense,0,5,0,5.756267621024939,5.756267621024939,0.0,0.0,13,13,topcow_ct_001,TopBrain-CT
dense,1,2,0,3.578250949290577,3.578250949290577,0.0,0.0,9,9,topcow_ct_001,TopBrain-CT
dense,1,3,0,2.5290725184599654,2.5290725184599654,0.0,0.0,7,7,topcow_ct_001,TopBrain-CT
dense,2,5,0,3.2171798634909266,3.2171798634909266,0.0,0.0,8,8,topcow_ct_001,TopBrain-CT
dense,3,7,0,7.474028141499687,7.474028141499687,0.0,0.0,16,16,topcow_ct_001,TopBrain-CT
dense,3,147,0,45.20976457345938,45.20976457345938,0.0,0.0,92,92,topcow_ct_001,TopBrain-CT
dense,4,6,0,7.6252499912336855,7.6252499912336855,0.0,0.0,17,17,topcow_ct_001,TopBrain-CT
dense,4,10,0,10.683692199099047,10.683692199099047,0.0,0.0,23,23,topcow_ct_001,TopBrain-CT
dense,4,15,0,44.95829939985475,44.95829939985475,0.0,0.0,91,91,topcow_ct_001,TopBrain-CT
dense,5,13,0,4.18573134099953,4.18573134099953,0.0,0.0,10,10,topcow_ct_001,TopBrain-CT
dense,6,14,0,4.974510490914172,4.974510490914172,0.0,0.0,11,11,topcow_ct_001,TopBrain-CT
dense,6,21,0,11.064302913698496,11.064302913698496,0.0,0.0,24,24,topcow_ct_001,TopBrain-CT
dense,7,8,0,1.7573306274237757,1.7573306274237757,0.0,0.0,5,5,topcow_ct_001,TopBrain-CT
dense,7,11,0,2.411885495296432,2.411885495296432,0.0,0.0,6,6,topcow_ct_001,TopBrain-CT
dense,8,12,0,2.5626249956172074,2.5626249956172074,0.0,0.0,7,7,topcow_ct_001,TopBrain-CT
dense,8,16,0,2.475486626415621,2.475486626415621,0.0,0.0,6,6,topcow_ct_001,TopBrain-CT
dense,9,18,0,2.856108777690215,2.856108777690215,0.0,0.0,7,7,topcow_ct_001,TopBrain-CT
dense,9,23,0,3.637854471126077,3.637854471126077,0.0,0.0,9,9,topcow_ct_001,TopBrain-CT
dense,9,144,0,20.070757961423197,20.070757961423197,0.0,0.0,42,42,topcow_ct_001,TopBrain-CT
dense,10,19,0,41.01848357867314,41.01848357867314,0.0,0.0,84,84,topcow_ct_001,TopBrain-CT
dense,10,22,0,3.4275228856460416,3.4275228856460416,0.0,0.0,8,8,topcow_ct_001,TopBrain-CT
dense,11,12,0,2.23558873638686,2.23558873638686,0.0,0.0,6,6,topcow_ct_001,TopBrain-CT
dense,11,146,0,16.65024565890804,16.65024565890804,0.0,0.0,35,35,topcow_ct_001,TopBrain-CT
dense,12,15,0,2.6222285174524367,2.6222285174524367,0.0,0.0,7,7,topcow_ct_001,TopBrain-CT
dense,13,14,0,1.4302943681940605,1.4302943681940605,0.0,0.0,4,4,topcow_ct_001,TopBrain-CT
dense,13,27,0,23.612003738220672,23.612003738220672,0.0,0.0,49,49,topcow_ct_001,TopBrain-CT
dense,14,20,0,24.98473747843512,24.98473747843512,0.0,0.0,51,51,topcow_ct_001,TopBrain-CT
dense,15,16,0,2.4158831045802898,2.4158831045802898,0.0,0.0,6,6,topcow_ct_001,TopBrain-CT
dense,16,20,0,2.4519379516588797,2.4519379516588797,0.0,0.0,6,6,topcow_ct_001,TopBrain-CT
dense,17,18,0,12.81857482058005,12.81857482058005,0.0,0.0,27,27,topcow_ct_001,TopBrain-CT
dense,17,20,0,4.804208488446147,4.804208488446147,0.0,0.0,11,11,topcow_ct_001,TopBrain-CT
dense,17,24,0,19.520861071042464,19.520861071042464,0.0,0.0,41,41,topcow_ct_001,TopBrain-CT
dense,18,23,0,4.232805817164396,4.232805817164396,0.0,0.0,10,10,topcow_ct_001,TopBrain-CT
dense,19,22,0,1.7573306274236786,1.7573306274236786,0.0,0.0,5,5,topcow_ct_001,TopBrain-CT
dense,19,149,0,3.280769557935311,3.280769557935311,0.0,0.0,8,8,topcow_ct_001,TopBrain-CT
dense,21,25,0,8.624894007709985,8.624894007709985,0.0,0.0,19,19,topcow_ct_001,TopBrain-CT
dense,21,150,0,47.97363961925591,47.97363961925591,0.0,0.0,97,97,topcow_ct_001,TopBrain-CT
dense,22,29,0,21.920734180106397,21.920734180106397,0.0,0.0,45,45,topcow_ct_001,TopBrain-CT
dense,23,24,0,3.8717347313652137,3.8717347313652137,0.0,0.0,9,9,topcow_ct_001,TopBrain-CT
dense,23,148,0,37.52183571820838,37.52183571820838,0.0,0.0,77,77,topcow_ct_001,TopBrain-CT
dense,24,145,0,81.85259843811242,81.85259843811242,0.0,0.0,165,165,topcow_ct_001,TopBrain-CT
dense,25,26,0,8.909846353397215,8.909846353397215,0.0,0.0,19,19,topcow_ct_001,TopBrain-CT
dense,25,26,1,1.757330627423145,1.757330627423145,0.0,0.0,5,5,topcow_ct_001,TopBrain-CT
dense,26,27,0,11.052772876880628,11.052772876880628,0.0,0.0,24,24,topcow_ct_001,TopBrain-CT
dense,27,31,0,24.082212564019194,24.082212564019194,0.0,0.0,50,50,topcow_ct_001,TopBrain-CT
dense,28,29,0,3.5146612548468252,3.5146612548468252,0.0,0.0,9,9,topcow_ct_001,TopBrain-CT
dense,28,29,1,1.9040725184599676,1.9040725184599676,0.0,0.0,5,5,topcow_ct_001,TopBrain-CT
dense,28,151,0,11.716849197738394,11.716849197738394,0.0,0.0,25,25,topcow_ct_001,TopBrain-CT
dense,30,32,0,2.953744735378799,2.953744735378799,0.0,0.0,7,7,topcow_ct_001,TopBrain-CT
dense,30,33,0,5.605528120705089,5.605528120705089,0.0,0.0,13,13,topcow_ct_001,TopBrain-CT
dense,30,41,0,36.70453414874936,36.70453414874936,0.0,0.0,75,75,topcow_ct_001,TopBrain-CT
dense,31,39,0,9.73164450319482,9.73164450319482,0.0,0.0,21,21,topcow_ct_001,TopBrain-CT
dense,31,49,0,24.27399747404017,24.27399747404017,0.0,0.0,50,50,topcow_ct_001,TopBrain-CT
dense,32,33,0,6.829477076027512,6.829477076027512,0.0,0.0,15,15,topcow_ct_001,TopBrain-CT
dense,32,156,0,10.001591047183918,10.001591047183918,0.0,0.0,22,22,topcow_ct_001,TopBrain-CT
dense,33,34,0,4.823770990592863,4.823770990592863,0.0,0.0,11,11,topcow_ct_001,TopBrain-CT
dense,33,35,0,5.605528120704523,5.605528120704523,0.0,0.0,13,13,topcow_ct_001,TopBrain-CT
dense,34,35,0,1.904072518460499,1.904072518460499,0.0,0.0,5,5,topcow_ct_001,TopBrain-CT
dense,34,37,0,2.709366886653929,2.709366886653929,0.0,0.0,7,7,topcow_ct_001,TopBrain-CT
dense,35,36,0,4.617919363810006,4.617919363810006,0.0,0.0,11,11,topcow_ct_001,TopBrain-CT
dense,35,37,0,2.382330627423146,2.382330627423146,0.0,0.0,6,6,topcow_ct_001,TopBrain-CT
dense,36,38,0,2.2415949295029396,2.2415949295029396,0.0,0.0,6,6,topcow_ct_001,TopBrain-CT
dense,36,154,0,9.398108264760333,9.398108264760333,0.0,0.0,20,20,topcow_ct_001,TopBrain-CT
dense,37,38,0,1.5234503671853699,1.5234503671853699,0.0,0.0,5,5,topcow_ct_001,TopBrain-CT
dense,38,45,0,7.045814854624455,7.045814854624455,0.0,0.0,16,16,topcow_ct_001,TopBrain-CT
dense,39,45,0,24.406267040653255,24.406267040653255,0.0,0.0,50,50,topcow_ct_001,TopBrain-CT
dense,39,158,0,11.525029977697697,11.525029977697697,0.0,0.0,25,25,topcow_ct_001,TopBrain-CT
dense,40,101,0,27.63192447212414,27.63192447212414,0.0,0.0,57,57,topcow_ct_001,TopBrain-CT
dense,40,153,0,83.09352883179774,83.09352883179774,0.0,0.0,168,168,topcow_ct_001,TopBrain-CT
dense,40,164,0,44.11095836487604,44.11095836487604,0.0,0.0,90,90,topcow_ct_001,TopBrain-CT
dense,41,43,0,3.9353358624823347,3.9353358624823347,0.0,0.0,9,9,topcow_ct_001,TopBrain-CT
dense,41,43,1,4.46669751407654,4.46669751407654,0.0,0.0,10,10,topcow_ct_001,TopBrain-CT
dense,42,44,0,1.31310734503043,1.31310734503043,0.0,0.0,4,4,topcow_ct_001,TopBrain-CT
dense,42,47,0,12.395917439197317,12.395917439197317,0.0,0.0,26,26,topcow_ct_001,TopBrain-CT
dense,42,159,0,8.505675527364875,8.505675527364875,0.0,0.0,19,19,topcow_ct_001,TopBrain-CT
dense,43,157,0,36.14962382239959,36.14962382239959,0.0,0.0,74,74,topcow_ct_001,TopBrain-CT
dense,44,50,0,8.401471840967782,8.401471840967782,0.0,0.0,18,18,topcow_ct_001,TopBrain-CT
dense,44,162,0,11.770423653108303,11.770423653108303,0.0,0.0,25,25,topcow_ct_001,TopBrain-CT
dense,45,61,0,11.167945064505666,11.167945064505666,0.0,0.0,24,24,topcow_ct_001,TopBrain-CT
dense,46,47,0,1.4598492360667108,1.4598492360667108,0.0,0.0,4,4,topcow_ct_001,TopBrain-CT
dense,46,48,0,1.7573306274236815,1.7573306274236815,0.0,0.0,5,5,topcow_ct_001,TopBrain-CT
dense,46,50,0,2.7093668866539318,2.7093668866539318,0.0,0.0,7,7,topcow_ct_001,TopBrain-CT
dense,47,52,0,2.8961612340515956,2.8961612340515956,0.0,0.0,7,7,topcow_ct_001,TopBrain-CT
dense,48,52,0,2.836557712217511,2.836557712217511,0.0,0.0,7,7,topcow_ct_001,TopBrain-CT
dense,48,53,0,7.7239298339285565,7.7239298339285565,0.0,0.0,17,17,topcow_ct_001,TopBrain-CT
dense,49,51,0,2.411885495296967,2.411885495296967,0.0,0.0,6,6,topcow_ct_001,TopBrain-CT
dense,49,57,0,21.475492822794855,21.475492822794855,0.0,0.0,44,44,topcow_ct_001,TopBrain-CT
dense,50,52,0,2.3823306274236815,2.3823306274236815,0.0,0.0,6,6,topcow_ct_001,TopBrain-CT
dense,51,55,0,20.699764759149616,20.699764759149616,0.0,0.0,43,43,topcow_ct_001,TopBrain-CT
dense,51,173,0,18.015945942642993,18.015945942642993,0.0,0.0,38,38,topcow_ct_001,TopBrain-CT
dense,52,53,0,8.827187942892268,8.827187942892268,0.0,0.0,19,19,topcow_ct_001,TopBrain-CT
dense,53,54,0,2.983288166578249,2.983288166578249,0.0,0.0,7,7,topcow_ct_001,TopBrain-CT
dense,54,56,0,6.2640691611872334,6.2640691611872334,0.0,0.0,14,14,topcow_ct_001,TopBrain-CT
dense,54,58,0,8.569265221809452,8.569265221809452,0.0,0.0,19,19,topcow_ct_001,TopBrain-CT
dense,55,56,0,2.2416063661780146,2.2416063661780146,0.0,0.0,6,6,topcow_ct_001,TopBrain-CT
dense,55,57,0,2.562624995616576,2.562624995616576,0.0,0.0,7,7,topcow_ct_001,TopBrain-CT
dense,56,58,0,1.7573306274236775,1.7573306274236775,0.0,0.0,5,5,topcow_ct_001,TopBrain-CT
dense,56,58,1,3.3679193638117013,3.3679193638117013,0.0,0.0,8,8,topcow_ct_001,TopBrain-CT
dense,57,58,0,2.328744735378798,2.328744735378798,0.0,0.0,6,6,topcow_ct_001,TopBrain-CT
dense,59,60,0,3.046900734371441,3.046900734371441,0.0,0.0,8,8,topcow_ct_001,TopBrain-CT
dense,59,60,1,3.340384516444016,3.340384516444016,0.0,0.0,8,8,topcow_ct_001,TopBrain-CT
dense,59,160,0,48.514516472134716,48.514516472134716,0.0,0.0,99,99,topcow_ct_001,TopBrain-CT
dense,60,64,0,4.209268579082026,4.209268579082026,0.0,0.0,10,10,topcow_ct_001,TopBrain-CT
dense,61,65,0,2.0312633440233663,2.0312633440233663,0.0,0.0,6,6,topcow_ct_001,TopBrain-CT
dense,61,66,0,23.56035349553541,23.56035349553541,0.0,0.0,49,49,topcow_ct_001,TopBrain-CT
dense,61,163,0,7.910701307978844,7.910701307978844,0.0,0.0,17,17,topcow_ct_001,TopBrain-CT
dense,62,63,0,1.670192258222365,1.670192258222365,0.0,0.0,5,5,topcow_ct_001,TopBrain-CT
dense,62,63,1,3.2171798634920226,3.2171798634920226,0.0,0.0,8,8,topcow_ct_001,TopBrain-CT
dense,62,161,0,87.4829739832805,87.4829739832805,0.0,0.0,176,176,topcow_ct_001,TopBrain-CT
dense,63,67,0,20.181410695361386,20.181410695361386,0.0,0.0,42,42,topcow_ct_001,TopBrain-CT
dense,64,69,0,5.990147881262544,5.990147881262544,0.0,0.0,13,13,topcow_ct_001,TopBrain-CT
dense,64,71,0,2.6222285174519073,2.6222285174519073,0.0,0.0,7,7,topcow_ct_001,TopBrain-CT
dense,65,140,0,42.939048442063,42.939048442063,0.0,0.0,87,87,topcow_ct_001,TopBrain-CT
dense,65,177,0,25.45943789579812,25.45943789579812,0.0,0.0,52,52,topcow_ct_001,TopBrain-CT
dense,66,101,0,8.749103050676329,8.749103050676329,0.0,0.0,19,19,topcow_ct_001,TopBrain-CT
dense,66,165,0,4.7110753628025765,4.7110753628025765,0.0,0.0,11,11,topcow_ct_001,TopBrain-CT
dense,67,68,0,8.01741361600205,8.01741361600205,0.0,0.0,18,18,topcow_ct_001,TopBrain-CT
dense,67,74,0,4.506738533764086,4.506738533764086,0.0,0.0,11,11,topcow_ct_001,TopBrain-CT
dense,68,74,0,1.9040725184594323,1.9040725184594323,0.0,0.0,5,5,topcow_ct_001,TopBrain-CT
dense,68,77,0,4.717070119244656,4.717070119244656,0.0,0.0,11,11,topcow_ct_001,TopBrain-CT
dense,69,71,0,3.0408831045809186,3.0408831045809186,0.0,0.0,8,8,topcow_ct_001,TopBrain-CT
dense,69,76,0,2.4754866264150843,2.4754866264150843,0.0,0.0,6,6,topcow_ct_001,TopBrain-CT
dense,69,87,0,6.17694222866018,6.17694222866018,0.0,0.0,14,14,topcow_ct_001,TopBrain-CT
dense,70,73,0,1.5770362592302467,1.5770362592302467,0.0,0.0,5,5,topcow_ct_001,TopBrain-CT
dense,70,80,0,3.852195102564174,3.852195102564174,0.0,0.0,9,9,topcow_ct_001,TopBrain-CT
dense,70,80,1,3.788593971448009,3.788593971448009,0.0,0.0,9,9,topcow_ct_001,TopBrain-CT
dense,70,81,0,4.443148839319429,4.443148839319429,0.0,0.0,10,10,topcow_ct_001,TopBrain-CT
dense,71,87,0,3.0469007343713743,3.0469007343713743,0.0,0.0,8,8,topcow_ct_001,TopBrain-CT
dense,72,73,0,2.6802943681940583,2.6802943681940583,0.0,0.0,7,7,topcow_ct_001,TopBrain-CT
dense,72,79,0,2.562624995616578,2.562624995616578,0.0,0.0,7,7,topcow_ct_001,TopBrain-CT
dense,72,85,0,4.086075362803206,4.086075362803206,0.0,0.0,10,10,topcow_ct_001,TopBrain-CT
dense,72,91,0,4.209268579082186,4.209268579082186,0.0,0.0,10,10,topcow_ct_001,TopBrain-CT
dense,73,81,0,3.4275228856460416,3.4275228856460416,0.0,0.0,8,8,topcow_ct_001,TopBrain-CT
dense,74,171,0,5.101701316476942,5.101701316476942,0.0,0.0,12,12,topcow_ct_001,TopBrain-CT
dense,75,76,0,2.3823306274231495,2.3823306274231495,0.0,0.0,6,6,topcow_ct_001,TopBrain-CT
dense,75,76,1,2.7093668866528633,2.7093668866528633,0.0,0.0,7,7,topcow_ct_001,TopBrain-CT
dense,75,78,0,2.5626249956165785,2.5626249956165785,0.0,0.0,7,7,topcow_ct_001,TopBrain-CT
dense,77,77,0,7.339310073370736,7.339310073370736,0.0,nan,16,16,topcow_ct_001,TopBrain-CT
dense,77,82,0,6.661206530740607,6.661206530740607,0.0,0.0,15,15,topcow_ct_001,TopBrain-CT
dense,78,83,0,5.4192161227202025,5.4192161227202025,0.0,0.0,12,12,topcow_ct_001,TopBrain-CT
dense,78,83,1,2.328744735379432,2.328744735379432,0.0,0.0,6,6,topcow_ct_001,TopBrain-CT
dense,79,85,0,1.5234503671853736,1.5234503671853736,0.0,0.0,5,5,topcow_ct_001,TopBrain-CT
dense,79,90,0,6.6732137320039655,6.6732137320039655,0.0,0.0,15,15,topcow_ct_001,TopBrain-CT
dense,80,81,0,1.9040725184599667,1.9040725184599667,0.0,0.0,5,5,topcow_ct_001,TopBrain-CT
dense,80,86,0,3.0073306274236797,3.0073306274236797,0.0,0.0,8,8,topcow_ct_001,TopBrain-CT
dense,81,94,0,2.11840171322449,2.11840171322449,0.0,0.0,6,6,topcow_ct_001,TopBrain-CT
dense,82,97,0,21.454454147353005,21.454454147353005,0.0,0.0,44,44,topcow_ct_001,TopBrain-CT
dense,82,172,0,4.41960016456313,4.41960016456313,0.0,0.0,10,10,topcow_ct_001,TopBrain-CT
dense,83,88,0,14.848868280805219,14.848868280805219,0.0,0.0,31,31,topcow_ct_001,TopBrain-CT
dense,84,89,0,2.235588736387492,2.235588736387492,0.0,0.0,6,6,topcow_ct_001,TopBrain-CT
dense,84,98,0,5.482323467750644,5.482323467750644,0.0,0.0,12,12,topcow_ct_001,TopBrain-CT
dense,84,98,1,4.139661254846824,4.139661254846824,0.0,0.0,10,10,topcow_ct_001,TopBrain-CT
dense,85,90,0,8.851218967063785,8.851218967063785,0.0,0.0,19,19,topcow_ct_001,TopBrain-CT
dense,85,91,0,3.1876249956176435,3.1876249956176435,0.0,0.0,8,8,topcow_ct_001,TopBrain-CT
dense,86,86,0,5.605528120703458,5.605528120703458,0.0,nan,13,13,topcow_ct_001,TopBrain-CT
dense,86,93,0,2.2951922582223645,2.2951922582223645,0.0,0.0,6,6,topcow_ct_001,TopBrain-CT
dense,87,107,0,5.038111622032192,5.038111622032192,0.0,0.0,12,12,topcow_ct_001,TopBrain-CT
dense,88,89,0,4.34999284032893,4.34999284032893,0.0,0.0,10,10,topcow_ct_001,TopBrain-CT
dense,88,89,1,3.3684017132244914,3.3684017132244914,0.0,0.0,8,8,topcow_ct_001,TopBrain-CT
dense,90,98,0,21.772974214153958,21.772974214153958,0.0,0.0,45,45,topcow_ct_001,TopBrain-CT
dense,91,94,0,2.23558873638686,2.23558873638686,0.0,0.0,6,6,topcow_ct_001,TopBrain-CT
dense,92,92,0,5.244457034905225,5.244457034905225,0.0,nan,12,12,topcow_ct_001,TopBrain-CT
dense,92,99,0,6.644702749135376,6.644702749135376,0.0,0.0,15,15,topcow_ct_001,TopBrain-CT
dense,93,94,0,5.091697514076005,5.091697514076005,0.0,0.0,12,12,topcow_ct_001,TopBrain-CT
dense,93,94,1,7.718394553552354,7.718394553552354,0.0,0.0,17,17,topcow_ct_001,TopBrain-CT
dense,95,96,0,5.2724742316839235,5.2724742316839235,0.0,0.0,12,12,topcow_ct_001,TopBrain-CT
dense,95,105,0,2.4754866264150848,2.4754866264150848,0.0,0.0,6,6,topcow_ct_001,TopBrain-CT
dense,95,166,0,23.814802896165894,23.814802896165894,0.0,0.0,49,49,topcow_ct_001,TopBrain-CT
dense,96,106,0,2.4754866264150843,2.4754866264150843,0.0,0.0,6,6,topcow_ct_001,TopBrain-CT
dense,96,106,1,19.35564924629949,19.35564924629949,0.0,0.0,40,40,topcow_ct_001,TopBrain-CT
dense,97,110,0,41.81726653098694,41.81726653098694,0.0,0.0,85,85,topcow_ct_001,TopBrain-CT
dense,97,167,0,4.419611601237383,4.419611601237383,0.0,0.0,10,10,topcow_ct_001,TopBrain-CT
dense,99,100,0,1.7573306274231473,1.7573306274231473,0.0,0.0,5,5,topcow_ct_001,TopBrain-CT
dense,99,168,0,4.296406948283141,4.296406948283141,0.0,0.0,10,10,topcow_ct_001,TopBrain-CT
dense,100,100,0,7.934272856083483,7.934272856083483,0.0,nan,17,17,topcow_ct_001,TopBrain-CT
dense,100,108,0,4.798213732003962,4.798213732003962,0.0,0.0,11,11,topcow_ct_001,TopBrain-CT
dense,101,105,0,41.01039255228212,41.01039255228212,0.0,0.0,84,84,topcow_ct_001,TopBrain-CT
dense,102,103,0,7.430434615181545,7.430434615181545,0.0,0.0,16,16,topcow_ct_001,TopBrain-CT
dense,102,103,1,4.7110753628019495,4.7110753628019495,0.0,0.0,11,11,topcow_ct_001,TopBrain-CT
dense,102,108,0,1.577036259229716,1.577036259229716,0.0,0.0,5,5,topcow_ct_001,TopBrain-CT
dense,103,104,0,2.5626249956177363,2.5626249956177363,0.0,0.0,7,7,topcow_ct_001,TopBrain-CT
dense,104,112,0,2.7734503671867063,2.7734503671867063,0.0,0.0,7,7,topcow_ct_001,TopBrain-CT
dense,104,117,0,2.959750928495593,2.959750928495593,0.0,0.0,7,7,topcow_ct_001,TopBrain-CT
dense,104,117,1,5.645580577066951,5.645580577066951,0.0,0.0,13,13,topcow_ct_001,TopBrain-CT
dense,104,170,0,5.418733773307853,5.418733773307853,0.0,0.0,12,12,topcow_ct_001,TopBrain-CT
dense,105,120,0,3.8757323406480055,3.8757323406480055,0.0,0.0,9,9,topcow_ct_001,TopBrain-CT
dense,106,120,0,4.209268579082654,4.209268579082654,0.0,0.0,10,10,topcow_ct_001,TopBrain-CT
dense,107,109,0,2.8561087776891503,2.8561087776891503,0.0,0.0,7,7,topcow_ct_001,TopBrain-CT
dense,107,109,1,3.2807809946098585,3.2807809946098585,0.0,0.0,8,8,topcow_ct_001,TopBrain-CT
dense,108,175,0,4.466697514077075,4.466697514077075,0.0,0.0,10,10,topcow_ct_001,TopBrain-CT
dense,109,174,0,3.637854471126608,3.637854471126608,0.0,0.0,9,9,topcow_ct_001,TopBrain-CT
dense,110,113,0,8.198201770284022,8.198201770284022,0.0,0.0,18,18,topcow_ct_001,TopBrain-CT
dense,110,169,0,4.657478034084933,4.657478034084933,0.0,0.0,11,11,topcow_ct_001,TopBrain-CT
dense,111,114,0,3.3679193638111715,3.3679193638111715,0.0,0.0,8,8,topcow_ct_001,TopBrain-CT
dense,111,116,0,10.043153116322614,10.043153116322614,0.0,0.0,22,22,topcow_ct_001,TopBrain-CT
dense,111,121,0,2.4754866264157935,2.4754866264157935,0.0,0.0,6,6,topcow_ct_001,TopBrain-CT
dense,112,115,0,3.9989369936023307,3.9989369936023307,0.0,0.0,9,9,topcow_ct_001,TopBrain-CT
dense,112,117,0,5.155287208520826,5.155287208520826,0.0,0.0,12,12,topcow_ct_001,TopBrain-CT
dense,112,118,0,3.1876249956177403,3.1876249956177403,0.0,0.0,8,8,topcow_ct_001,TopBrain-CT
dense,113,116,0,5.385181296149638,5.385181296149638,0.0,0.0,12,12,topcow_ct_001,TopBrain-CT
dense,113,116,1,1.577036259229716,1.577036259229716,0.0,0.0,5,5,topcow_ct_001,TopBrain-CT
dense,114,122,0,2.0312633440223595,2.0312633440223595,0.0,0.0,6,6,topcow_ct_001,TopBrain-CT
dense,114,125,0,5.902998075388291,5.902998075388291,0.0,0.0,13,13,topcow_ct_001,TopBrain-CT
dense,114,126,0,2.856108777690211,2.856108777690211,0.0,0.0,7,7,topcow_ct_001,TopBrain-CT
dense,114,134,0,8.138586811774157,8.138586811774157,0.0,0.0,18,18,topcow_ct_001,TopBrain-CT
dense,115,118,0,3.935335862483751,3.935335862483751,0.0,0.0,9,9,topcow_ct_001,TopBrain-CT
dense,115,118,1,4.185731340998822,4.185731340998822,0.0,0.0,10,10,topcow_ct_001,TopBrain-CT
dense,118,119,0,1.757330627423145,1.757330627423145,0.0,0.0,5,5,topcow_ct_001,TopBrain-CT
dense,118,119,1,7.72392983392848,7.72392983392848,0.0,0.0,17,17,topcow_ct_001,TopBrain-CT
dense,119,123,0,9.173213732003433,9.173213732003433,0.0,0.0,20,20,topcow_ct_001,TopBrain-CT
dense,120,179,0,54.599278837300986,54.599278837300986,0.0,0.0,111,111,topcow_ct_001,TopBrain-CT
dense,121,126,0,4.106108777689685,4.106108777689685,0.0,0.0,10,10,topcow_ct_001,TopBrain-CT
dense,121,134,0,1.6701922582216606,1.6701922582216606,0.0,0.0,5,5,topcow_ct_001,TopBrain-CT
dense,122,125,0,2.8561087776891467,2.8561087776891467,0.0,0.0,7,7,topcow_ct_001,TopBrain-CT
dense,122,127,0,5.45676620916121,5.45676620916121,0.0,0.0,12,12,topcow_ct_001,TopBrain-CT
dense,123,133,0,5.062624995616568,5.062624995616568,0.0,0.0,12,12,topcow_ct_001,TopBrain-CT
dense,123,133,1,7.416444640172019,7.416444640172019,0.0,0.0,16,16,topcow_ct_001,TopBrain-CT
dense,124,124,0,8.057466072363031,8.057466072363031,0.0,nan,18,18,topcow_ct_001,TopBrain-CT
dense,124,133,0,3.632330627423149,3.632330627423149,0.0,0.0,9,9,topcow_ct_001,TopBrain-CT
dense,124,136,0,5.990147881261363,5.990147881261363,0.0,0.0,13,13,topcow_ct_001,TopBrain-CT
dense,124,136,1,4.584366886652867,4.584366886652867,0.0,0.0,11,11,topcow_ct_001,TopBrain-CT
dense,125,126,0,2.529072518460497,2.529072518460497,0.0,0.0,7,7,topcow_ct_001,TopBrain-CT
dense,126,134,0,1.5770362592302485,1.5770362592302485,0.0,0.0,5,5,topcow_ct_001,TopBrain-CT
dense,127,129,0,10.91756102266312,10.91756102266312,0.0,0.0,23,23,topcow_ct_001,TopBrain-CT
dense,127,129,1,2.2355887363868625,2.2355887363868625,0.0,0.0,6,6,topcow_ct_001,TopBrain-CT
dense,128,129,0,1.25,1.25,0.0,0.0,4,4,topcow_ct_001,TopBrain-CT
dense,128,130,0,8.582810094166263,8.582810094166263,0.0,0.0,19,19,topcow_ct_001,TopBrain-CT
dense,128,130,1,4.651471840967155,4.651471840967155,0.0,0.0,11,11,topcow_ct_001,TopBrain-CT
dense,130,131,0,3.812624995617111,3.812624995617111,0.0,0.0,9,9,topcow_ct_001,TopBrain-CT
dense,131,132,0,3.9929193638100116,3.9929193638100116,0.0,0.0,9,9,topcow_ct_001,TopBrain-CT
dense,131,135,0,4.319955623040357,4.319955623040357,0.0,0.0,10,10,topcow_ct_001,TopBrain-CT
dense,131,135,1,6.64469131246283,6.64469131246283,0.0,0.0,15,15,topcow_ct_001,TopBrain-CT
dense,132,135,0,5.248443207512768,5.248443207512768,0.0,0.0,12,12,topcow_ct_001,TopBrain-CT
dense,132,136,0,15.846427464006869,15.846427464006869,0.0,0.0,33,33,topcow_ct_001,TopBrain-CT
dense,137,137,0,9.54486159247082,9.54486159247082,0.0,nan,21,21,topcow_ct_001,TopBrain-CT
dense,137,138,0,5.288507100548757,5.288507100548757,0.0,0.0,12,12,topcow_ct_001,TopBrain-CT
dense,137,180,0,48.35673207865852,48.35673207865852,0.0,0.0,98,98,topcow_ct_001,TopBrain-CT
dense,138,141,0,16.616738928447173,16.616738928447173,0.0,0.0,35,35,topcow_ct_001,TopBrain-CT
dense,138,143,0,18.320977449915745,18.320977449915745,0.0,0.0,38,38,topcow_ct_001,TopBrain-CT
dense,139,139,0,5.074166469110493,5.074166469110493,0.0,nan,12,12,topcow_ct_001,TopBrain-CT
dense,139,142,0,17.030902120203773,17.030902120203773,0.0,0.0,36,36,topcow_ct_001,TopBrain-CT
dense,140,142,0,1.9040725184599676,1.9040725184599676,0.0,0.0,5,5,topcow_ct_001,TopBrain-CT
dense,140,143,0,3.2807809946085174,3.2807809946085174,0.0,0.0,8,8,topcow_ct_001,TopBrain-CT
dense,141,142,0,3.217179863490863,3.217179863490863,0.0,0.0,8,8,topcow_ct_001,TopBrain-CT
dense,141,143,0,1.904072518459434,1.904072518459434,0.0,0.0,5,5,topcow_ct_001,TopBrain-CT
dense,152,155,0,32.43214678796104,32.43214678796104,0.0,0.0,66,66,topcow_ct_001,TopBrain-CT
dense,176,178,0,2.2415949295039406,2.2415949295039406,0.0,0.0,6,6,topcow_ct_001,TopBrain-CT
junction_only,0,1,0,11.511763274330987,1.4645989719021473,10.04716430242884,6.860010484221554,25,4,topcow_mr_001,TopBrain-MR
junction_only,0,1,1,1.4645989719021473,1.4645989719021473,0.0,0.0,4,4,topcow_mr_001,TopBrain-MR
junction_only,0,8,0,53.084550924029614,33.690549221225545,19.39400170280407,0.5756510995251322,108,69,topcow_mr_001,TopBrain-MR
junction_only,1,130,0,31.38760485816551,18.785707470177467,12.601897387988043,0.6708236784797008,64,39,topcow_mr_001,TopBrain-MR
junction_only,2,8,0,96.17480628176608,57.93099592613735,38.24381035562873,0.6601614514687439,194,117,topcow_mr_001,TopBrain-MR
junction_only,2,134,0,22.858347251365647,17.464515217591295,5.393832033774352,0.30884521938183346,47,36,topcow_mr_001,TopBrain-MR
junction_only,2,136,0,3.1921308314299957,2.5596461029671644,0.6324847284628312,0.24709850620742035,8,7,topcow_mr_001,TopBrain-MR
junction_only,3,5,0,7.047432403400223,6.244668402519007,0.8027640008812158,0.12855190206054698,16,14,topcow_mr_001,TopBrain-MR
junction_only,3,11,0,10.500959572549155,7.009097098551399,3.491862473997756,0.4981900557090919,23,16,topcow_mr_001,TopBrain-MR
junction_only,3,137,0,55.92900241415156,6.880103222178167,49.0488991919734,7.129093504565915,113,15,topcow_mr_001,TopBrain-MR
junction_only,4,6,0,16.41924001222466,12.852795689827042,3.5664443223976168,0.2774839348936706,34,27,topcow_mr_001,TopBrain-MR
junction_only,4,7,0,2.288708394758247,1.9933685552466063,0.2953398395116409,0.1481611810993494,6,5,topcow_mr_001,TopBrain-MR
junction_only,4,131,0,28.850735297846647,20.596660365170198,8.254074932676449,0.40074821773700897,59,43,topcow_mr_001,TopBrain-MR
junction_only,5,12,0,4.687889514122695,4.3937969151642875,0.29409259895840734,0.0669335894755188,11,10,topcow_mr_001,TopBrain-MR
junction_only,5,14,0,10.617206755000161,9.388011528960522,1.2291952260396393,0.13093243678363278,23,20,topcow_mr_001,TopBrain-MR
junction_only,6,9,0,5.004540490275245,3.384895694387737,1.619644795887508,0.47849178885273475,12,8,topcow_mr_001,TopBrain-MR
junction_only,6,10,0,20.0511606667038,14.623431363807585,5.427729302896216,0.37116660022281994,42,31,topcow_mr_001,TopBrain-MR
junction_only,7,10,0,2.008270397201465,1.9184918416301198,0.08977855557134529,0.046796422910540765,6,5,topcow_mr_001,TopBrain-MR
junction_only,7,135,0,31.058975704969058,13.779789310061087,17.27918639490797,1.2539514216151226,64,29,topcow_mr_001,TopBrain-MR
junction_only,8,144,0,29.666704596340665,19.419414197416987,10.247290398923678,0.5276827763572132,61,40,topcow_mr_001,TopBrain-MR
junction_only,9,12,0,25.753364091469283,17.572219774669147,8.181144316800136,0.4655726152818488,53,37,topcow_mr_001,TopBrain-MR
junction_only,9,13,0,3.5045856784636067,2.2232859828369023,1.2812996956267044,0.5763089883703455,9,6,topcow_mr_001,TopBrain-MR
junction_only,10,132,0,82.34318201160909,26.629066232744318,55.714115778864766,2.0922294192334894,166,55,topcow_mr_001,TopBrain-MR
junction_only,11,22,0,25.853047546845907,20.523431137539593,5.329616409306315,0.25968447349711743,53,43,topcow_mr_001,TopBrain-MR
junction_only,11,139,0,39.382899066217306,5.204661401940277,34.17823766427703,6.566851332833202,80,12,topcow_mr_001,TopBrain-MR
junction_only,12,13,0,24.43771839614837,17.133648034853955,7.304070361294414,0.4262997784497604,50,36,topcow_mr_001,TopBrain-MR
junction_only,12,21,0,24.528206059729335,18.276938946910285,6.2512671128190505,0.3420303110371678,51,38,topcow_mr_001,TopBrain-MR
junction_only,13,140,0,16.08627485722432,11.195901603288858,4.890373253935463,0.43680030668534003,34,24,topcow_mr_001,TopBrain-MR
junction_only,14,16,0,0.8396892780969148,0.8396892780969148,0.0,0.0,3,3,topcow_mr_001,TopBrain-MR
junction_only,14,142,0,38.07545937176008,18.00408955254714,20.071369819212943,1.114822816262505,78,38,topcow_mr_001,TopBrain-MR
junction_only,15,16,0,3.5045856783624703,2.183284461740321,1.3213012166221492,0.6051896762774214,9,6,topcow_mr_001,TopBrain-MR
junction_only,15,17,0,3.226072934972367,2.2479984974731266,0.9780744374992403,0.43508678435445997,8,6,topcow_mr_001,TopBrain-MR
junction_only,15,18,0,5.0417751999382645,4.453961728415285,0.5878134715229795,0.13197542039323334,12,10,topcow_mr_001,TopBrain-MR
junction_only,16,17,0,1.868863755242265,1.6010502888208908,0.26781346642137405,0.16727361300974994,5,5,topcow_mr_001,TopBrain-MR
junction_only,17,19,0,4.684806580857291,4.261832308918347,0.4229742719389442,0.09924704711018888,11,10,topcow_mr_001,TopBrain-MR
junction_only,18,19,0,2.47819359363095,2.064045639060161,0.4141479545707889,0.2006486420326279,6,6,topcow_mr_001,TopBrain-MR
junction_only,18,20,0,9.142336655077592,4.323020703665071,4.819315951412522,1.114802884780702,20,10,topcow_mr_001,TopBrain-MR
junction_only,19,20,0,3.286166562132619,3.061603082351194,0.22456347978142466,0.07334833214531797,8,8,topcow_mr_001,TopBrain-MR
junction_only,20,21,0,10.579654449843932,8.376814698299338,2.2028397515445945,0.2629686618222336,23,18,topcow_mr_001,TopBrain-MR
junction_only,21,23,0,18.935990589744417,15.747703551309874,3.1882870384345434,0.20246044307643485,39,33,topcow_mr_001,TopBrain-MR
junction_only,22,141,0,12.058526161120287,8.888704335324165,3.169821825796122,0.3566123594863076,26,19,topcow_mr_001,TopBrain-MR
junction_only,22,143,0,5.487261150426733,2.2479984974377683,3.2392626529889643,1.440954100583707,12,6,topcow_mr_001,TopBrain-MR
junction_only,23,24,0,5.417106068238224,4.79007866692107,0.6270274013171546,0.13090127426241008,12,11,topcow_mr_001,TopBrain-MR
junction_only,23,147,0,4.562137473405379,4.251066299240503,0.3110711741648755,0.07317485832212298,11,10,topcow_mr_001,TopBrain-MR
junction_only,24,25,0,4.692085643800995,3.740638705172321,0.9514469386286741,0.25435413939150897,11,9,topcow_mr_001,TopBrain-MR
junction_only,24,52,0,21.29353179338533,14.278848584601684,7.014683208783646,0.4912639256044975,44,30,topcow_mr_001,TopBrain-MR
junction_only,25,30,0,5.52813539031596,4.6877895912250365,0.8403457990909233,0.17926269571995018,13,11,topcow_mr_001,TopBrain-MR
junction_only,25,149,0,9.98343967152377,7.922249005703781,2.061190665819989,0.2601774653051165,21,17,topcow_mr_001,TopBrain-MR
junction_only,26,27,0,2.671140597552426,2.5770595379647285,0.09408105958769752,0.036507134663252463,7,7,topcow_mr_001,TopBrain-MR
junction_only,26,34,0,5.282196095423037,3.9047808601473952,1.3774152352756421,0.3527509698005558,12,9,topcow_mr_001,TopBrain-MR
junction_only,26,148,0,22.356716275866514,14.257102586820281,8.099613689046233,0.568110781256058,46,30,topcow_mr_001,TopBrain-MR
junction_only,27,35,0,4.735742277611489,3.720834768397081,1.0149075092144075,0.2727633911171028,11,9,topcow_mr_001,TopBrain-MR
junction_only,27,150,0,73.04099184389463,43.72713779653157,29.31385404736306,0.6703812672067512,148,89,topcow_mr_001,TopBrain-MR
junction_only,28,29,0,8.43067029352855,6.698099124075306,1.7325711694532444,0.25866609874819246,18,15,topcow_mr_001,TopBrain-MR
junction_only,28,49,0,13.471888896255718,8.676846705026286,4.795042191229433,0.5526249747447747,28,19,topcow_mr_001,TopBrain-MR
junction_only,28,145,0,91.55758205900051,53.64495152631431,37.9126305326862,0.7067324967958826,185,109,topcow_mr_001,TopBrain-MR
junction_only,29,31,0,12.792450359981007,7.216264409620536,5.576185950360471,0.7727247276203523,27,16,topcow_mr_001,TopBrain-MR
junction_only,29,45,0,7.106546079305765,5.363120431258403,1.7434256480473627,0.32507672919033914,16,12,topcow_mr_001,TopBrain-MR
junction_only,30,33,0,5.032617268159766,4.4241802401514745,0.6084370280082911,0.13752537079896626,12,10,topcow_mr_001,TopBrain-MR
junction_only,30,37,0,22.908620593528443,15.440595232321591,7.468025361206852,0.48366175324472815,47,32,topcow_mr_001,TopBrain-MR
junction_only,31,36,0,7.028090203699095,5.861015919464876,1.1670742842342188,0.19912491285994927,16,13,topcow_mr_001,TopBrain-MR
junction_only,31,151,0,3.7060112017426134,3.3370808572924213,0.3689303444501921,0.11055481129382282,9,8,topcow_mr_001,TopBrain-MR
junction_only,32,67,0,27.762068272699473,18.668089047236748,9.093979225462725,0.48714033892016473,57,39,topcow_mr_001,TopBrain-MR
junction_only,32,146,0,76.92832759680027,38.17958558452255,38.748742012277724,1.0149073495440428,155,78,topcow_mr_001,TopBrain-MR
junction_only,32,154,0,35.519101915008164,24.60444122732017,10.914660687687995,0.44360530632854295,73,51,topcow_mr_001,TopBrain-MR
junction_only,33,36,0,3.1949132238199556,2.4720668212609813,0.7228464025589743,0.292405689175609,8,6,topcow_mr_001,TopBrain-MR
junction_only,33,46,0,5.126096400933984,4.915448103675249,0.2106482972587349,0.04285434263892127,12,11,topcow_mr_001,TopBrain-MR
junction_only,33,46,1,5.360095372240927,4.915448103675249,0.44464726856567793,0.0904591522862825,12,11,topcow_mr_001,TopBrain-MR
junction_only,34,35,0,1.938841111569324,1.895382860103698,0.0434582514656261,0.022928481828335446,5,5,topcow_mr_001,TopBrain-MR
junction_only,34,58,0,7.9195723162108065,6.086576649541032,1.8329956666697749,0.30115379665973563,17,14,topcow_mr_001,TopBrain-MR
junction_only,35,37,0,1.0291744773899207,0.8947998764583226,0.13437460093159814,0.15017279781425735,4,3,topcow_mr_001,TopBrain-MR
junction_only,36,45,0,5.834337512128404,5.238920790507263,0.5954167216211417,0.11365255277384906,13,12,topcow_mr_001,TopBrain-MR
junction_only,37,58,0,9.253922577599196,5.6744165753292055,3.5795060022699907,0.6308148079632879,20,13,topcow_mr_001,TopBrain-MR
junction_only,38,39,0,1.2694176457930886,1.236166180043564,0.033251465749524645,0.026898863831036717,4,4,topcow_mr_001,TopBrain-MR
junction_only,38,40,0,2.071146417413853,1.8482983160243398,0.22284810138951316,0.12056933637685494,6,5,topcow_mr_001,TopBrain-MR
junction_only,38,48,0,3.8799165453943973,3.3894907714273077,0.49042577396708964,0.14469010451401004,9,8,topcow_mr_001,TopBrain-MR
junction_only,39,48,0,5.467485165154759,2.9138896518145674,2.5535955133401917,0.8763528542510147,12,7,topcow_mr_001,TopBrain-MR
junction_only,39,53,0,16.99507582453738,11.603411855161921,5.391663969375459,0.4646619491470443,35,25,topcow_mr_001,TopBrain-MR
junction_only,40,43,0,3.1631969147241072,1.931702833517731,1.2314940812063762,0.6375173550704804,8,5,topcow_mr_001,TopBrain-MR
junction_only,40,44,0,1.3388469314816707,1.271314903903882,0.06753202757778864,0.05311982685832999,4,4,topcow_mr_001,TopBrain-MR
junction_only,41,47,0,1.0892681050701019,0.8947998764572043,0.1944682286128976,0.21733153270299815,4,3,topcow_mr_001,TopBrain-MR
junction_only,41,50,0,11.994483932333074,8.550704017310728,3.443779915022345,0.40274811384541925,25,19,topcow_mr_001,TopBrain-MR
junction_only,41,152,0,10.826768479859137,8.439006176524625,2.3877623033345117,0.2829435425674551,23,18,topcow_mr_001,TopBrain-MR
junction_only,42,43,0,1.3388469315852682,1.3388469315852682,0.0,0.0,4,4,topcow_mr_001,TopBrain-MR
junction_only,42,48,0,2.0082703975518887,1.9184918419962136,0.08977855555567515,0.046796422893442956,6,5,topcow_mr_001,TopBrain-MR
junction_only,42,56,0,13.702417533184196,10.477841580452772,3.224575952731424,0.3077519284837367,29,22,topcow_mr_001,TopBrain-MR
junction_only,43,44,0,2.8034459033971935,2.677693863170094,0.1257520402270993,0.04696281451615336,7,7,topcow_mr_001,TopBrain-MR
junction_only,44,51,0,5.234343331910195,4.5620729016147665,0.6722704302954288,0.14736073815424466,12,11,topcow_mr_001,TopBrain-MR
junction_only,45,49,0,2.882458377477665,2.2430192426735536,0.6394391348041113,0.28507964739613006,7,6,topcow_mr_001,TopBrain-MR
junction_only,46,49,0,1.5662926370973063,1.3388469314090747,0.22744570568823153,0.1698817843566743,5,4,topcow_mr_001,TopBrain-MR
junction_only,47,55,0,10.24635550238448,9.392841899954805,0.8535136024296754,0.09086851578261765,22,20,topcow_mr_001,TopBrain-MR
junction_only,47,153,0,11.17402256875123,8.698272461598943,2.4757501071522867,0.28462549524428066,24,19,topcow_mr_001,TopBrain-MR
junction_only,48,53,0,10.197522787679087,9.248866981408815,0.9486558062702724,0.10256994810036399,22,20,topcow_mr_001,TopBrain-MR
junction_only,50,54,0,13.728446244520192,10.773128986013496,2.955317258506696,0.27432301816338744,29,23,topcow_mr_001,TopBrain-MR
junction_only,50,55,0,2.8980382329916354,2.1407960078773827,0.7572422251142528,0.35371993516797745,7,6,topcow_mr_001,TopBrain-MR
junction_only,51,52,0,1.3260494685608089,1.1141546665693924,0.21189480199141641,0.19018436878594636,4,4,topcow_mr_001,TopBrain-MR
junction_only,51,56,0,4.549340010700563,3.2079148959618733,1.3414251147386898,0.4181610666876722,11,8,topcow_mr_001,TopBrain-MR
junction_only,52,57,0,2.4506734139617947,2.1630063060294074,0.28766710793238737,0.13299411431696323,6,6,topcow_mr_001,TopBrain-MR
junction_only,53,54,0,4.3952106522768215,3.0432883243541333,1.3519223279226882,0.4442307740294709,10,8,topcow_mr_001,TopBrain-MR
junction_only,54,55,0,14.012824312370748,9.669426532100557,4.343397780270191,0.4491887668675057,30,21,topcow_mr_001,TopBrain-MR
junction_only,56,57,0,2.6966127094102332,2.163006306036211,0.5336064033740224,0.24669664710866052,7,6,topcow_mr_001,TopBrain-MR
junction_only,57,75,0,21.120483589375304,14.729790609400359,6.390692979974945,0.43386176690770395,44,31,topcow_mr_001,TopBrain-MR
junction_only,58,59,0,1.509112743872345,1.2270879764141525,0.2820247674581926,0.22983255714259146,5,4,topcow_mr_001,TopBrain-MR
junction_only,59,60,0,2.3680214091650686,2.1767471315506195,0.19127427761444915,0.08787161119546014,6,6,topcow_mr_001,TopBrain-MR
junction_only,59,61,0,20.583045929114736,17.544047568337874,3.038998360776862,0.1732210511251354,43,37,topcow_mr_001,TopBrain-MR
junction_only,60,68,0,12.733213870758814,9.019552246821217,3.713661623937597,0.41173458751751363,27,20,topcow_mr_001,TopBrain-MR
junction_only,60,158,0,24.22379594815378,18.013585875942482,6.2102100722112965,0.34475146231185205,50,38,topcow_mr_001,TopBrain-MR
junction_only,61,67,0,10.372936656384542,9.166937660561674,1.2059989958228687,0.13155963752337496,22,20,topcow_mr_001,TopBrain-MR
junction_only,61,155,0,9.341705583685634,7.939580405837475,1.4021251778481592,0.1765994052805693,20,17,topcow_mr_001,TopBrain-MR
junction_only,62,65,0,3.03658773558615,2.183284461271008,0.8533032743151421,0.39083467566951313,8,6,topcow_mr_001,TopBrain-MR
junction_only,62,66,0,7.748263110673668,4.41381024209904,3.334452868574628,0.7554590446074295,17,10,topcow_mr_001,TopBrain-MR
junction_only,62,156,0,15.871495271777736,10.155312671267323,5.716182600510413,0.5628760812735337,33,22,topcow_mr_001,TopBrain-MR
junction_only,63,64,0,2.9617713916502613,1.9028870577231134,1.0588843339271479,0.5564619979044625,7,5,topcow_mr_001,TopBrain-MR
junction_only,63,69,0,9.408909074573746,6.643377605334668,2.765531469239078,0.41628394975145494,20,15,topcow_mr_001,TopBrain-MR
junction_only,63,70,0,8.070301144938263,5.85839588615412,2.2119052587841432,0.3775615888321607,18,13,topcow_mr_001,TopBrain-MR
junction_only,64,72,0,11.35677677696735,8.269183922339721,3.08759285462763,0.3733854372601756,24,18,topcow_mr_001,TopBrain-MR
junction_only,64,73,0,11.972659879473913,8.302839142992568,3.669820736481345,0.4419958851760486,25,18,topcow_mr_001,TopBrain-MR
junction_only,65,67,0,39.06552663422868,26.59173138196001,12.473795252268673,0.4690854865031831,80,55,topcow_mr_001,TopBrain-MR
junction_only,65,74,0,8.442054018807651,7.4482940102959665,0.9937600085116847,0.13342115753459582,18,16,topcow_mr_001,TopBrain-MR
junction_only,66,66,0,18.874875229877016,0.0,18.874875229877016,nan,39,1,topcow_mr_001,TopBrain-MR
junction_only,66,74,0,6.759592529397304,5.531079615206655,1.2285129141906497,0.22211087159423387,15,13,topcow_mr_001,TopBrain-MR
junction_only,68,71,0,1.884443610903566,1.7396544924193198,0.14478911848424625,0.08322866357381661,5,5,topcow_mr_001,TopBrain-MR
junction_only,68,72,0,16.68152483665961,9.482096886852286,7.199427949807323,0.7592653856753907,35,20,topcow_mr_001,TopBrain-MR
junction_only,69,70,0,14.756029257377463,7.500037363530706,7.255991893846757,0.9674607661462287,31,17,topcow_mr_001,TopBrain-MR
junction_only,69,157,0,10.64229146775208,4.766310859704648,5.875980608047433,1.2328152277528008,23,11,topcow_mr_001,TopBrain-MR
junction_only,70,73,0,8.42703076284982,6.632444897613221,1.7945858652365985,0.2705768224146733,18,15,topcow_mr_001,TopBrain-MR
junction_only,71,159,0,68.95924923895353,41.164490593407,27.79475864554653,0.6752120151341846,139,84,topcow_mr_001,TopBrain-MR
junction_only,71,160,0,17.52626738356446,11.320574003111561,6.205693380452898,0.5481783325427851,37,24,topcow_mr_001,TopBrain-MR
junction_only,72,75,0,3.024647412043416,2.601024330417918,0.423623081625498,0.16286778892123344,8,7,topcow_mr_001,TopBrain-MR
junction_only,73,161,0,80.2566791048131,50.7480504580046,29.508628646808504,0.5814731478449148,162,103,topcow_mr_001,TopBrain-MR
junction_only,74,77,0,37.98421456327445,14.176034692412806,23.808179870861643,1.67946681758645,77,30,topcow_mr_001,TopBrain-MR
junction_only,75,78,0,16.768372971088397,12.628020849201885,4.140352121886512,0.3278702317115821,35,27,topcow_mr_001,TopBrain-MR
junction_only,76,77,0,1.4490191165464428,1.2270879768892302,0.22193113965721256,0.18086000664746663,4,4,topcow_mr_001,TopBrain-MR
junction_only,76,163,0,3.700315074794518,3.1293830455707683,0.5709320292237496,0.18244236033419722,9,8,topcow_mr_001,TopBrain-MR
junction_only,76,164,0,10.26416968019096,9.143444410746367,1.120725269444593,0.12257145328377511,22,20,topcow_mr_001,TopBrain-MR
junction_only,77,162,0,2.7085530333394066,2.3950393324484884,0.3135137008909181,0.13090127441473284,7,6,topcow_mr_001,TopBrain-MR
junction_only,78,86,0,18.08714337692183,14.861978854786923,3.2251645221349072,0.21700774531085462,38,31,topcow_mr_001,TopBrain-MR
junction_only,78,166,0,60.539642016377215,17.496337873885906,43.04330414249131,2.4601321975346297,123,36,topcow_mr_001,TopBrain-MR
junction_only,79,80,0,1.4017229517439582,1.3713664232625022,0.03035652848145598,0.022135971806307844,4,4,topcow_mr_001,TopBrain-MR
junction_only,79,81,0,22.78123531104844,3.22645030443094,19.5547850066175,6.060773655730131,47,8,topcow_mr_001,TopBrain-MR
junction_only,79,81,1,3.403440083054912,3.22645030443094,0.17698977862397225,0.0548558824479364,8,8,topcow_mr_001,TopBrain-MR
junction_only,80,82,0,5.5748749568500005,1.4569448260481046,4.117930130801896,2.826414602103767,13,4,topcow_mr_001,TopBrain-MR
junction_only,80,82,1,1.7458941077523786,1.4569448260481046,0.28894928170427403,0.1983254798248164,5,4,topcow_mr_001,TopBrain-MR
junction_only,81,83,0,2.1657387469773948,1.8320957598703158,0.33364298710707896,0.18211001543428917,6,5,topcow_mr_001,TopBrain-MR
junction_only,82,89,0,19.90399479538451,13.16884434427888,6.73515045110563,0.5114458243279087,41,28,topcow_mr_001,TopBrain-MR
junction_only,83,86,0,10.336080818259557,7.602843642721173,2.7332371755383837,0.3595019579490019,22,17,topcow_mr_001,TopBrain-MR
junction_only,83,94,0,16.197003641154843,12.687154472917301,3.509849168237542,0.2766458921683234,34,27,topcow_mr_001,TopBrain-MR
junction_only,84,87,0,6.869764714337323,5.246700025780113,1.6230646885572098,0.30934962558982626,15,12,topcow_mr_001,TopBrain-MR
junction_only,84,94,0,50.52108752135649,19.302141176448636,31.218946344907856,1.6173825514756581,103,40,topcow_mr_001,TopBrain-MR
junction_only,84,168,0,52.88360557017661,18.973381454637828,33.91022411553878,1.7872525356965199,107,39,topcow_mr_001,TopBrain-MR
junction_only,85,88,0,8.271487666459581,6.796068958115425,1.4754187083441561,0.2170988430866798,18,15,topcow_mr_001,TopBrain-MR
junction_only,85,95,0,17.362122954282903,9.247731267648657,8.114391686634246,0.8774467436160074,36,20,topcow_mr_001,TopBrain-MR
junction_only,85,95,1,11.343987842309442,9.247731267648657,2.096256574660785,0.22667792932025616,24,20,topcow_mr_001,TopBrain-MR
junction_only,86,97,0,16.76473344122008,13.014375156752244,3.7503582844678363,0.2881704453188472,35,28,topcow_mr_001,TopBrain-MR
junction_only,87,89,0,2.6167430963570952,2.461757396228927,0.15498570012816826,0.06295734111151041,7,6,topcow_mr_001,TopBrain-MR
junction_only,87,170,0,20.804689753009068,16.13388568136576,4.670804071643307,0.2895027375232967,43,34,topcow_mr_001,TopBrain-MR
junction_only,88,90,0,3.6303377181050944,3.12440545016759,0.5059322679375042,0.1619291337205824,9,8,topcow_mr_001,TopBrain-MR
junction_only,88,180,0,45.16087394396221,30.928945957265995,14.231927986696213,0.4601491433416524,92,63,topcow_mr_001,TopBrain-MR
junction_only,89,167,0,48.04569136097617,9.005224009003882,39.04046735197229,4.335313292921713,98,20,topcow_mr_001,TopBrain-MR
junction_only,90,91,0,3.823284722157255,3.4635830082683916,0.3597017138888634,0.10385248831345181,9,8,topcow_mr_001,TopBrain-MR
junction_only,90,101,0,16.53159160634729,12.128351711091542,4.40323989525575,0.3630534470095328,35,26,topcow_mr_001,TopBrain-MR
junction_only,91,96,0,37.13952170173007,25.702059543475773,11.437462158254295,0.44500177656609574,76,53,topcow_mr_001,TopBrain-MR
junction_only,91,105,0,20.671705031548267,15.442526116626576,5.229178914921691,0.33862198939664195,43,32,topcow_mr_001,TopBrain-MR
junction_only,92,121,0,106.08562404924106,58.270856061657085,47.81476798758398,0.8205605892762344,214,118,topcow_mr_001,TopBrain-MR
junction_only,92,122,0,46.72211331638205,31.742871050049327,14.979242266332722,0.4718931139755691,95,65,topcow_mr_001,TopBrain-MR
junction_only,92,165,0,32.88525094239468,21.03319293334925,11.852058009045425,0.5634930486589772,67,44,topcow_mr_001,TopBrain-MR
junction_only,93,93,0,14.05506720839264,0.0,14.05506720839264,nan,30,1,topcow_mr_001,TopBrain-MR
junction_only,93,100,0,3.0374448742592666,2.8374974937765245,0.19994738048274208,0.0704660994137567,8,7,topcow_mr_001,TopBrain-MR
junction_only,94,106,0,4.264961942928858,3.5137331210394134,0.7512288218894447,0.21379791691954686,10,9,topcow_mr_001,TopBrain-MR
junction_only,95,98,0,1.326049468522443,1.1141546663451252,0.21189480217731793,0.1901843689910827,4,4,topcow_mr_001,TopBrain-MR
junction_only,96,97,0,11.142731515981826,8.959776524944223,2.1829549910376027,0.2436394462473708,24,19,topcow_mr_001,TopBrain-MR
junction_only,96,99,0,5.077670583505359,4.890899777699332,0.18677080580602734,0.03818741219307583,12,11,topcow_mr_001,TopBrain-MR
junction_only,97,109,0,2.724990028221202,2.351901553993909,0.37308847422729263,0.15863269174414552,7,6,topcow_mr_001,TopBrain-MR
junction_only,97,113,0,8.093942791091276,5.808146370579927,2.285796420511349,0.39355007168717726,18,13,topcow_mr_001,TopBrain-MR
junction_only,98,172,0,39.95253706498923,16.39545728492529,23.55707978006394,1.4368052912878109,81,34,topcow_mr_001,TopBrain-MR
junction_only,98,174,0,16.5260732060704,12.8417372920095,3.6843359140609007,0.2869032304806143,35,27,topcow_mr_001,TopBrain-MR
junction_only,99,103,0,2.42811503642539,2.1767471311771436,0.25136790524824626,0.11547868911733043,6,6,topcow_mr_001,TopBrain-MR
junction_only,99,105,0,12.246388547506434,10.383891015325965,1.8624975321804698,0.17936412558948678,26,22,topcow_mr_001,TopBrain-MR
junction_only,100,104,0,1.4017229516534129,1.37136642316577,0.03035652848764281,0.022135971812380684,4,4,topcow_mr_001,TopBrain-MR
junction_only,100,114,0,9.206069813727316,6.450557089686039,2.755512724041277,0.4271743797829705,20,14,topcow_mr_001,TopBrain-MR
junction_only,101,104,0,20.788252755367047,12.409776605551805,8.378476149815242,0.6751512469666,43,26,topcow_mr_001,TopBrain-MR
junction_only,101,107,0,1.1365642694463873,1.0703980035876803,0.066166265858707,0.06181463870161924,4,4,topcow_mr_001,TopBrain-MR
junction_only,102,103,0,7.8561396972463555,6.752929120857266,1.1032105763890891,0.16336771149895313,17,15,topcow_mr_001,TopBrain-MR
junction_only,102,108,0,1.7458941077003949,1.456944825906922,0.2889492817934729,0.19832547990525803,5,4,topcow_mr_001,TopBrain-MR
junction_only,102,109,0,6.3780089376460865,5.600250289794941,0.7777586478511456,0.13887926567646747,14,13,topcow_mr_001,TopBrain-MR
junction_only,103,104,0,7.974913215516393,7.363658123541702,0.6112550919746909,0.08300970546425847,17,16,topcow_mr_001,TopBrain-MR
junction_only,105,107,0,5.769413424457511,4.336187251646503,1.4332261728110076,0.33052681760152175,13,10,topcow_mr_001,TopBrain-MR
junction_only,106,108,0,7.328604725800013,5.351990018678682,1.976614707121331,0.36932331716293526,16,12,topcow_mr_001,TopBrain-MR
junction_only,106,110,0,1.9289573830326021,1.6010502891467453,0.3279070938858568,0.20480749175006221,5,5,topcow_mr_001,TopBrain-MR
junction_only,107,116,0,16.1788191167955,12.893006329922772,3.285812786872727,0.25485233643660277,34,27,topcow_mr_001,TopBrain-MR
junction_only,108,112,0,7.576769815462613,6.520531810987361,1.0562380044752517,0.16198648133200544,17,15,topcow_mr_001,TopBrain-MR
junction_only,109,113,0,8.99043309000929,5.870658406343452,3.119774683665838,0.5314181932804696,19,13,topcow_mr_001,TopBrain-MR
junction_only,110,111,0,5.55414704523006,4.493947690259575,1.060199354970485,0.23591715525937657,13,10,topcow_mr_001,TopBrain-MR
junction_only,110,113,0,12.031887840826142,10.808215481773338,1.223672359052804,0.11321687295339082,26,23,topcow_mr_001,TopBrain-MR
junction_only,111,112,0,0.593749982700761,0.593749982700761,0.0,0.0,3,3,topcow_mr_001,TopBrain-MR
junction_only,111,173,0,13.569820215679213,9.221116791493303,4.34870342418591,0.47160268354888324,29,20,topcow_mr_001,TopBrain-MR
junction_only,112,114,0,14.161513603202335,11.254437193190611,2.907076410011724,0.2583049121079659,30,24,topcow_mr_001,TopBrain-MR
junction_only,114,115,0,2.1501588915971035,1.991497984725374,0.1586609068717295,0.07966912750534806,6,5,topcow_mr_001,TopBrain-MR
junction_only,115,116,0,1.310469613233571,1.2240469470397153,0.08642266619385564,0.07060404537821341,4,4,topcow_mr_001,TopBrain-MR
junction_only,115,117,0,1.152144125001001,1.0320228195499712,0.12012130545102973,0.1163940401079604,4,4,topcow_mr_001,TopBrain-MR
junction_only,116,179,0,18.61159541821515,15.47552778525375,3.1360676329613995,0.20264689362967517,39,32,topcow_mr_001,TopBrain-MR
junction_only,117,118,0,2.478193593561544,1.9317028335182531,0.5464907600432909,0.28290622685889794,6,5,topcow_mr_001,TopBrain-MR
junction_only,117,120,0,2.835162212505377,1.991497984321684,0.8436642281836928,0.42363298121592113,7,5,topcow_mr_001,TopBrain-MR
junction_only,118,120,0,2.3552239458499264,1.9989697641951851,0.3562541816547413,0.17821889457051118,6,5,topcow_mr_001,TopBrain-MR
junction_only,118,178,0,14.121792434346979,10.420753560373505,3.7010388739734736,0.3551603876371508,30,22,topcow_mr_001,TopBrain-MR
junction_only,119,121,0,10.68024344634925,9.357811705533006,1.3224317408162438,0.14131848154567245,23,20,topcow_mr_001,TopBrain-MR
junction_only,119,169,0,4.1895889993891675,3.5390981645842987,0.6504908348048688,0.18380129754927982,10,9,topcow_mr_001,TopBrain-MR
junction_only,119,171,0,1.8532839002474095,1.7310637936298487,0.12222010661756078,0.07060404536639217,5,5,topcow_mr_001,TopBrain-MR
junction_only,120,177,0,9.999019525764846,7.2800279489591,2.7189915768057453,0.3734864200891574,21,16,topcow_mr_001,TopBrain-MR
junction_only,121,176,0,11.50727513307905,9.67031125167967,1.8369638813993792,0.18995912681510746,25,21,topcow_mr_001,TopBrain-MR
junction_only,122,123,0,2.4308974290458507,2.2366565124633815,0.19424091658246923,0.0868443212000123,6,6,topcow_mr_001,TopBrain-MR
junction_only,122,124,0,2.4909910569709903,2.236656512827695,0.25433454414329537,0.11371193685066676,6,6,topcow_mr_001,TopBrain-MR
junction_only,123,126,0,2.7249900282212067,2.351901553993909,0.3730884742272975,0.1586326917441476,7,6,topcow_mr_001,TopBrain-MR
junction_only,123,128,0,12.837264672834994,5.328423648526678,7.508841024308317,1.4092049580900967,27,12,topcow_mr_001,TopBrain-MR
junction_only,124,125,0,3.340564063408584,3.0725395367893458,0.26802452661923803,0.0872322466188053,8,8,topcow_mr_001,TopBrain-MR
junction_only,124,126,0,2.790648440553659,2.4973023448660974,0.29334609568756154,0.11746519050471259,7,6,topcow_mr_001,TopBrain-MR
junction_only,125,127,0,2.4626137379168007,2.0799176033596343,0.38269613455716645,0.18399581499719397,6,6,topcow_mr_001,TopBrain-MR
junction_only,125,128,0,5.079356834943741,2.9885492644494325,2.090807570494308,0.6996061919961318,12,7,topcow_mr_001,TopBrain-MR
junction_only,126,127,0,1.152144125062349,0.844116140301698,0.30802798476065096,0.36491185282934857,4,3,topcow_mr_001,TopBrain-MR
junction_only,127,128,0,2.30514538903958,2.1564075018489612,0.14873788719061887,0.06897485148938086,6,6,topcow_mr_001,TopBrain-MR
junction_only,128,129,0,15.650285236239819,12.39370385889211,3.2565813773477092,0.2627609481737947,33,26,topcow_mr_001,TopBrain-MR
junction_only,129,175,0,100.82668524437348,72.80698954598692,28.019695698386556,0.3848489804771908,203,147,topcow_mr_001,TopBrain-MR
junction_only,129,181,0,43.175885556935015,26.714853564370497,16.461031992564518,0.616175265677613,88,55,topcow_mr_001,TopBrain-MR
junction_only,133,138,0,31.083590676127375,22.39862731900469,8.684963357122687,0.3877453396330992,64,46,topcow_mr_001,TopBrain-MR
adaptive,0,1,0,11.511763274330987,9.51117319845458,2.0005900758764064,1.3659644136429652,25,21,topcow_mr_001,TopBrain-MR
adaptive,0,1,1,1.4645989719021473,1.4645989719021473,0.0,0.0,4,4,topcow_mr_001,TopBrain-MR
adaptive,0,8,0,53.084550924029614,43.70415842758476,9.380392496444856,0.278428007654297,108,89,topcow_mr_001,TopBrain-MR
adaptive,1,130,0,31.38760485816551,26.414475208877157,4.973129649288353,0.2647294309880666,64,54,topcow_mr_001,TopBrain-MR
adaptive,2,8,0,96.17480628176608,83.35274277337348,12.822063508392603,0.2213333864437765,194,168,topcow_mr_001,TopBrain-MR
adaptive,2,134,0,22.858347251365647,19.545064646879982,3.3132826044856643,0.18971512024269244,47,41,topcow_mr_001,TopBrain-MR
adaptive,2,136,0,3.1921308314299957,2.5596461029671644,0.6324847284628312,0.24709850620742035,8,7,topcow_mr_001,TopBrain-MR
adaptive,3,5,0,7.047432403400223,6.335137811529814,0.7122945918704096,0.11406443800652095,16,14,topcow_mr_001,TopBrain-MR
adaptive,3,11,0,10.500959572549155,8.350972062579737,2.1499875099694172,0.3067424348299818,23,18,topcow_mr_001,TopBrain-MR
adaptive,3,137,0,55.92900241415156,47.34206322985105,8.586939184300512,1.2480829003582854,113,96,topcow_mr_001,TopBrain-MR
adaptive,4,6,0,16.41924001222466,14.208353841312984,2.2108861709116745,0.17201597413250613,34,30,topcow_mr_001,TopBrain-MR
adaptive,4,7,0,2.288708394758247,1.9933685552466063,0.2953398395116409,0.1481611810993494,6,5,topcow_mr_001,TopBrain-MR
adaptive,4,131,0,28.850735297846647,24.918775632967723,3.9319596648789243,0.19090277720596055,59,51,topcow_mr_001,TopBrain-MR
adaptive,5,12,0,4.687889514122695,4.3937969151642875,0.29409259895840734,0.0669335894755188,11,10,topcow_mr_001,TopBrain-MR
adaptive,5,14,0,10.617206755000161,9.397248680018546,1.2199580749816157,0.12994850626442447,23,20,topcow_mr_001,TopBrain-MR
adaptive,6,9,0,5.004540490275245,3.384895694387737,1.619644795887508,0.47849178885273475,12,8,topcow_mr_001,TopBrain-MR
adaptive,6,10,0,20.0511606667038,16.6955389904117,3.3556216762921025,0.22946882936087998,42,35,topcow_mr_001,TopBrain-MR
adaptive,7,10,0,2.008270397201465,1.9184918416301198,0.08977855557134529,0.046796422910540765,6,5,topcow_mr_001,TopBrain-MR
adaptive,7,135,0,31.058975704969058,26.19180635422227,4.867169350746789,0.3532107234174549,64,54,topcow_mr_001,TopBrain-MR
adaptive,8,144,0,29.666704596340665,25.359812589866017,4.306892006474648,0.2217827974979552,61,52,topcow_mr_001,TopBrain-MR
adaptive,9,12,0,25.753364091469283,21.920770021711103,3.83259406975818,0.21810528885388586,53,45,topcow_mr_001,TopBrain-MR
adaptive,9,13,0,3.5045856784636067,2.581754899077423,0.9228307793861839,0.4150751574516996,9,7,topcow_mr_001,TopBrain-MR
adaptive,10,132,0,82.34318201160909,70.1084134189694,12.234768592639682,0.45945165653594155,166,142,topcow_mr_001,TopBrain-MR
adaptive,11,22,0,25.853047546845907,22.57660149186726,3.2764460549786456,0.15964416636873494,53,47,topcow_mr_001,TopBrain-MR
adaptive,11,139,0,39.382899066217306,31.85874177999009,7.524157286227215,1.4456574030776024,80,65,topcow_mr_001,TopBrain-MR
adaptive,12,13,0,24.43771839614837,20.224222650417445,4.213495745730924,0.24591935921408342,50,42,topcow_mr_001,TopBrain-MR
adaptive,12,21,0,24.528206059729335,20.902305588258272,3.6259004714710628,0.19838663804717807,51,43,topcow_mr_001,TopBrain-MR
adaptive,13,140,0,16.08627485722432,13.388595670829936,2.697679186394385,0.24095238436196392,34,28,topcow_mr_001,TopBrain-MR
adaptive,14,16,0,0.8396892780969148,0.8396892780969148,0.0,0.0,3,3,topcow_mr_001,TopBrain-MR
adaptive,14,142,0,38.07545937176008,32.666433312962944,5.409026058797139,0.3004331900821885,78,67,topcow_mr_001,TopBrain-MR
adaptive,15,16,0,3.5045856783624703,2.2911125984999803,1.21347307986249,0.5558016379117253,9,6,topcow_mr_001,TopBrain-MR
adaptive,15,17,0,3.226072934972367,2.424315583064118,0.801757351908249,0.3566538646753849,8,6,topcow_mr_001,TopBrain-MR
adaptive,15,18,0,5.0417751999382645,4.574572174728381,0.46720302520988355,0.10489605741989927,12,11,topcow_mr_001,TopBrain-MR
adaptive,16,17,0,1.868863755242265,1.6010502888208908,0.26781346642137405,0.16727361300974994,5,5,topcow_mr_001,TopBrain-MR
adaptive,17,19,0,4.684806580857291,4.261832308918347,0.4229742719389442,0.09924704711018888,11,10,topcow_mr_001,TopBrain-MR
adaptive,18,19,0,2.47819359363095,2.2562624539045224,0.22193113972642742,0.10752239946955881,6,6,topcow_mr_001,TopBrain-MR
adaptive,18,20,0,9.142336655077592,7.229108594043625,1.9132280610339674,0.44256740649239235,20,16,topcow_mr_001,TopBrain-MR
adaptive,19,20,0,3.286166562132619,3.061603082351194,0.22456347978142466,0.07334833214531797,8,8,topcow_mr_001,TopBrain-MR
adaptive,20,21,0,10.579654449843932,9.204971158061898,1.3746832917820342,0.16410573007674656,23,20,topcow_mr_001,TopBrain-MR
adaptive,21,23,0,18.935990589744417,16.14203193802485,2.793958651719567,0.17742006906697003,39,34,topcow_mr_001,TopBrain-MR
adaptive,22,141,0,12.058526161120287,10.715124872648111,1.343401288472176,0.15113578287596208,26,23,topcow_mr_001,TopBrain-MR
adaptive,22,143,0,5.487261150426733,4.060269824400658,1.4269913260260747,0.6347830426277135,12,10,topcow_mr_001,TopBrain-MR
adaptive,23,24,0,5.417106068238224,4.79007866692107,0.6270274013171546,0.13090127426241008,12,11,topcow_mr_001,TopBrain-MR
adaptive,23,147,0,4.562137473405379,4.251066299240503,0.3110711741648755,0.07317485832212298,11,10,topcow_mr_001,TopBrain-MR
adaptive,24,25,0,4.692085643800995,3.740638705172321,0.9514469386286741,0.25435413939150897,11,9,topcow_mr_001,TopBrain-MR
adaptive,24,52,0,21.29353179338533,18.347385484044768,2.9461463093405627,0.2063294033748413,44,38,topcow_mr_001,TopBrain-MR
adaptive,25,30,0,5.52813539031596,4.6877895912250365,0.8403457990909233,0.17926269571995018,13,11,topcow_mr_001,TopBrain-MR
adaptive,25,149,0,9.98343967152377,8.316374056426074,1.6670656150976964,0.21042832835694247,21,18,topcow_mr_001,TopBrain-MR
adaptive,26,27,0,2.671140597552426,2.5969883688418705,0.0741522287105556,0.028773968012053938,7,7,topcow_mr_001,TopBrain-MR
adaptive,26,34,0,5.282196095423037,4.175483650628925,1.1067124447941126,0.28342498194696053,12,10,topcow_mr_001,TopBrain-MR
adaptive,26,148,0,22.356716275866514,18.83509637715291,3.5216198987136025,0.2470081054175131,46,39,topcow_mr_001,TopBrain-MR
adaptive,27,35,0,4.735742277611489,3.720834768397081,1.0149075092144075,0.2727633911171028,11,9,topcow_mr_001,TopBrain-MR
adaptive,27,150,0,73.04099184389463,60.68261208857068,12.358379755323952,0.2826249413540215,148,123,topcow_mr_001,TopBrain-MR
adaptive,28,29,0,8.43067029352855,6.842466237163344,1.588204056365206,0.23711265344769927,18,15,topcow_mr_001,TopBrain-MR
adaptive,28,49,0,13.471888896255718,9.843422571380238,3.6284663248754807,0.41817799117893817,28,21,topcow_mr_001,TopBrain-MR
adaptive,28,145,0,91.55758205900051,77.55008736792122,14.007494691079287,0.2611148727426518,185,157,topcow_mr_001,TopBrain-MR
adaptive,29,31,0,12.792450359981007,9.367773225999528,3.424677133981479,0.4745775569719686,27,20,topcow_mr_001,TopBrain-MR
adaptive,29,45,0,7.106546079305765,5.363120431258403,1.7434256480473627,0.32507672919033914,16,12,topcow_mr_001,TopBrain-MR
adaptive,30,33,0,5.032617268159766,4.4241802401514745,0.6084370280082911,0.13752537079896626,12,10,topcow_mr_001,TopBrain-MR
adaptive,30,37,0,22.908620593528443,19.526062825679805,3.3825577678486383,0.21906913023456345,47,41,topcow_mr_001,TopBrain-MR
adaptive,31,36,0,7.028090203699095,5.861015919464876,1.1670742842342188,0.19912491285994927,16,13,topcow_mr_001,TopBrain-MR
adaptive,31,151,0,3.7060112017426134,3.3370808572924213,0.3689303444501921,0.11055481129382282,9,8,topcow_mr_001,TopBrain-MR
adaptive,32,67,0,27.762068272699473,22.556973924708355,5.205094347991118,0.27882309404141054,57,47,topcow_mr_001,TopBrain-MR
adaptive,32,146,0,76.92832759680027,66.11268111027665,10.815646486523619,0.2832834961652419,155,134,topcow_mr_001,TopBrain-MR
adaptive,32,154,0,35.519101915008164,30.89922380188448,4.619878113123683,0.1877660244522799,73,63,topcow_mr_001,TopBrain-MR
adaptive,33,36,0,3.1949132238199556,2.4720668212609813,0.7228464025589743,0.292405689175609,8,6,topcow_mr_001,TopBrain-MR
adaptive,33,46,0,5.126096400933984,4.9280961544780455,0.19800024645593872,0.04028121999861929,12,11,topcow_mr_001,TopBrain-MR
adaptive,33,46,1,5.360095372240927,4.99867152190342,0.36142385033750735,0.07352815912495811,12,11,topcow_mr_001,TopBrain-MR
adaptive,34,35,0,1.938841111569324,1.938841111569324,0.0,0.0,5,5,topcow_mr_001,TopBrain-MR
adaptive,34,58,0,7.9195723162108065,6.568384485336216,1.3511878308745908,0.2219947120811301,17,15,topcow_mr_001,TopBrain-MR
adaptive,35,37,0,1.0291744773899207,0.8947998764583226,0.13437460093159814,0.15017279781425735,4,3,topcow_mr_001,TopBrain-MR
adaptive,36,45,0,5.834337512128404,5.238920790507263,0.5954167216211417,0.11365255277384906,13,12,topcow_mr_001,TopBrain-MR
adaptive,37,58,0,9.253922577599196,6.8424090423037365,2.4115135352954598,0.42497999631892625,20,15,topcow_mr_001,TopBrain-MR
adaptive,38,39,0,1.2694176457930886,1.236166180043564,0.033251465749524645,0.026898863831036717,4,4,topcow_mr_001,TopBrain-MR
adaptive,38,40,0,2.071146417413853,1.8482983160243398,0.22284810138951316,0.12056933637685494,6,5,topcow_mr_001,TopBrain-MR
adaptive,38,48,0,3.8799165453943973,3.4829752248365304,0.3969413205578669,0.11710942655575242,9,8,topcow_mr_001,TopBrain-MR
adaptive,39,48,0,5.467485165154759,4.266146030133703,1.2013391350210565,0.4122802434446844,12,10,topcow_mr_001,TopBrain-MR
adaptive,39,53,0,16.99507582453738,14.2093018532065,2.7857739713308813,0.24008231424549456,35,30,topcow_mr_001,TopBrain-MR
adaptive,40,43,0,3.1631969147241072,2.888706987249303,0.27448992747480405,0.14209738822764145,8,7,topcow_mr_001,TopBrain-MR
adaptive,40,44,0,1.3388469314816707,1.271314903903882,0.06753202757778864,0.05311982685832999,4,4,topcow_mr_001,TopBrain-MR
adaptive,41,47,0,1.0892681050701019,0.8947998764572043,0.1944682286128976,0.21733153270299815,4,3,topcow_mr_001,TopBrain-MR
adaptive,41,50,0,11.994483932333074,10.203722096780997,1.7907618355520771,0.2094285841173681,25,22,topcow_mr_001,TopBrain-MR
adaptive,41,152,0,10.826768479859137,8.704593157597722,2.1221753222614144,0.2514721849789396,23,19,topcow_mr_001,TopBrain-MR
adaptive,42,43,0,1.3388469315852682,1.3388469315852682,0.0,0.0,4,4,topcow_mr_001,TopBrain-MR
adaptive,42,48,0,2.0082703975518887,1.9184918419962136,0.08977855555567515,0.046796422893442956,6,5,topcow_mr_001,TopBrain-MR
adaptive,42,56,0,13.702417533184196,12.064104484393217,1.6383130487909785,0.15635978423718286,29,26,topcow_mr_001,TopBrain-MR
adaptive,43,44,0,2.8034459033971935,2.677693863170094,0.1257520402270993,0.04696281451615336,7,7,topcow_mr_001,TopBrain-MR
adaptive,44,51,0,5.234343331910195,4.5620729016147665,0.6722704302954288,0.14736073815424466,12,11,topcow_mr_001,TopBrain-MR
adaptive,45,49,0,2.882458377477665,2.2430192426735536,0.6394391348041113,0.28507964739613006,7,6,topcow_mr_001,TopBrain-MR
adaptive,46,49,0,1.5662926370973063,1.3388469314090747,0.22744570568823153,0.1698817843566743,5,4,topcow_mr_001,TopBrain-MR
adaptive,47,55,0,10.24635550238448,9.502402277757508,0.7439532246269724,0.07920427412182378,22,21,topcow_mr_001,TopBrain-MR
adaptive,47,153,0,11.17402256875123,9.590966912235954,1.5830556565152758,0.18199655891490366,24,21,topcow_mr_001,TopBrain-MR
adaptive,48,53,0,10.197522787679087,9.31663708575599,0.8808857019230967,0.0952425528114707,22,20,topcow_mr_001,TopBrain-MR
adaptive,50,54,0,13.728446244520192,11.160879575293958,2.5675666692262347,0.23833063472642413,29,24,topcow_mr_001,TopBrain-MR
adaptive,50,55,0,2.8980382329916354,2.2172324789672424,0.680805754024393,0.3180152389668447,7,6,topcow_mr_001,TopBrain-MR
adaptive,51,52,0,1.3260494685608089,1.1141546665693924,0.21189480199141641,0.19018436878594636,4,4,topcow_mr_001,TopBrain-MR
adaptive,51,56,0,4.549340010700563,3.2079148959618733,1.3414251147386898,0.4181610666876722,11,8,topcow_mr_001,TopBrain-MR
adaptive,52,57,0,2.4506734139617947,2.1630063060294074,0.28766710793238737,0.13299411431696323,6,6,topcow_mr_001,TopBrain-MR
adaptive,53,54,0,4.3952106522768215,3.2445615484625216,1.1506491038142999,0.3780940158072266,10,8,topcow_mr_001,TopBrain-MR
adaptive,54,55,0,14.012824312370748,11.156913254483396,2.8559110578873526,0.2953547501918858,30,24,topcow_mr_001,TopBrain-MR
adaptive,56,57,0,2.6966127094102332,2.163006306036211,0.5336064033740224,0.24669664710866052,7,6,topcow_mr_001,TopBrain-MR
adaptive,57,75,0,21.120483589375304,17.673886176175028,3.4465974132002763,0.2339882150803083,44,37,topcow_mr_001,TopBrain-MR
adaptive,58,59,0,1.509112743872345,1.2270879764141525,0.2820247674581926,0.22983255714259146,5,4,topcow_mr_001,TopBrain-MR
adaptive,59,60,0,2.3680214091650686,2.1767471315506195,0.19127427761444915,0.08787161119546014,6,6,topcow_mr_001,TopBrain-MR
adaptive,59,61,0,20.583045929114736,18.701143674380837,1.8819022547338982,0.10726727953760273,43,39,topcow_mr_001,TopBrain-MR
adaptive,60,68,0,12.733213870758814,10.166821074705467,2.5663927960533464,0.2845366073418807,27,22,topcow_mr_001,TopBrain-MR
adaptive,60,158,0,24.22379594815378,21.166242797126746,3.057553151027033,0.16973595219097704,50,44,topcow_mr_001,TopBrain-MR
adaptive,61,67,0,10.372936656384542,9.166937660561674,1.2059989958228687,0.13155963752337496,22,20,topcow_mr_001,TopBrain-MR
adaptive,61,155,0,9.341705583685634,8.15671328526046,1.1849922984251737,0.1492512497957604,20,18,topcow_mr_001,TopBrain-MR
adaptive,62,65,0,3.03658773558615,2.592454747342543,0.44413298824360714,0.2034242427507835,8,7,topcow_mr_001,TopBrain-MR
adaptive,62,66,0,7.748263110673668,6.585775273643831,1.162487837029837,0.2633751278978867,17,15,topcow_mr_001,TopBrain-MR
adaptive,62,156,0,15.871495271777736,13.29122137492353,2.580273896854205,0.25408118689980247,33,28,topcow_mr_001,TopBrain-MR
adaptive,63,64,0,2.9617713916502613,1.9028870577231134,1.0588843339271479,0.5564619979044625,7,5,topcow_mr_001,TopBrain-MR
adaptive,63,69,0,9.408909074573746,7.161601486229904,2.2473075883438423,0.33827786434106083,20,16,topcow_mr_001,TopBrain-MR
adaptive,63,70,0,8.070301144938263,6.037680805440829,2.0326203394974343,0.346958515436176,18,14,topcow_mr_001,TopBrain-MR
adaptive,64,72,0,11.35677677696735,8.996671777499607,2.360104999467744,0.2854096633516364,24,19,topcow_mr_001,TopBrain-MR
adaptive,64,73,0,11.972659879473913,9.231468760685566,2.741191118788347,0.3301510569552414,25,20,topcow_mr_001,TopBrain-MR
adaptive,65,67,0,39.06552663422868,34.421278857222944,4.644247777005738,0.17465007111783717,80,70,topcow_mr_001,TopBrain-MR
adaptive,65,74,0,8.442054018807651,7.4482940102959665,0.9937600085116847,0.13342115753459582,18,16,topcow_mr_001,TopBrain-MR
adaptive,66,66,0,18.874875229877016,14.524110011987318,4.350765217889698,nan,39,31,topcow_mr_001,TopBrain-MR
adaptive,66,74,0,6.759592529397304,5.5852869025762555,1.1743056268210488,0.21231038215261233,15,13,topcow_mr_001,TopBrain-MR
adaptive,68,71,0,1.884443610903566,1.7396544924193198,0.14478911848424625,0.08322866357381661,5,5,topcow_mr_001,TopBrain-MR
adaptive,68,72,0,16.68152483665961,13.520279655426146,3.161245181233463,0.3333909386242184,35,29,topcow_mr_001,TopBrain-MR
adaptive,69,70,0,14.756029257377463,10.639390544478614,4.116638712898849,0.548882427295123,31,23,topcow_mr_001,TopBrain-MR
adaptive,69,157,0,10.64229146775208,8.56542743042018,2.0768640373319016,0.43573826770094426,23,19,topcow_mr_001,TopBrain-MR
adaptive,70,73,0,8.42703076284982,6.714366599812999,1.7126641630368198,0.2582251627379741,18,15,topcow_mr_001,TopBrain-MR
adaptive,71,159,0,68.95924923895353,57.10967924568662,11.849569993266911,0.28785902175514266,139,116,topcow_mr_001,TopBrain-MR
adaptive,71,160,0,17.52626738356446,14.148431255066477,3.3778361284979823,0.29838028774597064,37,30,topcow_mr_001,TopBrain-MR
adaptive,72,75,0,3.024647412043416,2.601024330417918,0.423623081625498,0.16286778892123344,8,7,topcow_mr_001,TopBrain-MR
adaptive,73,161,0,80.2566791048131,69.91883183665536,10.337847268157745,0.20370924941663712,162,141,topcow_mr_001,TopBrain-MR
adaptive,74,77,0,37.98421456327445,29.587611504888145,8.396603058386304,0.5923097142870477,77,61,topcow_mr_001,TopBrain-MR
adaptive,75,78,0,16.768372971088397,12.628020849201885,4.140352121886512,0.3278702317115821,35,27,topcow_mr_001,TopBrain-MR
adaptive,76,77,0,1.4490191165464428,1.2270879768892302,0.22193113965721256,0.18086000664746663,4,4,topcow_mr_001,TopBrain-MR
adaptive,76,163,0,3.700315074794518,3.2799968350487014,0.4203182397458165,0.13431345208465992,9,8,topcow_mr_001,TopBrain-MR
adaptive,76,164,0,10.26416968019096,9.143444410746367,1.120725269444593,0.12257145328377511,22,20,topcow_mr_001,TopBrain-MR
adaptive,77,162,0,2.7085530333394066,2.522275666798724,0.18627736654068272,0.07777632877128923,7,7,topcow_mr_001,TopBrain-MR
adaptive,78,86,0,18.08714337692183,15.141114262565866,2.946029114355964,0.19822589865999385,38,32,topcow_mr_001,TopBrain-MR
adaptive,78,166,0,60.539642016377215,50.2684575212856,10.271184495091617,0.5870476764410132,123,102,topcow_mr_001,TopBrain-MR
adaptive,79,80,0,1.4017229517439582,1.3713664232625022,0.03035652848145598,0.022135971806307844,4,4,topcow_mr_001,TopBrain-MR
adaptive,79,81,0,22.78123531104844,17.87953182224411,4.90170348880433,1.519224852796504,47,37,topcow_mr_001,TopBrain-MR
adaptive,79,81,1,3.403440083054912,3.22645030443094,0.17698977862397225,0.0548558824479364,8,8,topcow_mr_001,TopBrain-MR
adaptive,80,82,0,5.5748749568500005,4.879639439962167,0.6952355168878332,0.4771872650617988,13,11,topcow_mr_001,TopBrain-MR
adaptive,80,82,1,1.7458941077523786,1.4569448260481046,0.28894928170427403,0.1983254798248164,5,4,topcow_mr_001,TopBrain-MR
adaptive,81,83,0,2.1657387469773948,1.8320957598703158,0.33364298710707896,0.18211001543428917,6,5,topcow_mr_001,TopBrain-MR
adaptive,82,89,0,19.90399479538451,16.6058844534614,3.2981103419231097,0.25044797065704194,41,35,topcow_mr_001,TopBrain-MR
adaptive,83,86,0,10.336080818259557,8.483010866058045,1.853069952201512,0.2437337974161297,22,18,topcow_mr_001,TopBrain-MR
adaptive,83,94,0,16.197003641154843,13.991270596817046,2.205733044337798,0.17385561506689912,34,29,topcow_mr_001,TopBrain-MR
adaptive,84,87,0,6.869764714337323,5.30071418235881,1.5690505319785126,0.2990547437949278,15,12,topcow_mr_001,TopBrain-MR
adaptive,84,94,0,50.52108752135649,41.973524405011624,8.547563116344868,0.44282978961806135,103,85,topcow_mr_001,TopBrain-MR
adaptive,84,168,0,52.88360557017661,42.982293489006565,9.901312081170047,0.5218527917568317,107,87,topcow_mr_001,TopBrain-MR
adaptive,85,88,0,8.271487666459581,7.032979941240498,1.2385077252190833,0.1822388402548708,18,16,topcow_mr_001,TopBrain-MR
adaptive,85,95,0,17.362122954282903,13.913118171689975,3.4490047825929278,0.3729568564193234,36,29,topcow_mr_001,TopBrain-MR
adaptive,85,95,1,11.343987842309442,9.718710127584568,1.6252777147248736,0.17574880451063532,24,21,topcow_mr_001,TopBrain-MR
adaptive,86,97,0,16.76473344122008,14.03769519859809,2.7270382426219903,0.20954046658222558,35,30,topcow_mr_001,TopBrain-MR
adaptive,87,89,0,2.6167430963570952,2.461757396228927,0.15498570012816826,0.06295734111151041,7,6,topcow_mr_001,TopBrain-MR
adaptive,87,170,0,20.804689753009068,16.276206894500373,4.528482858508696,0.2806814767343357,43,34,topcow_mr_001,TopBrain-MR
adaptive,88,90,0,3.6303377181050944,3.12440545016759,0.5059322679375042,0.1619291337205824,9,8,topcow_mr_001,TopBrain-MR
adaptive,88,180,0,45.16087394396221,37.00048433146293,8.16038961249928,0.26384312041459,92,76,topcow_mr_001,TopBrain-MR
adaptive,89,167,0,48.04569136097617,38.899507671274655,9.146183689701516,1.0156531009730236,98,79,topcow_mr_001,TopBrain-MR
adaptive,90,91,0,3.823284722157255,3.4635830082683916,0.3597017138888634,0.10385248831345181,9,8,topcow_mr_001,TopBrain-MR
adaptive,90,101,0,16.53159160634729,13.221507478620609,3.3100841277266824,0.2729211855473787,35,28,topcow_mr_001,TopBrain-MR
adaptive,91,96,0,37.13952170173007,31.381396059618197,5.758125642111871,0.22403362782549918,76,64,topcow_mr_001,TopBrain-MR
adaptive,91,105,0,20.671705031548267,16.960982335890826,3.7107226956574415,0.2402924668951798,43,35,topcow_mr_001,TopBrain-MR
adaptive,92,121,0,106.08562404924106,91.44357759641132,14.642046452829746,0.25127563661218266,214,184,topcow_mr_001,TopBrain-MR
adaptive,92,122,0,46.72211331638205,38.58596878689383,8.13614452948822,0.25631407180087373,95,79,topcow_mr_001,TopBrain-MR
adaptive,92,165,0,32.88525094239468,27.343815470987863,5.541435471406814,0.2634614482435794,67,56,topcow_mr_001,TopBrain-MR
adaptive,93,93,0,14.05506720839264,10.670147815982595,3.384919392410044,nan,30,23,topcow_mr_001,TopBrain-MR
adaptive,93,100,0,3.0374448742592666,2.8374974937765245,0.19994738048274208,0.0704660994137567,8,7,topcow_mr_001,TopBrain-MR
adaptive,94,106,0,4.264961942928858,3.5137331210394134,0.7512288218894447,0.21379791691954686,10,9,topcow_mr_001,TopBrain-MR
adaptive,95,98,0,1.326049468522443,1.1141546663451252,0.21189480217731793,0.1901843689910827,4,4,topcow_mr_001,TopBrain-MR
adaptive,96,97,0,11.142731515981826,9.670313797879992,1.472417718101834,0.16433643339234963,24,21,topcow_mr_001,TopBrain-MR
adaptive,96,99,0,5.077670583505359,4.890899777699332,0.18677080580602734,0.03818741219307583,12,11,topcow_mr_001,TopBrain-MR
adaptive,97,109,0,2.724990028221202,2.351901553993909,0.37308847422729263,0.15863269174414552,7,6,topcow_mr_001,TopBrain-MR
adaptive,97,113,0,8.093942791091276,6.5884143244604605,1.5055284666308157,0.2592098012985325,18,15,topcow_mr_001,TopBrain-MR
adaptive,98,172,0,39.95253706498923,36.37073057780613,3.5818064871831012,0.2184633478003918,81,74,topcow_mr_001,TopBrain-MR
adaptive,98,174,0,16.5260732060704,13.285384362035854,3.240688844034546,0.25235595234073166,35,28,topcow_mr_001,TopBrain-MR
adaptive,99,103,0,2.42811503642539,2.1767471311771436,0.25136790524824626,0.11547868911733043,6,6,topcow_mr_001,TopBrain-MR
adaptive,99,105,0,12.246388547506434,10.660695871256255,1.5856926762501793,0.15270698372217095,26,23,topcow_mr_001,TopBrain-MR
adaptive,100,104,0,1.4017229516534129,1.37136642316577,0.03035652848764281,0.022135971812380684,4,4,topcow_mr_001,TopBrain-MR
adaptive,100,114,0,9.206069813727316,6.749527184282405,2.456542629444911,0.38082643022766827,20,15,topcow_mr_001,TopBrain-MR
adaptive,101,104,0,20.788252755367047,17.081402198927936,3.706850556439111,0.2987040519956471,43,36,topcow_mr_001,TopBrain-MR
adaptive,101,107,0,1.1365642694463873,1.0703980035876803,0.066166265858707,0.06181463870161924,4,4,topcow_mr_001,TopBrain-MR
adaptive,102,103,0,7.8561396972463555,6.752929120857266,1.1032105763890891,0.16336771149895313,17,15,topcow_mr_001,TopBrain-MR
adaptive,102,108,0,1.7458941077003949,1.456944825906922,0.2889492817934729,0.19832547990525803,5,4,topcow_mr_001,TopBrain-MR
adaptive,102,109,0,6.3780089376460865,5.731957644937713,0.646051292708373,0.11536114624834543,14,13,topcow_mr_001,TopBrain-MR
adaptive,103,104,0,7.974913215516393,7.363658123541702,0.6112550919746909,0.08300970546425847,17,16,topcow_mr_001,TopBrain-MR
adaptive,105,107,0,5.769413424457511,4.972595596330478,0.7968178281270326,0.18376001355210644,13,11,topcow_mr_001,TopBrain-MR
adaptive,106,108,0,7.328604725800013,5.705354914287419,1.6232498115125944,0.3032983630102785,16,13,topcow_mr_001,TopBrain-MR
adaptive,106,110,0,1.9289573830326021,1.6010502891467453,0.3279070938858568,0.20480749175006221,5,5,topcow_mr_001,TopBrain-MR
adaptive,107,116,0,16.1788191167955,13.564906507653946,2.6139126091415523,0.20273879824870988,34,29,topcow_mr_001,TopBrain-MR
adaptive,108,112,0,7.576769815462613,6.531434119157154,1.0453356963054583,0.16031448455538935,17,15,topcow_mr_001,TopBrain-MR
adaptive,109,113,0,8.99043309000929,7.02891090739701,1.9615221826122804,0.33412303132690996,19,16,topcow_mr_001,TopBrain-MR
adaptive,110,111,0,5.55414704523006,4.700275125586063,0.8538719196439972,0.1900048639851161,13,11,topcow_mr_001,TopBrain-MR
adaptive,110,113,0,12.031887840826142,11.282000410232147,0.7498874305939953,0.06938124354187643,26,24,topcow_mr_001,TopBrain-MR
adaptive,111,112,0,0.593749982700761,0.593749982700761,0.0,0.0,3,3,topcow_mr_001,TopBrain-MR
adaptive,111,173,0,13.569820215679213,11.393418149101931,2.176402066577282,0.23602369602183804,29,24,topcow_mr_001,TopBrain-MR
adaptive,112,114,0,14.161513603202335,11.58416423689168,2.5773493663106546,0.22900739699982994,30,25,topcow_mr_001,TopBrain-MR
adaptive,114,115,0,2.1501588915971035,1.991497984725374,0.1586609068717295,0.07966912750534806,6,5,topcow_mr_001,TopBrain-MR
adaptive,115,116,0,1.310469613233571,1.2240469470397153,0.08642266619385564,0.07060404537821341,4,4,topcow_mr_001,TopBrain-MR
adaptive,115,117,0,1.152144125001001,1.0320228195499712,0.12012130545102973,0.1163940401079604,4,4,topcow_mr_001,TopBrain-MR
adaptive,116,179,0,18.61159541821515,15.594867331131672,3.016728087083477,0.1949353927662514,39,33,topcow_mr_001,TopBrain-MR
adaptive,117,118,0,2.478193593561544,1.9317028335182531,0.5464907600432909,0.28290622685889794,6,5,topcow_mr_001,TopBrain-MR
adaptive,117,120,0,2.835162212505377,1.991497984321684,0.8436642281836928,0.42363298121592113,7,5,topcow_mr_001,TopBrain-MR
adaptive,118,120,0,2.3552239458499264,2.3552239458499264,0.0,0.0,6,6,topcow_mr_001,TopBrain-MR
adaptive,118,178,0,14.121792434346979,12.133086237965598,1.988706196381381,0.1908409199833434,30,26,topcow_mr_001,TopBrain-MR
adaptive,119,121,0,10.68024344634925,9.8415895597935,0.8386538865557505,0.08962072682653771,23,21,topcow_mr_001,TopBrain-MR
adaptive,119,169,0,4.1895889993891675,3.5390981645842987,0.6504908348048688,0.18380129754927982,10,9,topcow_mr_001,TopBrain-MR
adaptive,119,171,0,1.8532839002474095,1.7310637936298487,0.12222010661756078,0.07060404536639217,5,5,topcow_mr_001,TopBrain-MR
adaptive,120,177,0,9.999019525764846,7.8354156712691125,2.163603854495733,0.29719719067906675,21,17,topcow_mr_001,TopBrain-MR
adaptive,121,176,0,11.50727513307905,9.94784069199588,1.5594344410831695,0.16126000502954915,25,21,topcow_mr_001,TopBrain-MR
adaptive,122,123,0,2.4308974290458507,2.2366565124633815,0.19424091658246923,0.0868443212000123,6,6,topcow_mr_001,TopBrain-MR
adaptive,122,124,0,2.4909910569709903,2.236656512827695,0.25433454414329537,0.11371193685066676,6,6,topcow_mr_001,TopBrain-MR
adaptive,123,126,0,2.7249900282212067,2.351901553993909,0.3730884742272975,0.1586326917441476,7,6,topcow_mr_001,TopBrain-MR
adaptive,123,128,0,12.837264672834994,9.978592591808162,2.858672081026832,0.5364948940982314,27,21,topcow_mr_001,TopBrain-MR
adaptive,124,125,0,3.340564063408584,3.0725395367893458,0.26802452661923803,0.0872322466188053,8,8,topcow_mr_001,TopBrain-MR
adaptive,124,126,0,2.790648440553659,2.4973023448660974,0.29334609568756154,0.11746519050471259,7,6,topcow_mr_001,TopBrain-MR
adaptive,125,127,0,2.4626137379168007,2.1167551464619443,0.3458585914548564,0.16628475613466628,6,6,topcow_mr_001,TopBrain-MR
adaptive,125,128,0,5.079356834943741,3.9452306858668864,1.1341261490768542,0.379490531599381,12,9,topcow_mr_001,TopBrain-MR
adaptive,126,127,0,1.152144125062349,0.844116140301698,0.30802798476065096,0.36491185282934857,4,3,topcow_mr_001,TopBrain-MR
adaptive,127,128,0,2.30514538903958,2.1564075018489612,0.14873788719061887,0.06897485148938086,6,6,topcow_mr_001,TopBrain-MR
adaptive,128,129,0,15.650285236239819,13.80006742566464,1.8502178105751792,0.14928691468190144,33,29,topcow_mr_001,TopBrain-MR
adaptive,129,175,0,100.82668524437348,88.05686184032044,12.769823404053042,0.17539282263534967,203,178,topcow_mr_001,TopBrain-MR
adaptive,129,181,0,43.175885556935015,37.17583335557659,6.000052201358422,0.22459611043351066,88,76,topcow_mr_001,TopBrain-MR
adaptive,133,138,0,31.083590676127375,25.993350471361598,5.090240204765777,0.22725679267170237,64,53,topcow_mr_001,TopBrain-MR
dense,0,1,0,11.511763274330987,11.511763274330987,0.0,0.0,25,25,topcow_mr_001,TopBrain-MR
dense,0,1,1,1.4645989719021473,1.4645989719021473,0.0,0.0,4,4,topcow_mr_001,TopBrain-MR
dense,0,8,0,53.084550924029614,53.084550924029614,0.0,0.0,108,108,topcow_mr_001,TopBrain-MR
dense,1,130,0,31.38760485816551,31.38760485816551,0.0,0.0,64,64,topcow_mr_001,TopBrain-MR
dense,2,8,0,96.17480628176608,96.17480628176608,0.0,0.0,194,194,topcow_mr_001,TopBrain-MR
dense,2,134,0,22.858347251365647,22.858347251365647,0.0,0.0,47,47,topcow_mr_001,TopBrain-MR
dense,2,136,0,3.1921308314299957,3.1921308314299957,0.0,0.0,8,8,topcow_mr_001,TopBrain-MR
dense,3,5,0,7.047432403400223,7.047432403400223,0.0,0.0,16,16,topcow_mr_001,TopBrain-MR
dense,3,11,0,10.500959572549155,10.500959572549155,0.0,0.0,23,23,topcow_mr_001,TopBrain-MR
dense,3,137,0,55.92900241415156,55.92900241415156,0.0,0.0,113,113,topcow_mr_001,TopBrain-MR
dense,4,6,0,16.41924001222466,16.41924001222466,0.0,0.0,34,34,topcow_mr_001,TopBrain-MR
dense,4,7,0,2.288708394758247,2.288708394758247,0.0,0.0,6,6,topcow_mr_001,TopBrain-MR
dense,4,131,0,28.850735297846647,28.850735297846647,0.0,0.0,59,59,topcow_mr_001,TopBrain-MR
dense,5,12,0,4.687889514122695,4.687889514122695,0.0,0.0,11,11,topcow_mr_001,TopBrain-MR
dense,5,14,0,10.617206755000161,10.617206755000161,0.0,0.0,23,23,topcow_mr_001,TopBrain-MR
dense,6,9,0,5.004540490275245,5.004540490275245,0.0,0.0,12,12,topcow_mr_001,TopBrain-MR
dense,6,10,0,20.0511606667038,20.0511606667038,0.0,0.0,42,42,topcow_mr_001,TopBrain-MR
dense,7,10,0,2.008270397201465,2.008270397201465,0.0,0.0,6,6,topcow_mr_001,TopBrain-MR
dense,7,135,0,31.058975704969058,31.058975704969058,0.0,0.0,64,64,topcow_mr_001,TopBrain-MR
dense,8,144,0,29.666704596340665,29.666704596340665,0.0,0.0,61,61,topcow_mr_001,TopBrain-MR
dense,9,12,0,25.753364091469283,25.753364091469283,0.0,0.0,53,53,topcow_mr_001,TopBrain-MR
dense,9,13,0,3.5045856784636067,3.5045856784636067,0.0,0.0,9,9,topcow_mr_001,TopBrain-MR
dense,10,132,0,82.34318201160909,82.34318201160909,0.0,0.0,166,166,topcow_mr_001,TopBrain-MR
dense,11,22,0,25.853047546845907,25.853047546845907,0.0,0.0,53,53,topcow_mr_001,TopBrain-MR
dense,11,139,0,39.382899066217306,39.382899066217306,0.0,0.0,80,80,topcow_mr_001,TopBrain-MR
dense,12,13,0,24.43771839614837,24.43771839614837,0.0,0.0,50,50,topcow_mr_001,TopBrain-MR
dense,12,21,0,24.528206059729335,24.528206059729335,0.0,0.0,51,51,topcow_mr_001,TopBrain-MR
dense,13,140,0,16.08627485722432,16.08627485722432,0.0,0.0,34,34,topcow_mr_001,TopBrain-MR
dense,14,16,0,0.8396892780969148,0.8396892780969148,0.0,0.0,3,3,topcow_mr_001,TopBrain-MR
dense,14,142,0,38.07545937176008,38.07545937176008,0.0,0.0,78,78,topcow_mr_001,TopBrain-MR
dense,15,16,0,3.5045856783624703,3.5045856783624703,0.0,0.0,9,9,topcow_mr_001,TopBrain-MR
dense,15,17,0,3.226072934972367,3.226072934972367,0.0,0.0,8,8,topcow_mr_001,TopBrain-MR
dense,15,18,0,5.0417751999382645,5.0417751999382645,0.0,0.0,12,12,topcow_mr_001,TopBrain-MR
dense,16,17,0,1.868863755242265,1.868863755242265,0.0,0.0,5,5,topcow_mr_001,TopBrain-MR
dense,17,19,0,4.684806580857291,4.684806580857291,0.0,0.0,11,11,topcow_mr_001,TopBrain-MR
dense,18,19,0,2.47819359363095,2.47819359363095,0.0,0.0,6,6,topcow_mr_001,TopBrain-MR
dense,18,20,0,9.142336655077592,9.142336655077592,0.0,0.0,20,20,topcow_mr_001,TopBrain-MR
dense,19,20,0,3.286166562132619,3.286166562132619,0.0,0.0,8,8,topcow_mr_001,TopBrain-MR
dense,20,21,0,10.579654449843932,10.579654449843932,0.0,0.0,23,23,topcow_mr_001,TopBrain-MR
dense,21,23,0,18.935990589744417,18.935990589744417,0.0,0.0,39,39,topcow_mr_001,TopBrain-MR
dense,22,141,0,12.058526161120287,12.058526161120287,0.0,0.0,26,26,topcow_mr_001,TopBrain-MR
dense,22,143,0,5.487261150426733,5.487261150426733,0.0,0.0,12,12,topcow_mr_001,TopBrain-MR
dense,23,24,0,5.417106068238224,5.417106068238224,0.0,0.0,12,12,topcow_mr_001,TopBrain-MR
dense,23,147,0,4.562137473405379,4.562137473405379,0.0,0.0,11,11,topcow_mr_001,TopBrain-MR
dense,24,25,0,4.692085643800995,4.692085643800995,0.0,0.0,11,11,topcow_mr_001,TopBrain-MR
dense,24,52,0,21.29353179338533,21.29353179338533,0.0,0.0,44,44,topcow_mr_001,TopBrain-MR
dense,25,30,0,5.52813539031596,5.52813539031596,0.0,0.0,13,13,topcow_mr_001,TopBrain-MR
dense,25,149,0,9.98343967152377,9.98343967152377,0.0,0.0,21,21,topcow_mr_001,TopBrain-MR
dense,26,27,0,2.671140597552426,2.671140597552426,0.0,0.0,7,7,topcow_mr_001,TopBrain-MR
dense,26,34,0,5.282196095423037,5.282196095423037,0.0,0.0,12,12,topcow_mr_001,TopBrain-MR
dense,26,148,0,22.356716275866514,22.356716275866514,0.0,0.0,46,46,topcow_mr_001,TopBrain-MR
dense,27,35,0,4.735742277611489,4.735742277611489,0.0,0.0,11,11,topcow_mr_001,TopBrain-MR
dense,27,150,0,73.04099184389463,73.04099184389463,0.0,0.0,148,148,topcow_mr_001,TopBrain-MR
dense,28,29,0,8.43067029352855,8.43067029352855,0.0,0.0,18,18,topcow_mr_001,TopBrain-MR
dense,28,49,0,13.471888896255718,13.471888896255718,0.0,0.0,28,28,topcow_mr_001,TopBrain-MR
dense,28,145,0,91.55758205900051,91.55758205900051,0.0,0.0,185,185,topcow_mr_001,TopBrain-MR
dense,29,31,0,12.792450359981007,12.792450359981007,0.0,0.0,27,27,topcow_mr_001,TopBrain-MR
dense,29,45,0,7.106546079305765,7.106546079305765,0.0,0.0,16,16,topcow_mr_001,TopBrain-MR
dense,30,33,0,5.032617268159766,5.032617268159766,0.0,0.0,12,12,topcow_mr_001,TopBrain-MR
dense,30,37,0,22.908620593528443,22.908620593528443,0.0,0.0,47,47,topcow_mr_001,TopBrain-MR
dense,31,36,0,7.028090203699095,7.028090203699095,0.0,0.0,16,16,topcow_mr_001,TopBrain-MR
dense,31,151,0,3.7060112017426134,3.7060112017426134,0.0,0.0,9,9,topcow_mr_001,TopBrain-MR
dense,32,67,0,27.762068272699473,27.762068272699473,0.0,0.0,57,57,topcow_mr_001,TopBrain-MR
dense,32,146,0,76.92832759680027,76.92832759680027,0.0,0.0,155,155,topcow_mr_001,TopBrain-MR
dense,32,154,0,35.519101915008164,35.519101915008164,0.0,0.0,73,73,topcow_mr_001,TopBrain-MR
dense,33,36,0,3.1949132238199556,3.1949132238199556,0.0,0.0,8,8,topcow_mr_001,TopBrain-MR
dense,33,46,0,5.126096400933984,5.126096400933984,0.0,0.0,12,12,topcow_mr_001,TopBrain-MR
dense,33,46,1,5.360095372240927,5.360095372240927,0.0,0.0,12,12,topcow_mr_001,TopBrain-MR
dense,34,35,0,1.938841111569324,1.938841111569324,0.0,0.0,5,5,topcow_mr_001,TopBrain-MR
dense,34,58,0,7.9195723162108065,7.9195723162108065,0.0,0.0,17,17,topcow_mr_001,TopBrain-MR
dense,35,37,0,1.0291744773899207,1.0291744773899207,0.0,0.0,4,4,topcow_mr_001,TopBrain-MR
dense,36,45,0,5.834337512128404,5.834337512128404,0.0,0.0,13,13,topcow_mr_001,TopBrain-MR
dense,37,58,0,9.253922577599196,9.253922577599196,0.0,0.0,20,20,topcow_mr_001,TopBrain-MR
dense,38,39,0,1.2694176457930886,1.2694176457930886,0.0,0.0,4,4,topcow_mr_001,TopBrain-MR
dense,38,40,0,2.071146417413853,2.071146417413853,0.0,0.0,6,6,topcow_mr_001,TopBrain-MR
dense,38,48,0,3.8799165453943973,3.8799165453943973,0.0,0.0,9,9,topcow_mr_001,TopBrain-MR
dense,39,48,0,5.467485165154759,5.467485165154759,0.0,0.0,12,12,topcow_mr_001,TopBrain-MR
dense,39,53,0,16.99507582453738,16.99507582453738,0.0,0.0,35,35,topcow_mr_001,TopBrain-MR
dense,40,43,0,3.1631969147241072,3.1631969147241072,0.0,0.0,8,8,topcow_mr_001,TopBrain-MR
dense,40,44,0,1.3388469314816707,1.3388469314816707,0.0,0.0,4,4,topcow_mr_001,TopBrain-MR
dense,41,47,0,1.0892681050701019,1.0892681050701019,0.0,0.0,4,4,topcow_mr_001,TopBrain-MR
dense,41,50,0,11.994483932333074,11.994483932333074,0.0,0.0,25,25,topcow_mr_001,TopBrain-MR
dense,41,152,0,10.826768479859137,10.826768479859137,0.0,0.0,23,23,topcow_mr_001,TopBrain-MR
dense,42,43,0,1.3388469315852682,1.3388469315852682,0.0,0.0,4,4,topcow_mr_001,TopBrain-MR
dense,42,48,0,2.0082703975518887,2.0082703975518887,0.0,0.0,6,6,topcow_mr_001,TopBrain-MR
dense,42,56,0,13.702417533184196,13.702417533184196,0.0,0.0,29,29,topcow_mr_001,TopBrain-MR
dense,43,44,0,2.8034459033971935,2.8034459033971935,0.0,0.0,7,7,topcow_mr_001,TopBrain-MR
dense,44,51,0,5.234343331910195,5.234343331910195,0.0,0.0,12,12,topcow_mr_001,TopBrain-MR
dense,45,49,0,2.882458377477665,2.882458377477665,0.0,0.0,7,7,topcow_mr_001,TopBrain-MR
dense,46,49,0,1.5662926370973063,1.5662926370973063,0.0,0.0,5,5,topcow_mr_001,TopBrain-MR
dense,47,55,0,10.24635550238448,10.24635550238448,0.0,0.0,22,22,topcow_mr_001,TopBrain-MR
dense,47,153,0,11.17402256875123,11.17402256875123,0.0,0.0,24,24,topcow_mr_001,TopBrain-MR
dense,48,53,0,10.197522787679087,10.197522787679087,0.0,0.0,22,22,topcow_mr_001,TopBrain-MR
dense,50,54,0,13.728446244520192,13.728446244520192,0.0,0.0,29,29,topcow_mr_001,TopBrain-MR
dense,50,55,0,2.8980382329916354,2.8980382329916354,0.0,0.0,7,7,topcow_mr_001,TopBrain-MR
dense,51,52,0,1.3260494685608089,1.3260494685608089,0.0,0.0,4,4,topcow_mr_001,TopBrain-MR
dense,51,56,0,4.549340010700563,4.549340010700563,0.0,0.0,11,11,topcow_mr_001,TopBrain-MR
dense,52,57,0,2.4506734139617947,2.4506734139617947,0.0,0.0,6,6,topcow_mr_001,TopBrain-MR
dense,53,54,0,4.3952106522768215,4.3952106522768215,0.0,0.0,10,10,topcow_mr_001,TopBrain-MR
dense,54,55,0,14.012824312370748,14.012824312370748,0.0,0.0,30,30,topcow_mr_001,TopBrain-MR
dense,56,57,0,2.6966127094102332,2.6966127094102332,0.0,0.0,7,7,topcow_mr_001,TopBrain-MR
dense,57,75,0,21.120483589375304,21.120483589375304,0.0,0.0,44,44,topcow_mr_001,TopBrain-MR
dense,58,59,0,1.509112743872345,1.509112743872345,0.0,0.0,5,5,topcow_mr_001,TopBrain-MR
dense,59,60,0,2.3680214091650686,2.3680214091650686,0.0,0.0,6,6,topcow_mr_001,TopBrain-MR
dense,59,61,0,20.583045929114736,20.583045929114736,0.0,0.0,43,43,topcow_mr_001,TopBrain-MR
dense,60,68,0,12.733213870758814,12.733213870758814,0.0,0.0,27,27,topcow_mr_001,TopBrain-MR
dense,60,158,0,24.22379594815378,24.22379594815378,0.0,0.0,50,50,topcow_mr_001,TopBrain-MR
dense,61,67,0,10.372936656384542,10.372936656384542,0.0,0.0,22,22,topcow_mr_001,TopBrain-MR
dense,61,155,0,9.341705583685634,9.341705583685634,0.0,0.0,20,20,topcow_mr_001,TopBrain-MR
dense,62,65,0,3.03658773558615,3.03658773558615,0.0,0.0,8,8,topcow_mr_001,TopBrain-MR
dense,62,66,0,7.748263110673668,7.748263110673668,0.0,0.0,17,17,topcow_mr_001,TopBrain-MR
dense,62,156,0,15.871495271777736,15.871495271777736,0.0,0.0,33,33,topcow_mr_001,TopBrain-MR
dense,63,64,0,2.9617713916502613,2.9617713916502613,0.0,0.0,7,7,topcow_mr_001,TopBrain-MR
dense,63,69,0,9.408909074573746,9.408909074573746,0.0,0.0,20,20,topcow_mr_001,TopBrain-MR
dense,63,70,0,8.070301144938263,8.070301144938263,0.0,0.0,18,18,topcow_mr_001,TopBrain-MR
dense,64,72,0,11.35677677696735,11.35677677696735,0.0,0.0,24,24,topcow_mr_001,TopBrain-MR
dense,64,73,0,11.972659879473913,11.972659879473913,0.0,0.0,25,25,topcow_mr_001,TopBrain-MR
dense,65,67,0,39.06552663422868,39.06552663422868,0.0,0.0,80,80,topcow_mr_001,TopBrain-MR
dense,65,74,0,8.442054018807651,8.442054018807651,0.0,0.0,18,18,topcow_mr_001,TopBrain-MR
dense,66,66,0,18.874875229877016,18.874875229877016,0.0,nan,39,39,topcow_mr_001,TopBrain-MR
dense,66,74,0,6.759592529397304,6.759592529397304,0.0,0.0,15,15,topcow_mr_001,TopBrain-MR
dense,68,71,0,1.884443610903566,1.884443610903566,0.0,0.0,5,5,topcow_mr_001,TopBrain-MR
dense,68,72,0,16.68152483665961,16.68152483665961,0.0,0.0,35,35,topcow_mr_001,TopBrain-MR
dense,69,70,0,14.756029257377463,14.756029257377463,0.0,0.0,31,31,topcow_mr_001,TopBrain-MR
dense,69,157,0,10.64229146775208,10.64229146775208,0.0,0.0,23,23,topcow_mr_001,TopBrain-MR
dense,70,73,0,8.42703076284982,8.42703076284982,0.0,0.0,18,18,topcow_mr_001,TopBrain-MR
dense,71,159,0,68.95924923895353,68.95924923895353,0.0,0.0,139,139,topcow_mr_001,TopBrain-MR
dense,71,160,0,17.52626738356446,17.52626738356446,0.0,0.0,37,37,topcow_mr_001,TopBrain-MR
dense,72,75,0,3.024647412043416,3.024647412043416,0.0,0.0,8,8,topcow_mr_001,TopBrain-MR
dense,73,161,0,80.2566791048131,80.2566791048131,0.0,0.0,162,162,topcow_mr_001,TopBrain-MR
dense,74,77,0,37.98421456327445,37.98421456327445,0.0,0.0,77,77,topcow_mr_001,TopBrain-MR
dense,75,78,0,16.768372971088397,16.768372971088397,0.0,0.0,35,35,topcow_mr_001,TopBrain-MR
dense,76,77,0,1.4490191165464428,1.4490191165464428,0.0,0.0,4,4,topcow_mr_001,TopBrain-MR
dense,76,163,0,3.700315074794518,3.700315074794518,0.0,0.0,9,9,topcow_mr_001,TopBrain-MR
dense,76,164,0,10.26416968019096,10.26416968019096,0.0,0.0,22,22,topcow_mr_001,TopBrain-MR
dense,77,162,0,2.7085530333394066,2.7085530333394066,0.0,0.0,7,7,topcow_mr_001,TopBrain-MR
dense,78,86,0,18.08714337692183,18.08714337692183,0.0,0.0,38,38,topcow_mr_001,TopBrain-MR
dense,78,166,0,60.539642016377215,60.539642016377215,0.0,0.0,123,123,topcow_mr_001,TopBrain-MR
dense,79,80,0,1.4017229517439582,1.4017229517439582,0.0,0.0,4,4,topcow_mr_001,TopBrain-MR
dense,79,81,0,22.78123531104844,22.78123531104844,0.0,0.0,47,47,topcow_mr_001,TopBrain-MR
dense,79,81,1,3.403440083054912,3.403440083054912,0.0,0.0,8,8,topcow_mr_001,TopBrain-MR
dense,80,82,0,5.5748749568500005,5.5748749568500005,0.0,0.0,13,13,topcow_mr_001,TopBrain-MR
dense,80,82,1,1.7458941077523786,1.7458941077523786,0.0,0.0,5,5,topcow_mr_001,TopBrain-MR
dense,81,83,0,2.1657387469773948,2.1657387469773948,0.0,0.0,6,6,topcow_mr_001,TopBrain-MR
dense,82,89,0,19.90399479538451,19.90399479538451,0.0,0.0,41,41,topcow_mr_001,TopBrain-MR
dense,83,86,0,10.336080818259557,10.336080818259557,0.0,0.0,22,22,topcow_mr_001,TopBrain-MR
dense,83,94,0,16.197003641154843,16.197003641154843,0.0,0.0,34,34,topcow_mr_001,TopBrain-MR
dense,84,87,0,6.869764714337323,6.869764714337323,0.0,0.0,15,15,topcow_mr_001,TopBrain-MR
dense,84,94,0,50.52108752135649,50.52108752135649,0.0,0.0,103,103,topcow_mr_001,TopBrain-MR
dense,84,168,0,52.88360557017661,52.88360557017661,0.0,0.0,107,107,topcow_mr_001,TopBrain-MR
dense,85,88,0,8.271487666459581,8.271487666459581,0.0,0.0,18,18,topcow_mr_001,TopBrain-MR
dense,85,95,0,17.362122954282903,17.362122954282903,0.0,0.0,36,36,topcow_mr_001,TopBrain-MR
dense,85,95,1,11.343987842309442,11.343987842309442,0.0,0.0,24,24,topcow_mr_001,TopBrain-MR
dense,86,97,0,16.76473344122008,16.76473344122008,0.0,0.0,35,35,topcow_mr_001,TopBrain-MR
dense,87,89,0,2.6167430963570952,2.6167430963570952,0.0,0.0,7,7,topcow_mr_001,TopBrain-MR
dense,87,170,0,20.804689753009068,20.804689753009068,0.0,0.0,43,43,topcow_mr_001,TopBrain-MR
dense,88,90,0,3.6303377181050944,3.6303377181050944,0.0,0.0,9,9,topcow_mr_001,TopBrain-MR
dense,88,180,0,45.16087394396221,45.16087394396221,0.0,0.0,92,92,topcow_mr_001,TopBrain-MR
dense,89,167,0,48.04569136097617,48.04569136097617,0.0,0.0,98,98,topcow_mr_001,TopBrain-MR
dense,90,91,0,3.823284722157255,3.823284722157255,0.0,0.0,9,9,topcow_mr_001,TopBrain-MR
dense,90,101,0,16.53159160634729,16.53159160634729,0.0,0.0,35,35,topcow_mr_001,TopBrain-MR
dense,91,96,0,37.13952170173007,37.13952170173007,0.0,0.0,76,76,topcow_mr_001,TopBrain-MR
dense,91,105,0,20.671705031548267,20.671705031548267,0.0,0.0,43,43,topcow_mr_001,TopBrain-MR
dense,92,121,0,106.08562404924106,106.08562404924106,0.0,0.0,214,214,topcow_mr_001,TopBrain-MR
dense,92,122,0,46.72211331638205,46.72211331638205,0.0,0.0,95,95,topcow_mr_001,TopBrain-MR
dense,92,165,0,32.88525094239468,32.88525094239468,0.0,0.0,67,67,topcow_mr_001,TopBrain-MR
dense,93,93,0,14.05506720839264,14.05506720839264,0.0,nan,30,30,topcow_mr_001,TopBrain-MR
dense,93,100,0,3.0374448742592666,3.0374448742592666,0.0,0.0,8,8,topcow_mr_001,TopBrain-MR
dense,94,106,0,4.264961942928858,4.264961942928858,0.0,0.0,10,10,topcow_mr_001,TopBrain-MR
dense,95,98,0,1.326049468522443,1.326049468522443,0.0,0.0,4,4,topcow_mr_001,TopBrain-MR
dense,96,97,0,11.142731515981826,11.142731515981826,0.0,0.0,24,24,topcow_mr_001,TopBrain-MR
dense,96,99,0,5.077670583505359,5.077670583505359,0.0,0.0,12,12,topcow_mr_001,TopBrain-MR
dense,97,109,0,2.724990028221202,2.724990028221202,0.0,0.0,7,7,topcow_mr_001,TopBrain-MR
dense,97,113,0,8.093942791091276,8.093942791091276,0.0,0.0,18,18,topcow_mr_001,TopBrain-MR
dense,98,172,0,39.95253706498923,39.95253706498923,0.0,0.0,81,81,topcow_mr_001,TopBrain-MR
dense,98,174,0,16.5260732060704,16.5260732060704,0.0,0.0,35,35,topcow_mr_001,TopBrain-MR
dense,99,103,0,2.42811503642539,2.42811503642539,0.0,0.0,6,6,topcow_mr_001,TopBrain-MR
dense,99,105,0,12.246388547506434,12.246388547506434,0.0,0.0,26,26,topcow_mr_001,TopBrain-MR
dense,100,104,0,1.4017229516534129,1.4017229516534129,0.0,0.0,4,4,topcow_mr_001,TopBrain-MR
dense,100,114,0,9.206069813727316,9.206069813727316,0.0,0.0,20,20,topcow_mr_001,TopBrain-MR
dense,101,104,0,20.788252755367047,20.788252755367047,0.0,0.0,43,43,topcow_mr_001,TopBrain-MR
dense,101,107,0,1.1365642694463873,1.1365642694463873,0.0,0.0,4,4,topcow_mr_001,TopBrain-MR
dense,102,103,0,7.8561396972463555,7.8561396972463555,0.0,0.0,17,17,topcow_mr_001,TopBrain-MR
dense,102,108,0,1.7458941077003949,1.7458941077003949,0.0,0.0,5,5,topcow_mr_001,TopBrain-MR
dense,102,109,0,6.3780089376460865,6.3780089376460865,0.0,0.0,14,14,topcow_mr_001,TopBrain-MR
dense,103,104,0,7.974913215516393,7.974913215516393,0.0,0.0,17,17,topcow_mr_001,TopBrain-MR
dense,105,107,0,5.769413424457511,5.769413424457511,0.0,0.0,13,13,topcow_mr_001,TopBrain-MR
dense,106,108,0,7.328604725800013,7.328604725800013,0.0,0.0,16,16,topcow_mr_001,TopBrain-MR
dense,106,110,0,1.9289573830326021,1.9289573830326021,0.0,0.0,5,5,topcow_mr_001,TopBrain-MR
dense,107,116,0,16.1788191167955,16.1788191167955,0.0,0.0,34,34,topcow_mr_001,TopBrain-MR
dense,108,112,0,7.576769815462613,7.576769815462613,0.0,0.0,17,17,topcow_mr_001,TopBrain-MR
dense,109,113,0,8.99043309000929,8.99043309000929,0.0,0.0,19,19,topcow_mr_001,TopBrain-MR
dense,110,111,0,5.55414704523006,5.55414704523006,0.0,0.0,13,13,topcow_mr_001,TopBrain-MR
dense,110,113,0,12.031887840826142,12.031887840826142,0.0,0.0,26,26,topcow_mr_001,TopBrain-MR
dense,111,112,0,0.593749982700761,0.593749982700761,0.0,0.0,3,3,topcow_mr_001,TopBrain-MR
dense,111,173,0,13.569820215679213,13.569820215679213,0.0,0.0,29,29,topcow_mr_001,TopBrain-MR
dense,112,114,0,14.161513603202335,14.161513603202335,0.0,0.0,30,30,topcow_mr_001,TopBrain-MR
dense,114,115,0,2.1501588915971035,2.1501588915971035,0.0,0.0,6,6,topcow_mr_001,TopBrain-MR
dense,115,116,0,1.310469613233571,1.310469613233571,0.0,0.0,4,4,topcow_mr_001,TopBrain-MR
dense,115,117,0,1.152144125001001,1.152144125001001,0.0,0.0,4,4,topcow_mr_001,TopBrain-MR
dense,116,179,0,18.61159541821515,18.61159541821515,0.0,0.0,39,39,topcow_mr_001,TopBrain-MR
dense,117,118,0,2.478193593561544,2.478193593561544,0.0,0.0,6,6,topcow_mr_001,TopBrain-MR
dense,117,120,0,2.835162212505377,2.835162212505377,0.0,0.0,7,7,topcow_mr_001,TopBrain-MR
dense,118,120,0,2.3552239458499264,2.3552239458499264,0.0,0.0,6,6,topcow_mr_001,TopBrain-MR
dense,118,178,0,14.121792434346979,14.121792434346979,0.0,0.0,30,30,topcow_mr_001,TopBrain-MR
dense,119,121,0,10.68024344634925,10.68024344634925,0.0,0.0,23,23,topcow_mr_001,TopBrain-MR
dense,119,169,0,4.1895889993891675,4.1895889993891675,0.0,0.0,10,10,topcow_mr_001,TopBrain-MR
dense,119,171,0,1.8532839002474095,1.8532839002474095,0.0,0.0,5,5,topcow_mr_001,TopBrain-MR
dense,120,177,0,9.999019525764846,9.999019525764846,0.0,0.0,21,21,topcow_mr_001,TopBrain-MR
dense,121,176,0,11.50727513307905,11.50727513307905,0.0,0.0,25,25,topcow_mr_001,TopBrain-MR
dense,122,123,0,2.4308974290458507,2.4308974290458507,0.0,0.0,6,6,topcow_mr_001,TopBrain-MR
dense,122,124,0,2.4909910569709903,2.4909910569709903,0.0,0.0,6,6,topcow_mr_001,TopBrain-MR
dense,123,126,0,2.7249900282212067,2.7249900282212067,0.0,0.0,7,7,topcow_mr_001,TopBrain-MR
dense,123,128,0,12.837264672834994,12.837264672834994,0.0,0.0,27,27,topcow_mr_001,TopBrain-MR
dense,124,125,0,3.340564063408584,3.340564063408584,0.0,0.0,8,8,topcow_mr_001,TopBrain-MR
dense,124,126,0,2.790648440553659,2.790648440553659,0.0,0.0,7,7,topcow_mr_001,TopBrain-MR
dense,125,127,0,2.4626137379168007,2.4626137379168007,0.0,0.0,6,6,topcow_mr_001,TopBrain-MR
dense,125,128,0,5.079356834943741,5.079356834943741,0.0,0.0,12,12,topcow_mr_001,TopBrain-MR
dense,126,127,0,1.152144125062349,1.152144125062349,0.0,0.0,4,4,topcow_mr_001,TopBrain-MR
dense,127,128,0,2.30514538903958,2.30514538903958,0.0,0.0,6,6,topcow_mr_001,TopBrain-MR
dense,128,129,0,15.650285236239819,15.650285236239819,0.0,0.0,33,33,topcow_mr_001,TopBrain-MR
dense,129,175,0,100.82668524437348,100.82668524437348,0.0,0.0,203,203,topcow_mr_001,TopBrain-MR
dense,129,181,0,43.175885556935015,43.175885556935015,0.0,0.0,88,88,topcow_mr_001,TopBrain-MR
dense,133,138,0,31.083590676127375,31.083590676127375,0.0,0.0,64,64,topcow_mr_001,TopBrain-MR
