candidate,dataset,subject,edge_index,dense_samples,dense_length_mm,chord_length_mm,relative_length_error,mean_approximation_error_mm,max_approximation_error_mm,median_radius_mm,max_error_over_median_radius,containment_fraction
optimal_radius_0p5x,ixi,IXI068-Guys-0756-MRA_IXI-Guys,0,5,3.3717878315721794,3.3419494939144982,0.0088494113948351,0.10001946305713713,0.20573123905527288,0.4687499701976776,0.4388933378886691,1.0
optimal_radius_0p5x,ixi,IXI068-Guys-0756-MRA_IXI-Guys,1,7,5.454376809586972,5.439069875356221,0.0028063580432957772,0.07249481023728846,0.14807467426939055,0.4687499701976776,0.31589265852528087,1.0
optimal_radius_0p5x,ixi,IXI068-Guys-0756-MRA_IXI-Guys,2,3,1.529294494461805,1.5209739645004685,0.005440763692976393,0.026530305445351825,0.07959091633605547,0.6629125652155398,0.12006246451246136,1.0
optimal_radius_0p5x,ixi,IXI068-Guys-0756-MRA_IXI-Guys,3,3,1.5344998154647962,1.529707678920017,0.00312293067518398,0.020179662663779883,0.06053898799133965,0.6629125652155398,0.09132273420048384,1.0
optimal_radius_0p5x,ixi,IXI068-Guys-0756-MRA_IXI-Guys,4,5,3.094746305493706,3.0840004162351695,0.003472300537029737,0.055732005378924684,0.11365430288830707,0.6629125652155398,0.17144689790478393,0.9565217391304348
optimal_radius_0p5x,ixi,IXI068-Guys-0756-MRA_IXI-Guys,5,7,4.0121749933200785,3.971511670892819,0.010134982271451353,0.1298335493634048,0.2319186131383364,0.6629125652155398,0.3498479668475287,1.0
optimal_radius_0p5x,ixi,IXI068-Guys-0756-MRA_IXI-Guys,6,5,3.1279070697111298,3.088205154895035,0.012692805102985824,0.10996281174378311,0.2122974838216407,0.6629125652155398,0.32024959996438473,0.95
optimal_radius_0p5x,ixi,IXI068-Guys-0756-MRA_IXI-Guys,7,3,1.9953239505974238,1.9927644265183482,0.0012827611668317408,0.016838475839327693,0.050515427517983075,0.4687499701976776,0.10776625222329102,1.0
optimal_radius_0p5x,ixi,IXI068-Guys-0756-MRA_IXI-Guys,8,5,2.8484153391005274,2.801463218704322,0.016483593439372536,0.11016772897194334,0.2236486291859986,0.6629125652155398,0.337372741023971,1.0
optimal_radius_0p5x,ixi,IXI068-Guys-0756-MRA_IXI-Guys,9,5,2.155984224228349,2.0917131729134653,0.029810538775109533,0.11711855268223903,0.23084966860331232,0.6629125652155398,0.34823546982889625,1.0
optimal_radius_0p5x,ixi,IXI068-Guys-0756-MRA_IXI-Guys,10,3,1.3449241722127359,1.3421118124388842,0.002091091700154814,0.014468548086013264,0.04340564425803979,0.6629125652155398,0.06547717834240607,1.0
optimal_radius_0p5x,ixi,IXI068-Guys-0756-MRA_IXI-Guys,11,2,0.4794468129624306,0.4794468129624306,0.0,0.0,0.0,0.5658312677066086,0.0,1.0
optimal_radius_0p5x,ixi,IXI068-Guys-0756-MRA_IXI-Guys,12,7,3.1280191141655633,3.079580648310748,0.015485348422410996,0.12226326773416545,0.2316222304316669,0.6629125652155398,0.34940087514611695,1.0
optimal_radius_0p5x,ixi,IXI068-Guys-0756-MRA_IXI-Guys,13,5,2.1873610276849464,2.1361765711913168,0.023400095295563604,0.10394674506382318,0.20795635294239215,0.800000011920929,0.2599454373045013,1.0
optimal_radius_0p5x,ixi,IXI068-Guys-0756-MRA_IXI-Guys,14,9,4.458329396226622,4.429534323049697,0.00645871370592238,0.11924099838888196,0.1985755953110473,0.800000011920929,0.24821949044005048,1.0
optimal_radius_0p5x,ixi,IXI068-Guys-0756-MRA_IXI-Guys,15,14,7.279943828851458,7.220449806930931,0.008172318814431418,0.09285680151980656,0.22834656065635964,0.7314562885682343,0.3121807334561704,1.0
optimal_radius_0p5x,ixi,IXI068-Guys-0756-MRA_IXI-Guys,16,9,5.033993084124026,5.006798125570518,0.005402263789212106,0.12899460923233969,0.21882313850700133,0.800000011920929,0.27352891905785315,1.0
optimal_radius_0p5x,ixi,IXI068-Guys-0756-MRA_IXI-Guys,17,8,3.972245289104901,3.9225927248244714,0.012499873665057112,0.13951633603224117,0.27448625625952094,0.800000011920929,0.3431078152116963,1.0
optimal_radius_0p5x,ixi,IXI068-Guys-0756-MRA_IXI-Guys,18,8,3.8580017033615084,3.7955663312604146,0.016183344876881025,0.16494158997738956,0.3155002160987293,0.7314562885682343,0.4313316065903201,1.0
optimal_radius_0p5x,ixi,IXI068-Guys-0756-MRA_IXI-Guys,19,5,2.7870997401855155,2.748935253675258,0.01369326183774004,0.1028949574894233,0.20629158189263797,0.6629125652155398,0.31118972956194335,1.0
optimal_radius_0p5x,ixi,IXI068-Guys-0756-MRA_IXI-Guys,20,7,4.897838140914722,4.863604602318356,0.006989520194714451,0.12024068462429996,0.20434908144977873,0.6629125652155398,0.30825947820635524,1.0
optimal_radius_0p5x,ixi,IXI068-Guys-0756-MRA_IXI-Guys,21,5,2.0574091850815197,1.9997544769047897,0.028022966260085786,0.10842092337864721,0.21711086482155062,0.800000011920929,0.27138857698293334,1.0
optimal_radius_0p5x,ixi,IXI068-Guys-0756-MRA_IXI-Guys,22,5,2.4088422765540805,2.3586904093945824,0.02081990491766101,0.10773625087458856,0.22097943961698563,0.6629125652155398,0.3333462830729966,1.0
optimal_radius_0p5x,ixi,IXI068-Guys-0756-MRA_IXI-Guys,23,3,0.9374999403953552,0.9374999403953552,0.0,0.0,0.0,0.800000011920929,0.0,1.0
optimal_radius_0p5x,ixi,IXI068-Guys-0756-MRA_IXI-Guys,24,3,1.6525858324902032,1.647572546477597,0.003033600987037337,0.021435205893227935,0.0643056176796838,0.6629125652155398,0.09700467460407157,1.0
optimal_radius_0p5x,ixi,IXI068-Guys-0756-MRA_IXI-Guys,25,4,2.2313323332396826,2.224982707024404,0.0028456658475698258,0.03426996434078859,0.06858729650606273,0.6629125652155398,0.10346356383177352,1.0
optimal_radius_0p5x,ixi,IXI068-Guys-0756-MRA_IXI-Guys,26,2,0.5787692910753909,0.5787692910753909,0.0,0.0,0.0,0.6343749910593033,0.0,1.0
optimal_radius_0p5x,ixi,IXI068-Guys-0756-MRA_IXI-Guys,27,3,0.9892712857946131,0.9866657961301,0.002633746376677979,0.011958442926445288,0.035875328779335865,0.800000011920929,0.04484416030593977,1.0
optimal_radius_0p5x,ixi,IXI068-Guys-0756-MRA_IXI-Guys,28,10,4.850999222136616,4.755338822537214,0.019719730970657157,0.15070981443845805,0.23362144936544493,0.6629125652155398,0.3524166860368458,1.0
optimal_radius_0p5x,ixi,IXI068-Guys-0756-MRA_IXI-Guys,29,6,2.6382901807776458,2.6113228403454865,0.010221521737313442,0.07253063293706066,0.14774756190355534,0.7314562885682343,0.2019909654379472,1.0
optimal_radius_0p5x,ixi,IXI068-Guys-0756-MRA_IXI-Guys,30,2,0.5919151978238851,0.5919151978238851,0.0,0.0,0.0,0.7314562885682343,0.0,1.0
optimal_radius_0p5x,ixi,IXI068-Guys-0756-MRA_IXI-Guys,31,13,6.084177834874678,5.906361445738289,0.029226034143371077,0.1957891758064237,0.3073410600577477,0.800000011920929,0.38417631934751134,1.0
optimal_radius_0p5x,ixi,IXI068-Guys-0756-MRA_IXI-Guys,32,7,3.6124311911551574,3.522981225686266,0.024761707762878647,0.19032005825155526,0.3275242356525141,0.9272144054283292,0.3532346280806685,0.9615384615384616
optimal_radius_0p5x,ixi,IXI068-Guys-0756-MRA_IXI-Guys,33,4,2.153533717610806,2.127154470604416,0.012249284415967194,0.0682235182865,0.13820896403851043,0.6629125652155398,0.20848747073239304,1.0
optimal_radius_0p5x,ixi,IXI068-Guys-0756-MRA_IXI-Guys,34,7,4.462408920947341,4.398945515312349,0.014221781723562858,0.1750538864569158,0.31906840550304727,0.9272144054283292,0.34411502197881916,1.0
optimal_radius_0p5x,ixi,IXI068-Guys-0756-MRA_IXI-Guys,35,4,1.76183998776763,1.735942230054793,0.014699267749990839,0.06009418641689608,0.12723542503296814,0.5658312677066086,0.22486460592513857,1.0
optimal_radius_0p5x,ixi,IXI068-Guys-0756-MRA_IXI-Guys,36,5,2.117692172914906,2.0878556372549064,0.014089175018733163,0.0771370798721055,0.15156280613009546,0.6629125652155398,0.22863166891521544,1.0
optimal_radius_0p5x,ixi,IXI068-Guys-0756-MRA_IXI-Guys,37,8,6.1346363074887,6.083090807190132,0.008402372645244675,0.1747699330433754,0.3035951436657671,0.9272144054283292,0.32742712137385366,1.0
optimal_radius_0p5x,ixi,IXI068-Guys-0756-MRA_IXI-Guys,38,8,5.869084869892552,5.851307099718997,0.003029053177396007,0.10000234117837153,0.1951072843330512,0.800000011920929,0.24388410178215766,0.9545454545454546
optimal_radius_0p5x,ixi,IXI068-Guys-0756-MRA_IXI-Guys,39,15,9.962178020089844,9.935468369782086,0.0026811055026215343,0.10232490901269076,0.23008134651828296,0.800000011920929,0.28760167886225474,1.0
optimal_radius_0p5x,ixi,IXI068-Guys-0756-MRA_IXI-Guys,40,6,2.5944315624595107,2.534276633972314,0.02318616893103555,0.12389444586249991,0.23232281600749632,0.7314562885682343,0.3176168140713496,1.0
optimal_radius_0p5x,ixi,IXI068-Guys-0756-MRA_IXI-Guys,41,5,2.1216833331827702,2.1032004990302386,0.008711400925606187,0.06156988091036826,0.11858450367307063,0.6629125652155398,0.1788840789803313,1.0
optimal_radius_0p5x,ixi,IXI068-Guys-0756-MRA_IXI-Guys,42,4,1.8881319595699773,1.8558423775478705,0.01710133757253953,0.07059353565020351,0.14265750630010127,0.6629125652155398,0.21519807254478202,1.0
optimal_radius_0p5x,ixi,IXI068-Guys-0756-MRA_IXI-Guys,43,5,2.9820198756954768,2.9484031501583763,0.011273139327839082,0.09958391839048712,0.2069940637582664,0.6629125652155398,0.31224941963645575,1.0
optimal_radius_0p5x,ixi,IXI068-Guys-0756-MRA_IXI-Guys,44,2,0.8844357248122274,0.8844357248122274,0.0,0.0,0.0,0.6979821878130035,0.0,1.0
optimal_radius_0p5x,ixi,IXI068-Guys-0756-MRA_IXI-Guys,45,2,0.7760264884871609,0.7760264884871609,0.0,0.0,0.0,0.6343749910593033,0.0,1.0
optimal_radius_0p5x,ixi,IXI068-Guys-0756-MRA_IXI-Guys,46,4,2.217067263196024,2.1985793273001026,0.008338915197940451,0.057873443363763065,0.12071565909846999,0.7314562885682343,0.16503468626233425,1.0
optimal_radius_0p5x,ixi,IXI068-Guys-0756-MRA_IXI-Guys,47,6,3.268046320446675,3.238696109860709,0.008980965294872079,0.10273204732675227,0.19028272393376558,0.8636072086746291,0.2203348027001661,0.9583333333333334
optimal_radius_0p5x,ixi,IXI068-Guys-0756-MRA_IXI-Guys,48,10,5.211024703919935,5.126839373752072,0.016155235285016993,0.19881271316333665,0.32008093070693316,0.7314562885682343,0.4375940650308241,1.0
optimal_radius_0p5x,ixi,IXI068-Guys-0756-MRA_IXI-Guys,49,4,2.3334844936867207,2.327325723996994,0.0026393017422611455,0.034466153287418706,0.06908505254164773,0.9272144054283292,0.07450817430919196,1.0
optimal_radius_0p5x,ixi,IXI068-Guys-0756-MRA_IXI-Guys,50,4,2.440220192918755,2.428673689411719,0.004731746561454714,0.04797615768520512,0.10294984183612499,0.9323571729118423,0.11041888755422195,1.0
optimal_radius_0p5x,ixi,IXI068-Guys-0756-MRA_IXI-Guys,51,9,5.533155737290153,5.481297508170246,0.00937226992734252,0.1685387761814697,0.2863274280556659,0.9272144054283292,0.3088039037997864,1.0
optimal_radius_0p5x,ixi,IXI068-Guys-0756-MRA_IXI-Guys,52,7,4.374295135772092,4.332126596026182,0.009640076500797738,0.14679967750794135,0.2690351260278499,0.800000011920929,0.3362939025236427,1.0
optimal_radius_0p5x,ixi,IXI068-Guys-0756-MRA_IXI-Guys,53,2,0.49613518023288605,0.49613518023288605,0.0,0.0,0.0,0.8002062528054474,0.0,1.0
optimal_radius_0p5x,ixi,IXI068-Guys-0756-MRA_IXI-Guys,54,7,3.5098521790772352,3.423546673935261,0.02458949857103801,0.16980997659804395,0.30167424187384423,0.800000011920929,0.37709279672318474,1.0
optimal_radius_0p5x,ixi,IXI068-Guys-0756-MRA_IXI-Guys,55,10,4.563162026699909,4.4886687567112356,0.016324923277499154,0.11652871553117491,0.23258374109781643,0.800000011920929,0.29072967204006084,1.0
optimal_radius_0p5x,ixi,IXI068-Guys-0756-MRA_IXI-Guys,56,4,1.6294105960043943,1.6094696905271424,0.012238109612242963,0.051266352054115616,0.10642008826599791,0.7314562885682343,0.14549070112488405,1.0
optimal_radius_0p5x,ixi,IXI068-Guys-0756-MRA_IXI-Guys,57,5,2.273723517629069,2.2542230595611024,0.008576442085755736,0.06571378960474243,0.1358309508644766,0.800000011920929,0.16978868605054717,1.0
optimal_radius_0p5x,ixi,IXI068-Guys-0756-MRA_IXI-Guys,58,3,1.5576121348407062,1.5571274619816005,0.0003111640236131451,0.0064743621571530805,0.019423086471459242,0.4687499701976776,0.04143592044020459,1.0
optimal_radius_0p5x,ixi,IXI068-Guys-0756-MRA_IXI-Guys,59,4,2.6223259908353027,2.6188991665321883,0.0013067880633798692,0.02736015391441387,0.05478543227307517,0.6343749910593033,0.08636127376584059,1.0
optimal_radius_0p5x,ixi,IXI068-Guys-0756-MRA_IXI-Guys,60,2,0.9272144054283257,0.9272144054283257,0.0,0.0,0.0,0.4687499701976776,0.0,1.0
optimal_radius_0p5x,ixi,IXI068-Guys-0756-MRA_IXI-Guys,61,2,1.0389673181549683,1.0389673181549683,0.0,0.0,0.0,0.4687499701976776,0.0,1.0
optimal_radius_0p5x,ixi,IXI068-Guys-0756-MRA_IXI-Guys,62,3,1.6673104771769776,1.6672512140809104,3.5544127430619697e-05,0.0023429281543574216,0.007028784463072264,0.4687499701976776,0.014994741141227464,1.0
optimal_radius_0p5x,ixi,IXI068-Guys-0756-MRA_IXI-Guys,63,2,1.0389673181549715,1.0389673181549715,0.0,0.0,0.0,0.4687499701976776,0.0,1.0
optimal_radius_0p5x,ixi,IXI068-Guys-0756-MRA_IXI-Guys,64,3,1.6173184020713234,1.6142713656506065,0.0018840052872795639,0.016533407452164216,0.04960022235649265,0.4687499701976776,0.10581381442131212,1.0
optimal_radius_0p5x,ixi,IXI068-Guys-0756-MRA_IXI-Guys,65,4,2.547470154707025,2.5115192369304062,0.01411239998639098,0.0865382068034235,0.17560493569138286,0.5658312677066086,0.3103485892590094,1.0
optimal_radius_0p5x,ixi,IXI068-Guys-0756-MRA_IXI-Guys,66,2,0.8005815149786518,0.8005815149786518,0.0,0.0,0.0,0.4687499701976776,0.0,1.0
optimal_radius_0p5x,ixi,IXI068-Guys-0756-MRA_IXI-Guys,67,2,0.8142055012167823,0.8142055012167823,0.0,0.0,0.0,0.4687499701976776,0.0,1.0
optimal_radius_0p5x,ixi,IXI068-Guys-0756-MRA_IXI-Guys,68,3,1.744646394706277,1.740044435603463,0.0026377603603672845,0.021098876295003847,0.06329662888501154,0.4687499701976776,0.13503281687317992,1.0
optimal_radius_0p5x,ixi,IXI068-Guys-0756-MRA_IXI-Guys,69,4,2.9219636247643925,2.9156348509912364,0.0021659317451860525,0.03859857738108052,0.0839152479692168,0.6629125652155398,0.12658569526726735,1.0
optimal_radius_0p5x,ixi,IXI068-Guys-0756-MRA_IXI-Guys,70,7,3.560812724701008,3.513889220259692,0.013177751280153584,0.1380517843803022,0.2627690805927887,0.800000011920929,0.3284613458465304,1.0
optimal_radius_0p5x,ixi,IXI068-Guys-0756-MRA_IXI-Guys,71,9,4.0443641046353624,3.9707776356302116,0.018194818048358034,0.17948117987287576,0.2909754324289761,0.800000011920929,0.36371928511638046,1.0
optimal_radius_0p5x,ixi,IXI068-Guys-0756-MRA_IXI-Guys,72,15,6.968049744157038,6.871308043182383,0.013883612276989896,0.20762517350102383,0.29955710451438633,0.800000011920929,0.37444637506329714,1.0
optimal_radius_0p5x,ixi,IXI068-Guys-0756-MRA_IXI-Guys,73,6,2.8065267591843215,2.765506999859118,0.01461584472372013,0.10488924769213581,0.21233033182202152,0.800000011920929,0.26541291082256635,1.0
optimal_radius_0p5x,ixi,IXI068-Guys-0756-MRA_IXI-Guys,74,8,4.328011247897321,4.294426774778945,0.007759793400419906,0.10894001938977721,0.22408668259696027,0.7950634853219345,0.28184753385602135,1.0
optimal_radius_0p5x,ixi,IXI068-Guys-0756-MRA_IXI-Guys,75,6,3.405324083425183,3.370122194608622,0.010337309446669135,0.11253576983744618,0.21739883203278765,0.7314562885682343,0.29721370289717247,1.0
optimal_radius_0p5x,ixi,IXI068-Guys-0756-MRA_IXI-Guys,76,2,0.5669784342431107,0.5669784342431107,0.0,0.0,0.0,0.5658312677066086,0.0,1.0
optimal_radius_0p5x,ixi,IXI068-Guys-0756-MRA_IXI-Guys,77,4,1.4840737879200294,1.4279872092954027,0.03779231132653696,0.0819158425022012,0.1765925684150513,0.4687499701976776,0.37673083657067763,1.0
optimal_radius_0p5x,ixi,IXI068-Guys-0756-MRA_IXI-Guys,78,9,4.299386390102612,4.256543897063851,0.009964792449775096,0.14800542494200852,0.23142692168201393,0.800000011920929,0.2892836477918551,1.0
optimal_radius_0p5x,ixi,IXI068-Guys-0756-MRA_IXI-Guys,79,5,3.31019442294638,3.2951077414502916,0.004557642110538045,0.0667229720475339,0.1355919223489275,0.6629125652155398,0.20453967757398153,1.0
optimal_radius_0p5x,ixi,IXI068-Guys-0756-MRA_IXI-Guys,80,6,3.6167010049522372,3.584053594371907,0.00902684809599327,0.10992430358898686,0.19857855821055678,0.6629125652155398,0.2995546752775622,1.0
optimal_radius_0p5x,ixi,IXI068-Guys-0756-MRA_IXI-Guys,81,8,3.8690866142028546,3.8120368922983343,0.014745010281005097,0.15896640476252988,0.28410561922688143,0.7314562885682343,0.3884109326382235,1.0
optimal_radius_0p5x,ixi,IXI068-Guys-0756-MRA_IXI-Guys,82,2,0.8867803358665677,0.8867803358665677,0.0,0.0,0.0,0.5658312677066086,0.0,1.0
optimal_radius_0p5x,ixi,IXI068-Guys-0756-MRA_IXI-Guys,83,2,1.0389673181549715,1.0389673181549715,0.0,0.0,0.0,0.4687499701976776,0.0,1.0
optimal_radius_0p5x,ixi,IXI068-Guys-0756-MRA_IXI-Guys,84,3,1.453826832992997,1.4516696184122322,0.0014838181080506238,0.013193406569927261,0.03958021970978178,0.4687499701976776,0.08443780741594568,1.0
optimal_radius_0p5x,ixi,IXI068-Guys-0756-MRA_IXI-Guys,85,9,6.581847662760701,6.551196691476787,0.004656894667637743,0.10656793744620727,0.19210352328475097,0.4687499701976776,0.409820875729845,0.9534883720930233
optimal_radius_0p5x,ixi,IXI068-Guys-0756-MRA_IXI-Guys,86,9,5.720298869968422,5.697534552638977,0.0039795678244991094,0.10729190378679083,0.1851524364832727,0.6629125652155398,0.2793014436573127,1.0
optimal_radius_0p5x,ixi,IXI068-Guys-0756-MRA_IXI-Guys,87,4,1.8377563079595636,1.8270779507288302,0.0058105403771349,0.04015194180437487,0.08599208241961273,0.5658312677066086,0.15197477998723963,1.0
optimal_radius_0p5x,ixi,IXI068-Guys-0756-MRA_IXI-Guys,88,5,3.2370257466810273,3.1866174641566016,0.015572407039428103,0.12619153213844608,0.26133769680389346,0.9272144054283292,0.281852498487842,1.0
optimal_radius_0p5x,ixi,IXI068-Guys-0756-MRA_IXI-Guys,89,2,0.6364013460093713,0.6364013460093713,0.0,0.0,0.0,0.5658312677066086,0.0,1.0
optimal_radius_0p5x,ixi,IXI068-Guys-0756-MRA_IXI-Guys,90,5,2.0394879605327496,1.9748498331652176,0.031693311565638,0.10897791086930364,0.2171772936487127,0.6629125652155398,0.32761076655425825,1.0
optimal_radius_0p5x,ixi,IXI068-Guys-0756-MRA_IXI-Guys,91,2,1.0389673181549715,1.0389673181549715,0.0,0.0,0.0,0.6343749910593033,0.0,1.0
optimal_radius_0p5x,ixi,IXI068-Guys-0756-MRA_IXI-Guys,92,9,5.048586928569842,5.016488876967132,0.006357828845348369,0.13337952531924963,0.21296980416874722,0.6629125652155398,0.32126379155221185,1.0
optimal_radius_0p5x,ixi,IXI068-Guys-0756-MRA_IXI-Guys,93,7,5.098657509546148,5.0756719113489535,0.004508166738824608,0.10164095960072207,0.19875327503671747,0.6629125652155398,0.2998182346597921,1.0
optimal_radius_0p5x,ixi,IXI068-Guys-0756-MRA_IXI-Guys,94,5,2.956245011827075,2.924997369581272,0.010570044810491036,0.09540659494898965,0.19458001581709505,0.6629125652155398,0.29352289581934415,1.0
optimal_radius_0p5x,ixi,IXI068-Guys-0756-MRA_IXI-Guys,95,8,4.298012554904901,4.277337263683216,0.0048104306252177145,0.09171128242783294,0.17969651625600175,0.4687499701976776,0.3833525923857052,1.0
optimal_radius_0p5x,ixi,IXI068-Guys-0756-MRA_IXI-Guys,96,3,1.8561010168715457,1.8117292496535689,0.023905901033751592,0.06673083224256605,0.20019249672769815,0.4687499701976776,0.4270773535052696,1.0
optimal_radius_0p5x,ixi,IXI068-Guys-0756-MRA_IXI-Guys,97,2,0.9272144054283292,0.9272144054283292,0.0,0.0,0.0,0.5658312677066086,0.0,1.0
optimal_radius_0p5x,ixi,IXI068-Guys-0756-MRA_IXI-Guys,98,6,3.144326585252359,3.1395898459856095,0.0015064399763580162,0.03580579830565066,0.07905237681914856,0.5658312677066086,0.1397101597788306,1.0
optimal_radius_0p5x,ixi,IXI068-Guys-0756-MRA_IXI-Guys,99,6,3.2059228726841473,3.181851732049087,0.007508334289685123,0.09092994004363569,0.16518270643622954,0.6629125652155398,0.2491772144679773,1.0
optimal_radius_0p5x,ixi,IXI068-Guys-0756-MRA_IXI-Guys,100,9,4.094583081192731,4.053599933246239,0.010009113781262922,0.0981200342829289,0.16765509285995717,0.4687499701976776,0.3576642208409207,1.0
optimal_radius_0p5x,ixi,IXI068-Guys-0756-MRA_IXI-Guys,101,6,2.581783221567167,2.540041408484922,0.016167822586168733,0.10438870260135998,0.19109375817922472,0.4687499701976776,0.4076667100344308,0.9523809523809523
optimal_radius_0p5x,ixi,IXI068-Guys-0756-MRA_IXI-Guys,102,2,0.584981689880874,0.584981689880874,0.0,0.0,0.0,0.5658312677066086,0.0,1.0
optimal_radius_0p5x,ixi,IXI068-Guys-0756-MRA_IXI-Guys,103,5,2.8122179344809597,2.776521205004826,0.012693443505374095,0.0971502313494552,0.1994703671026579,0.6629125652155398,0.3008999641420313,1.0
optimal_radius_0p5x,ixi,IXI068-Guys-0756-MRA_IXI-Guys,104,8,3.3801337959988698,3.3350661376625736,0.013333098941125816,0.1101564801444827,0.2154901118104628,0.800000011920929,0.26936263574926245,1.0
optimal_radius_0p5x,ixi,IXI068-Guys-0756-MRA_IXI-Guys,105,5,2.2864516881419155,2.238375844231588,0.021026398309511665,0.1021778956377584,0.20441976980943088,0.6629125652155398,0.3083661112125182,1.0
optimal_radius_0p5x,ixi,IXI068-Guys-0756-MRA_IXI-Guys,106,5,2.4381062523661923,2.404849981056723,0.013640205908661256,0.08798369548849423,0.1744146649745691,0.6629125652155398,0.263103573723723,1.0
optimal_radius_0p5x,ixi,IXI068-Guys-0756-MRA_IXI-Guys,107,6,2.967385996871995,2.944786174587852,0.007616070948628235,0.08359739653381126,0.1497596633307553,0.7314562885682343,0.20474178111708843,1.0
optimal_radius_0p5x,ixi,IXI068-Guys-0756-MRA_IXI-Guys,108,9,5.715166724454219,5.690591541328961,0.0042999940876799845,0.05759683732200555,0.14971957867933772,0.6629125652155398,0.22585117032840946,0.9534883720930233
optimal_radius_0p5x,ixi,IXI068-Guys-0756-MRA_IXI-Guys,109,2,0.8301111109658917,0.8301111109658919,-1.337439060818419e-16,0.0,0.0,0.4687499701976776,0.0,1.0
optimal_radius_0p5x,ixi,IXI068-Guys-0756-MRA_IXI-Guys,110,2,0.9272144054283292,0.9272144054283292,0.0,0.0,0.0,0.4687499701976776,0.0,1.0
optimal_radius_0p5x,ixi,IXI068-Guys-0756-MRA_IXI-Guys,111,7,4.632135728163966,4.59550045535433,0.007908937682220661,0.12385713234867086,0.21923013717991593,0.4687499701976776,0.4676909890521463,1.0
optimal_radius_0p5x,ixi,IXI068-Guys-0756-MRA_IXI-Guys,112,4,2.3382189612444826,2.292953808697114,0.019358816816401538,0.09283286653851053,0.18745174359159084,0.4687499701976776,0.3998970784201653,1.0
optimal_radius_0p5x,ixi,IXI068-Guys-0756-MRA_IXI-Guys,113,3,1.2458976356571039,1.2321956066810218,0.010997716492860538,0.030624146232817197,0.09187243869845159,0.4687499701976776,0.19599454835102786,1.0
optimal_radius_0p5x,ixi,IXI068-Guys-0756-MRA_IXI-Guys,114,7,2.911810248707425,2.8908140538068237,0.007210701627938016,0.06583424652829216,0.13831232902284935,0.800000011920929,0.17289040870229383,1.0
optimal_radius_0p5x,ixi,IXI068-Guys-0756-MRA_IXI-Guys,115,5,1.9420583953849615,1.8967712591940964,0.023319142358686974,0.09312642922422601,0.19141146531511183,0.800000011920929,0.23926432807857345,1.0
optimal_radius_0p5x,ixi,IXI068-Guys-0756-MRA_IXI-Guys,116,4,2.5893226616781204,2.5775505411275774,0.004546409269408539,0.04985306929537297,0.10567304491240452,0.9272144054283292,0.11396829502836356,1.0
optimal_radius_0p5x,ixi,IXI068-Guys-0756-MRA_IXI-Guys,117,7,3.9862012169055885,3.961434881686304,0.006213016822695676,0.09743781841164875,0.16756762229908828,0.800000011920929,0.2094595247526702,1.0
optimal_radius_0p5x,ixi,IXI068-Guys-0756-MRA_IXI-Guys,118,6,2.460906131485854,2.4379668128716445,0.009321492730142822,0.06578640516158582,0.119776662524302,0.800000011920929,0.14972082592436334,1.0
optimal_radius_0p5x,ixi,IXI068-Guys-0756-MRA_IXI-Guys,119,8,4.0307172614828,3.9812530397059454,0.012271816296699998,0.13270576904049888,0.2509140679690784,0.7314562885682343,0.3430335782063233,1.0
optimal_radius_0p5x,ixi,IXI068-Guys-0756-MRA_IXI-Guys,120,2,0.9345905317537891,0.9345905317537891,0.0,0.0,0.0,0.7031249552965164,0.0,1.0
optimal_radius_0p5x,ixi,IXI068-Guys-0756-MRA_IXI-Guys,121,2,0.9916263052803672,0.9916263052803672,0.0,0.0,0.0,0.4687499701976776,0.0,1.0
optimal_radius_0p5x,ixi,IXI068-Guys-0756-MRA_IXI-Guys,122,7,2.934658469800837,2.8998223526262077,0.011870586486676797,0.10621031459685344,0.20914626591211044,0.800000011920929,0.26143282849448535,1.0
optimal_radius_0p5x,ixi,IXI068-Guys-0756-MRA_IXI-Guys,123,13,6.224608024668475,6.190699964229187,0.005447420995010279,0.12285444958391659,0.2303933894879322,0.800000011920929,0.287991732568504,1.0
optimal_radius_0p5x,ixi,IXI068-Guys-0756-MRA_IXI-Guys,124,5,2.8074893640053,2.7622357024897117,0.01611890755341179,0.11029183860090812,0.2197964502226777,0.6629125652155398,0.3315617500042603,1.0
optimal_radius_0p5x,ixi,IXI068-Guys-0756-MRA_IXI-Guys,125,3,1.2932563122842913,1.2683776054313491,0.019237259170224834,0.041981465711526576,0.12594439713457972,0.6629125652155398,0.18998643824714664,1.0
optimal_radius_0p5x,ixi,IXI068-Guys-0756-MRA_IXI-Guys,126,5,2.8630627155294035,2.8237616243750243,0.01372694036397037,0.08821633803172448,0.16946705135773663,0.6629125652155398,0.25564012548568305,1.0
optimal_radius_0p5x,ixi,IXI068-Guys-0756-MRA_IXI-Guys,127,3,1.1836783592702818,1.1797887301903824,0.003286052371775393,0.015949519714460233,0.047848559143380695,0.6629125652155398,0.07217929128832123,1.0
optimal_radius_0p5x,ixi,IXI068-Guys-0756-MRA_IXI-Guys,128,6,2.464023970070598,2.3722662833992816,0.03723895862453301,0.1540199953431057,0.2925336213583505,0.800000011920929,0.36566702124907485,1.0
optimal_radius_0p5x,ixi,IXI068-Guys-0756-MRA_IXI-Guys,129,15,6.6938567043659125,6.637797373832265,0.008374743142781122,0.16239508575905584,0.2564314498477299,0.800000011920929,0.3205393075332545,1.0
optimal_radius_0p5x,ixi,IXI068-Guys-0756-MRA_IXI-Guys,130,4,1.8084855192913132,1.7625321431553462,0.025409866789519325,0.08226472356958475,0.17136921715117834,0.8636072086746291,0.19843421341303677,1.0
optimal_radius_0p5x,ixi,IXI068-Guys-0756-MRA_IXI-Guys,131,6,4.366790487357034,4.333285272576277,0.007672732382687635,0.12391438774292136,0.2306465790105949,0.9374999403953552,0.24602303325302444,1.0
optimal_radius_0p5x,ixi,IXI068-Guys-0756-MRA_IXI-Guys,132,2,0.9272144054283292,0.9272144054283292,0.0,0.0,0.0,0.4687499701976776,0.0,1.0
optimal_radius_0p5x,ixi,IXI068-Guys-0756-MRA_IXI-Guys,133,6,3.297606876653218,3.2967764533117254,0.00025182605827637144,0.014170220036056383,0.028737206233120656,0.6629125652155398,0.04334991934234498,1.0
optimal_radius_0p5x,ixi,IXI068-Guys-0756-MRA_IXI-Guys,134,7,3.758461222694283,3.7262917950001864,0.008559201701976264,0.113992887792735,0.17586605831716498,0.6629125652155398,0.26529299268898876,1.0
optimal_radius_0p5x,ixi,IXI068-Guys-0756-MRA_IXI-Guys,135,5,3.3172679806326006,3.2741136606508743,0.013008994218639179,0.11559907648251852,0.22960413172801966,0.4687499701976776,0.4898221788284974,1.0
optimal_radius_0p5x,ixi,IXI068-Guys-0756-MRA_IXI-Guys,136,4,2.4309227633039243,2.4136793197861004,0.007093373667860985,0.058629537357851126,0.12215927564929262,0.5658312677066086,0.2158934696988748,1.0
optimal_radius_0p5x,ixi,IXI068-Guys-0756-MRA_IXI-Guys,137,5,2.4622153381039142,2.450051616419619,0.004940153485382026,0.05409696412081612,0.10737612936481142,0.4687499701976776,0.2290690905420849,0.95
optimal_radius_0p5x,ixi,IXI068-Guys-0756-MRA_IXI-Guys,138,7,3.087956094892599,3.0465222345746437,0.013417891655417546,0.11598114385403577,0.2102697476741495,0.4687499701976776,0.4485754902245139,0.9615384615384616
optimal_radius_0p5x,ixi,IXI068-Guys-0756-MRA_IXI-Guys,139,7,2.9927495365246033,2.947945234543514,0.014970949434385036,0.11410965497986723,0.20457080975170305,0.6629125652155398,0.30859395414414686,0.96
optimal_radius_0p5x,ixi,IXI068-Guys-0756-MRA_IXI-Guys,140,7,3.4691144028689966,3.44006940297297,0.008372453751310759,0.10577103809309425,0.18490932726547946,0.6629125652155398,0.27893471472419284,1.0
optimal_radius_0p5x,ixi,IXI068-Guys-0756-MRA_IXI-Guys,141,5,2.663303396502891,2.631804443366631,0.011827023979926627,0.08967387937567584,0.18018463357230421,0.6629125652155398,0.27180753997884904,1.0
optimal_radius_0p5x,ixi,IXI068-Guys-0756-MRA_IXI-Guys,142,4,2.0056361377119347,1.9787036624292924,0.013428395498182116,0.06672973208735325,0.1346726963919071,0.6629125652155398,0.20315303021616363,1.0
optimal_radius_0p5x,ixi,IXI068-Guys-0756-MRA_IXI-Guys,143,5,2.453921840792114,2.3962640989836475,0.0234961606559787,0.11743481320122093,0.2397398299485481,0.6629125652155398,0.36164622987738804,1.0
optimal_radius_0p5x,ixi,IXI068-Guys-0756-MRA_IXI-Guys,144,10,5.626293190984218,5.604909639784703,0.0038006464422759402,0.0993785716113571,0.20375356871905112,0.6629125652155398,0.3073611504901896,0.9555555555555556
optimal_radius_0p5x,ixi,IXI068-Guys-0756-MRA_IXI-Guys,145,7,3.5328235464409308,3.493479926255566,0.011136593624949334,0.12369029512703911,0.22336811461917022,0.6629125652155398,0.33694958632522554,1.0
optimal_radius_0p5x,ixi,IXI068-Guys-0756-MRA_IXI-Guys,146,7,3.219106142523944,3.172767253063129,0.014394955434579958,0.1167165081373411,0.20691659739202062,0.6629125652155398,0.3121325620442021,1.0
optimal_radius_0p5x,ixi,IXI068-Guys-0756-MRA_IXI-Guys,147,7,2.865504419094291,2.834105745077034,0.010957468363347076,0.09736053584638908,0.16925039928969662,0.800000011920929,0.21156299595958647,1.0
optimal_radius_0p5x,ixi,IXI068-Guys-0756-MRA_IXI-Guys,148,7,2.9866834289040765,2.941923345690001,0.014986550894849755,0.11895087201170652,0.22221841906187315,0.4687499701976776,0.4740659908056334,1.0
optimal_radius_0p5x,ixi,IXI068-Guys-0756-MRA_IXI-Guys,149,8,3.4495236866671903,3.412175915958003,0.010826935571870581,0.10900063243198015,0.21010353648680521,0.4687499701976776,0.44822090633563555,1.0
optimal_radius_0p5x,ixi,IXI068-Guys-0756-MRA_IXI-Guys,150,2,0.5164004590661085,0.5164004590661085,0.0,0.0,0.0,0.4687499701976776,0.0,1.0
optimal_radius_0p5x,ixi,IXI068-Guys-0756-MRA_IXI-Guys,151,11,4.87571228015951,4.83613135774162,0.008117977465355006,0.12248891602052332,0.2125444825218544,0.9272144054283292,0.229229055628907,1.0
optimal_radius_0p5x,ixi,IXI068-Guys-0756-MRA_IXI-Guys,152,3,1.4043076763197155,1.3971001170377593,0.005132464490150189,0.023681742761559182,0.07104522828467755,0.6629125652155398,0.10717134055465952,1.0
optimal_radius_0p5x,ixi,IXI068-Guys-0756-MRA_IXI-Guys,153,4,2.249016668196413,2.2239895426403993,0.011128030267594277,0.06742539038021646,0.14454613835403943,0.6629125652155398,0.21804706372859536,1.0
optimal_radius_0p5x,ixi,IXI068-Guys-0756-MRA_IXI-Guys,154,5,2.590496860840936,2.551434394607746,0.015079140540054393,0.09688900811662411,0.18597845701347038,0.6629125652155398,0.2805474911355787,0.9523809523809523
optimal_radius_0p5x,ixi,IXI068-Guys-0756-MRA_IXI-Guys,155,3,0.9754188230238838,0.9647685269288592,0.010918690354988032,0.023954737456569803,0.07186421236970941,0.800000011920929,0.08983026412356152,1.0
optimal_radius_0p5x,ixi,IXI068-Guys-0756-MRA_IXI-Guys,156,6,3.143949053364973,3.1009860292322187,0.013665305449772139,0.11895219355958657,0.2155479296137975,0.6629125652155398,0.32515287976735535,1.0
optimal_radius_0p5x,ixi,IXI068-Guys-0756-MRA_IXI-Guys,157,4,1.6817032362517912,1.6489579929195906,0.019471475481716852,0.0672533213998029,0.13845723928117665,0.4687499701976776,0.2953754625793097,1.0
optimal_radius_0p5x,ixi,IXI068-Guys-0756-MRA_IXI-Guys,158,4,1.521349291067576,1.4947777968510956,0.01746574200447717,0.057753431634825235,0.1157806210883406,0.7314562885682343,0.15828781965217864,1.0
optimal_radius_0p5x,ixi,IXI068-Guys-0756-MRA_IXI-Guys,159,5,2.9627534351832887,2.9317585414174445,0.010461516438652518,0.0916927778358638,0.1867705163368637,0.6629125652155398,0.2817423083180465,0.9545454545454546
optimal_radius_0p5x,ixi,IXI068-Guys-0756-MRA_IXI-Guys,160,5,2.9064332106307735,2.886447759486138,0.00687628089010798,0.0738443205713296,0.14994465229055604,0.6629125652155398,0.22619069264708075,1.0
optimal_radius_0p5x,ixi,IXI068-Guys-0756-MRA_IXI-Guys,161,6,2.911112609992627,2.8665326443145607,0.015313720783264187,0.11664122431549499,0.21396621359903858,0.6629125652155398,0.32276686975976915,1.0
optimal_radius_0p5x,ixi,IXI068-Guys-0756-MRA_IXI-Guys,162,6,2.5325336083484755,2.485459203539585,0.01858786973397325,0.10866212238399064,0.19560835798145715,0.6629125652155398,0.2950741443826109,1.0
optimal_radius_0p5x,ixi,IXI068-Guys-0756-MRA_IXI-Guys,163,4,1.6191776827861732,1.5894814887872393,0.018340293541987768,0.06300045260990467,0.126179360998925,0.6629125652155398,0.1903408799588811,1.0
optimal_radius_0p5x,ixi,IXI068-Guys-0756-MRA_IXI-Guys,164,9,4.5977299025368685,4.5236407408680535,0.01611429188738017,0.1812050383894729,0.30123001965252305,0.6629125652155398,0.4544038466891647,1.0
optimal_radius_0p5x,ixi,IXI068-Guys-0756-MRA_IXI-Guys,165,6,2.9238042941478413,2.896488166211503,0.009342666330647736,0.09210444968797703,0.17709834947463804,0.6629125652155398,0.2671518971993783,1.0
optimal_radius_0p5x,ixi,IXI068-Guys-0756-MRA_IXI-Guys,166,2,0.9272144054283292,0.9272144054283292,0.0,0.0,0.0,0.5658312677066086,0.0,1.0
optimal_radius_0p5x,ixi,IXI068-Guys-0756-MRA_IXI-Guys,167,5,2.1013547251435902,2.0963135956260155,0.0023989902595956364,0.03242735093233865,0.06714754485990215,0.4687499701976776,0.14324810480859382,1.0
optimal_radius_0p5x,ixi,IXI068-Guys-0756-MRA_IXI-Guys,168,2,1.0389673181549715,1.0389673181549715,0.0,0.0,0.0,0.4687499701976776,0.0,1.0
optimal_radius_0p5x,ixi,IXI068-Guys-0756-MRA_IXI-Guys,169,2,0.4694262735069798,0.4694262735069798,0.0,0.0,0.0,0.4687499701976776,0.0,1.0
optimal_radius_0p5x,ixi,IXI068-Guys-0756-MRA_IXI-Guys,170,9,3.969559571797669,3.930260070273147,0.009900217093032513,0.10686408311678303,0.22576805720115073,0.6629125652155398,0.34056988666030846,1.0
optimal_radius_0p5x,ixi,IXI068-Guys-0756-MRA_IXI-Guys,171,6,3.343476644754922,3.3090448700605326,0.010298195068418984,0.09586066704647163,0.17053719242743265,0.5658312677066086,0.30139230926322463,0.9583333333333334
optimal_radius_0p5x,ixi,IXI068-Guys-0756-MRA_IXI-Guys,172,2,0.8327135129059783,0.8327135129059783,0.0,0.0,0.0,0.4687499701976776,0.0,1.0
optimal_radius_0p5x,ixi,IXI068-Guys-0756-MRA_IXI-Guys,173,6,3.607616188026305,3.5974015262003305,0.002831415897255624,0.0590365503640874,0.10816972320435847,0.6629125652155398,0.16317343927428515,1.0
optimal_radius_0p5x,ixi,IXI068-Guys-0756-MRA_IXI-Guys,174,13,6.89987769389848,6.872704911206588,0.003938154253939989,0.07827297749839958,0.2156971358005617,0.6629125652155398,0.3253779564887714,1.0
optimal_radius_0p5x,ixi,IXI068-Guys-0756-MRA_IXI-Guys,175,4,2.7650118797755625,2.7556376784873495,0.0033902933136670246,0.0449019008688033,0.0990681613843749,0.5658312677066086,0.1750842822559306,1.0
optimal_radius_0p5x,ixi,IXI068-Guys-0756-MRA_IXI-Guys,176,5,2.561516814651198,2.52148967660194,0.015626342103363687,0.09763691072916073,0.19267311138585808,0.6629125652155398,0.2906463408537327,0.9545454545454546
optimal_radius_0p5x,ixi,IXI068-Guys-0756-MRA_IXI-Guys,177,5,2.0031457646291573,1.9891828109234746,0.00697051305613181,0.05181878851399739,0.10037455318973104,0.6629125652155398,0.15141446769393366,1.0
optimal_radius_0p5x,ixi,IXI068-Guys-0756-MRA_IXI-Guys,178,9,3.9218212314165815,3.827712242466598,0.023996246487755106,0.1702188887868014,0.301484518564344,0.800000011920929,0.37685564258984333,1.0
optimal_radius_0p5x,ixi,IXI068-Guys-0756-MRA_IXI-Guys,179,2,1.0389673181549715,1.0389673181549715,0.0,0.0,0.0,0.4687499701976776,0.0,1.0
optimal_radius_0p5x,ixi,IXI068-Guys-0756-MRA_IXI-Guys,180,7,2.8565214446953116,2.84965643985649,0.0024032743922053545,0.03240014645811351,0.08132307676737731,0.4687499701976776,0.1734892414672205,1.0
optimal_radius_0p5x,ixi,IXI068-Guys-0756-MRA_IXI-Guys,181,6,2.466647200025031,2.4287980828934375,0.01534435777082724,0.10038900016003104,0.18983478369299078,0.4687499701976776,0.4049808976263724,1.0
optimal_radius_0p5x,ixi,IXI068-Guys-0756-MRA_IXI-Guys,182,2,0.6081909644389697,0.6081909644389697,0.0,0.0,0.0,0.4687499701976776,0.0,1.0
optimal_radius_0p5x,ixi,IXI068-Guys-0756-MRA_IXI-Guys,183,3,1.3632324477617015,1.3630513322473483,0.0001328573968808879,0.003703368993034285,0.011110106979102854,0.4687499701976776,0.02370156306232422,1.0
optimal_radius_0p5x,ixi,IXI068-Guys-0756-MRA_IXI-Guys,184,3,1.6382556729884565,1.6377948715469963,0.0002812756574311947,0.006475597720871955,0.019426793162615863,0.800000011920929,0.024283491091417614,1.0
optimal_radius_0p5x,ixi,IXI068-Guys-0756-MRA_IXI-Guys,185,5,3.55135702432993,3.533486227816332,0.005032103613116702,0.07826939975742582,0.15603806552044602,0.6629125652155398,0.23538257337106247,0.9565217391304348
optimal_radius_0p5x,ixi,IXI068-Guys-0756-MRA_IXI-Guys,186,4,2.532731047227815,2.5149245918501535,0.007030535436106219,0.061116532270957015,0.12260239464288573,0.9374999403953552,0.13077589593358566,1.0
optimal_radius_0p5x,ixi,IXI068-Guys-0756-MRA_IXI-Guys,187,5,3.2390358840557543,3.1719306682217585,0.020717651250584498,0.14422398844392464,0.2896720082075862,0.9272144054283292,0.3124110308378691,1.0
optimal_radius_0p5x,ixi,IXI068-Guys-0756-MRA_IXI-Guys,188,6,3.494080141960386,3.4698578619192757,0.006932376779291654,0.08890925060914005,0.15825051834750473,0.6629125652155398,0.23872004643033287,1.0
optimal_radius_0p5x,ixi,IXI068-Guys-0756-MRA_IXI-Guys,189,13,7.0159517541187855,6.986956006891854,0.00413283161616795,0.07323575814821695,0.1657848850153198,0.6629125652155398,0.2500855975801521,1.0
optimal_radius_0p5x,ixi,IXI068-Guys-0756-MRA_IXI-Guys,190,5,3.2313178397832987,3.2041583005407204,0.008405096802362127,0.09100206620465265,0.18337868338289134,0.6629125652155398,0.27662574675027846,1.0
optimal_radius_0p5x,ixi,IXI068-Guys-0756-MRA_IXI-Guys,191,6,4.240703014496419,4.225438821774693,0.0035994486455539895,0.08210968526079047,0.15696206687084258,0.6629125652155398,0.2367764243838218,1.0
optimal_radius_0p5x,ixi,IXI068-Guys-0756-MRA_IXI-Guys,192,5,2.0402079520402445,2.025545514323428,0.007186736872657428,0.053984609302304434,0.11229137727716601,0.800000011920929,0.14036421950486766,1.0
optimal_radius_0p5x,ixi,IXI068-Guys-0756-MRA_IXI-Guys,193,11,5.404948476180368,5.339654049319995,0.012080490156035026,0.14679567921907974,0.22495357395592286,0.800000011920929,0.2811919632548168,1.0
optimal_radius_0p5x,ixi,IXI068-Guys-0756-MRA_IXI-Guys,194,6,2.45216208059931,2.4141447859947984,0.015503581474198464,0.099414933617797,0.19082835295020406,0.800000011920929,0.23853543763330007,1.0
optimal_radius_0p5x,ixi,IXI068-Guys-0756-MRA_IXI-Guys,195,5,2.488786980871983,2.4117962977217418,0.0309350232631265,0.13689836382686776,0.27853386546333747,0.800000011920929,0.34816732664107436,1.0
optimal_radius_0p5x,ixi,IXI068-Guys-0756-MRA_IXI-Guys,196,6,4.01995583913195,3.9993978023485814,0.005113995677078844,0.09078092088626162,0.16941917340822557,0.6629125652155398,0.2555679018591849,1.0
optimal_radius_0p5x,ixi,IXI068-Guys-0756-MRA_IXI-Guys,197,3,1.5905323191884042,1.5866645035758098,0.002431774297153568,0.01847525615003158,0.05542576845009474,0.4687499701976776,0.11824164687780356,1.0
optimal_radius_0p5x,ixi,IXI068-Guys-0756-MRA_IXI-Guys,198,3,1.423642882751684,1.4155098359916116,0.005712841934314658,0.025295562494204768,0.0758866874826143,0.4687499701976776,0.1618916102557019,1.0
optimal_radius_0p5x,ixi,IXI068-Guys-0756-MRA_IXI-Guys,199,5,2.222129558551508,2.2015716168822257,0.009251459524566574,0.06714046617853117,0.13030897863168936,0.6629125652155398,0.19657038570285754,1.0
optimal_radius_0p5x,ixi,IXI068-Guys-0756-MRA_IXI-Guys,200,6,2.372936282083159,2.3487665162229274,0.010185594127716557,0.07243842250089728,0.14624229972853806,0.6629125652155398,0.22060571393904527,1.0
optimal_radius_0p5x,ixi,IXI068-Guys-0756-MRA_IXI-Guys,201,8,3.704099792116815,3.665034540133464,0.010546490153016641,0.1223773675207794,0.2135113554849898,0.7314562885682343,0.2918989949528232,1.0
optimal_radius_0p5x,ixi,IXI068-Guys-0756-MRA_IXI-Guys,202,4,1.6611070143537223,1.6470720822508806,0.008449143842970389,0.04325153313074894,0.09270290614694558,0.5658312677066086,0.16383489467219287,1.0
optimal_radius_0p5x,ixi,IXI068-Guys-0756-MRA_IXI-Guys,203,6,2.4757069977378117,2.4372869998670113,0.01551879843047132,0.09810762875598276,0.1902184935409094,0.4687499701976776,0.40579947868730937,0.9523809523809523
optimal_radius_0p5x,ixi,IXI068-Guys-0756-MRA_IXI-Guys,204,2,0.5579638158535766,0.5579638158535767,-1.9897760268320093e-16,0.0,0.0,0.7950634853219345,0.0,1.0
optimal_radius_0p5x,ixi,IXI068-Guys-0756-MRA_IXI-Guys,205,8,4.513973383338099,4.470825924920405,0.009558642631115073,0.1528228179763929,0.25678839833247685,0.8636072086746291,0.2973439727611444,1.0
optimal_radius_0p5x,ixi,IXI068-Guys-0756-MRA_IXI-Guys,206,7,3.7085569242147494,3.666062483743216,0.011458484078825697,0.13308993960790313,0.22830779741486965,0.800000011920929,0.285384742516023,1.0
optimal_radius_0p5x,ixi,IXI068-Guys-0756-MRA_IXI-Guys,207,8,3.4356106547524266,3.372304828078552,0.01842636812943412,0.14754077865585083,0.25316178861911304,0.800000011920929,0.3164522310583856,1.0
optimal_radius_0p5x,ixi,IXI068-Guys-0756-MRA_IXI-Guys,208,6,3.0329511196254324,2.998602427381814,0.01132517171851438,0.09564778462279766,0.18780489116046759,0.6629125652155398,0.28330265711497654,1.0
optimal_radius_0p5x,ixi,IXI068-Guys-0756-MRA_IXI-Guys,209,2,0.6802099205380577,0.6802099205380577,0.0,0.0,0.0,0.6343749910593033,0.0,1.0
optimal_radius_0p5x,ixi,IXI068-Guys-0756-MRA_IXI-Guys,210,6,2.883407515054937,2.8570686989733254,0.009134614494860872,0.09008318003415096,0.17230678166039004,0.800000011920929,0.2153834738660237,1.0
optimal_radius_0p5x,ixi,IXI068-Guys-0756-MRA_IXI-Guys,211,7,3.27774146525361,3.2447763906595566,0.010057252819817163,0.09751774362457813,0.16755121705626275,0.800000011920929,0.20943901819944385,1.0
optimal_radius_0p5x,ixi,IXI068-Guys-0756-MRA_IXI-Guys,212,2,0.7642997180420437,0.7642997180420437,0.0,0.0,0.0,0.6979821878130035,0.0,1.0
optimal_radius_0p5x,ixi,IXI068-Guys-0756-MRA_IXI-Guys,213,3,1.206304241991106,1.1919601017661219,0.011890980505306023,0.03077195332260746,0.09231585996782238,0.4687499701976776,0.19694051378582839,1.0
optimal_radius_0p5x,ixi,IXI068-Guys-0756-MRA_IXI-Guys,214,6,2.403973950982488,2.3737933455238003,0.012554464430179501,0.084532384228364,0.15722972420515013,0.7314562885682343,0.21495436796765316,1.0
optimal_radius_0p5x,ixi,IXI068-Guys-0756-MRA_IXI-Guys,215,12,5.682093765435433,5.608292461844332,0.012988399459375266,0.17610975922052516,0.3020021531091966,0.800000011920929,0.3775026857612674,1.0
optimal_radius_0p5x,ixi,IXI068-Guys-0756-MRA_IXI-Guys,216,5,2.015349848197615,1.9425056335519615,0.036144699497608346,0.12071021414773431,0.2432576150618883,0.800000011920929,0.3040720142963343,1.0
optimal_radius_0p5x,ixi,IXI068-Guys-0756-MRA_IXI-Guys,217,6,3.0514483906543823,2.996597990813802,0.017975201549719676,0.13142150250935192,0.2414615821115015,0.800000011920929,0.3018269731418045,1.0
optimal_radius_0p5x,ixi,IXI068-Guys-0756-MRA_IXI-Guys,218,6,2.506380754161635,2.480730277810225,0.01023407010639528,0.08133952177177077,0.14590407410057285,0.800000011920929,0.18238008990804094,1.0
optimal_radius_0p5x,ixi,IXI068-Guys-0756-MRA_IXI-Guys,219,8,3.800753369000086,3.7658814468787614,0.00917500262073009,0.1150266486278905,0.20966405217780507,0.800000011920929,0.2620800613169591,1.0
optimal_radius_0p5x,ixi,IXI068-Guys-0756-MRA_IXI-Guys,220,8,3.652468294473873,3.580990583948848,0.019569700477118424,0.1736093899587421,0.31289323693453486,0.800000011920929,0.391116540340078,1.0
optimal_radius_0p5x,ixi,IXI068-Guys-0756-MRA_IXI-Guys,221,5,2.251641187470792,2.2033811234946996,0.021433283528758694,0.10281930495397189,0.21083765797591542,0.800000011920929,0.2635470685427369,1.0
optimal_radius_0p5x,ixi,IXI068-Guys-0756-MRA_IXI-Guys,222,6,2.5522916453944315,2.4765224797342604,0.029686719304549435,0.14479248555936794,0.2827333379565449,0.800000011920929,0.3534166671793624,1.0
optimal_radius_0p5x,ixi,IXI068-Guys-0756-MRA_IXI-Guys,223,10,4.472551111435919,4.394985478869404,0.017342592769524087,0.16652888547392436,0.25551121941055904,0.800000011920929,0.31938901950393156,1.0
optimal_radius_0p5x,ixi,IXI068-Guys-0756-MRA_IXI-Guys,224,6,4.267421428939564,4.266780043766408,0.00015029806262086326,0.01434218672818583,0.028909941782026313,0.7314562885682343,0.03952381329390872,1.0
optimal_radius_0p5x,ixi,IXI068-Guys-0756-MRA_IXI-Guys,225,8,5.342478656266293,5.265685283706878,0.014374109378863383,0.21826968089741566,0.3865949698195819,0.9272144054283292,0.416942367974744,1.0
optimal_radius_0p5x,ixi,IXI068-Guys-0756-MRA_IXI-Guys,226,7,4.807163746737968,4.784937977202812,0.0046234683705621855,0.11092108383985418,0.20996072579705355,0.9272144054283292,0.2264424760528409,1.0
optimal_radius_0p5x,ixi,IXI068-Guys-0756-MRA_IXI-Guys,227,2,0.9916263052803672,0.9916263052803672,0.0,0.0,0.0,0.4687499701976776,0.0,1.0
optimal_radius_0p5x,ixi,IXI068-Guys-0756-MRA_IXI-Guys,228,8,6.221858285581481,6.201615289581485,0.00325352894116971,0.11970120491623959,0.2232222302898032,0.4687499701976776,0.47620745489470145,1.0
optimal_radius_0p5x,ixi,IXI068-Guys-0756-MRA_IXI-Guys,229,5,3.011275039671323,2.9796915842834713,0.010488399422757174,0.09615920914974511,0.1916002931877806,0.6629125652155398,0.2890280004354474,1.0
optimal_radius_0p5x,ixi,IXI068-Guys-0756-MRA_IXI-Guys,230,4,2.30490388008491,2.304713260548293,8.270172924087809e-05,0.004677166631741612,0.010359019970059051,0.4687499701976776,0.022099244007824738,1.0
optimal_radius_0p5x,ixi,IXI068-Guys-0756-MRA_IXI-Guys,231,9,4.944079850578695,4.9241807476609205,0.004024834452349159,0.05999166396409398,0.10840212174728482,0.6629125652155398,0.16352401121260826,1.0
optimal_radius_0p5x,ixi,IXI068-Guys-0756-MRA_IXI-Guys,232,11,5.377541112741483,5.350052194287786,0.00511180070544977,0.05726359643604913,0.1142202069355592,0.6629125652155398,0.1723005610829259,0.9767441860465116
optimal_radius_0p5x,ixi,IXI068-Guys-0756-MRA_IXI-Guys,233,6,2.82791470139825,2.7809636922630623,0.016602696365619854,0.11753662865791263,0.22280199587618288,0.6629125652155398,0.3360955992797344,1.0
optimal_radius_0p5x,ixi,IXI068-Guys-0756-MRA_IXI-Guys,234,6,2.7961868931371443,2.746276760797944,0.017849354941795098,0.1197033798816818,0.22310132889567724,0.800000011920929,0.27887665696401054,1.0
optimal_radius_0p5x,ixi,IXI068-Guys-0756-MRA_IXI-Guys,235,6,2.591876709727802,2.4961420132277365,0.036936439198961515,0.16252529056624573,0.29415811600019887,0.800000011920929,0.3676976395211268,1.0
optimal_radius_0p5x,ixi,IXI068-Guys-0756-MRA_IXI-Guys,236,11,6.458414035506193,6.41719224746452,0.006382648714537257,0.08127288225237582,0.1624546523174307,0.6629125652155398,0.24506195966373046,1.0
optimal_radius_0p5x,ixi,IXI068-Guys-0756-MRA_IXI-Guys,237,5,3.721751914102705,3.69812990579275,0.0063470131419681485,0.09182617508466714,0.18546479232419175,0.800000011920929,0.23183098695068877,0.9565217391304348
optimal_radius_0p5x,ixi,IXI068-Guys-0756-MRA_IXI-Guys,238,4,2.498020675808583,2.477212958828308,0.008329681648267178,0.06440990550353268,0.13017732030712348,0.7950634853219345,0.1637319820497259,1.0
optimal_radius_0p5x,ixi,IXI068-Guys-0756-MRA_IXI-Guys,239,3,1.0237216742703734,1.005198111226267,0.018094335120245084,0.03222463614796104,0.09667390844388311,0.800000011920929,0.12084238375416205,1.0
optimal_radius_0p5x,ixi,IXI068-Guys-0756-MRA_IXI-Guys,240,2,0.5811590766808221,0.5811590766808221,0.0,0.0,0.0,0.6343749910593033,0.0,1.0
optimal_radius_0p5x,ixi,IXI068-Guys-0756-MRA_IXI-Guys,241,2,0.5764951875323606,0.5764951875323606,0.0,0.0,0.0,0.4687499701976776,0.0,1.0
optimal_radius_0p5x,ixi,IXI068-Guys-0756-MRA_IXI-Guys,242,3,1.0939119064615914,1.0928611834442126,0.0009605188600401653,0.007987648128050365,0.023962944384151096,0.9374999403953552,0.025560475634852444,1.0
optimal_radius_0p5x,ixi,IXI068-Guys-0756-MRA_IXI-Guys,243,10,7.373440239042098,7.257649398183425,0.015703774236287247,0.18310865736489218,0.32339849335218573,1.0389673181549715,0.31126916862648407,1.0
optimal_radius_0p5x,ixi,IXI068-Guys-0756-MRA_IXI-Guys,244,4,2.8240590232876777,2.8208625484529755,0.001131872531113379,0.027422502129954625,0.05492023746191568,1.084969524681869,0.05061915216283997,1.0
optimal_radius_0p5x,ixi,IXI068-Guys-0756-MRA_IXI-Guys,245,4,1.5328822947274672,1.475318205004092,0.037552844025515675,0.08415824399284166,0.1752751187308222,0.7314562885682343,0.23962487091868315,1.0
optimal_radius_0p5x,ixi,IXI068-Guys-0756-MRA_IXI-Guys,246,7,2.9552147825290653,2.91430832584327,0.013842126442934165,0.11571723009023874,0.22381339300917244,0.6629125652155398,0.3376212863553154,1.0
optimal_radius_0p5x,ixi,IXI068-Guys-0756-MRA_IXI-Guys,247,7,3.146680399137216,3.1168715156739344,0.009473120775613231,0.09481604226006506,0.190153497899096,0.6629125652155398,0.2868455176095046,1.0
optimal_radius_0p5x,ixi,IXI068-Guys-0756-MRA_IXI-Guys,248,13,5.740557614824186,5.71804042509252,0.003922474303457735,0.08653587283508903,0.15691749565741248,0.6629125652155398,0.23670918895072118,1.0
optimal_radius_0p5x,ixi,IXI068-Guys-0756-MRA_IXI-Guys,249,6,2.9018035833669593,2.8271644558991875,0.025721633226866478,0.15005979529522842,0.28292762166081625,0.8636072086746291,0.3276114636595298,1.0
optimal_radius_0p5x,ixi,IXI068-Guys-0756-MRA_IXI-Guys,250,6,2.4447521764817757,2.3905676114967704,0.0221636227615438,0.11879156474569808,0.2242192188253271,0.800000011920929,0.28027401935525054,1.0
optimal_radius_0p5x,ixi,IXI068-Guys-0756-MRA_IXI-Guys,251,12,6.313343709410917,6.263677616948927,0.007866844377244352,0.15686110059179334,0.31426652080168127,0.9272144054283292,0.3389361931413317,1.0
optimal_radius_0p5x,ixi,IXI068-Guys-0756-MRA_IXI-Guys,252,4,1.5694888716528264,1.496665615249548,0.046399345493025504,0.09557435808518003,0.20151326361681313,1.0389673181549715,0.19395534401858402,1.0
optimal_radius_0p5x,ixi,IXI068-Guys-0756-MRA_IXI-Guys,253,7,3.0142975314840923,2.964635117921419,0.01647561763361222,0.13220502447594673,0.2479697244628654,0.9272144054283292,0.26743515093287956,1.0
optimal_radius_0p5x,ixi,IXI068-Guys-0756-MRA_IXI-Guys,254,2,0.9250342494993493,0.9250342494993493,0.0,0.0,0.0,0.7584533840053427,0.0,1.0
optimal_radius_0p5x,ixi,IXI068-Guys-0756-MRA_IXI-Guys,255,6,4.5383838541381945,4.512873943957586,0.005620923879620317,0.1126339954475714,0.21309413684070466,0.8636072086746291,0.24674890934240634,1.0
optimal_radius_0p5x,ixi,IXI068-Guys-0756-MRA_IXI-Guys,256,11,6.406985750898064,6.303180417168825,0.01620189864082169,0.19115366008866322,0.3768728741653768,0.9272144054283292,0.4064570955315123,1.0
optimal_radius_0p5x,ixi,IXI068-Guys-0756-MRA_IXI-Guys,257,7,3.936730593801988,3.857657693395497,0.020085931338807785,0.18630203320663694,0.33417288451941324,0.9272144054283292,0.3604051906042607,1.0
optimal_radius_0p5x,ixi,IXI068-Guys-0756-MRA_IXI-Guys,258,7,4.655486543629838,4.5833912376571435,0.015486094803848858,0.18699745864067538,0.34340895437279984,1.0389673181549715,0.33052912095698594,1.0
optimal_radius_0p5x,ixi,IXI068-Guys-0756-MRA_IXI-Guys,259,5,3.209436365192592,3.1944890118101883,0.004657314145409655,0.06888761436015718,0.14276070098247748,1.2324391089683826,0.11583590616657387,1.0
optimal_radius_0p5x,ixi,IXI068-Guys-0756-MRA_IXI-Guys,260,12,6.446595446247757,6.372979621225598,0.011419333760893489,0.2353891963243535,0.3999331854717594,1.1402979533906952,0.3507269168400691,1.0
optimal_radius_0p5x,ixi,IXI068-Guys-0756-MRA_IXI-Guys,261,11,4.953990215936076,4.871306522513385,0.016690322309622828,0.21992428175471576,0.39733298424749497,1.2324391089683826,0.3223956310345295,1.0
optimal_radius_0p5x,ixi,IXI068-Guys-0756-MRA_IXI-Guys,262,8,3.933058357475492,3.7911060433866135,0.03609209454496706,0.258396947028358,0.43687725574266867,1.2324391089683826,0.3544818178549675,1.0
optimal_radius_0p5x,ixi,IXI068-Guys-0756-MRA_IXI-Guys,263,2,0.9272144054283292,0.9272144054283292,0.0,0.0,0.0,0.6343749910593033,0.0,1.0
optimal_radius_0p5x,ixi,IXI068-Guys-0756-MRA_IXI-Guys,264,2,0.6629125652155398,0.6629125652155398,0.0,0.0,0.0,0.7314562885682343,0.0,1.0
optimal_radius_0p5x,ixi,IXI068-Guys-0756-MRA_IXI-Guys,265,2,1.0389673181549715,1.0389673181549715,0.0,0.0,0.0,0.4687499701976776,0.0,1.0
optimal_radius_0p5x,ixi,IXI068-Guys-0756-MRA_IXI-Guys,266,2,0.4687499701976776,0.4687499701976776,0.0,0.0,0.0,0.6343749910593033,0.0,1.0
optimal_radius_0p5x,ixi,IXI068-Guys-0756-MRA_IXI-Guys,267,3,1.3187331847027601,1.3185722171633623,0.00012206224979024345,0.0034335728769559616,0.010300718630867884,0.9272144054283292,0.011109316864107002,1.0
optimal_radius_0p5x,ixi,IXI068-Guys-0756-MRA_IXI-Guys,268,5,2.0467217694363473,2.0385349082217514,0.003999987363622213,0.04024029496679511,0.08335489671693218,0.9272144054283292,0.0898981899212687,1.0
optimal_radius_0p5x,ixi,IXI068-Guys-0756-MRA_IXI-Guys,269,5,3.9750318380118315,3.966505221121469,0.002145043672059571,0.057869551890799606,0.11984818438923495,0.9272144054283292,0.1292561716983579,1.0
optimal_radius_0p5x,ixi,IXI068-Guys-0756-MRA_IXI-Guys,270,2,0.9272144054283292,0.9272144054283292,0.0,0.0,0.0,0.6979821878130035,0.0,1.0
optimal_radius_0p5x,ixi,IXI068-Guys-0756-MRA_IXI-Guys,271,2,1.0389673181549715,1.0389673181549715,0.0,0.0,0.0,0.4687499701976776,0.0,1.0
optimal_radius_0p5x,ixi,IXI068-Guys-0756-MRA_IXI-Guys,272,3,1.8445805628309362,1.8107154818697795,0.018359231168078066,0.058638069429526214,0.17591420828857865,0.6629125652155398,0.2653656266590479,1.0
optimal_radius_0p5x,ixi,IXI068-Guys-0756-MRA_IXI-Guys,273,6,4.471257331227697,4.447754149453379,0.005256503939097752,0.10479316722583222,0.1990804966037418,0.6629125652155398,0.30031184661436106,1.0
optimal_radius_0p5x,ixi,IXI068-Guys-0756-MRA_IXI-Guys,274,3,1.2969692506131234,1.287993183281238,0.006920801960140682,0.025381503779111556,0.07614451133733467,0.6629125652155398,0.11486358131192913,1.0
optimal_radius_0p5x,ixi,IXI068-Guys-0756-MRA_IXI-Guys,275,10,5.896537819765928,5.832458856330124,0.010867218254923027,0.1780970378566476,0.3177673224855024,0.9272144054283292,0.3427118049775218,1.0
optimal_radius_0p5x,ixi,IXI068-Guys-0756-MRA_IXI-Guys,276,11,5.897076461814023,5.841800119064791,0.009373516369877285,0.16277689706663975,0.2814471378642601,0.800000011920929,0.35180891708796375,1.0
optimal_radius_0p5x,ixi,IXI068-Guys-0756-MRA_IXI-Guys,277,6,3.806037076816168,3.7544934220633155,0.013542604476141855,0.1445551021949613,0.2791255025024526,0.8636072086746291,0.323208861272504,1.0
optimal_radius_0p5x,ixi,IXI068-Guys-0756-MRA_IXI-Guys,278,6,2.9055878518715446,2.876263196382132,0.01009250347413308,0.096170146041123,0.18860501236952812,0.800000011920929,0.2357562619488681,1.0
optimal_radius_0p5x,ixi,IXI068-Guys-0756-MRA_IXI-Guys,279,3,1.3412144145487361,1.3368636165028007,0.003243924311236453,0.01797245880097074,0.05391737640291223,0.9374999403953552,0.05751187181961271,1.0
optimal_radius_0p5x,ixi,IXI068-Guys-0756-MRA_IXI-Guys,280,4,2.4881311304975764,2.474671922022407,0.0054093646071128355,0.05197483496342086,0.11082390016277774,0.9882336292751633,0.11214342123133716,1.0
optimal_radius_0p5x,ixi,IXI068-Guys-0756-MRA_IXI-Guys,281,3,1.2381574673100841,1.2379980071570396,0.00012878826583423737,0.003311491010238018,0.009934473030714054,0.4687499701976776,0.021193543812972542,1.0
optimal_radius_0p5x,ixi,IXI068-Guys-0756-MRA_IXI-Guys,282,2,0.9916263052803672,0.9916263052803672,0.0,0.0,0.0,0.4687499701976776,0.0,1.0
optimal_radius_0p5x,ixi,IXI068-Guys-0756-MRA_IXI-Guys,283,2,1.0389673181549715,1.0389673181549715,0.0,0.0,0.0,0.7031249552965164,0.0,1.0
optimal_radius_0p5x,ixi,IXI068-Guys-0756-MRA_IXI-Guys,284,2,1.0389673181549715,1.0389673181549715,0.0,0.0,0.0,0.7314562885682343,0.0,1.0
optimal_radius_0p5x,ixi,IXI068-Guys-0756-MRA_IXI-Guys,285,2,1.0389673181549715,1.0389673181549715,0.0,0.0,0.0,0.5658312677066086,0.0,1.0
optimal_radius_0p5x,ixi,IXI068-Guys-0756-MRA_IXI-Guys,286,2,0.9272144054283292,0.9272144054283292,0.0,0.0,0.0,0.6343749910593033,0.0,1.0
optimal_radius_0p5x,ixi,IXI068-Guys-0756-MRA_IXI-Guys,287,3,1.0482386850624619,1.0481567978130077,7.811889660344607e-05,0.002183659995441647,0.006550979986324942,0.800000011920929,0.008188724860884669,1.0
optimal_radius_0p5x,ixi,IXI068-Guys-0756-MRA_IXI-Guys,288,2,0.8941214010689396,0.8941214010689396,0.0,0.0,0.0,0.5658312677066086,0.0,1.0
optimal_radius_0p5x,ixi,IXI068-Guys-0756-MRA_IXI-Guys,289,5,2.001510663514322,1.9866397243358012,0.00742985758187756,0.054001524556227275,0.10911152554491696,0.800000011920929,0.1363894048987857,1.0
optimal_radius_0p5x,ixi,IXI068-Guys-0756-MRA_IXI-Guys,290,4,1.6416110075049533,1.619844108019051,0.013259474617549725,0.05388791374441685,0.11132749996133379,0.800000011920929,0.13915937287803098,1.0
optimal_radius_0p5x,ixi,IXI068-Guys-0756-MRA_IXI-Guys,291,7,3.484309007155747,3.4573530944899233,0.007736372580751116,0.06833374184266625,0.13023048782927238,0.800000011920929,0.16278810736085864,1.0
optimal_radius_0p5x,ixi,IXI068-Guys-0756-MRA_IXI-Guys,292,7,5.430549516402764,5.362011611071588,0.012620804786727427,0.20059792168958884,0.3771415952433452,0.9374999403953552,0.40228439383612113,1.0
optimal_radius_0p5x,ixi,IXI068-Guys-0756-MRA_IXI-Guys,293,6,3.0168818926499883,2.837809620165179,0.05935673946039526,0.22707536001889075,0.44404467544674286,0.9374999403953552,0.4736476839235678,1.0
optimal_radius_0p5x,ixi,IXI068-Guys-0756-MRA_IXI-Guys,294,3,1.2746341021321133,1.2709176559455024,0.00291569649705294,0.01619810792852053,0.04859432378556159,0.6629125652155398,0.07330427319591024,1.0
optimal_radius_0p5x,ixi,IXI068-Guys-0756-MRA_IXI-Guys,295,7,3.4880781858782393,3.450681496170764,0.010721287687552074,0.056696640183563685,0.1615628893821224,0.800000011920929,0.20195360871830972,0.9655172413793104
optimal_radius_0p5x,ixi,IXI068-Guys-0756-MRA_IXI-Guys,296,7,3.3879975020945796,3.3389640910877048,0.014472682160054921,0.14009134800150047,0.24363256162966548,0.800000011920929,0.3045406974990718,1.0
optimal_radius_0p5x,ixi,IXI068-Guys-0756-MRA_IXI-Guys,297,2,0.857993563581363,0.857993563581363,0.0,0.0,0.0,0.6343749910593033,0.0,1.0
optimal_radius_0p5x,ixi,IXI068-Guys-0756-MRA_IXI-Guys,298,6,4.095230239966256,4.075790697205288,0.004746874198000675,0.09081225844091063,0.18309164282879584,0.9374999403953552,0.19529776476741303,1.0
optimal_radius_0p5x,ixi,IXI068-Guys-0756-MRA_IXI-Guys,299,3,1.742812785770882,1.7380510170878964,0.0027322318965426187,0.021453839967253006,0.06436151990175902,0.6629125652155398,0.09708900280210027,1.0
optimal_radius_0p5x,ixi,IXI068-Guys-0756-MRA_IXI-Guys,300,6,4.206078619527539,4.198636458040041,0.0017693824012101264,0.04769150465822173,0.0957674980989702,0.9272144054283292,0.10328517065557252,1.0
optimal_radius_0p5x,ixi,IXI068-Guys-0756-MRA_IXI-Guys,301,2,0.6629125652155398,0.6629125652155398,0.0,0.0,0.0,0.6343749910593033,0.0,1.0
optimal_radius_0p5x,ixi,IXI068-Guys-0756-MRA_IXI-Guys,302,2,1.0389673181549715,1.0389673181549715,0.0,0.0,0.0,0.4687499701976776,0.0,1.0
optimal_radius_0p5x,ixi,IXI068-Guys-0756-MRA_IXI-Guys,303,3,1.2325858479670042,1.2324391089683826,0.00011904971881969683,0.0031695276313690925,0.009508582894107278,1.0389673181549715,0.009151955723682336,1.0
optimal_radius_0p5x,ixi,IXI068-Guys-0756-MRA_IXI-Guys,304,3,1.341271880799464,1.3395988893282131,0.0012473171884089512,0.0111594115224229,0.0334782345672687,0.800000011920929,0.041847792585505174,1.0
optimal_radius_0p5x,ixi,IXI068-Guys-0756-MRA_IXI-Guys,305,2,0.88492082024312,0.88492082024312,0.0,0.0,0.0,0.4687499701976776,0.0,1.0
optimal_radius_0p5x,ixi,IXI068-Guys-0756-MRA_IXI-Guys,306,2,0.9272144054283292,0.9272144054283292,0.0,0.0,0.0,0.4687499701976776,0.0,1.0
optimal_radius_0p5x,ixi,IXI068-Guys-0756-MRA_IXI-Guys,307,4,2.098985497228613,2.077934636309943,0.010029064491614803,0.060564854629610025,0.12112970925922005,0.5658312677066086,0.21407390537142865,1.0
optimal_radius_0p5x,ixi,IXI068-Guys-0756-MRA_IXI-Guys,308,3,1.7320168298265484,1.731892937053152,7.153092929750802e-05,0.0034526696104976028,0.010358008831492809,0.6629125652155398,0.015625,1.0
optimal_radius_0p5x,ixi,IXI068-Guys-0756-MRA_IXI-Guys,309,3,1.6673104771769776,1.6672512140809104,3.5544127430619697e-05,0.0023429281543574216,0.007028784463072264,1.0481567978130077,0.006705852099359476,1.0
optimal_radius_0p5x,ixi,IXI068-Guys-0756-MRA_IXI-Guys,310,3,1.1265810777947078,1.1232799836633398,0.002930187801334239,0.014345072971951691,0.04303521891585507,0.6629125652155398,0.06491839372793089,1.0
optimal_radius_0p5x,ixi,IXI068-Guys-0756-MRA_IXI-Guys,311,5,1.919028498628173,1.8836444382755002,0.018438527816531745,0.0819743039301336,0.16014566181632947,0.800000011920929,0.20018207428746648,1.0
optimal_radius_0p5x,ixi,IXI068-Guys-0756-MRA_IXI-Guys,312,4,1.7285439867853265,1.7045625316542155,0.013873789336255628,0.0581888568050484,0.11895849907292169,0.7314562885682343,0.1626324100730246,1.0
optimal_radius_0p5x,ixi,IXI068-Guys-0756-MRA_IXI-Guys,313,4,1.9191598114673472,1.8830393450093932,0.01882097897326073,0.0752043556396312,0.1513257218524822,0.6343749910593033,0.23854301317867654,1.0
optimal_radius_0p5x,ixi,IXI068-Guys-0756-MRA_IXI-Guys,314,9,5.3966713843414045,5.3056779966155485,0.01686102066356604,0.21551463527032105,0.3741232453374553,0.800000011920929,0.4676540497032307,1.0
optimal_radius_0p5x,ixi,IXI068-Guys-0756-MRA_IXI-Guys,315,7,5.4249243883244365,5.3663388097185445,0.01079933551368574,0.18949210181452716,0.3480991070164733,0.9374999403953552,0.3713057377578879,1.0
optimal_radius_0p5x,ixi,IXI068-Guys-0756-MRA_IXI-Guys,316,8,3.46812833509923,3.409739982328516,0.0168356955478821,0.15265495759510744,0.28769708891154067,1.2755056630658723,0.2255553207188566,1.0
optimal_radius_0p5x,ixi,IXI068-Guys-0756-MRA_IXI-Guys,317,4,1.636218077958561,1.6178809690815945,0.011207007870151883,0.04975086612486627,0.0995358258962165,0.9476758370919611,0.10503151183178018,1.0
optimal_radius_0p5x,ixi,IXI068-Guys-0756-MRA_IXI-Guys,318,2,0.5837178375248872,0.5837178375248872,0.0,0.0,0.0,0.4687499701976776,0.0,1.0
optimal_radius_0p5x,ixi,IXI068-Guys-0756-MRA_IXI-Guys,319,2,0.4758276037495621,0.4758276037495621,0.0,0.0,0.0,0.4687499701976776,0.0,1.0
optimal_radius_0p5x,ixi,IXI068-Guys-0756-MRA_IXI-Guys,320,3,0.9819571323012771,0.979997589998978,0.0019955477055365978,0.010332624032342056,0.03099787209702617,0.4687499701976776,0.06612879801134491,1.0
optimal_radius_0p5x,ixi,IXI068-Guys-0756-MRA_IXI-Guys,321,2,0.7169359877409315,0.7169359877409315,0.0,0.0,0.0,0.4687499701976776,0.0,1.0
optimal_radius_0p5x,ixi,IXI068-Guys-0756-MRA_IXI-Guys,322,3,1.1469039114570452,1.1401649611994016,0.005875775808526386,0.020624343797038827,0.06187303139111648,0.6629125652155398,0.09333513141510456,1.0
optimal_radius_0p5x,ixi,IXI068-Guys-0756-MRA_IXI-Guys,323,4,1.3902314938070632,1.3434718538569885,0.033634427185954704,0.07153733863792519,0.1568718029835735,0.6629125652155398,0.2366402618006918,1.0
optimal_radius_0p5x,ixi,IXI068-Guys-0756-MRA_IXI-Guys,324,4,1.412826418559049,1.4062499105930328,0.004654859138834251,0.02780914129834855,0.055847164418082684,0.5658312677066086,0.09869932540921407,1.0
optimal_radius_0p5x,ixi,IXI068-Guys-0756-MRA_IXI-Guys,325,2,0.9272144054283292,0.9272144054283292,0.0,0.0,0.0,0.4687499701976776,0.0,1.0
optimal_radius_0p5x,ixi,IXI068-Guys-0756-MRA_IXI-Guys,326,2,1.0389673181549715,1.0389673181549715,0.0,0.0,0.0,0.4687499701976776,0.0,1.0
optimal_radius_0p5x,ixi,IXI068-Guys-0756-MRA_IXI-Guys,327,10,4.266129519053832,4.244980286105113,0.004957475588647831,0.06943260933782527,0.11257938382260506,0.7314562885682343,0.15391129392430267,1.0
optimal_radius_0p5x,ixi,IXI068-Guys-0756-MRA_IXI-Guys,328,5,1.8781249120213215,1.8039581520008556,0.03948979087905516,0.11556916199571257,0.23731356806746678,0.6629125652155398,0.35798622702272437,1.0
optimal_radius_0p5x,ixi,IXI068-Guys-0756-MRA_IXI-Guys,329,2,0.5877712357890982,0.5877712357890982,0.0,0.0,0.0,0.6343749910593033,0.0,1.0
optimal_radius_0p5x,ixi,IXI068-Guys-0756-MRA_IXI-Guys,330,4,1.6956791888113374,1.6709740037363026,0.014569492412272301,0.05871409647764127,0.11932819823640377,0.6343749910593033,0.18810356637348682,1.0
optimal_radius_0p5x,ixi,IXI068-Guys-0756-MRA_IXI-Guys,331,5,2.41850778039215,2.392033696153282,0.01094645402983782,0.07578242185491706,0.15253916541419535,0.800000011920929,0.19067395392648087,1.0
optimal_radius_0p5x,ixi,IXI068-Guys-0756-MRA_IXI-Guys,332,9,4.005157721716756,3.951323152374783,0.013441310700467952,0.1586162844232182,0.26405125190829937,0.800000011920929,0.33006405996703647,1.0
optimal_radius_0p5x,ixi,IXI068-Guys-0756-MRA_IXI-Guys,333,6,2.8167558361165934,2.7669318556273703,0.017688427179373294,0.12323091640754635,0.23479462257393868,0.6629125652155398,0.3541864114426575,1.0
optimal_radius_0p5x,ixi,IXI068-Guys-0756-MRA_IXI-Guys,334,2,0.6160458121256147,0.6160458121256146,1.8021760764746124e-16,0.0,0.0,1.1402979533906952,0.0,1.0
optimal_radius_0p5x,ixi,IXI068-Guys-0756-MRA_IXI-Guys,335,10,5.092647354178573,5.032619721894095,0.01178711740863514,0.18994370820664086,0.3383735060322154,0.9272144054283292,0.36493555757031493,1.0
optimal_radius_0p5x,ixi,IXI068-Guys-0756-MRA_IXI-Guys,336,8,4.121007192468785,4.0668691198741245,0.013137097332321882,0.1556841823905188,0.29151929808724714,0.800000011920929,0.36439911717908896,1.0
optimal_radius_0p5x,ixi,IXI068-Guys-0756-MRA_IXI-Guys,337,3,1.8546602172125402,1.8544288108566584,0.00012477021598570465,0.004882812189559142,0.014648436568677425,0.4687499701976776,0.03125,1.0
optimal_radius_0p5x,ixi,IXI068-Guys-0756-MRA_IXI-Guys,338,2,0.9272144054283292,0.9272144054283292,0.0,0.0,0.0,0.7031249552965164,0.0,1.0
optimal_radius_0p5x,ixi,IXI068-Guys-0756-MRA_IXI-Guys,339,2,1.0389673181549715,1.0389673181549715,0.0,0.0,0.0,0.4687499701976776,0.0,1.0
optimal_radius_0p5x,ixi,IXI068-Guys-0756-MRA_IXI-Guys,340,2,0.4687499701976776,0.4687499701976776,0.0,0.0,0.0,0.5658312677066086,0.0,1.0
optimal_radius_0p5x,ixi,IXI068-Guys-0756-MRA_IXI-Guys,341,3,1.1575745331827356,1.1561946482950731,0.001192048415118914,0.009413327045542668,0.028239981136628005,0.6629125652155398,0.04259985798797771,1.0
optimal_radius_0p5x,ixi,IXI068-Guys-0756-MRA_IXI-Guys,342,6,2.9900211209154044,2.9063858024236704,0.027971480838947647,0.16236227357723024,0.3033680584035325,0.6629125652155398,0.45762906651934593,1.0
optimal_radius_0p5x,ixi,IXI068-Guys-0756-MRA_IXI-Guys,343,3,0.9379575923339609,0.9374999403953552,0.0004879239129211601,0.004882812189559142,0.014648436568677425,0.4687499701976776,0.03125,1.0
optimal_radius_0p5x,ixi,IXI068-Guys-0756-MRA_IXI-Guys,344,3,1.5486350469713388,1.5484870989311068,9.553447761713441e-05,0.0035675282428447447,0.010702584728534234,0.9272144054283292,0.011542729131338449,1.0
optimal_radius_0p5x,ixi,IXI068-Guys-0756-MRA_IXI-Guys,345,2,0.9272144054283292,0.9272144054283292,0.0,0.0,0.0,0.5658312677066086,0.0,1.0
optimal_radius_0p5x,ixi,IXI068-Guys-0756-MRA_IXI-Guys,346,2,1.0389673181549715,1.0389673181549715,0.0,0.0,0.0,0.4687499701976776,0.0,1.0
optimal_radius_0p5x,ixi,IXI068-Guys-0756-MRA_IXI-Guys,347,2,0.9272144054283292,0.9272144054283292,0.0,0.0,0.0,0.6343749910593033,0.0,1.0
optimal_radius_0p5x,ixi,IXI068-Guys-0756-MRA_IXI-Guys,348,4,1.433500128008523,1.4296874127514876,0.002659724392443609,0.0213242830502215,0.04303278741666315,0.800000011920929,0.05379098346928082,1.0
optimal_radius_0p5x,ixi,IXI068-Guys-0756-MRA_IXI-Guys,349,8,3.362797449008205,3.307100369014939,0.01656272220906213,0.1218738173942836,0.22460847576696258,0.7314562885682343,0.30707026418026323,1.0
optimal_radius_0p5x,ixi,IXI068-Guys-0756-MRA_IXI-Guys,350,5,2.417033731976317,2.35437570384174,0.02592352241743175,0.11978674711059722,0.24475392425315518,0.800000011920929,0.3059424007575469,1.0
optimal_radius_0p5x,ixi,IXI068-Guys-0756-MRA_IXI-Guys,351,3,1.0202740443823917,1.008221318957637,0.011813223605086031,0.026057934660021126,0.07817380398006338,0.6629125652155398,0.11792475822908245,1.0
optimal_radius_0p5x,ixi,IXI068-Guys-0756-MRA_IXI-Guys,352,4,1.9326999700358605,1.9152758842922266,0.009015411607478091,0.051143940097907445,0.10629635985219454,0.6629125652155398,0.16034748084407374,1.0
optimal_radius_0p5x,ixi,IXI068-Guys-0756-MRA_IXI-Guys,353,6,2.7654623421492786,2.672439677323691,0.03363729218358891,0.16214331555376926,0.3041797585617463,0.800000011920929,0.3802246925363934,1.0
optimal_radius_0p5x,ixi,IXI068-Guys-0756-MRA_IXI-Guys,354,4,1.4676664763607876,1.4299320828281654,0.025710469061191652,0.06748883490471141,0.14133626442549546,0.800000011920929,0.17667032789927628,1.0
optimal_radius_0p5x,ixi,IXI068-Guys-0756-MRA_IXI-Guys,355,4,1.9544074296374243,1.9335687580888539,0.010662398859400759,0.05688219123497458,0.12116379326660931,0.5658312677066086,0.2141341424232399,1.0
optimal_radius_0p5x,ixi,IXI068-Guys-0756-MRA_IXI-Guys,356,2,0.9272144054283292,0.9272144054283292,0.0,0.0,0.0,0.4687499701976776,0.0,1.0
optimal_radius_0p5x,ixi,IXI068-Guys-0756-MRA_IXI-Guys,357,2,0.9272144054283292,0.9272144054283292,0.0,0.0,0.0,0.6343749910593033,0.0,1.0
optimal_radius_0p5x,ixi,IXI068-Guys-0756-MRA_IXI-Guys,358,7,2.8973367417082243,2.8618102885078134,0.012261761875654496,0.10293446294279981,0.1995276980918194,0.800000011920929,0.2494096188982813,1.0
optimal_radius_0p5x,ixi,IXI068-Guys-0756-MRA_IXI-Guys,359,4,1.3152046284125722,1.2799275408468118,0.026822508683184317,0.06144902698184317,0.13054920540663392,0.4687499701976776,0.27850498924102274,1.0
optimal_radius_0p5x,ixi,IXI068-Guys-0756-MRA_IXI-Guys,360,6,2.553046785152861,2.5204939828616735,0.012750570213008672,0.09340960810068875,0.18188799817776755,0.8636072086746291,0.21061426578051562,1.0
optimal_radius_0p5x,ixi,IXI068-Guys-0756-MRA_IXI-Guys,361,9,5.566268796756503,5.5394039841859675,0.0048263591916707736,0.10421452725338153,0.21765378538804492,1.2324391089683826,0.1766040884325983,1.0
optimal_radius_0p5x,ixi,IXI068-Guys-0756-MRA_IXI-Guys,362,3,0.9982154795380961,0.9927391899198047,0.005486079639664,0.017393711183404572,0.05218113355021371,0.6629125652155398,0.07871495622239037,1.0
optimal_radius_0p5x,ixi,IXI068-Guys-0756-MRA_IXI-Guys,363,3,1.2860869786564346,1.2785802766403516,0.005836854070263001,0.02306562568156512,0.06919687704469536,0.6629125652155398,0.10438311275966937,1.0
optimal_radius_0p5x,ixi,IXI068-Guys-0756-MRA_IXI-Guys,364,5,2.5335457434103494,2.4963992951136094,0.014661842358029845,0.0933312109967851,0.18730476352003594,0.6629125652155398,0.28254821728886004,1.0
optimal_radius_0p5x,ixi,IXI068-Guys-0756-MRA_IXI-Guys,365,6,2.7392075844665347,2.6734952447325506,0.023989543584292332,0.13209518864354594,0.25780867902077315,0.800000011920929,0.32226084397390564,1.0
optimal_radius_0p5x,ixi,IXI068-Guys-0756-MRA_IXI-Guys,366,9,4.109221123962902,4.057082833913434,0.012688119835027633,0.14314482692718544,0.23659093333965225,0.800000011920929,0.29573866226771583,1.0
optimal_radius_0p5x,ixi,IXI068-Guys-0756-MRA_IXI-Guys,367,9,4.0623364166537215,3.972105267349012,0.02221163883296401,0.16678817086838682,0.33105679064388144,0.800000011920929,0.41382098213843865,1.0
optimal_radius_0p5x,ixi,IXI068-Guys-0756-MRA_IXI-Guys,368,5,2.228097576264573,2.209202508513626,0.008480359187241925,0.06282300581807909,0.1250153604314712,0.6629125652155398,0.1885849914322014,1.0
optimal_radius_0p5x,ixi,IXI068-Guys-0756-MRA_IXI-Guys,369,3,1.5499957647232763,1.5494917565196484,0.00032516747148520023,0.006585981460076131,0.019757944380228393,0.4687499701976776,0.042150284024330124,1.0
optimal_radius_0p5x,ixi,IXI068-Guys-0756-MRA_IXI-Guys,370,2,0.8941214010689396,0.8941214010689396,0.0,0.0,0.0,0.5658312677066086,0.0,1.0
optimal_radius_0p5x,ixi,IXI068-Guys-0756-MRA_IXI-Guys,371,3,1.3408821915168483,1.340825222642639,4.2486114417641085e-05,0.002060026678282174,0.006180080034846522,0.4687499701976776,0.013184171579232967,1.0
optimal_radius_0p5x,ixi,IXI068-Guys-0756-MRA_IXI-Guys,372,5,3.369774965591735,3.3547144930695207,0.004469281384067048,0.06454595862070459,0.12668296344365934,0.4687499701976776,0.2702570058622843,0.9583333333333334
optimal_radius_0p5x,ixi,IXI068-Guys-0756-MRA_IXI-Guys,373,5,2.51098204294619,2.467767967342939,0.01721002972707326,0.09533643673705185,0.19134424334088893,0.6629125652155398,0.28864175063369807,1.0
optimal_radius_0p5x,ixi,IXI068-Guys-0756-MRA_IXI-Guys,374,6,3.600810784873534,3.5790755188589123,0.006036214428685922,0.0924012629788822,0.1701849049974445,0.6629125652155398,0.25672300379780927,1.0
optimal_radius_0p5x,ixi,IXI068-Guys-0756-MRA_IXI-Guys,375,3,1.4480534819619084,1.432434912558398,0.010785906458613333,0.03530512155180834,0.10591536465542502,0.4687499701976776,0.22595279229726503,1.0
optimal_radius_0p5x,ixi,IXI068-Guys-0756-MRA_IXI-Guys,376,4,1.962673472464647,1.9507720419289123,0.00606388719402695,0.04277965988776131,0.09705053520716472,0.4687499701976776,0.20704115493860686,1.0
optimal_radius_0p5x,ixi,IXI068-Guys-0756-MRA_IXI-Guys,377,2,0.5654950097829318,0.5654950097829318,0.0,0.0,0.0,0.4687499701976776,0.0,1.0
optimal_radius_0p5x,ixi,IXI068-Guys-0756-MRA_IXI-Guys,378,4,1.4503071991727254,1.44203871399318,0.0057011957082346585,0.031572541392390324,0.06509145322881252,0.7314562885682343,0.08898884902093562,1.0
optimal_radius_0p5x,ixi,IXI068-Guys-0756-MRA_IXI-Guys,379,2,1.0389673181549715,1.0389673181549715,0.0,0.0,0.0,0.6343749910593033,0.0,1.0
optimal_radius_0p5x,ixi,IXI068-Guys-0756-MRA_IXI-Guys,380,2,0.8321820692677961,0.8321820692677961,0.0,0.0,0.0,0.4687499701976776,0.0,1.0
optimal_radius_0p5x,ixi,IXI068-Guys-0756-MRA_IXI-Guys,381,3,1.35706710996635,1.3398243989410867,0.012705864653731726,0.03578743592064537,0.10736230776193612,0.4687499701976776,0.22903960445407626,1.0
optimal_radius_0p5x,ixi,IXI068-Guys-0756-MRA_IXI-Guys,382,8,3.3465151383254796,3.2592240053442754,0.02608418888697536,0.15876539133273557,0.31047813064993857,0.800000011920929,0.38809765752931746,1.0
optimal_radius_0p5x,ixi,IXI068-Guys-0756-MRA_IXI-Guys,383,4,1.7123543789913924,1.6844184054672173,0.016314364518768533,0.062454005582973614,0.12495674474782156,0.7950634853219345,0.1571657446917267,1.0
optimal_radius_0p5x,ixi,IXI068-Guys-0756-MRA_IXI-Guys,384,2,0.9272144054283292,0.9272144054283292,0.0,0.0,0.0,0.7031249552965164,0.0,1.0
optimal_radius_0p5x,ixi,IXI068-Guys-0756-MRA_IXI-Guys,385,2,1.0389673181549715,1.0389673181549715,0.0,0.0,0.0,0.4687499701976776,0.0,1.0
optimal_radius_0p5x,ixi,IXI068-Guys-0756-MRA_IXI-Guys,386,2,0.6629125652155398,0.6629125652155398,0.0,0.0,0.0,0.5658312677066086,0.0,1.0
optimal_radius_0p5x,ixi,IXI068-Guys-0756-MRA_IXI-Guys,387,4,2.4973075934878355,2.489870125284053,0.0029781946858195687,0.039328099160536145,0.07865619832107731,0.8002062528054474,0.09829490590121749,1.0
optimal_radius_0p5x,ixi,IXI068-Guys-0756-MRA_IXI-Guys,388,5,2.864750889398639,2.837809620165179,0.009404402083671484,0.08741773511101976,0.18102056537979844,1.0481567978130077,0.1727037078398004,1.0
optimal_radius_0p5x,ixi,IXI068-Guys-0756-MRA_IXI-Guys,389,2,0.6781604813096892,0.6781604813096893,-1.6371095857444418e-16,0.0,0.0,0.5658312677066086,0.0,1.0
optimal_radius_0p5x,ixi,IXI068-Guys-0756-MRA_IXI-Guys,390,5,2.2606225585740933,2.225727781907828,0.01543591455987048,0.08653941002093454,0.17501144693943602,0.6629125652155398,0.2640038160726863,1.0
optimal_radius_0p5x,ixi,IXI068-Guys-0756-MRA_IXI-Guys,391,4,2.1851682388181644,2.1811156369842437,0.0018545948828692796,0.02715946699267128,0.05435140710518054,0.5658312677066086,0.09605585659038288,1.0
optimal_radius_0p5x,ixi,IXI068-Guys-0756-MRA_IXI-Guys,392,5,2.0630657178770293,2.0080147861382485,0.026684041745131743,0.10517997415811413,0.21799030621602036,0.6629125652155398,0.32883719159123626,1.0
optimal_radius_0p5x,ixi,IXI068-Guys-0756-MRA_IXI-Guys,393,6,2.445718900323406,2.3980684032641877,0.019483227223258244,0.11271187009634927,0.20986849262398025,0.6629125652155398,0.3165854799505022,1.0
optimal_radius_0p5x,ixi,IXI068-Guys-0756-MRA_IXI-Guys,394,5,2.07606476122674,2.0312007086108155,0.021610141193001368,0.09550549151188523,0.19200003218371325,0.6629125652155398,0.2896310045372066,1.0
optimal_radius_0p5x,ixi,IXI068-Guys-0756-MRA_IXI-Guys,395,4,1.6032821452698462,1.540820792302981,0.03895842859046646,0.08904074260967718,0.18544894390594482,0.6629125652155398,0.2797487234921363,1.0
optimal_radius_0p5x,ixi,IXI068-Guys-0756-MRA_IXI-Guys,396,7,3.3355558996592856,3.2442157883023603,0.02738377473039959,0.17712906573143825,0.31112391373146037,0.6629125652155398,0.46932873210858717,1.0
optimal_radius_0p5x,ixi,IXI068-Guys-0756-MRA_IXI-Guys,397,6,2.5593416593878873,2.547312347748366,0.00470015857218469,0.04833246567980026,0.08493482262603846,0.800000011920929,0.10616852670051374,0.9545454545454546
optimal_radius_0p5x,ixi,IXI068-Guys-0756-MRA_IXI-Guys,398,3,1.6659676633490212,1.6633780147788626,0.0015544410777774559,0.015437198644216617,0.04631159593264985,0.6629125652155398,0.06986079064226527,1.0
optimal_radius_0p5x,ixi,IXI068-Guys-0756-MRA_IXI-Guys,399,2,0.6092200157302589,0.6092200157302587,1.8223679392646943e-16,0.0,0.0,0.4687499701976776,0.0,1.0
optimal_radius_0p5x,ixi,IXI068-Guys-0756-MRA_IXI-Guys,400,2,0.5242895645468972,0.5242895645468972,0.0,0.0,0.0,0.4687499701976776,0.0,1.0
optimal_radius_0p5x,ixi,IXI068-Guys-0756-MRA_IXI-Guys,401,2,0.7528704968930185,0.7528704968930185,0.0,0.0,0.0,0.4687499701976776,0.0,1.0
optimal_radius_0p5x,ixi,IXI068-Guys-0756-MRA_IXI-Guys,402,2,0.9272144054283292,0.9272144054283292,0.0,0.0,0.0,0.8505945395830301,0.0,1.0
optimal_radius_0p5x,ixi,IXI068-Guys-0756-MRA_IXI-Guys,403,3,1.3188529488352225,1.3185722171633623,0.0002128604800923433,0.0045349462354554995,0.013604838706366498,0.6629125652155398,0.020522825211410817,1.0
optimal_radius_0p5x,ixi,IXI068-Guys-0756-MRA_IXI-Guys,404,4,1.5572723256022176,1.55415910646049,0.0019991488261525817,0.01943970906679192,0.04406334055139558,0.4687499701976776,0.094001799152784,1.0
optimal_radius_0p5x,ixi,IXI068-Guys-0756-MRA_IXI-Guys,405,9,3.8184505762261907,3.781797520867422,0.009598934077338,0.12655141914088233,0.21873990640648763,0.6629125652155398,0.32996795940255924,1.0
optimal_radius_0p5x,ixi,IXI068-Guys-0756-MRA_IXI-Guys,406,10,4.741941220252328,4.685136932655811,0.011979120988238279,0.13308128904658145,0.22037756927448177,0.6629125652155398,0.33243836493403633,1.0
optimal_radius_0p5x,ixi,IXI068-Guys-0756-MRA_IXI-Guys,407,3,1.2325858479670042,1.2324391089683826,0.00011904971881969683,0.0031695276313690925,0.009508582894107278,1.3185722171633623,0.007211271988244257,1.0
optimal_radius_0p5x,ixi,IXI068-Guys-0756-MRA_IXI-Guys,408,6,2.9464388779179216,2.847929457364506,0.03343338336039963,0.17748965201061231,0.3406886316968673,1.2755056630658723,0.2671008381710907,1.0
optimal_radius_0p5x,ixi,IXI068-Guys-0756-MRA_IXI-Guys,409,2,0.7391572926765821,0.7391572926765821,0.0,0.0,0.0,0.9272144054283292,0.0,1.0
optimal_radius_0p5x,ixi,IXI068-Guys-0756-MRA_IXI-Guys,410,18,9.591598177000696,9.515548890232349,0.007928739858046034,0.22579361258736158,0.3687462726353063,1.600000023841858,0.2304664169628492,1.0
optimal_radius_0p5x,ixi,IXI068-Guys-0756-MRA_IXI-Guys,411,5,3.254373371831216,3.2384835254698494,0.004882613193342868,0.07001255640628315,0.1471578783611168,0.6629125652155398,0.22198685932777545,0.9565217391304348
optimal_radius_0p5x,ixi,IXI068-Guys-0756-MRA_IXI-Guys,412,7,4.760781083058162,4.7404743686581865,0.004265416545247025,0.06578830798821124,0.17150067202324437,0.6629125652155398,0.25870783120166463,1.0
optimal_radius_0p5x,ixi,IXI068-Guys-0756-MRA_IXI-Guys,413,2,0.5520462352016857,0.5520462352016857,0.0,0.0,0.0,1.600000023841858,0.0,1.0
optimal_radius_0p5x,ixi,IXI068-Guys-0756-MRA_IXI-Guys,414,15,7.09017058906402,6.785358802852673,0.04299075493070555,0.38642613500838013,0.5762997792291163,1.600000023841858,0.36018735665098783,1.0
optimal_radius_0p5x,ixi,IXI068-Guys-0756-MRA_IXI-Guys,415,2,0.709669836396987,0.709669836396987,0.0,0.0,0.0,0.7538586441763245,0.0,1.0
optimal_radius_0p5x,ixi,IXI068-Guys-0756-MRA_IXI-Guys,416,4,1.776803677126582,1.738083921904221,0.02179180273027012,0.07519289897089351,0.15051270048234794,0.800000011920929,0.18814087279941746,1.0
optimal_radius_0p5x,ixi,IXI068-Guys-0756-MRA_IXI-Guys,417,7,3.4542769949042524,3.3523931592057474,0.02949498139518168,0.19560513037203062,0.3469751798832132,0.800000011920929,0.43371896839110025,1.0
optimal_radius_0p5x,ixi,IXI068-Guys-0756-MRA_IXI-Guys,418,16,7.291234942838166,7.194894971477527,0.013213121249819102,0.1647940537235051,0.33047273389149123,0.800000011920929,0.4130909112088298,1.0
optimal_radius_0p5x,ixi,IXI068-Guys-0756-MRA_IXI-Guys,419,6,2.639917293241999,2.6310129358054053,0.0033729683347991334,0.029126627661977694,0.06842674346412396,0.5658312677066086,0.12093135775523133,1.0
optimal_radius_0p5x,ixi,IXI068-Guys-0756-MRA_IXI-Guys,420,3,1.0646923676153053,1.0634367510640026,0.0011793233327247487,0.008615231787630557,0.02584569536289167,0.4687499701976776,0.055137486946382576,1.0
optimal_radius_0p5x,ixi,IXI068-Guys-0756-MRA_IXI-Guys,421,3,1.9661817235833006,1.9127552768442606,0.027172690142634445,0.07574269609448248,0.22722808828344743,0.6629125652155398,0.3427723356089447,1.0
optimal_radius_0p5x,ixi,IXI068-Guys-0756-MRA_IXI-Guys,422,7,3.1950224651473156,3.173168460579638,0.0068400159329302145,0.08105317104959472,0.16520969265411733,0.6629125652155398,0.24921792303092183,1.0
optimal_radius_0p5x,ixi,IXI068-Guys-0756-MRA_IXI-Guys,423,2,0.6507057714616409,0.6507057714616409,0.0,0.0,0.0,0.5658312677066086,0.0,1.0
optimal_radius_0p5x,ixi,IXI068-Guys-0756-MRA_IXI-Guys,424,6,2.7390936369293084,2.7100780496831627,0.010593134478846796,0.0901077373111221,0.16162396164303255,0.7314562885682343,0.22096188681267367,1.0
optimal_radius_0p5x,ixi,IXI068-Guys-0756-MRA_IXI-Guys,425,5,1.9778342295617823,1.9078144420458159,0.035402252862961316,0.11651651721356171,0.23280513159571797,0.800000011920929,0.291006410158314,1.0
optimal_radius_0p5x,ixi,IXI068-Guys-0756-MRA_IXI-Guys,426,6,2.7069880448128103,2.6643659897426297,0.015745195163256776,0.1079813308244717,0.20716775572703147,0.7314562885682343,0.28322643330136016,1.0
optimal_radius_0p5x,ixi,IXI068-Guys-0756-MRA_IXI-Guys,427,4,1.6485320952363869,1.5934447762178483,0.03341598211992317,0.08625443027765747,0.18026530197392776,0.7314562885682343,0.2464471285451415,1.0
optimal_radius_0p5x,ixi,IXI068-Guys-0756-MRA_IXI-Guys,428,5,3.095201438829503,3.0611837558061508,0.010990458519629135,0.10041708688742539,0.20365446911378782,0.4687499701976776,0.4344628950651543,1.0
optimal_radius_0p5x,ixi,IXI068-Guys-0756-MRA_IXI-Guys,429,2,0.8258674536989417,0.8258674536989417,0.0,0.0,0.0,0.4687499701976776,0.0,1.0
optimal_radius_0p5x,ixi,IXI068-Guys-0756-MRA_IXI-Guys,430,2,0.7419538869991619,0.7419538869991619,0.0,0.0,0.0,0.5658312677066086,0.0,1.0
optimal_radius_0p5x,ixi,IXI068-Guys-0756-MRA_IXI-Guys,431,5,3.191126422594306,3.1671535100800776,0.007512366901070283,0.08523730728369246,0.1731574104715025,0.4687499701976776,0.36940249915851703,1.0
optimal_radius_0p5x,ixi,IXI068-Guys-0756-MRA_IXI-Guys,432,10,8.409316578983113,8.373342365729126,0.004277899745610072,0.17805052438793248,0.3067563189168885,0.9272144054283292,0.33083644637205734,1.0
optimal_radius_0p5x,ixi,IXI068-Guys-0756-MRA_IXI-Guys,433,5,2.7141252507444276,2.6490431933805283,0.02397901767652345,0.1288092167848893,0.2644884394068824,0.800000011920929,0.33061054433212195,1.0
optimal_radius_0p5x,ixi,IXI068-Guys-0756-MRA_IXI-Guys,434,2,0.6350182354755041,0.6350182354755041,0.0,0.0,0.0,0.9272144054283292,0.0,1.0
optimal_radius_0p5x,ixi,IXI068-Guys-0756-MRA_IXI-Guys,435,10,5.1959307226148,5.174623036109713,0.004100841147159072,0.10674881192451627,0.1870749101785817,0.7950634853219345,0.2352955627220535,1.0
optimal_radius_0p5x,ixi,IXI068-Guys-0756-MRA_IXI-Guys,436,11,6.135980138182345,6.095069307732242,0.006667366831181051,0.1770256551905925,0.3022192584117293,0.800000011920929,0.3777740673853894,1.0
optimal_radius_0p5x,ixi,IXI068-Guys-0756-MRA_IXI-Guys,437,11,5.814675881999981,5.776156293147938,0.006624546171401334,0.14265612155802015,0.2624360045711356,0.800000011920929,0.32804500082566806,0.9583333333333334
optimal_radius_0p5x,ixi,IXI068-Guys-0756-MRA_IXI-Guys,438,10,4.66930060267612,4.618368026137354,0.01090796692540537,0.08271391579442386,0.20850743514309894,0.800000011920929,0.2606342900451201,1.0
optimal_radius_0p5x,ixi,IXI068-Guys-0756-MRA_IXI-Guys,439,9,3.8565802991089306,3.791717618426782,0.016818703527872934,0.16138306681508044,0.3061498378899849,0.800000011920929,0.3826872916599961,1.0
optimal_radius_0p5x,ixi,IXI068-Guys-0756-MRA_IXI-Guys,440,9,3.951534037524237,3.8654112782603107,0.021794765892459603,0.20556708774040613,0.37126422663437897,0.9272144054283292,0.40040817362287684,1.0
optimal_radius_0p5x,ixi,IXI068-Guys-0756-MRA_IXI-Guys,441,5,2.1108449027760363,2.0241487596611774,0.041071773203631506,0.13250975060505266,0.27054302808079783,0.9272144054283292,0.2917804409604915,1.0
optimal_radius_0p5x,ixi,IXI068-Guys-0756-MRA_IXI-Guys,442,19,10.089776041446367,9.977753811897013,0.011102548667997493,0.25853965259749456,0.3894756340242235,0.9272144054283292,0.420049162032059,1.0
optimal_radius_0p5x,ixi,IXI068-Guys-0756-MRA_IXI-Guys,443,10,4.876386867172632,4.797937927128583,0.016087513599907222,0.20501131288183855,0.33216487717196386,1.0435620579839897,0.318299112765424,1.0
optimal_radius_0p5x,ixi,IXI068-Guys-0756-MRA_IXI-Guys,444,6,3.672536820902046,3.6374032422474656,0.009566569477157985,0.11596462859515165,0.2223012881347689,0.7314562885682343,0.30391602561775144,1.0
optimal_radius_0p5x,ixi,IXI068-Guys-0756-MRA_IXI-Guys,445,8,3.570665398171876,3.559883738131418,0.0030195100459365462,0.06606680285798115,0.12769487967869655,0.6629125652155398,0.19262703164659092,1.0
optimal_radius_0p5x,ixi,IXI068-Guys-0756-MRA_IXI-Guys,446,5,2.0381458938935295,1.9974203997088849,0.019981638363898258,0.09044018312308415,0.18619734133819782,0.6629125652155398,0.28087767694923316,1.0
optimal_radius_0p5x,ixi,IXI068-Guys-0756-MRA_IXI-Guys,447,6,2.439408905385631,2.4070874860338027,0.013249693104124716,0.09046517861126634,0.17755085079619465,0.4687499701976776,0.37877517244709213,1.0
optimal_radius_0p5x,ixi,IXI068-Guys-0756-MRA_IXI-Guys,448,2,1.0389673181549715,1.0389673181549715,0.0,0.0,0.0,0.5658312677066086,0.0,1.0
optimal_radius_0p5x,ixi,IXI068-Guys-0756-MRA_IXI-Guys,449,4,1.9887376956466194,1.9887376956466194,0.0,0.0,0.0,0.6629125652155398,0.0,1.0
optimal_radius_0p5x,ixi,IXI068-Guys-0756-MRA_IXI-Guys,450,2,0.8799993270710185,0.8799993270710186,-1.2616180381869296e-16,0.0,0.0,0.7031249552965164,0.0,1.0
optimal_radius_0p5x,ixi,IXI068-Guys-0756-MRA_IXI-Guys,451,5,3.0694055642866127,3.0438632505984073,0.008321583170825415,0.08744474944412681,0.1752710245315593,0.6629125652155398,0.2643953874589352,1.0
optimal_radius_0p5x,ixi,IXI068-Guys-0756-MRA_IXI-Guys,452,5,2.535872624272382,2.486562829677417,0.019444901972989845,0.111284713345573,0.2283875951627437,0.6629125652155398,0.3445214454314735,1.0
optimal_radius_0p5x,ixi,IXI068-Guys-0756-MRA_IXI-Guys,453,6,3.1660776806834905,3.139103714855977,0.008519679094446703,0.09188331399414108,0.17945881464397082,0.8636072086746291,0.20780143199520623,1.0
optimal_radius_0p5x,ixi,IXI068-Guys-0756-MRA_IXI-Guys,454,12,5.354260175018927,5.299285925200288,0.01026738485274389,0.16103128813873185,0.2621074499851308,0.800000011920929,0.32763430759928186,1.0
optimal_radius_0p5x,ixi,IXI068-Guys-0756-MRA_IXI-Guys,455,6,2.949821104016695,2.902255028422119,0.01612507128985084,0.12056778579976307,0.22365910069411543,0.800000011920929,0.279573871701669,1.0
optimal_radius_0p5x,ixi,IXI068-Guys-0756-MRA_IXI-Guys,456,6,4.436718944645729,4.420962715681243,0.0035513245623773415,0.0846355589048241,0.1622046805574741,0.9272144054283292,0.1749376191826347,1.0
optimal_radius_0p5x,ixi,IXI068-Guys-0756-MRA_IXI-Guys,457,4,1.4886953454676966,1.4660303134019135,0.01522476182570619,0.0522737868785267,0.10959923691820861,0.5658312677066086,0.19369597117251805,1.0
optimal_radius_0p5x,ixi,IXI068-Guys-0756-MRA_IXI-Guys,458,6,2.463252645685717,2.422856567982234,0.016399486172981526,0.09317713421704095,0.18139808356659382,0.800000011920929,0.22674760107943973,1.0
optimal_radius_0p5x,ixi,IXI068-Guys-0756-MRA_IXI-Guys,459,7,2.971727299299568,2.932005525145045,0.01336656097747771,0.10737130436986664,0.2112680739633585,0.800000011920929,0.2640850885190237,1.0
optimal_radius_0p5x,ixi,IXI068-Guys-0756-MRA_IXI-Guys,460,12,5.627025503946953,5.571220219357534,0.00991736834145778,0.0981441135869523,0.22147961695034624,0.6629125652155398,0.3341007978606262,1.0
optimal_radius_0p5x,ixi,IXI068-Guys-0756-MRA_IXI-Guys,461,5,2.3622939445178606,2.3346177303564146,0.011715821490239905,0.07731666608077836,0.15376360584865734,0.6629125652155398,0.23195156332368289,1.0
optimal_radius_0p5x,ixi,IXI068-Guys-0756-MRA_IXI-Guys,462,11,5.217067025046654,5.189202949560069,0.005340946426950671,0.11668195555472484,0.20124812092539468,0.800000011920929,0.25156014740820504,1.0
optimal_radius_0p5x,ixi,IXI068-Guys-0756-MRA_IXI-Guys,463,5,2.1859727246656746,2.1361517058771455,0.02279123532803858,0.09945265471901614,0.20008974942917795,0.6629125652155398,0.3018342990136575,1.0
optimal_radius_0p5x,ixi,IXI068-Guys-0756-MRA_IXI-Guys,464,6,2.7646242409421036,2.72989635291394,0.012561521929045,0.09698409563891357,0.19277329510051341,0.4687499701976776,0.4112497223609818,1.0
optimal_radius_0p5x,ixi,IXI068-Guys-0756-MRA_IXI-Guys,465,10,4.283891894990445,4.254168177061193,0.006938484597151131,0.07561357502089168,0.15106842741476442,0.4687499701976776,0.3222793323081322,1.0
optimal_radius_0p5x,ixi,IXI068-Guys-0756-MRA_IXI-Guys,466,7,3.090046516877777,3.062265696658728,0.008990421363338937,0.09581895617669121,0.17492087243442264,0.6629125652155398,0.26386718492437805,1.0
optimal_radius_0p5x,ixi,IXI068-Guys-0756-MRA_IXI-Guys,467,9,4.087763527395216,4.056209895488343,0.007719045315466098,0.11692353528608034,0.19995352388827847,0.800000011920929,0.24994190113592354,1.0
optimal_radius_0p5x,ixi,IXI068-Guys-0756-MRA_IXI-Guys,468,4,1.6359199789043095,1.5998830786369072,0.022028522624645004,0.06921941667345952,0.14331641425298494,0.6343749910593033,0.2259175034842874,1.0
optimal_radius_0p5x,ixi,IXI068-Guys-0756-MRA_IXI-Guys,469,6,2.989070739296449,2.929609314378458,0.019892946706235023,0.13829831291592495,0.26228334004810006,0.800000011920929,0.32785417017471724,0.9565217391304348
optimal_radius_0p5x,ixi,IXI068-Guys-0756-MRA_IXI-Guys,470,5,2.2295794710019026,2.1907536545090616,0.017413963932576895,0.09203506856585007,0.1883222325527937,0.6629125652155398,0.28408306379222503,1.0
optimal_radius_0p5x,ixi,IXI068-Guys-0756-MRA_IXI-Guys,471,8,4.6467888638442805,4.628264498309551,0.0039864874599455395,0.08991937507820871,0.17297883180841336,0.6629125652155398,0.2609376272000078,1.0
optimal_radius_0p5x,ixi,IXI068-Guys-0756-MRA_IXI-Guys,472,4,1.927490381353288,1.9127552768442606,0.007644709748788412,0.04843782072398854,0.09689073625125247,1.6178809690815945,0.059887431833908905,1.0
optimal_radius_0p5x,ixi,IXI068-Guys-0756-MRA_IXI-Guys,473,4,2.2134605355522146,2.2058708431703566,0.00342888082256431,0.03601462418604833,0.07940113039679657,1.3258251304310795,0.05988808672753098,1.0
optimal_radius_0p5x,ixi,IXI068-Guys-0756-MRA_IXI-Guys,474,5,2.2261697513756618,2.210234934703552,0.007157952201202396,0.05732155299570305,0.11320681291012087,0.9272144054283292,0.12209345783171334,1.0
optimal_radius_0p5x,ixi,IXI068-Guys-0756-MRA_IXI-Guys,475,8,3.4933496797430506,3.4135577089015787,0.022841106146390944,0.17332324753922876,0.3274911228685952,1.0389673181549715,0.31520830072900036,1.0
optimal_radius_0p5x,ixi,IXI068-Guys-0756-MRA_IXI-Guys,476,17,10.1019815242124,9.937888373447121,0.016243659758432616,0.35912598100085225,0.4962631932557745,1.3185722171633623,0.3763640601524147,1.0
optimal_radius_0p5x,ixi,IXI068-Guys-0756-MRA_IXI-Guys,477,2,0.4687499701976776,0.4687499701976776,0.0,0.0,0.0,0.5658312677066086,0.0,1.0
optimal_radius_0p5x,ixi,IXI068-Guys-0756-MRA_IXI-Guys,478,2,1.0389673181549715,1.0389673181549715,0.0,0.0,0.0,0.4687499701976776,0.0,1.0
optimal_radius_0p5x,ixi,IXI068-Guys-0756-MRA_IXI-Guys,479,11,6.022369079004289,5.971392706846763,0.008464504830041701,0.1456803156968073,0.3235979422831706,0.6629125652155398,0.4881457363505484,1.0
optimal_radius_0p5x,ixi,IXI068-Guys-0756-MRA_IXI-Guys,480,9,5.53822483917113,5.521943603878573,0.002939793122410305,0.0967650009055076,0.1493465880651381,0.800000011920929,0.1866832322996257,0.9555555555555556
optimal_radius_0p5x,ixi,IXI068-Guys-0756-MRA_IXI-Guys,481,4,2.3598989969851565,2.3337028773137445,0.011100525787280874,0.07085931514578764,0.14679215209939206,0.8636072086746291,0.16997559842590101,1.0
optimal_radius_0p5x,ixi,IXI068-Guys-0756-MRA_IXI-Guys,482,4,2.1228132361342444,2.0939397384968834,0.01360152515816285,0.07083417146112914,0.15157697175460003,0.6629125652155398,0.22865303768275413,1.0
optimal_radius_0p5x,ixi,IXI068-Guys-0756-MRA_IXI-Guys,483,6,2.9190150666339756,2.833118130996532,0.029426684575662172,0.16326557711332126,0.30384704767889587,0.8636072086746291,0.35183477468328156,1.0
optimal_radius_0p5x,ixi,IXI068-Guys-0756-MRA_IXI-Guys,484,7,3.6637119292691547,3.6610543028176745,0.0007253917619036998,0.022925128716689502,0.05814174353859021,0.4687499701976776,0.12403572743497161,0.96875
optimal_radius_0p5x,ixi,IXI068-Guys-0756-MRA_IXI-Guys,485,2,0.8941214010689396,0.8941214010689396,0.0,0.0,0.0,0.5658312677066086,0.0,1.0
optimal_radius_0p5x,ixi,IXI068-Guys-0756-MRA_IXI-Guys,486,3,1.2623990477603817,1.2593574823043983,0.002409353414341902,0.014593817991970915,0.043781453975912744,0.4687499701976776,0.09340044108685397,1.0
optimal_radius_0p5x,ixi,IXI068-Guys-0756-MRA_IXI-Guys,487,3,1.1811316465367974,1.1785439676720104,0.0021908471188408964,0.01302233038217229,0.03906699114651687,0.4687499701976776,0.08334291974470279,1.0
optimal_radius_0p5x,ixi,IXI068-Guys-0756-MRA_IXI-Guys,488,2,0.5613990080851076,0.5613990080851076,0.0,0.0,0.0,0.4687499701976776,0.0,1.0
optimal_radius_0p5x,ixi,IXI068-Guys-0756-MRA_IXI-Guys,489,7,3.1321050259144663,3.127094175475006,0.0015998347430885244,0.036274908009239326,0.0654136860194052,0.4687499701976776,0.1395492057136973,0.9615384615384616
optimal_radius_0p5x,ixi,IXI068-Guys-0756-MRA_IXI-Guys,490,10,4.299304819899688,4.2652493792214665,0.007921150535917573,0.0950507873035124,0.18487723357956878,0.800000011920929,0.2310965385308542,1.0
optimal_radius_0p5x,ixi,IXI068-Guys-0756-MRA_IXI-Guys,491,8,3.538191162301859,3.511177275350055,0.007634942746911722,0.09486857801077396,0.16123182323973462,0.7314562885682343,0.22042578040491345,0.9666666666666667
optimal_radius_0p5x,ixi,IXI068-Guys-0756-MRA_IXI-Guys,492,7,3.651936053857408,3.6229979560828025,0.007924042849556242,0.08416159493928135,0.13819064963625566,0.6629125652155398,0.2084598435561774,1.0
optimal_radius_0p5x,ixi,IXI068-Guys-0756-MRA_IXI-Guys,493,3,1.0662919302995921,1.0631881807987804,0.00291078776141508,0.013547336090089367,0.0406420082702681,1.6178809690815945,0.025120518163545075,1.0
optimal_radius_0p5x,ixi,IXI068-Guys-0756-MRA_IXI-Guys,494,4,1.96689607286106,1.9394932892602796,0.013931993651764295,0.06617021499699537,0.14511377069880366,0.4687499701976776,0.3095760638397639,1.0
optimal_radius_0p5x,ixi,IXI068-Guys-0756-MRA_IXI-Guys,495,5,2.178919764963369,2.1321489572752776,0.021465135357509497,0.09853742888880317,0.2049318480248378,0.4687499701976776,0.43718797024864986,1.0
optimal_radius_0p5x,ixi,IXI068-Guys-0756-MRA_IXI-Guys,496,12,5.614018751478589,5.586208438335366,0.004953726443449889,0.09946221288146877,0.1829912942244884,0.4687499701976776,0.3903814524986929,1.0
optimal_radius_0p5x,ixi,IXI068-Guys-0756-MRA_IXI-Guys,497,8,3.551563992009971,3.514609012122435,0.010405269332236197,0.11494258567332485,0.21780799693352734,0.4687499701976776,0.4646570896669605,1.0
optimal_radius_0p5x,ixi,IXI068-Guys-0756-MRA_IXI-Guys,498,8,4.1303609049334815,4.087067633356453,0.01048171638592582,0.1258026351705929,0.2081819369137804,0.6629125652155398,0.3140413198324156,1.0
optimal_radius_0p5x,ixi,IXI068-Guys-0756-MRA_IXI-Guys,499,7,3.4263679216197964,3.39536040774276,0.009049674345064974,0.10781622550435344,0.20329102764090393,0.6629125652155398,0.30666340978889994,0.9655172413793104
optimal_radius_0p5x,ixi,IXI068-Guys-0756-MRA_IXI-Guys,500,3,0.9449075737586601,0.9447957698102352,0.00011832262914369608,0.00242255325592603,0.0072676597677780895,0.4687499701976776,0.015504341823666097,1.0
optimal_radius_0p5x,ixi,IXI068-Guys-0756-MRA_IXI-Guys,501,5,2.8868970745070452,2.83780962016518,0.01700353461691983,0.11652725686145712,0.2413182331388013,1.8544288108566584,0.13013076141074603,1.0
optimal_radius_0p5x,ixi,IXI068-Guys-0756-MRA_IXI-Guys,502,7,3.572111161601722,3.5392046679189155,0.009212057574392824,0.05364008311250009,0.13245374608412547,1.6672512140809104,0.07944438424484337,1.0
optimal_radius_0p5x,ixi,IXI068-Guys-0756-MRA_IXI-Guys,503,4,2.0346287841715958,1.981789234842768,0.025970117861249857,0.09198397593452076,0.19373364981594923,1.2047659821945194,0.16080604256692013,1.0
optimal_radius_0p5x,ixi,IXI068-Guys-0756-MRA_IXI-Guys,504,4,2.9353782545543137,2.935378190445922,2.1839908156582818e-08,7.229818720441209e-05,0.00014459637440882418,1.2983219483720574,0.00011137173995258339,1.0
optimal_radius_0p5x,ixi,IXI068-Guys-0756-MRA_IXI-Guys,505,10,4.540128719368652,4.511967350910261,0.006202768731699505,0.09175513351050983,0.19458025984610453,1.2324391089683826,0.15788225027115424,1.0
optimal_radius_0p5x,ixi,IXI068-Guys-0756-MRA_IXI-Guys,506,4,1.643083511758393,1.6308180682304276,0.007464893561520326,0.04021982096837398,0.08555299427250626,1.2755056630658723,0.06707378630281154,1.0
optimal_radius_0p5x,ixi,IXI068-Guys-0756-MRA_IXI-Guys,507,10,4.458630638732772,4.425341716839087,0.007466176185239255,0.10143076940307265,0.1823730499007351,0.800000011920929,0.22796630897895617,1.0
optimal_radius_0p5x,ixi,IXI068-Guys-0756-MRA_IXI-Guys,508,6,2.8920042571566205,2.86470023065694,0.009441212415961523,0.09239138985474425,0.17298101476920955,0.800000011920929,0.2162262652394895,1.0
optimal_radius_0p5x,ixi,IXI068-Guys-0756-MRA_IXI-Guys,509,6,4.014865345223999,3.975329904066302,0.009847264542689449,0.12955393244451338,0.23958639665740059,0.8636072086746291,0.2774251931327575,1.0
optimal_radius_0p5x,ixi,IXI068-Guys-0756-MRA_IXI-Guys,510,4,1.6517015083764706,1.6293747661335918,0.013517419539578137,0.05423178207682474,0.11403145837290661,0.9272144054283292,0.12298283730851817,1.0
optimal_radius_0p5x,ixi,IXI068-Guys-0756-MRA_IXI-Guys,511,14,6.691796844424983,6.579916007766484,0.01671910239649735,0.20504918817847298,0.30265102826662854,0.8636072086746291,0.35044986334829764,1.0
optimal_radius_0p5x,ixi,IXI068-Guys-0756-MRA_IXI-Guys,512,3,1.72282070432259,1.7222105592869552,0.00035415469183993975,0.0076412035338663835,0.02292361060159915,0.9374999403953552,0.024451852862979365,1.0
optimal_radius_0p5x,ixi,IXI068-Guys-0756-MRA_IXI-Guys,513,6,3.7436539258474077,3.656518065761344,0.023275618369649306,0.18606579988837502,0.3392599523759373,1.0435620579839897,0.3250980138462855,1.0
optimal_radius_0p5x,ixi,IXI068-Guys-0756-MRA_IXI-Guys,514,10,5.454717374057294,5.353351858885829,0.018583092068813804,0.2500550154597684,0.42531091422708195,1.2324391089683826,0.34509689860709625,1.0
optimal_radius_0p5x,ixi,IXI068-Guys-0756-MRA_IXI-Guys,515,11,5.241325985589788,5.146699993935856,0.01805382682055867,0.2354180589309193,0.4189387351880788,1.0389673181549715,0.4032260956312297,1.0
optimal_radius_0p5x,ixi,IXI068-Guys-0756-MRA_IXI-Guys,516,3,1.0517802370490408,1.049198330798422,0.002454796315495259,0.01227482774961536,0.03682448324884608,0.800000011920929,0.04603060337514816,1.0
optimal_radius_0p5x,ixi,IXI068-Guys-0756-MRA_IXI-Guys,517,9,3.8747818580840883,3.83008403666046,0.011535571049083412,0.13343465201004953,0.21627676399725185,0.4687499701976776,0.4613904591952193,1.0
optimal_radius_0p5x,ixi,IXI068-Guys-0756-MRA_IXI-Guys,518,6,2.56203692575241,2.5327964920401365,0.011412963419208385,0.08716704596715123,0.1661018103920253,0.6629125652155398,0.2505636777876112,0.9545454545454546
optimal_radius_0p5x,ixi,IXI068-Guys-0756-MRA_IXI-Guys,519,7,3.3206951084966985,3.2857377679808284,0.010527115370039346,0.11557994097053992,0.21534667909326413,0.6629125652155398,0.3248492944514428,0.9642857142857143
optimal_radius_0p5x,ixi,IXI068-Guys-0756-MRA_IXI-Guys,520,5,2.330138502091554,2.2234624755686307,0.04578098101343323,0.15491341139864293,0.3136593306107981,0.800000011920929,0.3920741574211374,1.0
optimal_radius_0p5x,ixi,IXI068-Guys-0756-MRA_IXI-Guys,521,4,2.3459631755832207,2.328190707417201,0.0075757660439837405,0.058077973327588094,0.11837448308308311,0.7950634853219345,0.14888683138951012,1.0
optimal_radius_0p5x,ixi,IXI068-Guys-0756-MRA_IXI-Guys,522,4,2.0990870372642525,2.0781680631443677,0.00996574879865321,0.059890670564891564,0.12141156939472211,0.8636072086746291,0.1405865631680535,1.0
optimal_radius_0p5x,ixi,IXI068-Guys-0756-MRA_IXI-Guys,523,8,4.1153460356875895,4.07001500380437,0.011015120354428653,0.11389279147876136,0.23461864222501627,0.6629125652155398,0.35392094604321195,1.0
optimal_radius_0p5x,ixi,IXI068-Guys-0756-MRA_IXI-Guys,524,4,1.7665341823748202,1.7421597102456732,0.013797905736745757,0.059533267558938924,0.12028744606146398,0.7314562885682343,0.16444926093521842,1.0
optimal_radius_0p5x,ixi,IXI068-Guys-0756-MRA_IXI-Guys,525,4,1.9929454804506392,1.9678081542286974,0.012613152978102485,0.0643202333585064,0.13145307641155826,0.8636072086746291,0.15221396381498276,1.0
optimal_radius_0p5x,ixi,IXI068-Guys-0756-MRA_IXI-Guys,526,5,3.4919866772155235,3.480247261893061,0.0033618156103114014,0.06138795699526346,0.12368317041503735,0.6629125652155398,0.18657539003627566,1.0
optimal_radius_0p5x,ixi,IXI068-Guys-0756-MRA_IXI-Guys,527,5,3.407571042380375,3.37796606214608,0.008688000885702542,0.09738584243121853,0.19579684799231134,0.6629125652155398,0.2953584805390585,1.0
optimal_radius_0p5x,ixi,IXI068-Guys-0756-MRA_IXI-Guys,528,4,2.2706091674753024,2.257271921691881,0.005873862386564428,0.049729969189733034,0.10658095112691489,0.6629125652155398,0.1607767852345069,1.0
optimal_radius_0p5x,ixi,IXI068-Guys-0756-MRA_IXI-Guys,529,8,4.3786249867209674,4.3607208860283295,0.0040889778747747515,0.07091966235833483,0.15380725752219546,0.6629125652155398,0.2320174116358565,1.0
optimal_radius_0p5x,ixi,IXI068-Guys-0756-MRA_IXI-Guys,530,4,2.222040549678099,2.1917275937831877,0.013641945417828887,0.07419648123708605,0.15605349642718497,0.6629125652155398,0.23540585080997167,1.0
optimal_radius_0p5x,ixi,IXI068-Guys-0756-MRA_IXI-Guys,531,4,2.4716489817626446,2.413778117894695,0.02341386835062605,0.10830199034268911,0.21821895151703447,0.4687499701976776,0.4655337928341816,1.0
optimal_radius_0p5x,ixi,IXI068-Guys-0756-MRA_IXI-Guys,532,6,4.410522298728219,4.349303721245788,0.013880119708290206,0.16632678267468284,0.31716787579753675,0.6629125652155398,0.47844601602084974,1.0
optimal_radius_0p5x,ixi,IXI068-Guys-0756-MRA_IXI-Guys,533,7,4.758581886423546,4.721523218066811,0.007787754680121095,0.1262110815427853,0.2474731419998144,0.6629125652155398,0.37331188905636575,1.0
optimal_radius_0p5x,ixi,IXI068-Guys-0756-MRA_IXI-Guys,534,3,1.3768201804863656,1.3743596467242336,0.0017871133768992005,0.01371246429265816,0.04113739287797448,0.800000011920929,0.05142174033122446,1.0
optimal_radius_0p5x,ixi,IXI068-Guys-0756-MRA_IXI-Guys,535,5,2.694307655992268,2.6592733794724444,0.013003072029248629,0.09550596462724555,0.19022968987304323,0.6629125652155398,0.2869604527879055,0.9523809523809523
optimal_radius_0p5x,ixi,IXI068-Guys-0756-MRA_IXI-Guys,536,10,5.540640109926041,5.496115594080308,0.008035987713038373,0.16952494215453967,0.26184038501076723,0.6629125652155398,0.394984797015625,1.0
optimal_radius_0p5x,ixi,IXI068-Guys-0756-MRA_IXI-Guys,537,6,2.663777027153877,2.5740562982961537,0.03368177138819527,0.15945077118443354,0.3023682654372171,0.7314562885682343,0.41337844812173014,1.0
optimal_radius_0p5x,ixi,IXI068-Guys-0756-MRA_IXI-Guys,538,6,3.0537300509369416,2.997363235349048,0.018458349182043584,0.13675442168343546,0.24928033535794314,0.6629125652155398,0.3760380304103785,1.0
optimal_radius_0p5x,ixi,IXI068-Guys-0756-MRA_IXI-Guys,539,5,3.6663308441855387,3.6501052010132615,0.004425580740485959,0.07368354737748382,0.14917212344112593,0.6629125652155398,0.22502533707838834,1.0
optimal_radius_0p5x,ixi,IXI068-Guys-0756-MRA_IXI-Guys,540,9,4.432154148774755,4.396529426140947,0.008037789625087045,0.14185559995774508,0.247443625145098,0.800000011920929,0.30930452682237586,1.0
optimal_radius_0p5x,ixi,IXI068-Guys-0756-MRA_IXI-Guys,541,7,3.636440510360228,3.593554189687213,0.01179348886660782,0.12537047414902625,0.23498328740078522,0.800000011920929,0.2937291048740768,1.0
optimal_radius_0p5x,ixi,IXI068-Guys-0756-MRA_IXI-Guys,542,6,3.6698500351919643,3.630620867990862,0.010689583177763409,0.12468652327056289,0.22273069274249604,0.8636072086746291,0.25790740339502144,1.0
optimal_radius_0p5x,ixi,IXI068-Guys-0756-MRA_IXI-Guys,543,5,3.2928758517565138,3.255081091211445,0.011477736254437829,0.10983005491294548,0.22354822317582804,0.9272144054283292,0.24109658118669902,1.0
optimal_radius_0p5x,ixi,IXI068-Guys-0756-MRA_IXI-Guys,544,9,4.728115697872575,4.687499701976776,0.008590313454908434,0.15071613625106073,0.2900390440598201,0.800000011920929,0.362548799672377,1.0
optimal_radius_0p5x,ixi,IXI068-Guys-0756-MRA_IXI-Guys,545,3,1.3648351713360438,1.3646350675419736,0.00014661389028707616,0.003894934385053566,0.011684803155160697,0.9272144054283292,0.012602050924524702,1.0
optimal_radius_0p5x,ixi,IXI068-Guys-0756-MRA_IXI-Guys,546,2,0.9916263052803672,0.9916263052803672,0.0,0.0,0.0,0.4687499701976776,0.0,1.0
optimal_radius_0p5x,ixi,IXI068-Guys-0756-MRA_IXI-Guys,547,3,1.7319986809350043,1.731892937053152,6.105309606545167e-05,0.003189730347025612,0.009569191041076836,1.2324391089683826,0.007764433124072767,1.0
optimal_radius_0p5x,ixi,IXI068-Guys-0756-MRA_IXI-Guys,548,5,3.2457907050974955,3.234150095424779,0.00358637100489416,0.0612361391760438,0.12682040657760607,1.6178809690815945,0.07838673487184714,1.0
optimal_radius_0p5x,ixi,IXI068-Guys-0756-MRA_IXI-Guys,549,2,1.0389673181549715,1.0389673181549715,0.0,0.0,0.0,0.4687499701976776,0.0,1.0
optimal_radius_0p5x,ixi,IXI068-Guys-0756-MRA_IXI-Guys,550,3,1.5486350469713388,1.5484870989311068,9.553447761713441e-05,0.003567528242843805,0.010702584728531415,2.343749850988388,0.004566436441166281,1.0
optimal_radius_0p5x,ixi,IXI068-Guys-0756-MRA_IXI-Guys,551,4,1.9852868971149928,1.9690576430226965,0.008174765126330415,0.05149632459224152,0.10421072565101028,2.1132317819499065,0.049313438564156785,1.0
optimal_radius_0p5x,ixi,IXI068-Guys-0756-MRA_IXI-Guys,552,5,3.492495358417762,3.467956262534032,0.007026235790001832,0.09165685276585582,0.19060992401654148,1.0389673181549715,0.18346094307858707,1.0
optimal_radius_0p5x,ixi,IXI068-Guys-0756-MRA_IXI-Guys,553,11,5.064839510847539,4.766755764242347,0.058853542341623245,0.40672027393463317,0.7098194908125193,2.524295842853881,0.2811950480455659,1.0
optimal_radius_0p5x,ixi,IXI068-Guys-0756-MRA_IXI-Guys,554,8,4.575504228260446,4.136875507278882,0.09586456466860821,0.4418253378662129,0.8261333430814931,2.0848343157458444,0.3962585116918252,1.0
optimal_radius_0p5x,ixi,IXI068-Guys-0756-MRA_IXI-Guys,555,2,0.6629125652155398,0.6629125652155398,0.0,0.0,0.0,0.4687499701976776,0.0,1.0
optimal_radius_0p5x,ixi,IXI068-Guys-0756-MRA_IXI-Guys,556,2,0.9272144054283292,0.9272144054283292,0.0,0.0,0.0,0.4687499701976776,0.0,1.0
optimal_radius_0p5x,ixi,IXI068-Guys-0756-MRA_IXI-Guys,557,4,2.4973075934878355,2.489870125284053,0.0029781946858195687,0.039328099160536145,0.07865619832107731,1.2972328097546197,0.06063383359534027,1.0
optimal_radius_0p5x,ixi,IXI068-Guys-0756-MRA_IXI-Guys,558,2,0.8011073483328751,0.8011073483328751,0.0,0.0,0.0,0.8936610936805199,0.0,1.0
optimal_radius_0p5x,ixi,IXI068-Guys-0756-MRA_IXI-Guys,559,4,1.6850892008228415,1.554684244974303,0.07738756843546371,0.1339039877124048,0.280980553375389,1.6672512140809104,0.16852922403195397,1.0
optimal_radius_0p5x,ixi,IXI068-Guys-0756-MRA_IXI-Guys,560,5,2.4047618593479188,2.3679520793753026,0.015307037505409194,0.09327408797211587,0.1934329046163952,1.8698783298272896,0.1034467866335782,1.0
optimal_radius_0p5x,ixi,IXI068-Guys-0756-MRA_IXI-Guys,561,5,2.0369015272165956,1.954100698000506,0.04065038398259538,0.12834421187843842,0.26104331547731047,0.800000011920929,0.3263041394843275,1.0
optimal_radius_0p5x,ixi,IXI068-Guys-0756-MRA_IXI-Guys,562,7,3.20489296221001,3.1406298626936144,0.02005155874912009,0.14300578691732582,0.26024644512356127,0.800000011920929,0.3253080515569839,1.0
optimal_radius_0p5x,ixi,IXI068-Guys-0756-MRA_IXI-Guys,563,7,3.3859076935264643,3.360868847722286,0.007395017251075702,0.0951154141244643,0.17184323269959567,0.6629125652155398,0.2592245821192459,1.0
optimal_radius_0p5x,ixi,IXI068-Guys-0756-MRA_IXI-Guys,564,8,3.7217872042432996,3.6805334945236035,0.011084381630594504,0.12690230295079286,0.23482502997640972,1.862153570341974,0.12610400866846092,1.0
optimal_radius_0p5x,ixi,IXI068-Guys-0756-MRA_IXI-Guys,565,8,5.663257706589012,5.582999414774955,0.014171753427480305,0.2281329014399225,0.4208880760389855,2.4177566087273137,0.1740820703455909,1.0
optimal_radius_0p5x,ixi,IXI068-Guys-0756-MRA_IXI-Guys,566,5,2.084517577121244,2.0385349082217514,0.022059141838945553,0.09715156927698008,0.20120147483398018,2.400000035762787,0.0838339465982686,1.0
optimal_radius_0p5x,ixi,IXI068-Guys-0756-MRA_IXI-Guys,567,6,2.7904245148918214,2.773499934164893,0.006065235105485156,0.06339363026390535,0.1257367454326936,0.7314562885682343,0.17189919260768535,1.0
optimal_radius_0p5x,ixi,IXI068-Guys-0756-MRA_IXI-Guys,568,8,3.3073409877188764,3.2903844671524287,0.0051269344858640865,0.06722713085887294,0.1349848067816448,0.800000011920929,0.16873100596276808,1.0
optimal_radius_0p5x,ixi,IXI068-Guys-0756-MRA_IXI-Guys,569,6,2.5680538374908197,2.5364350035161394,0.012312371926584806,0.08282155700077297,0.15782765400434512,0.6629125652155398,0.23808215786802736,1.0
optimal_radius_0p5x,ixi,IXI068-Guys-0756-MRA_IXI-Guys,570,5,2.4663942499515596,2.455996862139104,0.004215622791311608,0.04345090985264534,0.08226701502105747,0.6629125652155398,0.12409934482733652,1.0
optimal_radius_0p5x,ixi,IXI068-Guys-0756-MRA_IXI-Guys,571,3,0.7956703049536981,0.7926509455174265,0.0037947368620816152,0.01153659176995623,0.03460977530986869,0.800000011920929,0.04326221849267857,1.0
optimal_radius_0p5x,ixi,IXI068-Guys-0756-MRA_IXI-Guys,572,6,2.7208413487970953,2.6960571819984827,0.00910900843578031,0.0694559101152868,0.15337157290516568,0.5658312677066086,0.271055315707104,1.0
optimal_radius_0p5x,ixi,IXI068-Guys-0756-MRA_IXI-Guys,573,5,2.390266904158759,2.347975072066967,0.017693351323322767,0.09876276256250463,0.19829883759595557,0.6629125652155398,0.2991327182514342,1.0
optimal_radius_0p5x,ixi,IXI068-Guys-0756-MRA_IXI-Guys,574,5,2.8535487231411887,2.8027814666545097,0.017790919802762078,0.11940130075345441,0.23968108192278084,0.6629125652155398,0.3615576087999641,0.9565217391304348
optimal_radius_0p5x,ixi,IXI068-Guys-0756-MRA_IXI-Guys,575,5,3.5738124700451848,3.5638097612744732,0.0027988902200526077,0.054101396171491976,0.10688470164690503,0.6629125652155398,0.16123499124225,1.0
optimal_radius_0p5x,ixi,IXI068-Guys-0756-MRA_IXI-Guys,576,3,1.3187331847027601,1.3185722171633623,0.00012206224979024345,0.003433572876953764,0.010300718630861292,0.800000011920929,0.012875898096710782,1.0
optimal_radius_0p5x,ixi,IXI068-Guys-0756-MRA_IXI-Guys,577,2,0.9272144054283292,0.9272144054283292,0.0,0.0,0.0,0.6979821878130035,0.0,1.0
optimal_radius_0p5x,ixi,IXI068-Guys-0756-MRA_IXI-Guys,578,2,1.0389673181549715,1.0389673181549715,0.0,0.0,0.0,0.4687499701976776,0.0,1.0
optimal_radius_0p5x,ixi,IXI068-Guys-0756-MRA_IXI-Guys,579,3,0.9374999403953552,0.9374999403953552,0.0,0.0,0.0,0.6629125652155398,0.0,1.0
optimal_radius_0p5x,ixi,IXI068-Guys-0756-MRA_IXI-Guys,580,3,1.5486350469713388,1.5484870989311068,9.553447761713441e-05,0.003567528242843406,0.010702584728530218,0.800000011920929,0.0133782307113116,1.0
optimal_radius_0p5x,ixi,IXI068-Guys-0756-MRA_IXI-Guys,581,8,3.4058360192837247,3.3615018081311216,0.013017130273326225,0.1315370703688668,0.21250198714368712,0.800000011920929,0.26562747997145103,1.0
optimal_radius_0p5x,ixi,IXI068-Guys-0756-MRA_IXI-Guys,582,8,3.504615090318537,3.451843215851663,0.015057823215067379,0.14437455421092651,0.27826503870086167,0.800000011920929,0.3478312931929869,0.9666666666666667
optimal_radius_0p5x,ixi,IXI068-Guys-0756-MRA_IXI-Guys,583,16,8.79797172955223,8.744767469018333,0.006047332518151364,0.11646750580094918,0.23936222739174584,0.800000011920929,0.29920277978121346,1.0
optimal_radius_0p5x,ixi,IXI068-Guys-0756-MRA_IXI-Guys,584,2,0.47169542890897426,0.47169542890897426,0.0,0.0,0.0,0.800000011920929,0.0,1.0
optimal_radius_0p5x,ixi,IXI068-Guys-0756-MRA_IXI-Guys,585,5,2.550589477176381,2.4749689616775195,0.029648250404677817,0.13288983821810657,0.2729946142205427,0.9272144054283292,0.29442447466552474,1.0
optimal_radius_0p5x,ixi,IXI068-Guys-0756-MRA_IXI-Guys,586,3,1.054036417639891,1.0502347733420567,0.003606748528050559,0.014906606499068083,0.04471981949720425,0.800000011920929,0.05589977353853378,1.0
optimal_radius_0p5x,ixi,IXI068-Guys-0756-MRA_IXI-Guys,587,12,5.634845761815466,5.559102740956934,0.013441897801676225,0.13567823984952437,0.23187347451212728,0.7314562885682343,0.3170025032746667,0.9565217391304348
optimal_radius_0p5x,ixi,IXI068-Guys-0756-MRA_IXI-Guys,588,7,3.723971257570514,3.6948361186041976,0.007823674499927229,0.11303752796762108,0.2011577730537028,0.6629125652155398,0.30344540684380944,1.0
optimal_radius_0p5x,ixi,IXI068-Guys-0756-MRA_IXI-Guys,589,5,3.176941216659906,3.1371689215161465,0.01251905289754595,0.11083423086573266,0.2234133319027649,0.6629125652155398,0.3370177963516564,1.0
optimal_radius_0p5x,ixi,IXI068-Guys-0756-MRA_IXI-Guys,590,7,4.864188901779492,4.833270353401506,0.006356362592471534,0.12988430877740048,0.22973257432189947,0.9272144054283292,0.24776639898705402,1.0
optimal_radius_0p5x,ixi,IXI068-Guys-0756-MRA_IXI-Guys,591,4,1.522466322067106,1.4823175589607096,0.02637087108231398,0.0709692339358852,0.14209207557422232,0.9272144054283292,0.15324619067860848,1.0
optimal_radius_0p5x,ixi,IXI068-Guys-0756-MRA_IXI-Guys,592,3,1.3187331847027601,1.3185722171633623,0.00012206224979024345,0.003433572876953764,0.010300718630861292,0.800000011920929,0.012875898096710782,1.0
optimal_radius_0p5x,ixi,IXI068-Guys-0756-MRA_IXI-Guys,593,3,0.9388323270508959,0.9374999403953552,0.0014191955444547285,0.008333333457509676,0.02500000037252903,0.6629125652155398,0.03771236462292809,1.0
optimal_radius_0p5x,ixi,IXI068-Guys-0756-MRA_IXI-Guys,594,2,1.0389673181549715,1.0389673181549715,0.0,0.0,0.0,0.4687499701976776,0.0,1.0
optimal_radius_0p5x,ixi,IXI068-Guys-0756-MRA_IXI-Guys,595,3,1.9128079986411872,1.9127552768442546,2.7562513838326222e-05,0.002366959252953722,0.007100877758861166,1.0389673181549715,0.006834553536747539,1.0
optimal_radius_0p5x,ixi,IXI068-Guys-0756-MRA_IXI-Guys,596,4,1.329221999400838,1.2375601326494516,0.06895903527981335,0.09921850883517463,0.2103364950555452,0.7950634853219345,0.26455308153206963,1.0
optimal_radius_0p5x,ixi,IXI068-Guys-0756-MRA_IXI-Guys,597,2,0.5539925142659616,0.5539925142659616,0.0,0.0,0.0,0.4687499701976776,0.0,1.0
optimal_radius_0p5x,ixi,IXI068-Guys-0756-MRA_IXI-Guys,598,2,0.7573517424959701,0.7573517424959701,0.0,0.0,0.0,0.5658312677066086,0.0,1.0
optimal_radius_0p5x,ixi,IXI068-Guys-0756-MRA_IXI-Guys,599,3,1.1610501356250893,1.1607839717082098,0.00022924412022587177,0.004143197549424548,0.012429592648273645,0.6629125652155398,0.018749972923250112,1.0
optimal_radius_0p5x,ixi,IXI068-Guys-0756-MRA_IXI-Guys,600,4,1.7897683410369765,1.75468540372324,0.019601943172941425,0.07184513595050271,0.15399637761816173,0.8636072086746291,0.17831761485004127,1.0
optimal_radius_0p5x,ixi,IXI068-Guys-0756-MRA_IXI-Guys,601,5,3.4441636440566863,3.426514692981997,0.005124306768972628,0.07556315436259511,0.15263607719670264,0.6629125652155398,0.23025069248321528,1.0
optimal_radius_0p5x,ixi,IXI068-Guys-0756-MRA_IXI-Guys,602,4,2.4934619153449766,2.489870125284053,0.0014404832248767429,0.027311979918969123,0.05470439586107738,0.9374999403953552,0.058351359295028715,1.0
optimal_radius_0p5x,ixi,IXI068-Guys-0756-MRA_IXI-Guys,603,3,1.2542240740229855,1.253442055862239,0.0006235075350117949,0.007378533818851329,0.022135601456553987,0.6629125652155398,0.03339143443352413,1.0
optimal_radius_0p5x,ixi,IXI068-Guys-0756-MRA_IXI-Guys,604,6,2.6949374427693185,2.674947698105544,0.007417517136588146,0.06455236077686766,0.12953117077073575,0.4687499701976776,0.2763331818796935,1.0
optimal_radius_0p5x,ixi,IXI068-Guys-0756-MRA_IXI-Guys,605,7,4.879690202035069,4.845560210725501,0.006994294698326129,0.13672278291447326,0.2549282254556003,0.9374999403953552,0.27192345777440147,1.0
optimal_radius_0p5x,ixi,IXI068-Guys-0756-MRA_IXI-Guys,606,3,1.9128079986411932,1.9127552768442606,2.7562513838326138e-05,0.002366959252953258,0.007100877758859774,0.9272144054283292,0.007658291024479396,1.0
optimal_radius_0p5x,ixi,IXI068-Guys-0756-MRA_IXI-Guys,607,2,0.5131908858134583,0.5131908858134583,0.0,0.0,0.0,0.4687499701976776,0.0,1.0
optimal_radius_0p5x,ixi,IXI068-Guys-0756-MRA_IXI-Guys,608,2,0.42349125848561636,0.42349125848561636,0.0,0.0,0.0,0.4687499701976776,0.0,1.0
optimal_radius_0p5x,ixi,IXI068-Guys-0756-MRA_IXI-Guys,609,3,1.1767481722641155,1.1583121361180047,0.015666934167094682,0.033938753723138405,0.10181626116941521,0.4687499701976776,0.2172080376378009,1.0
optimal_radius_0p5x,ixi,IXI068-Guys-0756-MRA_IXI-Guys,610,2,0.9345905317537891,0.9345905317537891,0.0,0.0,0.0,0.4687499701976776,0.0,1.0
optimal_radius_0p5x,ixi,IXI068-Guys-0756-MRA_IXI-Guys,611,2,0.9916263052803672,0.9916263052803672,0.0,0.0,0.0,0.4687499701976776,0.0,1.0
optimal_radius_0p5x,ixi,IXI068-Guys-0756-MRA_IXI-Guys,612,6,4.218845378870958,4.214001987816303,0.0011480371096109646,0.04608746484837789,0.09205202979049512,0.4687499701976776,0.19637767603841266,1.0
optimal_radius_0p5x,ixi,IXI068-Guys-0756-MRA_IXI-Guys,613,8,5.225884989144869,5.194836590774858,0.005941270891821044,0.0900296124951479,0.16686492491675395,0.4687499701976776,0.35597852912158046,0.9714285714285714
optimal_radius_0p5x,ixi,IXI068-Guys-0756-MRA_IXI-Guys,614,2,0.9916263052803672,0.9916263052803672,0.0,0.0,0.0,0.4687499701976776,0.0,1.0
optimal_radius_0p5x,ixi,IXI068-Guys-0756-MRA_IXI-Guys,615,2,0.9345905317537891,0.9345905317537891,0.0,0.0,0.0,0.7031249552965164,0.0,1.0
optimal_radius_0p5x,ixi,IXI068-Guys-0756-MRA_IXI-Guys,616,3,0.9379575923339609,0.9374999403953552,0.0004879239129211601,0.004882812189559142,0.014648436568677425,0.9272144054283292,0.015798327207729845,1.0
optimal_radius_0p5x,ixi,IXI068-Guys-0756-MRA_IXI-Guys,617,7,3.633660322904486,3.5281289845339394,0.02904270872688303,0.20115762536862825,0.37599856410931654,0.9272144054283292,0.40551415283029707,1.0
optimal_radius_0p5x,ixi,IXI068-Guys-0756-MRA_IXI-Guys,618,2,0.9272144054283292,0.9272144054283292,0.0,0.0,0.0,0.6979821878130035,0.0,1.0
optimal_radius_0p5x,ixi,IXI068-Guys-0756-MRA_IXI-Guys,619,2,1.0389673181549661,1.0389673181549661,0.0,0.0,0.0,0.4687499701976776,0.0,1.0
optimal_radius_0p5x,ixi,IXI068-Guys-0756-MRA_IXI-Guys,620,2,0.4687499701976776,0.4687499701976776,0.0,0.0,0.0,0.5658312677066086,0.0,1.0
optimal_radius_0p5x,ixi,IXI068-Guys-0756-MRA_IXI-Guys,621,2,0.800000011920929,0.800000011920929,0.0,0.0,0.0,0.5658312677066086,0.0,1.0
optimal_radius_0p5x,ixi,IXI068-Guys-0756-MRA_IXI-Guys,622,2,1.0389673181549661,1.0389673181549661,0.0,0.0,0.0,0.4687499701976776,0.0,1.0
optimal_radius_0p5x,ixi,IXI068-Guys-0756-MRA_IXI-Guys,623,4,1.4879423599203916,1.4823175589607096,0.0037802546060876486,0.026382067882868714,0.052836514552798725,0.8509399416852557,0.06209194323180779,1.0
optimal_radius_0p5x,ixi,IXI068-Guys-0756-MRA_IXI-Guys,624,2,1.0389673181549715,1.0389673181549715,0.0,0.0,0.0,0.4687499701976776,0.0,1.0
optimal_radius_0p5x,ixi,IXI068-Guys-0756-MRA_IXI-Guys,625,2,0.4687499701976776,0.4687499701976776,0.0,0.0,0.0,0.6343749910593033,0.0,1.0
optimal_radius_0p5x,ixi,IXI068-Guys-0756-MRA_IXI-Guys,626,3,0.939289329808141,0.9374999403953552,0.0019050460342727676,0.009658483389878429,0.02897545016963529,0.4687499701976776,0.06181429762526915,1.0
optimal_radius_0p5x,ixi,IXI068-Guys-0756-MRA_IXI-Guys,627,2,0.4687499701976776,0.4687499701976776,0.0,0.0,0.0,0.5658312677066086,0.0,1.0
optimal_radius_0p5x,ixi,IXI068-Guys-0756-MRA_IXI-Guys,628,2,1.0389673181549715,1.0389673181549715,0.0,0.0,0.0,0.4687499701976776,0.0,1.0
optimal_radius_0p5x,ixi,IXI068-Guys-0756-MRA_IXI-Guys,629,3,1.7319986809350043,1.731892937053152,6.105309606545167e-05,0.0031897303470253525,0.009569191041076057,0.9272144054283292,0.010320364939385884,1.0
optimal_radius_0p5x,ixi,IXI068-Guys-0756-MRA_IXI-Guys,630,3,2.077934636309943,2.077934636309943,0.0,0.0,0.0,0.4687499701976776,0.0,1.0
optimal_radius_0p5x,ixi,IXI068-Guys-0756-MRA_IXI-Guys,631,2,1.0389673181549715,1.0389673181549715,0.0,0.0,0.0,0.4687499701976776,0.0,1.0
optimal_radius_0p5x,ixi,IXI068-Guys-0756-MRA_IXI-Guys,632,2,0.749574427545629,0.749574427545629,0.0,0.0,0.0,0.4687499701976776,0.0,1.0
optimal_radius_0p5x,ixi,IXI068-Guys-0756-MRA_IXI-Guys,633,2,0.6762236978139547,0.6762236978139547,0.0,0.0,0.0,0.6979821878130035,0.0,1.0
optimal_radius_0p5x,ixi,IXI068-Guys-0756-MRA_IXI-Guys,634,3,1.3372169085643497,1.327446971642768,0.007306172139320986,0.02688137721445838,0.08064413164337514,0.9272144054283292,0.08697463194192001,1.0
optimal_radius_0p5x,ixi,IXI068-Guys-0756-MRA_IXI-Guys,635,2,0.6736806242076706,0.6736806242076706,0.0,0.0,0.0,0.8687499761581421,0.0,1.0
optimal_radius_0p5x,ixi,IXI068-Guys-0756-MRA_IXI-Guys,636,8,3.868109294807399,3.780519539666527,0.02264407452458844,0.19648127977062746,0.3267327265301019,0.800000011920929,0.40841590207675615,1.0
optimal_radius_0p5x,ixi,IXI068-Guys-0756-MRA_IXI-Guys,637,5,2.742319712123503,2.692037743411762,0.018335560397808412,0.11509039962753878,0.23232748962221372,0.800000011920929,0.2904093577003305,1.0
optimal_radius_0p5x,ixi,IXI068-Guys-0756-MRA_IXI-Guys,638,5,2.472579384412912,2.442882191324944,0.012010612591522196,0.08497362586610137,0.1670942683094437,0.6629125652155398,0.2520607951594862,1.0
optimal_radius_0p5x,ixi,IXI068-Guys-0756-MRA_IXI-Guys,639,8,4.251686768871141,4.220102699926819,0.007428597321788994,0.1021007602029605,0.20345035525422203,0.7314562885682343,0.2781442424296596,0.9714285714285714
optimal_radius_0p5x,ixi,IXI068-Guys-0756-MRA_IXI-Guys,640,6,3.7515866305001566,3.6971071311710677,0.014521722325741889,0.14766449908580048,0.27293520065249977,0.800000011920929,0.34116899573181053,0.9642857142857143
optimal_radius_0p5x,ixi,IXI068-Guys-0756-MRA_IXI-Guys,641,4,2.2472381343477137,2.2291002171497616,0.008071203901680335,0.056149266851368555,0.11938377738449105,0.8636072086746291,0.13823851420567498,1.0
optimal_radius_0p5x,ixi,IXI068-Guys-0756-MRA_IXI-Guys,642,4,1.4897349392159769,1.4754283354650681,0.009603455872786392,0.041426261820871085,0.09267348128678028,0.5658312677066086,0.16378289178397396,1.0
optimal_radius_0p5x,ixi,IXI068-Guys-0756-MRA_IXI-Guys,643,4,1.8493802606852938,1.8395528605602018,0.005313888297612954,0.038378108842928305,0.07876789210108487,0.6629125652155398,0.11882093692925286,1.0
optimal_radius_0p5x,ixi,IXI068-Guys-0756-MRA_IXI-Guys,644,9,4.043796164850177,4.010229454171202,0.008300791956515053,0.1049567843197525,0.17003470332655599,0.800000011920929,0.21254337599105189,1.0
optimal_radius_0p5x,ixi,IXI068-Guys-0756-MRA_IXI-Guys,645,8,3.61785921821628,3.507040091547527,0.030631132939271864,0.20909911379939847,0.39135627263542033,0.800000011920929,0.4891953335046969,1.0
optimal_radius_0p5x,ixi,IXI068-Guys-0756-MRA_IXI-Guys,646,3,1.6673104771769776,1.6672512140809104,3.5544127430619697e-05,0.0023429281543528757,0.007028784463058627,0.9374999403953552,0.007497370570599186,1.0
optimal_radius_0p5x,ixi,IXI068-Guys-0756-MRA_IXI-Guys,647,3,1.0482386850624619,1.0481567978130077,7.811889660344607e-05,0.002183659995442177,0.006550979986326531,0.9272144054283292,0.007065226713448534,1.0
optimal_radius_0p5x,ixi,IXI068-Guys-0756-MRA_IXI-Guys,648,2,1.0389673181549715,1.0389673181549715,0.0,0.0,0.0,0.4687499701976776,0.0,1.0
optimal_radius_0p5x,ixi,IXI068-Guys-0756-MRA_IXI-Guys,649,2,1.0389673181549715,1.0389673181549715,0.0,0.0,0.0,0.4687499701976776,0.0,1.0
optimal_radius_0p5x,ixi,IXI068-Guys-0756-MRA_IXI-Guys,650,3,0.8961184843133638,0.887582462219075,0.009525550743247327,0.02056123614717537,0.06168370844152611,0.4687499701976776,0.1315919197083113,1.0
optimal_radius_0p5x,ixi,IXI068-Guys-0756-MRA_IXI-Guys,651,2,0.4569525442685129,0.4569525442685129,0.0,0.0,0.0,0.4687499701976776,0.0,1.0
optimal_radius_0p5x,ixi,IXI068-Guys-0756-MRA_IXI-Guys,652,2,0.9272144054283292,0.9272144054283292,0.0,0.0,0.0,0.6979821878130035,0.0,1.0
optimal_radius_0p5x,ixi,IXI068-Guys-0756-MRA_IXI-Guys,653,2,1.0389673181549715,1.0389673181549715,0.0,0.0,0.0,0.6979821878130035,0.0,1.0
optimal_radius_0p5x,ixi,IXI068-Guys-0756-MRA_IXI-Guys,654,2,1.0389673181549715,1.0389673181549715,0.0,0.0,0.0,0.4687499701976776,0.0,1.0
optimal_radius_0p5x,ixi,IXI068-Guys-0756-MRA_IXI-Guys,655,5,2.6574591488008408,2.6188991665321892,0.014510094082180512,0.09807682677767784,0.20295147420763507,0.9272144054283292,0.2188830037793482,1.0
optimal_radius_0p5x,ixi,IXI068-Guys-0756-MRA_IXI-Guys,656,10,4.464756612451271,4.4219987083644785,0.009576760347372593,0.134074079248911,0.27557245604580854,0.800000011920929,0.3444655649243238,1.0
optimal_radius_0p5x,ixi,IXI068-Guys-0756-MRA_IXI-Guys,657,10,4.485180895729318,4.399938287768471,0.01900538906736471,0.19900368372500205,0.3735007790407255,0.800000011920929,0.4668759668439128,1.0
optimal_radius_0p5x,ixi,IXI068-Guys-0756-MRA_IXI-Guys,658,7,3.9195895871778865,3.8873403154595008,0.008227716448651277,0.12180537530971017,0.22263281581677993,0.800000011920929,0.2782910156241156,1.0
optimal_radius_0p5x,ixi,IXI068-Guys-0756-MRA_IXI-Guys,659,6,2.632227026314683,2.5204939828616735,0.04244810281788058,0.17657425552595418,0.33166454156283176,0.800000011920929,0.4145806707758063,1.0
optimal_radius_0p5x,ixi,IXI068-Guys-0756-MRA_IXI-Guys,660,4,1.6844187446290908,1.6844184054672173,2.013524692457749e-07,0.00012599157147582274,0.0002519831429516455,0.6343749910593033,0.0003972148122215135,1.0
optimal_radius_0p5x,ixi,IXI068-Guys-0756-MRA_IXI-Guys,661,3,1.7320168298265484,1.731892937053152,7.153092929750802e-05,0.0034526696104976028,0.010358008831492809,0.9272144054283292,0.011171104299989708,1.0
optimal_radius_0p5x,ixi,IXI068-Guys-0756-MRA_IXI-Guys,662,3,1.9128079986411932,1.9127552768442606,2.7562513838326138e-05,0.002366959252953276,0.0071008777588598285,0.4687499701976776,0.015148540182019214,1.0
optimal_radius_0p5x,ixi,IXI068-Guys-0756-MRA_IXI-Guys,663,2,1.0389673181549715,1.0389673181549715,0.0,0.0,0.0,0.4687499701976776,0.0,1.0
optimal_radius_0p5x,ixi,IXI068-Guys-0756-MRA_IXI-Guys,664,3,1.5789621050661378,1.5785322221181333,0.0002722566593746684,0.006140350474404067,0.018421051423212202,0.4687499701976776,0.039298245534701196,1.0
optimal_radius_0p5x,ixi,IXI068-Guys-0756-MRA_IXI-Guys,665,2,0.7112750259817232,0.7112750259817232,0.0,0.0,0.0,0.5658312677066086,0.0,1.0
optimal_radius_0p5x,ixi,IXI068-Guys-0756-MRA_IXI-Guys,666,3,1.3739139817115458,1.3736784288105663,0.00017144661464613034,0.004239961861357997,0.012719885584073989,0.6629125652155398,0.019187878238419328,1.0
optimal_radius_0p5x,ixi,IXI068-Guys-0756-MRA_IXI-Guys,667,2,0.4469070900517365,0.44690709005173646,1.2421183835958284e-16,0.0,0.0,1.0389673181549715,0.0,1.0
optimal_radius_0p5x,ixi,IXI068-Guys-0756-MRA_IXI-Guys,668,5,1.6013559166097329,1.5151019443167755,0.05386308652455454,0.11102697802475567,0.22266364969053493,1.0389673181549715,0.21431246758170175,1.0
optimal_radius_0p5x,ixi,IXI068-Guys-0756-MRA_IXI-Guys,669,7,3.1647552621570756,3.070677677889106,0.02972665387207442,0.18195181708353927,0.3413263806945578,1.4062499105930328,0.2427209972590265,1.0
optimal_radius_0p5x,ixi,IXI068-Guys-0756-MRA_IXI-Guys,670,2,1.0389673181549715,1.0389673181549715,0.0,0.0,0.0,0.7538586441763245,0.0,1.0
optimal_radius_0p5x,ixi,IXI068-Guys-0756-MRA_IXI-Guys,671,2,0.9916263052803672,0.9916263052803672,0.0,0.0,0.0,0.4687499701976776,0.0,1.0
optimal_radius_0p5x,ixi,IXI068-Guys-0756-MRA_IXI-Guys,672,3,1.2819978347530625,1.2816014719892308,0.00030917584498732845,0.005312612321389558,0.015937836964168672,0.6629125652155398,0.024042140397484597,1.0
optimal_radius_0p5x,ixi,IXI068-Guys-0756-MRA_IXI-Guys,673,5,2.637466369405516,2.63714443432672,0.00012206224979024366,0.004120287452344726,0.01030071863086161,1.2324391089683826,0.008357993961652078,1.0
optimal_radius_0p5x,ixi,IXI068-Guys-0756-MRA_IXI-Guys,674,5,2.120222782672741,2.0385349082217514,0.038527967494064085,0.13018739342712154,0.2695591796166035,0.9272144054283292,0.2907193611730826,1.0
optimal_radius_0p5x,ixi,IXI068-Guys-0756-MRA_IXI-Guys,675,4,2.1436142015390924,2.1436132209797814,4.574327369062852e-07,0.00024160163047135826,0.0004832032609427751,0.9272144054283292,0.0005211343332393094,1.0
optimal_radius_0p5x,ixi,IXI068-Guys-0756-MRA_IXI-Guys,676,3,1.9661817235833006,1.9127552768442606,0.027172690142634445,0.07574269609448032,0.22722808828344096,0.4687499701976776,0.4847532858244579,1.0
optimal_radius_0p5x,ixi,IXI068-Guys-0756-MRA_IXI-Guys,677,2,0.9272144054283292,0.9272144054283292,0.0,0.0,0.0,0.4687499701976776,0.0,1.0
optimal_radius_0p5x,ixi,IXI068-Guys-0756-MRA_IXI-Guys,678,2,0.8076322594293471,0.8076322594293471,0.0,0.0,0.0,0.4687499701976776,0.0,1.0
optimal_radius_0p5x,ixi,IXI068-Guys-0756-MRA_IXI-Guys,679,6,4.163076044769547,4.145201116952859,0.004293682753920918,0.08855566410037542,0.1635849917514013,0.4687499701976776,0.3489813379239587,1.0
optimal_radius_0p5x,ixi,IXI068-Guys-0756-MRA_IXI-Guys,680,6,3.596225674639504,3.5705127315302185,0.007149980406016325,0.10094548011094162,0.191550458844066,0.6629125652155398,0.28895282559893126,1.0
optimal_radius_0p5x,ixi,IXI068-Guys-0756-MRA_IXI-Guys,681,7,3.375751979214565,3.342315724406302,0.009904831579493751,0.10307404661813493,0.21257636714193542,0.6629125652155398,0.3206702939366042,0.9629629629629629
optimal_radius_0p5x,ixi,IXI068-Guys-0756-MRA_IXI-Guys,682,9,4.832684342011177,4.797771009824622,0.007224418090593838,0.0754890778336827,0.1685557289355435,0.6629125652155398,0.2542654005671761,1.0
optimal_radius_0p5x,ixi,IXI068-Guys-0756-MRA_IXI-Guys,683,6,3.088717435953956,3.0479897470235353,0.013185954939203381,0.11559285857917229,0.22204081158138053,0.7314562885682343,0.30355991882441424,0.9615384615384616
optimal_radius_0p5x,ixi,IXI068-Guys-0756-MRA_IXI-Guys,684,3,1.0885343830594452,1.0725501457193187,0.014684182317880478,0.030876745567839203,0.09263023670351761,0.4687499701976776,0.19761118419795162,1.0
optimal_radius_0p5x,ixi,IXI068-Guys-0756-MRA_IXI-Guys,685,2,0.5595762506982532,0.5595762506982532,0.0,0.0,0.0,0.4687499701976776,0.0,1.0
optimal_radius_0p5x,ixi,IXI068-Guys-0756-MRA_IXI-Guys,686,2,0.5510754991955508,0.5510754991955508,0.0,0.0,0.0,0.5658312677066086,0.0,1.0
optimal_radius_0p5x,ixi,IXI068-Guys-0756-MRA_IXI-Guys,687,2,0.9272144054283292,0.9272144054283292,0.0,0.0,0.0,0.5658312677066086,0.0,1.0
optimal_radius_0p5x,ixi,IXI068-Guys-0756-MRA_IXI-Guys,688,2,0.8306627352330002,0.8306627352330002,0.0,0.0,0.0,0.4687499701976776,0.0,1.0
optimal_radius_0p5x,ixi,IXI068-Guys-0756-MRA_IXI-Guys,689,8,5.904118993100411,5.854899742259585,0.008336425959291157,0.14733871020960532,0.2281757239328573,0.5658312677066086,0.4032575379895223,0.96875
optimal_radius_0p5x,ixi,IXI068-Guys-0756-MRA_IXI-Guys,690,5,3.3434439241776674,3.310807315172036,0.009761374721921937,0.10359465891343714,0.21177563933665317,0.6629125652155398,0.3194624003963423,1.0
optimal_radius_0p5x,ixi,IXI068-Guys-0756-MRA_IXI-Guys,691,22,9.907585715778664,9.865517455827995,0.004246065707377347,0.09819509280886475,0.15267517947751671,0.6629125652155398,0.23030967806120226,1.0
optimal_radius_0p5x,ixi,IXI068-Guys-0756-MRA_IXI-Guys,692,19,8.967678217821293,8.875556766085724,0.010272608973914502,0.1128378533987317,0.21752398065755948,0.800000011920929,0.2719049717702495,0.972972972972973
optimal_radius_0p5x,ixi,IXI068-Guys-0756-MRA_IXI-Guys,693,3,1.4822204102962908,1.4798658500507396,0.0015885358406855178,0.013887375689691048,0.04166212706907314,0.9272144054283292,0.04493257096218992,1.0
optimal_radius_0p5x,ixi,IXI068-Guys-0756-MRA_IXI-Guys,694,5,3.1073738198713055,3.088035802890162,0.006223267010064582,0.0706332526019294,0.14013186088651097,0.9272144054283292,0.15113210069441996,1.0
optimal_radius_0p5x,ixi,IXI068-Guys-0756-MRA_IXI-Guys,695,6,3.223281739189299,3.165986361282083,0.017775479323016503,0.137581355148868,0.2652333256531997,0.800000011920929,0.331541652126144,1.0
optimal_radius_0p5x,ixi,IXI068-Guys-0756-MRA_IXI-Guys,696,7,3.6231849332817383,3.528787456510189,0.02605372855921204,0.1772894478209237,0.29628320215339315,0.800000011920929,0.37035399717303685,1.0
optimal_radius_0p5x,ixi,IXI068-Guys-0756-MRA_IXI-Guys,697,4,1.5463355356225457,1.527470983693959,0.01219952041067972,0.047953804747439766,0.10513538830264854,0.6343749910593033,0.1657306636995407,1.0
optimal_radius_0p5x,ixi,IXI068-Guys-0756-MRA_IXI-Guys,698,2,0.5860707809259581,0.5860707809259581,0.0,0.0,0.0,0.8636072086746291,0.0,1.0
optimal_radius_0p5x,ixi,IXI068-Guys-0756-MRA_IXI-Guys,699,2,0.7241657684276481,0.7241657684276481,0.0,0.0,0.0,0.7314562885682343,0.0,1.0
optimal_radius_0p5x,ixi,IXI068-Guys-0756-MRA_IXI-Guys,700,5,3.30179449599668,3.2550834831382853,0.014147159344723036,0.12134094134911821,0.24468041341104563,0.6629125652155398,0.3690990731658407,0.9565217391304348
optimal_radius_0p5x,ixi,IXI068-Guys-0756-MRA_IXI-Guys,701,5,2.9203850581269473,2.87802001890034,0.014506662095367247,0.11061143371818931,0.21972014975064597,0.9272144054283292,0.23696800703732127,1.0
optimal_radius_0p5x,ixi,IXI068-Guys-0756-MRA_IXI-Guys,702,6,2.963742586552157,2.940034089943963,0.007999512749781284,0.08290364470235302,0.15463058962894996,0.7314562885682343,0.21140099831751621,1.0
optimal_radius_0p5x,ixi,IXI068-Guys-0756-MRA_IXI-Guys,703,7,2.8919555893299163,2.82755508837594,0.022268841607245456,0.14216241310072159,0.26071168331612776,0.800000011920929,0.3258895992890263,1.0
optimal_radius_0p5x,ixi,IXI068-Guys-0756-MRA_IXI-Guys,704,6,2.614686182845822,2.5215183558471637,0.03563250825659485,0.16057263638420524,0.30914662886850125,0.9272144054283292,0.33341439375684645,1.0
optimal_radius_0p5x,ixi,IXI068-Guys-0756-MRA_IXI-Guys,705,2,0.9916263052803672,0.9916263052803672,0.0,0.0,0.0,0.6979821878130035,0.0,1.0
optimal_radius_0p5x,ixi,IXI068-Guys-0756-MRA_IXI-Guys,706,3,1.8581422318411944,1.8581278543053115,7.737586303451366e-06,0.0012182729489442247,0.003654818846832674,0.4687499701976776,0.007796947368959602,1.0
optimal_radius_0p5x,ixi,IXI068-Guys-0756-MRA_IXI-Guys,707,2,0.8650442194469155,0.8650442194469155,0.0,0.0,0.0,1.0162195604446558,0.0,1.0
optimal_radius_0p5x,ixi,IXI068-Guys-0756-MRA_IXI-Guys,708,6,3.9086607875609545,3.834394022587092,0.019000565413660745,0.17668332501346382,0.3228930047283157,0.9374999403953552,0.3444192269411215,1.0
optimal_radius_0p5x,ixi,IXI068-Guys-0756-MRA_IXI-Guys,709,4,1.631693028591758,1.6152558411141271,0.010073700867507534,0.04603037026465079,0.0994999922892416,0.800000011920929,0.12437498850822025,1.0
optimal_radius_0p5x,ixi,IXI068-Guys-0756-MRA_IXI-Guys,710,5,2.1004429987894353,2.0364521045621404,0.03046542765701104,0.11211145197332062,0.22717320531435972,0.9272144054283292,0.24500612154468895,1.0
optimal_radius_0p5x,ixi,IXI068-Guys-0756-MRA_IXI-Guys,711,4,1.2937019263537313,1.2367622388329693,0.0440129881241231,0.07711349871348876,0.1620464705628661,0.8636072086746291,0.18763908977966673,1.0
optimal_radius_0p5x,ixi,IXI068-Guys-0756-MRA_IXI-Guys,712,6,2.389771933827613,2.2894885105601057,0.04196359570885368,0.15918380999709816,0.2952666596932074,0.9323571729118423,0.31668835535534184,1.0
optimal_radius_0p5x,ixi,IXI068-Guys-0756-MRA_IXI-Guys,713,4,1.4823180679733803,1.4823175589607096,3.4338964199203856e-07,0.00014475757411627375,0.0002895151482325475,1.079826757198356,0.00026811258963771516,1.0
optimal_radius_0p5x,ixi,IXI068-Guys-0756-MRA_IXI-Guys,714,3,1.0985285332462909,1.0907503392236726,0.0070805571154649105,0.021735447169117166,0.0652063415073515,0.9374999403953552,0.06955343536326325,1.0
optimal_radius_0p5x,ixi,IXI068-Guys-0756-MRA_IXI-Guys,715,5,2.3902045545673216,2.3451739767251256,0.018839633518457376,0.10115826960267024,0.2052854024165204,0.800000011920929,0.25660674919691195,1.0
optimal_radius_0p5x,ixi,IXI068-Guys-0756-MRA_IXI-Guys,716,10,4.333574180768822,4.257847873621922,0.017474330422899278,0.17431743513066675,0.3365308178224287,0.800000011920929,0.42066351600966106,1.0
optimal_radius_0p5x,ixi,IXI068-Guys-0756-MRA_IXI-Guys,717,9,3.977129483045206,3.8809424391731717,0.024185042071696906,0.21639744030527158,0.3997408783792088,0.800000011920929,0.499676090528257,1.0
optimal_radius_0p5x,ixi,IXI068-Guys-0756-MRA_IXI-Guys,718,5,2.5729473806808536,2.475558907253412,0.03785093863896695,0.15551967746184925,0.31697939553140364,0.9272144054283292,0.3418620263831796,1.0
optimal_radius_0p5x,ixi,IXI068-Guys-0756-MRA_IXI-Guys,719,4,2.403519280441549,2.3642785923588567,0.016326346288132634,0.08795650447630243,0.17613383024704488,0.9374999403953552,0.18787609754168846,1.0
optimal_radius_0p5x,ixi,IXI068-Guys-0756-MRA_IXI-Guys,720,5,2.5417051545052636,2.464008552487352,0.030568691998043712,0.13712802707074195,0.27898059039594464,0.9272144054283292,0.30088034521753226,1.0
optimal_radius_0p5x,ixi,IXI068-Guys-0756-MRA_IXI-Guys,721,4,2.4504363634624173,2.440006944573282,0.004256147617071197,0.0455964170038126,0.09930132877324381,1.1402979533906952,0.08708366833244735,1.0
optimal_radius_0p5x,ixi,IXI068-Guys-0756-MRA_IXI-Guys,722,7,4.016348346865795,3.907620929601933,0.027071211925307335,0.20557799293710421,0.37135125960648746,1.0481567978130077,0.35428979746285716,1.0
optimal_radius_0p5x,ixi,IXI068-Guys-0756-MRA_IXI-Guys,723,4,2.8208626206846943,2.8208625484529755,2.5606251895700944e-08,7.523320200683056e-05,0.00015046640401367978,0.7031249552965164,0.00021399667709166465,1.0
optimal_radius_0p5x,ixi,IXI068-Guys-0756-MRA_IXI-Guys,724,3,1.9128079986411932,1.9127552768442606,2.7562513838326138e-05,0.0023669592529537774,0.007100877758861332,0.9374999403953552,0.007574270091011211,1.0
optimal_radius_0p5x,ixi,IXI068-Guys-0756-MRA_IXI-Guys,725,4,2.154449833456695,2.1436132209797814,0.005029874591940131,0.04403189715368333,0.08818459512260395,0.5658312677066086,0.1558496324885476,1.0
optimal_radius_0p5x,ixi,IXI068-Guys-0756-MRA_IXI-Guys,726,5,2.4494042308670867,2.4375979704814843,0.004820053887725584,0.05218825826862128,0.10504266586436349,0.6629125652155398,0.15845629028046837,1.0
optimal_radius_0p5x,ixi,IXI068-Guys-0756-MRA_IXI-Guys,727,5,2.31047017572906,2.283515271936349,0.011666414946994821,0.07858622725774075,0.15834392810709147,0.800000011920929,0.1979299071844789,1.0
optimal_radius_0p5x,ixi,IXI068-Guys-0756-MRA_IXI-Guys,728,6,2.7779666799175327,2.71743447876931,0.02179011058189501,0.13225943671515422,0.24393325562836243,0.800000011920929,0.30491656499184216,1.0
optimal_radius_0p5x,ixi,IXI068-Guys-0756-MRA_IXI-Guys,729,7,3.0835878010758657,3.0288755873537396,0.017743037413443186,0.13309904805010941,0.23763591920229887,0.800000011920929,0.29704489457655975,0.96
optimal_radius_0p5x,ixi,IXI068-Guys-0756-MRA_IXI-Guys,730,6,3.3768190827941287,3.3471842197498796,0.008775970023163908,0.10159139430880526,0.1837497723234231,0.6629125652155398,0.27718553239925176,1.0
optimal_radius_0p5x,ixi,IXI068-Guys-0756-MRA_IXI-Guys,731,4,1.7404271723918951,1.6896133132478928,0.0291961996169987,0.08481950731808773,0.16979534949806124,0.6629125652155398,0.2561353614452215,1.0
optimal_radius_0p5x,ixi,IXI068-Guys-0756-MRA_IXI-Guys,732,5,2.1884138756793785,2.1385678541106374,0.02277723703121134,0.10178779766273198,0.20346306766402047,0.6629125652155398,0.3069229312282931,1.0
optimal_radius_0p5x,ixi,IXI068-Guys-0756-MRA_IXI-Guys,733,4,1.765878637270995,1.730054706881439,0.020286745438473978,0.07218216495412207,0.14482251554437783,0.7314562885682343,0.19799203015651973,1.0
optimal_radius_0p5x,ixi,IXI068-Guys-0756-MRA_IXI-Guys,734,6,3.0469271083212215,3.0162819741969233,0.0100577181648375,0.09867706689363087,0.17681069328951798,0.5658312677066086,0.31247953830150793,1.0
optimal_radius_0p5x,ixi,IXI068-Guys-0756-MRA_IXI-Guys,735,5,3.072504778552148,3.07153151486341,0.00031676555738237067,0.009988561794343112,0.030559788600867336,0.6629125652155398,0.046099274933687685,1.0
optimal_radius_0p5x,ixi,IXI068-Guys-0756-MRA_IXI-Guys,736,9,5.226937492122644,5.2090274135250665,0.0034264956534432634,0.07818759637667276,0.14582655381951581,0.6629125652155398,0.21997856349592904,0.9545454545454546
optimal_radius_0p5x,ixi,IXI068-Guys-0756-MRA_IXI-Guys,737,6,3.1696605354205007,3.1298333581077054,0.012565123888735848,0.11550895347738137,0.21363815952551077,0.6629125652155398,0.3222720019736665,1.0
optimal_radius_0p5x,ixi,IXI068-Guys-0756-MRA_IXI-Guys,738,2,0.527344627817363,0.527344627817363,0.0,0.0,0.0,0.4687499701976776,0.0,1.0
optimal_radius_0p5x,ixi,IXI068-Guys-0756-MRA_IXI-Guys,739,3,1.0531626872371849,1.0404057685499628,0.012112961123497391,0.027224757744175484,0.08167427323252645,0.4687499701976776,0.17423846064050608,1.0
optimal_radius_0p5x,ixi,IXI068-Guys-0756-MRA_IXI-Guys,740,4,1.9484982637941362,1.9477864868287753,0.0003652951499042471,0.009790048458272388,0.024431373252032415,0.4687499701976776,0.05212026625138644,1.0
optimal_radius_0p5x,ixi,IXI068-Guys-0756-MRA_IXI-Guys,741,2,0.7613977576071173,0.7613977576071173,0.0,0.0,0.0,0.4687499701976776,0.0,1.0
optimal_radius_0p5x,ixi,IXI068-Guys-0756-MRA_IXI-Guys,742,4,1.497719548302453,1.4957490921927277,0.0013156375717728367,0.01567841650381054,0.031492322608296194,0.4687499701976776,0.0671836258357851,1.0
optimal_radius_0p5x,ixi,IXI068-Guys-0756-MRA_IXI-Guys,743,5,3.0981590985846053,3.081452783864588,0.005392335960941952,0.07170883186626394,0.1484306515706862,1.4062499105930328,0.10555069227210913,1.0
optimal_radius_0p5x,ixi,IXI068-Guys-0756-MRA_IXI-Guys,744,9,3.9790247491827575,3.9142429554464266,0.01628082201540371,0.09589301525317495,0.2652417806513022,0.800000011920929,0.3315522208736147,1.0
optimal_radius_0p5x,ixi,IXI068-Guys-0756-MRA_IXI-Guys,745,10,4.332728739094814,4.2559458441327,0.017721602155540257,0.15852216789953344,0.27357260426460167,0.800000011920929,0.3419657502350653,1.0
optimal_radius_0p5x,ixi,IXI068-Guys-0756-MRA_IXI-Guys,746,5,2.518301059926352,2.4354191874058717,0.03291182052828274,0.13816295982644194,0.2839540488363896,0.9272144054283292,0.30624421619637826,1.0
optimal_radius_0p5x,ixi,IXI068-Guys-0756-MRA_IXI-Guys,747,4,1.7092662358823734,1.6948102977460493,0.00845739407521935,0.04503788176154151,0.09064638927850772,0.8636072086746291,0.10496252042363333,1.0
optimal_radius_0p5x,ixi,IXI068-Guys-0756-MRA_IXI-Guys,748,8,3.475258103527332,3.379773398932896,0.027475572101398903,0.19148288834891775,0.3591387030071483,0.800000011920929,0.4489233720694558,1.0
optimal_radius_0p5x,ixi,IXI068-Guys-0756-MRA_IXI-Guys,749,4,2.597100499632976,2.594302257067694,0.0010774487031508361,0.024055357269783174,0.05089866729188145,0.9272144054283292,0.05489417225821537,1.0
optimal_radius_0p5x,ixi,IXI068-Guys-0756-MRA_IXI-Guys,750,4,2.4983499516669005,2.464879991914771,0.013396826065058797,0.08313880950445898,0.16658332425041394,0.5658312677066086,0.29440459330852975,1.0
optimal_radius_0p5x,ixi,IXI068-Guys-0756-MRA_IXI-Guys,751,4,2.4506338183675265,2.4370033804561686,0.005562005147075665,0.05233488456879086,0.11194115392824992,0.7950634853219345,0.14079523961903884,1.0
optimal_radius_0p5x,ixi,IXI068-Guys-0756-MRA_IXI-Guys,752,2,0.749635293173575,0.749635293173575,0.0,0.0,0.0,0.7314562885682343,0.0,1.0
optimal_radius_0p5x,ixi,IXI068-Guys-0756-MRA_IXI-Guys,753,2,0.6574986216416984,0.6574986216416984,0.0,0.0,0.0,0.800000011920929,0.0,1.0
optimal_radius_0p5x,ixi,IXI068-Guys-0756-MRA_IXI-Guys,754,11,6.010412280964248,5.984581522201074,0.004297668372098772,0.10783797457352647,0.22630943220483185,0.6629125652155398,0.3413865479096017,1.0
optimal_radius_0p5x,ixi,IXI068-Guys-0756-MRA_IXI-Guys,755,6,3.190658507194978,3.149996472731257,0.012744088523427852,0.11643133855161704,0.21281316195581226,0.800000011920929,0.26601644848081135,0.9615384615384616
optimal_radius_0p5x,ixi,IXI068-Guys-0756-MRA_IXI-Guys,756,8,3.5964360030946607,3.536688863705842,0.016612874339320294,0.15467048321478435,0.2558503362687962,0.800000011920929,0.31981291557041147,1.0
optimal_radius_0p5x,ixi,IXI068-Guys-0756-MRA_IXI-Guys,757,4,1.6468755794430194,1.6189846722580161,0.016935649257994425,0.061060254599308764,0.12408859074846752,0.6629125652155398,0.18718696440475718,1.0
optimal_radius_0p5x,ixi,IXI068-Guys-0756-MRA_IXI-Guys,758,5,2.7638218442543923,2.723021672808903,0.01476222916839133,0.10459430729070902,0.2112703166992531,0.6629125652155398,0.31870012394554714,1.0
optimal_radius_0p5x,ixi,IXI068-Guys-0756-MRA_IXI-Guys,759,9,5.584741465419956,5.517596043087273,0.012023013553705187,0.19375098777143046,0.3101877525476168,0.6629125652155398,0.4679165380531929,0.9736842105263158
optimal_radius_0p5x,ixi,IXI068-Guys-0756-MRA_IXI-Guys,760,4,2.4645998374541946,2.4412033264408777,0.009493026274595702,0.06899152359310731,0.13931641716628412,0.6629125652155398,0.21015805775379548,1.0
optimal_radius_0p5x,ixi,IXI068-Guys-0756-MRA_IXI-Guys,761,5,2.929814187255613,2.885340265153206,0.015179775664908798,0.11217247170603037,0.22714065463657943,0.4687499701976776,0.4845667606992944,1.0
optimal_radius_0p5x,ixi,IXI068-Guys-0756-MRA_IXI-Guys,762,3,1.9661817235833006,1.9127552768442606,0.027172690142634445,0.07574269609448248,0.22722808828344743,0.6629125652155398,0.3427723356089447,1.0
optimal_radius_0p5x,ixi,IXI068-Guys-0756-MRA_IXI-Guys,763,2,0.9272144054283292,0.9272144054283292,0.0,0.0,0.0,0.6979821878130035,0.0,1.0
optimal_radius_0p5x,ixi,IXI068-Guys-0756-MRA_IXI-Guys,764,4,2.1401008596264623,2.1301499682737877,0.0046497300853435165,0.04189341212052328,0.08387446899344504,1.2755056630658723,0.06575781779897391,1.0
optimal_radius_0p5x,ixi,IXI068-Guys-0756-MRA_IXI-Guys,765,5,2.335226557299766,2.130149968273797,0.08781871222940356,0.2055276241912078,0.42562826577635093,1.2324391089683826,0.34535439737272255,1.0
optimal_radius_0p5x,ixi,IXI068-Guys-0756-MRA_IXI-Guys,766,2,0.9272144054283292,0.9272144054283292,0.0,0.0,0.0,0.7538586441763245,0.0,1.0
optimal_radius_0p5x,ixi,IXI068-Guys-0756-MRA_IXI-Guys,767,2,1.0389673181549715,1.0389673181549715,0.0,0.0,0.0,0.4687499701976776,0.0,1.0
optimal_radius_0p5x,ixi,IXI068-Guys-0756-MRA_IXI-Guys,768,3,1.0494305304992317,1.0481567978130077,0.0012137370213710647,0.008614686151552135,0.025844058454656406,0.4687499701976776,0.055133994875258656,1.0
optimal_radius_0p5x,ixi,IXI068-Guys-0756-MRA_IXI-Guys,769,3,1.4386772763784101,1.437861272970025,0.0005671900305808591,0.008068579412750292,0.024205738238250875,0.6629125652155398,0.03651422451221845,1.0
optimal_radius_0p5x,ixi,IXI068-Guys-0756-MRA_IXI-Guys,770,2,0.8965323215602644,0.8965323215602644,0.0,0.0,0.0,0.4687499701976776,0.0,1.0
optimal_radius_0p5x,ixi,IXI068-Guys-0756-MRA_IXI-Guys,771,3,1.6675678514875099,1.6672512140809104,0.00018987977389767785,0.005415825626344215,0.016247476879032646,1.4062499105930328,0.011553762070769403,1.0
optimal_radius_0p5x,ixi,IXI068-Guys-0756-MRA_IXI-Guys,772,2,0.780774822975036,0.780774822975036,0.0,0.0,0.0,1.171874925494194,0.0,1.0
optimal_radius_0p5x,ixi,IXI068-Guys-0756-MRA_IXI-Guys,773,3,1.4307727892118325,1.3812923408741422,0.03458302304235705,0.06198992427778274,0.18596977283334823,0.4687499701976776,0.3967355406015759,1.0
optimal_radius_0p5x,ixi,IXI068-Guys-0756-MRA_IXI-Guys,774,2,1.038967318154965,1.038967318154965,0.0,0.0,0.0,0.4687499701976776,0.0,1.0
optimal_radius_0p5x,ixi,IXI068-Guys-0756-MRA_IXI-Guys,775,6,4.194913181153886,4.108394651816991,0.020624629307130642,0.19941499577235186,0.370036084492426,1.3185722171633623,0.2806339157429562,1.0
optimal_radius_0p5x,ixi,IXI068-Guys-0756-MRA_IXI-Guys,776,4,1.9182794083711152,1.9007018995441032,0.009163164005361333,0.0520201404481767,0.10843791404286815,0.4687499701976776,0.2313342313326197,1.0
optimal_radius_0p5x,ixi,IXI068-Guys-0756-MRA_IXI-Guys,777,7,2.9177018099310286,2.8491725292646786,0.023487417539755362,0.13479814775128265,0.22432927894947058,0.4687499701976776,0.4785691588521449,1.0
optimal_radius_0p5x,ixi,IXI068-Guys-0756-MRA_IXI-Guys,778,2,0.6264469624472062,0.6264469624472062,0.0,0.0,0.0,0.5658312677066086,0.0,1.0
optimal_radius_0p5x,ixi,IXI068-Guys-0756-MRA_IXI-Guys,779,5,2.0350928871917056,1.936706951768086,0.048344690329779366,0.1395667897417635,0.2831161141694876,0.800000011920929,0.35389513743841106,1.0
optimal_radius_0p5x,ixi,IXI068-Guys-0756-MRA_IXI-Guys,780,6,2.663161662328722,2.636215183241614,0.010118228821132022,0.07022133505504323,0.1479777068820776,0.5658312677066086,0.2615226752700526,0.9545454545454546
optimal_radius_0p5x,ixi,IXI068-Guys-0756-MRA_IXI-Guys,781,4,1.822891285532298,1.789576556759423,0.018275762815524597,0.07045341574638468,0.1464059892685685,0.6629125652155398,0.2208526387201093,1.0
optimal_radius_0p5x,ixi,IXI068-Guys-0756-MRA_IXI-Guys,782,2,0.7202440597572128,0.7202440597572127,1.5414539135517504e-16,0.0,0.0,0.4687499701976776,0.0,1.0
optimal_radius_0p5x,ixi,IXI068-Guys-0756-MRA_IXI-Guys,783,3,1.5615738703653008,1.560200369746247,0.000879561732633584,0.010912110950013898,0.0327363328500417,0.4687499701976776,0.06983751452023855,1.0
optimal_radius_0p5x,ixi,IXI068-Guys-0756-MRA_IXI-Guys,784,5,3.3572440023262904,3.3548203836666795,0.0007219072125623196,0.026823727889906186,0.050963433814245104,0.4687499701976776,0.10872199904941476,0.95
optimal_radius_0p5x,ixi,IXI068-Guys-0756-MRA_IXI-Guys,785,5,3.1515023778418803,3.128930566812147,0.007162238298925301,0.08127178893653833,0.1627656283786975,0.4687499701976776,0.34723336261772403,1.0
optimal_radius_0p5x,ixi,IXI068-Guys-0756-MRA_IXI-Guys,786,5,3.3590544864327967,3.321620844465966,0.0111441008527921,0.1107336262022087,0.22639978420194057,0.4687499701976776,0.48298623700491117,1.0
optimal_radius_0p5x,ixi,IXI068-Guys-0756-MRA_IXI-Guys,787,2,0.574738945470941,0.574738945470941,0.0,0.0,0.0,0.6343749910593033,0.0,1.0
optimal_radius_0p5x,ixi,IXI068-Guys-0756-MRA_IXI-Guys,788,4,1.5011854066224397,1.4615551585824016,0.02639930275448344,0.06936164345202442,0.14434663235265618,0.800000011920929,0.18043328775215473,1.0
optimal_radius_0p5x,ixi,IXI068-Guys-0756-MRA_IXI-Guys,789,7,3.448583942023128,3.4135962558290283,0.010145522562972376,0.11504828872474922,0.19211432932010283,0.6629125652155398,0.2898034211459526,0.9642857142857143
optimal_radius_0p5x,ixi,IXI068-Guys-0756-MRA_IXI-Guys,790,2,0.5316732788716876,0.5316732788716876,0.0,0.0,0.0,0.6343749910593033,0.0,1.0
optimal_radius_0p5x,ixi,IXI068-Guys-0756-MRA_IXI-Guys,791,9,4.954759927189626,4.923051998516182,0.006399488398911955,0.05575083797562005,0.16223454175642954,0.6629125652155398,0.24472992407932487,0.9761904761904762
optimal_radius_0p5x,ixi,IXI068-Guys-0756-MRA_IXI-Guys,792,2,0.8941214010689396,0.8941214010689396,0.0,0.0,0.0,0.6629125652155398,0.0,1.0
optimal_radius_0p5x,ixi,IXI068-Guys-0756-MRA_IXI-Guys,793,7,3.386083973297641,3.3707946412584064,0.00451534343501365,0.071974996109834,0.1426569389064766,0.800000011920929,0.17832117097590325,1.0
optimal_radius_0p5x,ixi,IXI068-Guys-0756-MRA_IXI-Guys,794,6,2.4781184299087657,2.441507002691578,0.01477388117344152,0.0965154634289511,0.18393582649585255,0.800000011920929,0.229919779693744,1.0
optimal_radius_0p5x,ixi,IXI068-Guys-0756-MRA_IXI-Guys,795,7,2.8945239306660753,2.858091308572597,0.012586740675208158,0.10908688648482226,0.2064626328876712,0.800000011920929,0.25807828726392285,1.0
optimal_radius_0p5x,ixi,IXI068-Guys-0756-MRA_IXI-Guys,796,7,3.4298433240542714,3.3299822447746723,0.029115347216956126,0.19465842028759467,0.3631842949877824,0.800000011920929,0.45398036196989344,1.0
optimal_radius_0p5x,ixi,IXI068-Guys-0756-MRA_IXI-Guys,797,6,3.8679437633189755,3.7907191773710256,0.019965281470815804,0.17599242866793294,0.32374684024338657,0.7950634853219345,0.40719621290656566,1.0
optimal_radius_0p5x,ixi,IXI068-Guys-0756-MRA_IXI-Guys,798,4,1.5983561959695352,1.5757382457011802,0.014150757087430906,0.05473308030790206,0.1127683085473393,0.7314562885682343,0.15416957965878456,1.0
optimal_radius_0p5x,ixi,IXI068-Guys-0756-MRA_IXI-Guys,799,11,5.198628078763845,5.145936341750358,0.010135700460806238,0.18591792493624648,0.29111553177279437,0.6629125652155398,0.43914619672074084,1.0
optimal_radius_0p5x,ixi,IXI068-Guys-0756-MRA_IXI-Guys,800,7,3.564100592138524,3.517487765141783,0.013078426321511996,0.1382273301173489,0.24623223759193294,0.800000011920929,0.30779029240348343,1.0
optimal_radius_0p5x,ixi,IXI068-Guys-0756-MRA_IXI-Guys,801,5,2.091911623477185,2.0494009942914277,0.020321426922948093,0.0940074383251028,0.1873920053574478,0.800000011920929,0.2342400032063617,1.0
optimal_radius_0p5x,ixi,IXI068-Guys-0756-MRA_IXI-Guys,802,6,2.8921790446042723,2.8545770117327813,0.013001281141858202,0.1019104409342484,0.20562582093563805,0.5658312677066086,0.36340483934206674,1.0
optimal_radius_0p5x,ixi,IXI068-Guys-0756-MRA_IXI-Guys,803,6,2.867603725749232,2.8190043791558153,0.016947720550446396,0.12293742043182354,0.2330296924063997,0.6629125652155398,0.35152402388184073,1.0
optimal_radius_0p5x,ixi,IXI068-Guys-0756-MRA_IXI-Guys,804,2,0.6332507806413297,0.6332507806413297,0.0,0.0,0.0,0.9272144054283292,0.0,1.0
optimal_radius_0p5x,ixi,IXI068-Guys-0756-MRA_IXI-Guys,805,9,4.036153377047569,3.9550898774777017,0.0200843456620979,0.19542225223763007,0.3211863479609133,0.9272144054283292,0.3463992212378758,1.0
optimal_radius_0p5x,ixi,IXI068-Guys-0756-MRA_IXI-Guys,806,5,2.1867678409131135,2.091733995181746,0.043458589409145924,0.14300650282754407,0.29615557050268626,0.9272144054283292,0.3194035476248629,1.0
optimal_radius_0p5x,ixi,IXI068-Guys-0756-MRA_IXI-Guys,807,4,1.889121223042231,1.8544288108566513,0.018364312338681545,0.07345873535320763,0.14691747070641742,0.6629125652155398,0.2216242056878928,1.0
optimal_radius_0p5x,ixi,IXI068-Guys-0756-MRA_IXI-Guys,808,3,1.5486350469713304,1.5484870989310984,9.553447761713493e-05,0.0035675282428459204,0.01070258472853776,0.4687499701976776,0.02283218220584494,1.0
optimal_radius_0p5x,ixi,IXI068-Guys-0756-MRA_IXI-Guys,809,2,0.837725532159871,0.837725532159871,0.0,0.0,0.0,0.7538586441763245,0.0,1.0
optimal_radius_0p5x,ixi,IXI068-Guys-0756-MRA_IXI-Guys,810,8,5.733184033601902,5.709060669802847,0.0042076730238676105,0.1265123014351276,0.22261795917892893,0.6629125652155398,0.33581798092263765,1.0
optimal_radius_0p5x,ixi,IXI068-Guys-0756-MRA_IXI-Guys,811,2,0.646470288175509,0.646470288175509,0.0,0.0,0.0,0.9272144054283292,0.0,1.0
optimal_radius_0p5x,ixi,IXI068-Guys-0756-MRA_IXI-Guys,812,4,2.182631390721479,2.146960781532813,0.016342937859459054,0.07917266866980495,0.16559737776137257,0.7950634853219345,0.20828195586710843,1.0
optimal_radius_0p5x,ixi,IXI068-Guys-0756-MRA_IXI-Guys,813,4,2.433136932472044,2.428959584798296,0.001716856794206065,0.02869410299213805,0.062021764874452705,0.6629125652155398,0.09355949506596985,1.0
optimal_radius_0p5x,ixi,IXI068-Guys-0756-MRA_IXI-Guys,814,6,4.1651662269758365,4.1240263238633,0.00987713355738174,0.1355434037785286,0.24916011388172898,0.6629125652155398,0.375856676967221,1.0
optimal_radius_0p5x,ixi,IXI068-Guys-0756-MRA_IXI-Guys,815,5,3.6675029749276016,3.65188716059868,0.0042578872970729705,0.07243301372570868,0.14691603166867057,0.800000011920929,0.1836450368493139,1.0
optimal_radius_0p5x,ixi,IXI068-Guys-0756-MRA_IXI-Guys,816,6,3.1889436417421844,3.152927240548353,0.011294147918573767,0.11168348046521699,0.1989473979029638,0.800000011920929,0.24868424367302078,1.0
optimal_radius_0p5x,ixi,IXI068-Guys-0756-MRA_IXI-Guys,817,4,1.91964338548618,1.894183885720399,0.013262619483531354,0.06332301301898019,0.1294536301616941,0.800000011920929,0.1618170352908559,1.0
optimal_radius_0p5x,ixi,IXI068-Guys-0756-MRA_IXI-Guys,818,7,3.834214801191347,3.773462735457953,0.01584472150973837,0.16068323678056998,0.29576316338348735,0.800000011920929,0.36970394872034107,1.0
optimal_radius_0p5x,ixi,IXI068-Guys-0756-MRA_IXI-Guys,819,6,2.522316441392044,2.4414122860818566,0.03207533915353498,0.14971112340643658,0.28212057116450345,0.800000011920929,0.35265070870072424,1.0
optimal_radius_0p5x,ixi,IXI068-Guys-0756-MRA_IXI-Guys,820,5,2.072848301130608,2.0321457121468502,0.019636067415814792,0.0902931311823164,0.17977348323688222,0.800000011920929,0.22471685069756075,1.0
optimal_radius_0p5x,ixi,IXI068-Guys-0756-MRA_IXI-Guys,821,6,3.432470831058896,3.3916039394729176,0.011905969080987367,0.11886863564971295,0.2165314937943586,0.7314562885682343,0.2960279338334779,1.0
optimal_radius_0p5x,ixi,IXI068-Guys-0756-MRA_IXI-Guys,822,11,5.238958236620794,5.179632657548453,0.011323926703146876,0.18755706004377826,0.3239794591470845,0.800000011920929,0.404974317899268,1.0
optimal_radius_0p5x,ixi,IXI068-Guys-0756-MRA_IXI-Guys,823,5,2.372534495573909,2.319447070885295,0.022375828375794583,0.10657112181177016,0.1998279889420064,0.6629125652155398,0.3014394347420979,1.0
optimal_radius_0p5x,ixi,IXI068-Guys-0756-MRA_IXI-Guys,824,5,2.0063635937026953,1.9839724202011186,0.01116007765085806,0.06418577194844072,0.12481971620649163,0.800000011920929,0.15602464293316617,1.0
optimal_radius_0p5x,ixi,IXI068-Guys-0756-MRA_IXI-Guys,825,11,4.889312339291457,4.825988293770903,0.012951523880294786,0.15827735383787062,0.2885280328360414,0.800000011920929,0.3606600356707984,1.0
optimal_radius_0p5x,ixi,IXI068-Guys-0756-MRA_IXI-Guys,826,4,1.6189435093112432,1.5954919495828637,0.01448571836725586,0.055397771484713254,0.11492487429105841,0.800000011920929,0.14365609072318045,1.0
optimal_radius_0p5x,ixi,IXI068-Guys-0756-MRA_IXI-Guys,827,2,0.384203690650952,0.384203690650952,0.0,0.0,0.0,1.2983219483720574,0.0,1.0
optimal_radius_0p5x,ixi,IXI068-Guys-0756-MRA_IXI-Guys,828,6,2.7479976546026883,2.6096403851780137,0.05034839429099827,0.19048857660642385,0.3585377158639198,1.5484870989311068,0.2315406541723286,1.0
optimal_radius_0p5x,ixi,IXI068-Guys-0756-MRA_IXI-Guys,829,5,2.7959130531865117,2.741862952108282,0.019331824720596677,0.12049522659516518,0.2495442298265333,1.3185722171633623,0.1892533655557953,1.0
optimal_radius_0p5x,ixi,IXI068-Guys-0756-MRA_IXI-Guys,830,3,1.5486350469713301,1.5484870989310984,9.553447761699157e-05,0.003567528242842811,0.010702584728528433,1.0481567978130077,0.010210862297377176,1.0
optimal_radius_0p5x,ixi,IXI068-Guys-0756-MRA_IXI-Guys,831,3,1.3505623996594776,1.3501913183222516,0.0002747606014498307,0.005274760795468692,0.015824282386406076,0.6629125652155398,0.023870843934389686,1.0
optimal_radius_0p5x,ixi,IXI068-Guys-0756-MRA_IXI-Guys,832,3,1.8593968760275632,1.858837635924233,0.0003007642480959052,0.007594021610198864,0.022782064830596593,0.4687499701976776,0.04860174139528823,1.0
optimal_radius_0p5x,ixi,IXI068-Guys-0756-MRA_IXI-Guys,833,6,4.533436368430265,4.51603046580109,0.0038394500803817376,0.09117444853411781,0.1786862790879721,1.1402979533906952,0.15670139418969004,1.0
optimal_radius_0p5x,ixi,IXI068-Guys-0756-MRA_IXI-Guys,834,5,3.5834346773251973,3.572128313381261,0.0031551751216449156,0.05981302448287107,0.11883648827135468,1.0389673181549715,0.11437942868346233,1.0
optimal_radius_0p5x,ixi,IXI068-Guys-0756-MRA_IXI-Guys,835,7,5.195096095177427,5.062147013242247,0.02559126520462175,0.2774256662768491,0.5017303164619591,1.0481567978130077,0.4786786838656446,1.0
optimal_radius_0p5x,ixi,IXI068-Guys-0756-MRA_IXI-Guys,836,4,2.1262046020171006,2.125247668940097,0.0004500663182159374,0.0127015108705118,0.028663184958364483,0.8002062528054474,0.03581974629400116,1.0
optimal_radius_0p5x,ixi,IXI068-Guys-0756-MRA_IXI-Guys,837,4,1.94094200498141,1.9306004326055761,0.005328120237128272,0.04032470097513198,0.08439404666129133,0.7950634853219345,0.10614755704334575,1.0
optimal_radius_0p5x,ixi,IXI068-Guys-0756-MRA_IXI-Guys,838,6,3.052067035178534,3.0030445852323373,0.016062048893801254,0.11997673059457035,0.23608100793732226,0.6629125652155398,0.3561269167685225,1.0
optimal_radius_0p5x,ixi,IXI068-Guys-0756-MRA_IXI-Guys,839,4,1.9298714912481514,1.912755276844257,0.008869095419832515,0.052132350417376155,0.10430805611087186,0.5658312677066086,0.18434480747882076,1.0
optimal_radius_0p5x,ixi,IXI068-Guys-0756-MRA_IXI-Guys,840,3,1.0979120798349848,1.0938218900543828,0.0037254256107800555,0.015759111454889528,0.047277334364668584,0.6629125652155398,0.07131760181570371,1.0
optimal_radius_0p5x,ixi,IXI068-Guys-0756-MRA_IXI-Guys,841,4,1.4863909934469623,1.4405515758763277,0.03083940751304771,0.07438539200073159,0.15429836068247674,0.5658312677066086,0.2726932382296034,1.0
optimal_radius_0p5x,ixi,IXI068-Guys-0756-MRA_IXI-Guys,842,4,2.0062429362771366,1.989878282480639,0.008156865502472271,0.05138463429649482,0.10677072205469691,0.6629125652155398,0.16106305364717505,1.0
optimal_radius_0p5x,ixi,IXI068-Guys-0756-MRA_IXI-Guys,843,9,4.844992840690461,4.829856425969345,0.0031241356218307766,0.05219860893888114,0.11173873663213213,1.5484870989311068,0.07215994031158761,1.0
optimal_radius_0p5x,ixi,IXI068-Guys-0756-MRA_IXI-Guys,844,9,5.007330101506306,4.850180759573242,0.03138385901216914,0.3130208678791931,0.5668651485156498,1.600000023841858,0.35429071254293815,1.0
optimal_radius_0p5x,ixi,IXI068-Guys-0756-MRA_IXI-Guys,845,8,4.065973039520771,4.005125434764311,0.014965078264176486,0.16509967602634099,0.30724568781106343,0.9882336292751633,0.3109038983387137,1.0
optimal_radius_0p5x,ixi,IXI068-Guys-0756-MRA_IXI-Guys,846,6,3.7699056746319206,3.720803338750784,0.013024818157003577,0.13806286196595316,0.2627725157562662,0.9323571729118423,0.28183675032563116,1.0
optimal_radius_0p5x,ixi,IXI068-Guys-0756-MRA_IXI-Guys,847,6,2.8012253581880016,2.7848160263906916,0.005857912056002697,0.0673161982435375,0.1399160829907201,0.800000011920929,0.17489510113226,0.9565217391304348
optimal_radius_0p5x,ixi,IXI068-Guys-0756-MRA_IXI-Guys,848,7,2.8685691930765853,2.8407984929844585,0.009681028492933886,0.08499014384027437,0.16899599017417052,0.800000011920929,0.21124498456991758,1.0
optimal_radius_0p5x,ixi,IXI068-Guys-0756-MRA_IXI-Guys,849,9,4.297789374937237,4.234565608497412,0.014710764284661483,0.1522369170330844,0.2595338860170296,0.800000011920929,0.3244173526870917,0.9722222222222222
optimal_radius_0p5x,ixi,IXI068-Guys-0756-MRA_IXI-Guys,850,5,1.9102008084706035,1.8092266550810834,0.052860491390098796,0.13521875394882307,0.27050751056257016,0.800000011920929,0.33813438316461775,1.0
optimal_radius_0p5x,ixi,IXI068-Guys-0756-MRA_IXI-Guys,851,5,2.258748265585214,2.190686421911132,0.030132549390778553,0.11998992188437078,0.24130688093306832,0.800000011920929,0.3016335966716446,1.0
optimal_radius_0p5x,ixi,IXI068-Guys-0756-MRA_IXI-Guys,852,14,8.993322345837846,8.945433829597782,0.005324897117940785,0.17563302887282925,0.34417035425593856,0.9272144054283292,0.371187453776614,1.0
optimal_radius_0p5x,ixi,IXI068-Guys-0756-MRA_IXI-Guys,853,7,4.663580371900293,4.606254468739986,0.012292251572571949,0.17087957853385366,0.3106009136870364,0.9272144054283292,0.33498283877886204,1.0
optimal_radius_0p5x,ixi,IXI068-Guys-0756-MRA_IXI-Guys,854,9,6.4230046092097455,6.405715932638179,0.0026916805488161766,0.09555811130286868,0.1850424412067305,0.9374999403953552,0.19737861650284033,1.0
optimal_radius_0p5x,ixi,IXI068-Guys-0756-MRA_IXI-Guys,855,2,0.8183535524040986,0.8183535524040986,0.0,0.0,0.0,0.7950634853219345,0.0,1.0
optimal_radius_0p5x,ixi,IXI068-Guys-0756-MRA_IXI-Guys,856,7,4.240629091935187,4.186291189522945,0.0128136418522388,0.15806680188247454,0.27286843480103945,0.9272144054283292,0.2942883902617832,1.0
optimal_radius_0p5x,ixi,IXI068-Guys-0756-MRA_IXI-Guys,857,4,1.7382467527904684,1.6727226789647358,0.037695496177711514,0.09525266466592101,0.20182798689403564,0.800000011920929,0.2522849798582054,1.0
optimal_radius_0p5x,ixi,IXI068-Guys-0756-MRA_IXI-Guys,858,2,0.9272144054283292,0.9272144054283292,0.0,0.0,0.0,0.5658312677066086,0.0,1.0
optimal_radius_0p5x,ixi,IXI068-Guys-0756-MRA_IXI-Guys,859,2,1.0389673181549715,1.0389673181549715,0.0,0.0,0.0,0.4687499701976776,0.0,1.0
optimal_radius_0p5x,ixi,IXI068-Guys-0756-MRA_IXI-Guys,860,2,0.6629125652155398,0.6629125652155398,0.0,0.0,0.0,0.6343749910593033,0.0,1.0
optimal_radius_0p5x,ixi,IXI068-Guys-0756-MRA_IXI-Guys,861,4,2.7849766121210884,2.7816432162849876,0.0011969205851111412,0.02780914129834855,0.055847164418082684,0.5658312677066086,0.09869932540921407,1.0
optimal_radius_0p5x,ixi,IXI068-Guys-0756-MRA_IXI-Guys,862,2,1.0389673181549715,1.0389673181549715,0.0,0.0,0.0,0.5658312677066086,0.0,1.0
optimal_radius_0p5x,ixi,IXI068-Guys-0756-MRA_IXI-Guys,863,2,0.9653104799940878,0.9653104799940878,0.0,0.0,0.0,0.4687499701976776,0.0,1.0
optimal_radius_0p5x,ixi,IXI068-Guys-0756-MRA_IXI-Guys,864,3,1.689667581267671,1.688734549894351,0.0005521981860005913,0.009357123794174067,0.0280713713825222,0.4687499701976776,0.05988559609013769,1.0
optimal_radius_0p5x,ixi,IXI068-Guys-0756-MRA_IXI-Guys,865,2,0.9272144054283292,0.9272144054283292,0.0,0.0,0.0,0.4687499701976776,0.0,1.0
optimal_radius_0p5x,ixi,IXI068-Guys-0756-MRA_IXI-Guys,866,2,1.0389673181549715,1.0389673181549715,0.0,0.0,0.0,0.5658312677066086,0.0,1.0
optimal_radius_0p5x,ixi,IXI068-Guys-0756-MRA_IXI-Guys,867,2,0.9272144054283292,0.9272144054283292,0.0,0.0,0.0,0.5658312677066086,0.0,1.0
optimal_radius_0p5x,ixi,IXI068-Guys-0756-MRA_IXI-Guys,868,7,4.3323494568370515,4.301812214563266,0.007048656295625855,0.11869542649300295,0.21372909271546522,0.6629125652155398,0.32240917419625803,1.0
optimal_radius_0p5x,ixi,IXI068-Guys-0756-MRA_IXI-Guys,869,5,3.221906994691987,3.1810458400730024,0.012682288683783398,0.11370420835000564,0.22820115716870962,0.6629125652155398,0.34424020473124106,1.0
optimal_radius_0p5x,ixi,IXI068-Guys-0756-MRA_IXI-Guys,870,6,4.080076263595007,4.027369775928854,0.012918015316633571,0.15105589797818328,0.27893719401348804,0.7950634853219345,0.35083637868307044,0.9583333333333334
optimal_radius_0p5x,ixi,IXI068-Guys-0756-MRA_IXI-Guys,871,6,3.2206229247627713,3.1762185660817455,0.013787506242847932,0.12550954564579164,0.23439909631486866,0.6629125652155398,0.3535897622315486,0.9583333333333334
optimal_radius_0p5x,ixi,IXI068-Guys-0756-MRA_IXI-Guys,872,3,1.3187331847027601,1.3185722171633623,0.00012206224979024345,0.003433572876956378,0.010300718630869133,0.6629125652155398,0.015538578043878157,1.0
optimal_radius_0p5x,ixi,IXI068-Guys-0756-MRA_IXI-Guys,873,6,3.3887953377264797,3.387165492005046,0.0004809513585223197,0.012968412716584353,0.02404506629112607,1.550099264021152,0.015511952588604005,1.0
optimal_radius_0p5x,ixi,IXI068-Guys-0756-MRA_IXI-Guys,874,10,7.670728994028716,7.629683548300139,0.005350918505989328,0.14295971394351276,0.22063850392900936,1.8698783298272896,0.1179961821095539,1.0
optimal_radius_0p5x,ixi,IXI068-Guys-0756-MRA_IXI-Guys,875,2,0.5808451654545588,0.5808451654545588,0.0,0.0,0.0,0.5658312677066086,0.0,1.0
optimal_radius_0p5x,ixi,IXI068-Guys-0756-MRA_IXI-Guys,876,7,4.084336754609853,4.0351964093289725,0.012031413723517702,0.13816269406431977,0.24545444808470343,0.9272144054283292,0.2647224273562867,1.0
optimal_radius_0p5x,ixi,IXI068-Guys-0756-MRA_IXI-Guys,877,8,5.74203931899232,5.677931584022665,0.011164628350351527,0.19395601128970247,0.3756326815628393,0.9374999403953552,0.40067488580791843,1.0
optimal_radius_0p5x,ixi,IXI068-Guys-0756-MRA_IXI-Guys,878,6,4.435108330264386,4.417649265141172,0.003936558889458575,0.08851396568980861,0.17557627763862557,1.2324391089683826,0.14246243596212416,1.0
optimal_radius_0p5x,ixi,IXI068-Guys-0756-MRA_IXI-Guys,879,7,3.348352066500107,3.235761938163189,0.03362553462145446,0.2067242323416832,0.38774132175960063,1.0481567978130077,0.3699268301924175,1.0
optimal_radius_0p5x,ixi,IXI068-Guys-0756-MRA_IXI-Guys,880,3,1.3187331847027601,1.3185722171633623,0.00012206224979024345,0.003433572876953764,0.010300718630861292,0.4687499701976776,0.02197486780962856,1.0
optimal_radius_0p5x,ixi,IXI068-Guys-0756-MRA_IXI-Guys,881,2,1.0389673181549715,1.0389673181549715,0.0,0.0,0.0,0.4687499701976776,0.0,1.0
optimal_radius_0p5x,ixi,IXI068-Guys-0756-MRA_IXI-Guys,882,2,0.9272144054283292,0.9272144054283292,0.0,0.0,0.0,0.7031249552965164,0.0,1.0
optimal_radius_0p5x,ixi,IXI068-Guys-0756-MRA_IXI-Guys,883,3,1.9128079986411932,1.9127552768442606,2.7562513838326138e-05,0.0023669592529522456,0.007100877758856736,0.9374999403953552,0.0075742700910063085,1.0
optimal_radius_0p5x,ixi,IXI068-Guys-0756-MRA_IXI-Guys,884,4,2.448999914268472,2.4453479724206333,0.0014911972134265077,0.02729343261707706,0.05466174433598439,1.0435620579839897,0.05237996525245747,1.0
optimal_radius_0p5x,ixi,IXI068-Guys-0756-MRA_IXI-Guys,885,4,2.1301500931829462,2.130149968273797,5.863866102480982e-08,8.595895244955238e-05,0.00017191790489910476,0.9928283691041815,0.00017315974265947343,1.0
optimal_radius_0p5x,ixi,IXI068-Guys-0756-MRA_IXI-Guys,886,3,1.4408487064598097,1.4389243172115034,0.0013355942505820398,0.012389912701626227,0.03716973810487868,0.9374999403953552,0.03964772316593828,1.0
optimal_radius_0p5x,ixi,IXI068-Guys-0756-MRA_IXI-Guys,887,5,3.476405442459898,3.456503531910761,0.005724853121577894,0.08214640909615203,0.16741188435708412,0.6629125652155398,0.25253991724029506,1.0
optimal_radius_0p5x,ixi,IXI068-Guys-0756-MRA_IXI-Guys,888,6,2.5108122838492615,2.472734816314233,0.015165397978957154,0.09212955650128457,0.1946005379267068,1.1357032135616771,0.17134805607921136,1.0
optimal_radius_0p5x,ixi,IXI068-Guys-0756-MRA_IXI-Guys,889,4,1.6400294010820886,1.5944104464208932,0.027815937099113015,0.0765697645403928,0.16194034986557462,0.7314562885682343,0.22139443244456833,1.0
optimal_radius_0p5x,ixi,IXI068-Guys-0756-MRA_IXI-Guys,890,4,2.128997300522664,2.1012571587723676,0.013029674459186184,0.06901275289677736,0.14391540137867884,0.6629125652155398,0.21709560043093482,1.0
optimal_radius_0p5x,ixi,IXI068-Guys-0756-MRA_IXI-Guys,891,7,3.2927032977406374,3.229846429572979,0.01908974556279908,0.1539633433409199,0.28880565476882863,0.800000011920929,0.36100706308161135,1.0
optimal_radius_0p5x,ixi,IXI068-Guys-0756-MRA_IXI-Guys,892,6,2.479874829267752,2.363828706184028,0.04679515341425101,0.1765527467962874,0.3289290439775916,0.800000011920929,0.4111612988452087,1.0
optimal_radius_0p5x,ixi,IXI068-Guys-0756-MRA_IXI-Guys,893,6,2.7766663902503836,2.7263576424907217,0.018118398355779945,0.1226024939477832,0.22765842108963996,0.800000011920929,0.2845730221215815,1.0
optimal_radius_0p5x,ixi,IXI068-Guys-0756-MRA_IXI-Guys,894,9,3.9313197983737327,3.883504746515299,0.012162595339665096,0.14909871830172458,0.23600749340086744,0.800000011920929,0.2950093623551022,1.0
optimal_radius_0p5x,ixi,IXI068-Guys-0756-MRA_IXI-Guys,895,5,2.470601332069928,2.392824519208366,0.03148092403738747,0.13617428357922956,0.2725410177690573,0.800000011920929,0.34067626713484966,1.0
optimal_radius_0p5x,ixi,IXI068-Guys-0756-MRA_IXI-Guys,896,4,2.408860620937995,2.381911844329873,0.011187354043601138,0.07302144140732604,0.14732147605108814,0.9272144054283292,0.15888609494050362,1.0
optimal_radius_0p5x,ixi,IXI068-Guys-0756-MRA_IXI-Guys,897,5,3.2634914841342577,3.231798403612035,0.009711402856818065,0.09948871020562151,0.1981813433407557,0.6629125652155398,0.29895547880634743,1.0
optimal_radius_0p5x,ixi,IXI068-Guys-0756-MRA_IXI-Guys,898,6,3.350606663370574,3.3327440355210984,0.0053311622771938525,0.07338390133453608,0.14519426321117304,0.6629125652155398,0.21902475655136283,1.0
optimal_radius_0p5x,ixi,IXI068-Guys-0756-MRA_IXI-Guys,899,7,3.4648381211932047,3.431930920494394,0.00949747132413744,0.09622996966053986,0.17565197453989911,0.6629125652155398,0.2649700484750768,1.0
optimal_radius_0p5x,ixi,IXI068-Guys-0756-MRA_IXI-Guys,900,3,1.4211627443388797,1.4182521822803351,0.002048014606447165,0.0151512868468487,0.0454538605405461,0.6629125652155398,0.06856690146726545,1.0
optimal_radius_0p5x,ixi,IXI068-Guys-0756-MRA_IXI-Guys,901,9,6.099309251567442,6.064218894715101,0.005753168990951555,0.15040271904800934,0.23138584668661757,0.9272144054283292,0.24954945191962183,1.0
optimal_radius_0p5x,ixi,IXI068-Guys-0756-MRA_IXI-Guys,902,5,2.452030436309489,2.4287418071835654,0.009497691701158127,0.07319036260804603,0.14665240041784613,0.6629125652155398,0.2212243485989189,1.0
optimal_radius_0p5x,ixi,IXI068-Guys-0756-MRA_IXI-Guys,903,6,2.4404932943341193,2.367831135380065,0.029773554028092414,0.1279007200810978,0.22768820660776035,0.4687499701976776,0.4857348716454135,1.0
optimal_radius_0p5x,ixi,IXI068-Guys-0756-MRA_IXI-Guys,904,4,1.7688832588518704,1.7481928302378866,0.011696887576070611,0.05405599621676979,0.11328886358108921,0.4687499701976776,0.24168292433877683,1.0
optimal_radius_0p5x,ixi,IXI068-Guys-0756-MRA_IXI-Guys,905,4,2.1357275366158444,2.130149968273797,0.002611554257939322,0.03133203816849846,0.06275003528944646,0.7950634853219345,0.07892455941934992,1.0
optimal_radius_0p5x,ixi,IXI068-Guys-0756-MRA_IXI-Guys,906,4,2.454519330479709,2.4090325256502543,0.018531858463939926,0.09578339561162785,0.20097037166532383,0.9272144054283292,0.21674638626055967,1.0
optimal_radius_0p5x,ixi,IXI068-Guys-0756-MRA_IXI-Guys,907,4,2.3452033948412074,2.328241457546818,0.007232608195818309,0.056797543567545176,0.11460727541298739,0.7950634853219345,0.14414858376571146,1.0
optimal_radius_0p5x,ixi,IXI068-Guys-0756-MRA_IXI-Guys,908,7,3.2577243529984576,3.2297559503890296,0.008585257553692497,0.09691071671537642,0.14879770878067952,0.6629125652155398,0.22446053459900756,1.0
optimal_radius_0p5x,ixi,IXI068-Guys-0756-MRA_IXI-Guys,909,7,3.2045729758701613,3.1639366900166612,0.012680717886434097,0.11242797208131947,0.20171395349674362,0.800000011920929,0.2521424381137144,1.0
optimal_radius_0p5x,ixi,IXI068-Guys-0756-MRA_IXI-Guys,910,5,2.5258881358511616,2.4820871776508118,0.01734081473310771,0.10305372637663582,0.20739558725376317,0.6629125652155398,0.312855115646104,1.0
optimal_radius_0p5x,ixi,IXI068-Guys-0756-MRA_IXI-Guys,911,7,5.01756789495883,4.993339358464593,0.00482874113543733,0.10190195729862409,0.20814017034006901,0.6629125652155398,0.3139783151830803,1.0
optimal_radius_0p5x,ixi,IXI068-Guys-0756-MRA_IXI-Guys,912,6,4.485574276046272,4.44462285016263,0.009129583719598499,0.14119416156464995,0.25962899628978175,0.6629125652155398,0.3916489291545799,1.0
optimal_radius_0p5x,ixi,IXI068-Guys-0756-MRA_IXI-Guys,913,4,2.250711257520753,2.21787981585119,0.01458714064714285,0.07678545314037083,0.15409725946201921,0.6629125652155398,0.23245487798517733,1.0
optimal_radius_0p5x,ixi,IXI068-Guys-0756-MRA_IXI-Guys,914,5,2.2621307689336163,2.243452687330664,0.008256853166697052,0.0619163574836751,0.1212633062767688,0.6629125652155398,0.1829250381418569,1.0
optimal_radius_0p5x,ixi,IXI068-Guys-0756-MRA_IXI-Guys,915,9,4.6047082405324415,4.543020612472064,0.013396642053752584,0.18510150845499657,0.3207703422853739,0.6629125652155398,0.4838803171291201,1.0
optimal_radius_0p5x,ixi,IXI068-Guys-0756-MRA_IXI-Guys,916,7,3.1739944073725166,3.1041375107967006,0.022009142931554378,0.15796181872778559,0.277881554791743,0.800000011920929,0.3473519383137315,1.0
optimal_radius_0p5x,ixi,IXI068-Guys-0756-MRA_IXI-Guys,917,8,4.7934164673329995,4.74262226749764,0.010596659017951114,0.16852632605089776,0.2993100268404309,0.7314562885682343,0.409197420978232,1.0
optimal_radius_0p5x,ixi,IXI068-Guys-0756-MRA_IXI-Guys,918,7,3.8454595521495634,3.7826971491801253,0.016321171011759734,0.1624017129013848,0.2892404594820597,0.6629125652155398,0.4363176603659879,0.967741935483871
optimal_radius_0p5x,ixi,IXI068-Guys-0756-MRA_IXI-Guys,919,7,3.069933656607644,3.0562881026847903,0.004444901893395444,0.05058776907139325,0.109962681924423,0.800000011920929,0.13745335035731424,1.0
optimal_radius_0p5x,ixi,IXI068-Guys-0756-MRA_IXI-Guys,920,6,2.9394109785550735,2.8912722877856396,0.016376985430291015,0.12423952672096798,0.2295347268213644,0.5658312677066086,0.4056593191671785,1.0
optimal_radius_0p5x,ixi,IXI068-Guys-0756-MRA_IXI-Guys,921,11,6.037737029035368,6.002923232754106,0.005766033882205056,0.12183810959813708,0.21036908175279573,0.4687499701976776,0.44878740293909886,1.0
optimal_radius_0p5x,ixi,IXI068-Guys-0756-MRA_IXI-Guys,922,5,3.336521061248362,3.325417347311467,0.003327931618912166,0.059836049367412006,0.1239351619790012,0.6629125652155398,0.18695551794029558,1.0
optimal_radius_0p5x,ixi,IXI068-Guys-0756-MRA_IXI-Guys,923,2,0.6302048649853335,0.6302048649853335,0.0,0.0,0.0,0.5658312677066086,0.0,1.0
optimal_radius_0p5x,ixi,IXI068-Guys-0756-MRA_IXI-Guys,924,2,0.516928183090538,0.516928183090538,0.0,0.0,0.0,0.5658312677066086,0.0,1.0
optimal_radius_0p5x,ixi,IXI068-Guys-0756-MRA_IXI-Guys,925,2,0.543479015459685,0.543479015459685,0.0,0.0,0.0,0.4687499701976776,0.0,1.0
optimal_radius_0p5x,ixi,IXI068-Guys-0756-MRA_IXI-Guys,926,4,2.2726678902908057,2.24593030187346,0.011764846298736796,0.07060038624862174,0.14568954941164833,0.4687499701976776,0.31080439183859415,1.0
optimal_radius_0p5x,ixi,IXI068-Guys-0756-MRA_IXI-Guys,927,2,0.8280977595372654,0.8280977595372654,0.0,0.0,0.0,0.4687499701976776,0.0,1.0
optimal_radius_0p5x,ixi,IXI068-Guys-0756-MRA_IXI-Guys,928,4,2.553400301782125,2.5501358966886745,0.0012784541034056157,0.02622579243575559,0.054817414908287045,0.4687499701976776,0.11694382590610057,1.0
optimal_radius_0p5x,ixi,IXI068-Guys-0756-MRA_IXI-Guys,929,3,1.8772705652120716,1.8734962228818697,0.0020105478667511775,0.019830281713189818,0.059490845139569454,0.4687499701976776,0.12691381103337762,1.0
optimal_radius_0p5x,ixi,IXI068-Guys-0756-MRA_IXI-Guys,930,2,0.8172321665834373,0.8172321665834373,0.0,0.0,0.0,0.5658312677066086,0.0,1.0
optimal_radius_0p5x,ixi,IXI068-Guys-0756-MRA_IXI-Guys,931,4,1.7835425013490522,1.7824908624470313,0.0005896348986500356,0.012389312962662784,0.02696996071561872,0.6629125652155398,0.04068403908869896,1.0
optimal_radius_0p5x,ixi,IXI068-Guys-0756-MRA_IXI-Guys,932,10,4.671921301397699,4.6407579338778,0.006670353695935778,0.10439826983093356,0.21611980888917748,0.4687499701976776,0.46105562161003893,1.0
optimal_radius_0p5x,ixi,IXI068-Guys-0756-MRA_IXI-Guys,933,7,2.8660944975885516,2.830203624110489,0.012522571571963192,0.10668379726051744,0.18296426777101973,0.800000011920929,0.22870533130579965,1.0
optimal_radius_0p5x,ixi,IXI068-Guys-0756-MRA_IXI-Guys,934,5,2.1463244119313405,2.1153770547300517,0.014418769608756989,0.08082225726160505,0.16314981040862409,0.6629125652155398,0.24611060186433104,1.0
optimal_radius_0p5x,ixi,IXI068-Guys-0756-MRA_IXI-Guys,935,2,0.8875078461646997,0.8875078461646997,0.0,0.0,0.0,0.5658312677066086,0.0,1.0
optimal_radius_0p5x,ixi,IXI068-Guys-0756-MRA_IXI-Guys,936,6,3.513131490344335,3.4267355499635688,0.024592287712037263,0.17936983420431782,0.3320766282836386,1.3185722171633623,0.2518456129752479,1.0
optimal_radius_0p5x,ixi,IXI068-Guys-0756-MRA_IXI-Guys,937,9,4.046772880167152,3.915930364175899,0.03233255729089712,0.2405151990289254,0.4282177503369016,1.2324391089683826,0.3474555028486095,1.0
optimal_radius_0p5x,ixi,IXI068-Guys-0756-MRA_IXI-Guys,938,5,2.736782444315101,2.72875408027308,0.0029335046556943443,0.04511072838844603,0.09083263063933444,0.9272144054283292,0.0979629200188861,1.0
optimal_radius_0p5x,ixi,IXI068-Guys-0756-MRA_IXI-Guys,939,11,5.708702224979397,5.675209794760204,0.005866907906431124,0.10226265655895915,0.18651335344818526,0.800000011920929,0.2331416883361497,1.0
optimal_radius_0p5x,ixi,IXI068-Guys-0756-MRA_IXI-Guys,940,7,3.3578896652061347,3.322298258874476,0.010599337643654769,0.11116324585454326,0.20951757084302897,0.6629125652155398,0.31605611635209585,0.9615384615384616
optimal_radius_0p5x,ixi,IXI068-Guys-0756-MRA_IXI-Guys,941,6,3.2629305447681913,3.19049781607583,0.022198673155486064,0.15748930253799046,0.2914767124034683,0.6629125652155398,0.43969103573817064,1.0
optimal_radius_0p5x,ixi,IXI068-Guys-0756-MRA_IXI-Guys,942,9,4.105509856793711,4.055070643971067,0.012285736627614742,0.12637199464599821,0.1983788498624741,0.6629125652155398,0.2992534163204058,1.0
optimal_radius_0p5x,ixi,IXI068-Guys-0756-MRA_IXI-Guys,943,13,6.063695087835183,6.036042532990404,0.00456034718834306,0.10436324527453993,0.22239090174316392,0.800000011920929,0.2779886230366016,1.0
optimal_radius_0p5x,ixi,IXI068-Guys-0756-MRA_IXI-Guys,944,6,2.926370404543511,2.8913601953107584,0.011963697137722372,0.10519341133270578,0.19742213289875132,0.800000011920929,0.24677766244616542,1.0
optimal_radius_0p5x,ixi,IXI068-Guys-0756-MRA_IXI-Guys,945,3,1.1295972929427682,1.12460553711163,0.004419057891095019,0.017655468810989065,0.05296640643296719,0.4687499701976776,0.11299500757435911,1.0
optimal_radius_0p5x,ixi,IXI068-Guys-0756-MRA_IXI-Guys,946,6,2.694463935267213,2.670037274995577,0.009065499059727897,0.07448627861926242,0.13869407285840907,0.5658312677066086,0.24511560384521533,1.0
optimal_radius_0p5x,ixi,IXI068-Guys-0756-MRA_IXI-Guys,947,8,4.067136778080709,4.038157831338659,0.007125146835048126,0.09438747548261137,0.19045961649582324,0.7314562885682343,0.260384139794098,1.0
optimal_radius_0p5x,ixi,IXI068-Guys-0756-MRA_IXI-Guys,948,8,3.665651208203221,3.6225069490356425,0.011769875723862507,0.11010824727821475,0.17650129416390162,0.6629125652155398,0.2662512425096572,1.0
optimal_radius_0p5x,ixi,IXI068-Guys-0756-MRA_IXI-Guys,949,2,0.7573517424959761,0.7573517424959761,0.0,0.0,0.0,0.6343749910593033,0.0,1.0
optimal_radius_0p5x,ixi,IXI068-Guys-0756-MRA_IXI-Guys,950,12,5.711695416740689,5.657745142743475,0.009445579650323832,0.12583957876654056,0.23774734512863938,0.800000011920929,0.2971841769824099,1.0
optimal_radius_0p5x,ixi,IXI068-Guys-0756-MRA_IXI-Guys,951,6,3.60640039957783,3.5229589264911576,0.023137051863803132,0.17542552566417838,0.32480493404959304,0.800000011920929,0.40600616151202806,1.0
optimal_radius_0p5x,ixi,IXI068-Guys-0756-MRA_IXI-Guys,952,3,1.184164561617619,1.1803386582724094,0.0032308882305879575,0.0158222233923283,0.04746667017698491,0.4687499701976776,0.10126223614898072,1.0
optimal_radius_0p5x,ixi,IXI068-Guys-0756-MRA_IXI-Guys,953,14,6.1751011728716865,6.11661793745161,0.009470814126415188,0.1519380116803786,0.2557712943851533,0.800000011920929,0.31971411321733006,1.0
optimal_radius_0p5x,ixi,IXI068-Guys-0756-MRA_IXI-Guys,954,8,3.780403003455797,3.734322059680758,0.012189426294740313,0.09836061837702559,0.16068813908015875,0.800000011920929,0.20086017085714866,1.0
optimal_radius_0p5x,ixi,IXI068-Guys-0756-MRA_IXI-Guys,955,2,0.8941214010689396,0.8941214010689396,0.0,0.0,0.0,0.6343749910593033,0.0,1.0
optimal_radius_0p5x,ixi,IXI068-Guys-0756-MRA_IXI-Guys,956,6,2.3785894189385837,2.365473282572801,0.005514249858067437,0.05821631321141966,0.11186351393315987,0.7314562885682343,0.15293260264686975,1.0
optimal_radius_0p5x,ixi,IXI068-Guys-0756-MRA_IXI-Guys,957,5,1.987224708957379,1.9429883326943336,0.02226037954522741,0.09160775980681705,0.18521839320544314,0.4687499701976776,0.395132597293466,1.0
optimal_radius_0p5x,ixi,IXI068-Guys-0756-MRA_IXI-Guys,958,3,0.9699175197057553,0.9673515142758515,0.0026455913804735356,0.011750928823981557,0.03525278647194467,0.4687499701976776,0.07520594925494745,1.0
optimal_radius_0p5x,ixi,IXI068-Guys-0756-MRA_IXI-Guys,959,5,2.079701512729847,2.064375053093885,0.00736954776546005,0.05483636089370143,0.11127146761890305,0.4687499701976776,0.23737914601248616,1.0
optimal_radius_0p5x,ixi,IXI068-Guys-0756-MRA_IXI-Guys,960,2,0.9272144054283292,0.9272144054283292,0.0,0.0,0.0,0.4687499701976776,0.0,1.0
optimal_radius_0p5x,ixi,IXI068-Guys-0756-MRA_IXI-Guys,961,4,1.4479896621036776,1.4222187789784564,0.01779769828451719,0.05518685646452918,0.11682977330506303,0.5658312677066086,0.2064745799195404,1.0
optimal_radius_0p5x,ixi,IXI068-Guys-0756-MRA_IXI-Guys,962,4,1.6986508146714918,1.6939772485617406,0.002751340104384587,0.024884567832142046,0.05417704285862372,0.6629125652155398,0.08172577456124785,1.0
optimal_radius_0p5x,ixi,IXI068-Guys-0756-MRA_IXI-Guys,963,2,1.0389673181549715,1.0389673181549715,0.0,0.0,0.0,0.4687499701976776,0.0,1.0
optimal_radius_0p5x,ixi,IXI068-Guys-0756-MRA_IXI-Guys,964,2,0.611351726092314,0.611351726092314,0.0,0.0,0.0,0.7314562885682343,0.0,1.0
optimal_radius_0p5x,ixi,IXI068-Guys-0756-MRA_IXI-Guys,965,10,5.225945388797329,5.178994725016829,0.008984147419746515,0.11974505300078186,0.21816352659439409,0.6629125652155398,0.3290984935901166,0.9523809523809523
optimal_radius_0p5x,ixi,IXI068-Guys-0756-MRA_IXI-Guys,966,2,0.6390781816531996,0.6390781816531996,0.0,0.0,0.0,0.7314562885682343,0.0,1.0
optimal_radius_0p5x,ixi,IXI068-Guys-0756-MRA_IXI-Guys,967,6,2.6951693079620123,2.6536988522291893,0.01538695755042616,0.10453957678763874,0.2093104119136741,0.5658312677066086,0.36991665865698403,1.0
optimal_radius_0p5x,ixi,IXI068-Guys-0756-MRA_IXI-Guys,968,4,1.9442965099669318,1.9336263299340761,0.005487938685358833,0.04071546397325067,0.08623525651960802,0.6629125652155398,0.13008541555034403,1.0
optimal_radius_0p5x,ixi,IXI068-Guys-0756-MRA_IXI-Guys,969,5,2.1375980005000885,2.107740458223004,0.01396780043305581,0.07946617692246039,0.15914755097192737,0.6629125652155398,0.24007321526660466,1.0
optimal_radius_0p5x,ixi,IXI068-Guys-0756-MRA_IXI-Guys,970,9,4.880049390342754,4.826867736585984,0.01089776957217122,0.1752028385714925,0.319608879868218,0.800000011920929,0.3995110938820933,1.0
optimal_radius_0p5x,ixi,IXI068-Guys-0756-MRA_IXI-Guys,971,8,4.5874298231587005,4.553031028691375,0.007498489523190069,0.13284646062069436,0.23352941073361821,0.800000011920929,0.2919117590671986,0.972972972972973
optimal_radius_0p5x,ixi,IXI068-Guys-0756-MRA_IXI-Guys,972,6,2.6783252458195483,2.583732114450536,0.03531801506058964,0.16245938654163675,0.3035817132540359,0.800000011920929,0.3794771359128949,1.0
optimal_radius_0p5x,ixi,IXI068-Guys-0756-MRA_IXI-Guys,973,7,3.0213687165141043,2.9536644332293926,0.022408480936026008,0.15249477533016936,0.2719092434134545,0.800000011920929,0.33988654920211386,1.0
optimal_radius_0p5x,ixi,IXI068-Guys-0756-MRA_IXI-Guys,974,9,3.948224218394204,3.8797774385750605,0.017336092388132277,0.17331699489470379,0.2896582924455165,0.800000011920929,0.36207286016158957,1.0
optimal_radius_0p5x,ixi,IXI068-Guys-0756-MRA_IXI-Guys,975,2,0.5635802798956515,0.5635802798956515,0.0,0.0,0.0,0.6343749910593033,0.0,1.0
optimal_radius_0p5x,ixi,IXI068-Guys-0756-MRA_IXI-Guys,976,3,1.1571057898901183,1.156996449059958,9.449510244920211e-05,0.0026509822693364707,0.007952946808009412,0.4687499701976776,0.016966287602440927,1.0
optimal_radius_0p5x,ixi,IXI068-Guys-0756-MRA_IXI-Guys,977,5,2.522683361973712,2.47536893401703,0.018755595200685045,0.108692073870775,0.2217679057064435,0.9272144054283292,0.2391765102096286,1.0
optimal_radius_0p5x,ixi,IXI068-Guys-0756-MRA_IXI-Guys,978,5,3.233345951390588,3.194940111450838,0.01187804847273851,0.11038721243997678,0.22729446089244373,0.6629125652155398,0.3428724583287105,1.0
optimal_radius_0p5x,ixi,IXI068-Guys-0756-MRA_IXI-Guys,979,2,0.9047252778627053,0.9047252778627053,0.0,0.0,0.0,0.5658312677066086,0.0,1.0
optimal_radius_0p5x,ixi,IXI068-Guys-0756-MRA_IXI-Guys,980,6,2.6811020954848477,2.659666557439203,0.007995047291091097,0.07881930069382456,0.15287335890277387,0.5658312677066086,0.27017481646496927,1.0
optimal_radius_0p5x,ixi,IXI068-Guys-0756-MRA_IXI-Guys,981,10,4.358319409970012,4.31115713858836,0.010821205823915717,0.06826993302755077,0.1364381013988524,0.4687499701976776,0.29106796815648817,1.0
optimal_radius_0p5x,ixi,IXI068-Guys-0756-MRA_IXI-Guys,982,6,2.76032825500724,2.7078005480220266,0.019029514656428315,0.1225661406345356,0.23336155439413675,0.6629125652155398,0.3520246358858222,1.0
optimal_radius_0p5x,ixi,IXI068-Guys-0756-MRA_IXI-Guys,983,4,1.6581100313272525,1.6328785443649991,0.015217016051737284,0.05861801193518085,0.1186953632788456,0.7314562885682343,0.1622726677368268,1.0
optimal_radius_0p5x,ixi,IXI068-Guys-0756-MRA_IXI-Guys,984,5,2.0799673974660555,2.0184744581296177,0.029564376543282523,0.11138706268377167,0.22703592318767515,0.800000011920929,0.2837948997557204,1.0
optimal_radius_0p5x,ixi,IXI068-Guys-0756-MRA_IXI-Guys,985,2,0.7992353107132552,0.7992353107132552,0.0,0.0,0.0,0.5658312677066086,0.0,1.0
optimal_radius_0p5x,ixi,IXI068-Guys-0756-MRA_IXI-Guys,986,8,5.010013975202354,4.981846545049333,0.005622225864526415,0.12335524121986594,0.21082734628763744,0.4687499701976776,0.4497650340089173,1.0
optimal_radius_0p5x,ixi,IXI068-Guys-0756-MRA_IXI-Guys,987,7,4.35844735742722,4.327247840741469,0.007158401634147083,0.09690167671238628,0.16923768392022817,0.6629125652155398,0.255294125953401,1.0
optimal_radius_0p5x,ixi,IXI068-Guys-0756-MRA_IXI-Guys,988,5,3.457706490527179,3.4339804527357893,0.006861784786068438,0.08895980831533248,0.18013931601980904,0.4687499701976776,0.3842972319418859,1.0
optimal_radius_0p5x,ixi,IXI068-Guys-0756-MRA_IXI-Guys,989,3,1.0776884342191448,1.0754437637041667,0.002082856643631449,0.011580484385057198,0.034741453155171596,0.6629125652155398,0.052407293175798744,1.0
optimal_radius_0p5x,ixi,IXI068-Guys-0756-MRA_IXI-Guys,990,8,4.723390542963097,4.691405038117559,0.0067717256395809795,0.12988050498425519,0.2284749469587954,0.7314562885682343,0.31235625495272773,1.0
optimal_radius_0p5x,ixi,IXI068-Guys-0756-MRA_IXI-Guys,991,6,2.9599906759427017,2.841057207590335,0.040180352363606266,0.19464404262893023,0.3585466202232959,0.9272144054283292,0.3866922452069371,1.0
optimal_radius_0p5x,ixi,IXI068-Guys-0756-MRA_IXI-Guys,992,2,0.8934468999555072,0.8934468999555072,0.0,0.0,0.0,0.4687499701976776,0.0,1.0
optimal_radius_0p5x,ixi,IXI068-Guys-0756-MRA_IXI-Guys,993,4,1.8077856969353863,1.7815689994908972,0.01450210469577916,0.062181232654360825,0.12674488801578634,0.6343749910593033,0.19979490018063756,1.0
optimal_radius_0p5x,ixi,IXI068-Guys-0756-MRA_IXI-Guys,994,5,2.134026973504921,2.065984427401973,0.03188457641245039,0.1191263389389762,0.2496345508300608,2.130149968273797,0.11719106849193175,1.0
optimal_radius_0p5x,ixi,IXI068-Guys-0756-MRA_IXI-Guys,995,9,6.289362355897185,5.926187909805337,0.05774423948579133,0.47949186474386607,0.8206623339450363,2.0963135956260155,0.39147880148149516,1.0
optimal_radius_0p5x,ixi,IXI068-Guys-0756-MRA_IXI-Guys,996,7,4.371553588288392,4.318839398523581,0.012058456724866606,0.14851599366289006,0.27503581451904696,2.243775993783684,0.12257721594358156,1.0
optimal_radius_0p5x,ixi,IXI068-Guys-0756-MRA_IXI-Guys,997,9,4.06947617752643,3.646283541452797,0.10399191876603243,0.42319696693102427,0.7516851104592925,1.9127552768442606,0.3929855112983677,1.0
optimal_radius_0p5x,ixi,IXI068-Guys-0756-MRA_IXI-Guys,998,4,1.6598093805737335,1.633792628753762,0.0156745419832357,0.05863171141091121,0.1255788502220591,1.1316625354132173,0.11096846126147052,1.0
optimal_radius_0p5x,ixi,IXI068-Guys-0756-MRA_IXI-Guys,999,5,3.8256159972823864,3.825510553688521,2.7562513838326138e-05,0.0028403511035427808,0.0071008777588569515,1.2324391089683826,0.00576164591595991,1.0
optimal_radius_0p5x,ixi,IXI068-Guys-0756-MRA_IXI-Guys,1000,2,0.8504005123619407,0.8504005123619407,0.0,0.0,0.0,0.7314562885682343,0.0,1.0
optimal_radius_0p5x,ixi,IXI068-Guys-0756-MRA_IXI-Guys,1001,5,3.360790682701476,3.324154706294882,0.010900999159264802,0.11040420121458286,0.22780329700800858,0.6629125652155398,0.34364003484221256,1.0
optimal_radius_0p5x,ixi,IXI068-Guys-0756-MRA_IXI-Guys,1002,3,0.9591214219790838,0.9585959208307677,0.0005478984581865855,0.0052908600820955115,0.015872580246286534,0.4687499701976776,0.033861506678267886,1.0
optimal_radius_0p5x,ixi,IXI068-Guys-0756-MRA_IXI-Guys,1003,5,2.7759735420710863,2.730048245438282,0.01654385243115118,0.11185041806838639,0.21243456061420116,0.800000011920929,0.2655431968108495,0.9545454545454546
optimal_radius_0p5x,ixi,IXI068-Guys-0756-MRA_IXI-Guys,1004,4,1.8881584349010758,1.880632722276786,0.003985742131159714,0.0334537575078296,0.07315788527439396,0.7950634853219345,0.09201514926166067,1.0
optimal_radius_0p5x,ixi,IXI068-Guys-0756-MRA_IXI-Guys,1005,17,7.633625111406736,7.556638427759063,0.0100852062452783,0.20211662100781183,0.3153812848260359,0.800000011920929,0.39422660015811073,1.0
optimal_radius_0p5x,ixi,IXI068-Guys-0756-MRA_IXI-Guys,1006,6,2.573559870505416,2.517694347202043,0.021707489281141766,0.12406234921400634,0.23054895341042989,0.800000011920929,0.28818618746872854,1.0
optimal_radius_0p5x,ixi,IXI068-Guys-0756-MRA_IXI-Guys,1007,2,0.4687499701976776,0.4687499701976776,0.0,0.0,0.0,0.5658312677066086,0.0,1.0
optimal_radius_0p5x,ixi,IXI068-Guys-0756-MRA_IXI-Guys,1008,2,1.0389673181549715,1.0389673181549715,0.0,0.0,0.0,0.4687499701976776,0.0,1.0
optimal_radius_0p5x,ixi,IXI068-Guys-0756-MRA_IXI-Guys,1009,2,0.6350392323660472,0.6350392323660472,0.0,0.0,0.0,0.6979821878130035,0.0,1.0
optimal_radius_0p5x,ixi,IXI068-Guys-0756-MRA_IXI-Guys,1010,4,1.679789394588258,1.6452609551067634,0.020555219358292288,0.06915154022218149,0.14447867637007614,1.4498451615246464,0.09965110772114688,1.0
optimal_radius_0p5x,ixi,IXI068-Guys-0756-MRA_IXI-Guys,1011,3,1.1385889830810454,1.129525513985634,0.007960264177934967,0.023797983628115155,0.07139395088434547,0.4687499701976776,0.15230710490336194,1.0
optimal_radius_0p5x,ixi,IXI068-Guys-0756-MRA_IXI-Guys,1012,9,4.15315483029268,4.107500531146599,0.010992679303233143,0.08064060673246794,0.14228273252281295,0.6629125652155398,0.21463272833959796,0.9696969696969697
optimal_radius_0p5x,ixi,IXI068-Guys-0756-MRA_IXI-Guys,1013,7,3.150316931179287,3.1162655317618295,0.010808880554348173,0.10638717357302994,0.19337798498544514,0.800000011920929,0.24172247762986082,1.0
optimal_radius_0p5x,ixi,IXI068-Guys-0756-MRA_IXI-Guys,1014,4,1.6338715371893708,1.5755543209025138,0.03569265695586806,0.0870800943569065,0.18216421909276273,0.6629125652155398,0.2747937339723433,1.0
optimal_radius_0p5x,ixi,IXI068-Guys-0756-MRA_IXI-Guys,1015,2,1.0389673181549715,1.0389673181549715,0.0,0.0,0.0,0.6343749910593033,0.0,1.0
optimal_radius_0p5x,ixi,IXI068-Guys-0756-MRA_IXI-Guys,1016,2,0.6011794542351219,0.6011794542351219,0.0,0.0,0.0,0.800000011920929,0.0,1.0
optimal_radius_0p5x,ixi,IXI068-Guys-0756-MRA_IXI-Guys,1017,5,2.244252183080754,2.1841677362015384,0.026772591481557962,0.1109855512416547,0.2196885175399897,0.800000011920929,0.27461064283296965,1.0
optimal_radius_0p5x,ixi,IXI068-Guys-0756-MRA_IXI-Guys,1018,8,3.5965894502395903,3.524122051347544,0.020148921608836568,0.17567456420628463,0.2926764466927777,0.800000011920929,0.3658455529144486,1.0
optimal_radius_0p5x,ixi,IXI068-Guys-0756-MRA_IXI-Guys,1019,5,2.336379520460951,2.301097785240703,0.015101029139857936,0.08996825310742536,0.1830066455200976,0.800000011920929,0.22875830349135765,1.0
optimal_radius_0p5x,ixi,IXI068-Guys-0756-MRA_IXI-Guys,1020,5,2.393576141605487,2.324904212327167,0.02869009599680343,0.12526905615360667,0.2572165656240122,0.9272144054283292,0.2774078617827236,1.0
optimal_radius_0p5x,ixi,IXI068-Guys-0756-MRA_IXI-Guys,1021,3,1.270379435926186,1.27016340740249,0.00017005039406873542,0.003904018894421667,0.011712056683265,1.2324391089683826,0.009503152405694605,1.0
optimal_radius_0p5x,ixi,IXI068-Guys-0756-MRA_IXI-Guys,1022,10,6.078932744797528,6.009976054226291,0.011343552144124506,0.2202144568316847,0.373291543211943,1.2755056630658723,0.29266161179926076,1.0
optimal_radius_0p5x,ixi,IXI068-Guys-0756-MRA_IXI-Guys,1023,12,5.889218369247404,5.777732851103775,0.018930443932218374,0.27301852354844836,0.397781325006034,0.9272144054283292,0.429006843160809,1.0
optimal_radius_0p5x,ixi,IXI068-Guys-0756-MRA_IXI-Guys,1024,13,5.71415540514822,5.638818463399419,0.013184265461335772,0.21845307263149982,0.350231212514779,0.9272144054283292,0.37772408459614987,1.0
optimal_radius_0p5x,ixi,IXI068-Guys-0756-MRA_IXI-Guys,1025,5,2.0266818520879615,1.8978027378499713,0.06359119173303604,0.1596484160655062,0.33141668105398286,0.800000011920929,0.41427084514436197,1.0
optimal_radius_0p5x,ixi,IXI068-Guys-0756-MRA_IXI-Guys,1026,5,1.8995389739986068,1.8861118221512325,0.007068637196271686,0.04532574566399589,0.09354719418208286,1.3185722171633623,0.07094582531348223,1.0
optimal_radius_0p5x,ixi,IXI068-Guys-0756-MRA_IXI-Guys,1027,6,3.787201900004339,3.690331176643941,0.025578441793738874,0.18651625414516615,0.3497513811629265,1.2324391089683826,0.2837879604905488,1.0
optimal_radius_0p5x,ixi,IXI068-Guys-0756-MRA_IXI-Guys,1028,10,5.103674472330639,5.053255216401652,0.009879010936597352,0.11044925890199456,0.21938602873861604,1.600000023841858,0.13711626591844345,1.0
optimal_radius_0p5x,ixi,IXI068-Guys-0756-MRA_IXI-Guys,1029,3,1.0264412777477965,1.02347271873496,0.00289208849760029,0.01299900087286808,0.03899700261860424,0.4687499701976776,0.08319361087566304,1.0
optimal_radius_0p5x,ixi,IXI068-Guys-0756-MRA_IXI-Guys,1030,4,1.893256017415966,1.8821462755287535,0.005868061046691327,0.040321595257034375,0.089534887408985,0.5658312677066086,0.15823601932053372,1.0
optimal_radius_0p5x,ixi,IXI068-Guys-0756-MRA_IXI-Guys,1031,5,2.245564123129245,2.2040522225668764,0.018486179100742288,0.09502979375799105,0.19338603251426972,0.6629125652155398,0.2917217784993894,1.0
optimal_radius_0p5x,ixi,IXI068-Guys-0756-MRA_IXI-Guys,1032,8,3.5980887209722106,3.5699908663984767,0.007809105542606443,0.0929507991874875,0.18999548655562198,0.6629125652155398,0.28660715835707046,1.0
optimal_radius_0p5x,ixi,IXI068-Guys-0756-MRA_IXI-Guys,1033,3,1.5486350469713388,1.5484870989311068,9.553447761713441e-05,0.00356752824284442,0.010702584728533259,0.4687499701976776,0.022832182205835338,1.0
optimal_radius_0p5x,ixi,IXI068-Guys-0756-MRA_IXI-Guys,1034,4,1.2934517847740397,1.2816014719892308,0.009161773886205628,0.03565681593575938,0.07132816218980283,0.6979821878130035,0.10219195193690582,1.0
optimal_radius_0p5x,ixi,IXI068-Guys-0756-MRA_IXI-Guys,1035,3,1.0899371137778358,0.9916263052803672,0.09019860618995991,0.07446857101999908,0.22340571305999724,0.4687499701976776,0.47659888482933516,1.0
optimal_radius_0p5x,ixi,IXI068-Guys-0756-MRA_IXI-Guys,1036,4,1.5014341413590326,1.4743183071548793,0.01805995578308166,0.05644956416883411,0.11309599773517376,0.7031249552965164,0.1608476514497765,1.0
optimal_radius_0p5x,ixi,IXI068-Guys-0756-MRA_IXI-Guys,1037,2,0.5650041836306544,0.5650041836306544,0.0,0.0,0.0,0.4687499701976776,0.0,1.0
optimal_radius_0p5x,ixi,IXI068-Guys-0756-MRA_IXI-Guys,1038,2,0.40236454950018086,0.40236454950018086,0.0,0.0,0.0,0.9876856016206685,0.0,1.0
optimal_radius_0p5x,ixi,IXI068-Guys-0756-MRA_IXI-Guys,1039,4,1.2923653704760527,1.1899090006737723,0.07927817639104634,0.09775828684477225,0.20631715966295264,0.9272144054283292,0.22251289287038617,1.0
optimal_radius_0p5x,ixi,IXI068-Guys-0756-MRA_IXI-Guys,1040,3,0.9699836278098879,0.9550107669564678,0.015436199564756671,0.02829152456075115,0.08487457368225344,0.9272144054283292,0.09153716032166843,1.0
optimal_radius_0p5x,ixi,IXI068-Guys-0756-MRA_IXI-Guys,1041,5,2.6910634567573704,2.6721469723043083,0.00702937138310952,0.05806050329552844,0.1222052587109817,0.9374999403953552,0.13035228424595552,1.0
optimal_radius_0p5x,ixi,IXI068-Guys-0756-MRA_IXI-Guys,1042,3,1.2683404364358721,1.2659131042558396,0.0019137860075277003,0.013071879716310889,0.03921563914893267,0.4687499701976776,0.08366003550335151,1.0
optimal_radius_0p5x,ixi,IXI068-Guys-0756-MRA_IXI-Guys,1043,3,0.6197274867581916,0.5923347346549653,0.04420128635332657,0.029936536267348945,0.08980960880204683,0.9272144054283292,0.09685959177970174,1.0
optimal_radius_0p5x,ixi,IXI068-Guys-0756-MRA_IXI-Guys,1044,4,1.0449730825480916,0.9860903102706462,0.056348601950457926,0.0676078563388085,0.1410649391579441,0.6979821878130035,0.2021039241702495,1.0
optimal_radius_0p5x,ixi,IXI068-Guys-0756-MRA_IXI-Guys,1045,3,1.039296357232276,1.0389673181549715,0.0003165979318745837,0.004357609447427067,0.013072828342281202,0.9272144054283292,0.014099034986672983,1.0
optimal_radius_0p5x,ixi,IXI068-Guys-0756-MRA_IXI-Guys,1046,3,1.0978288565079777,1.0917895223061658,0.005501161830471543,0.019132074130125156,0.057396222390375465,0.4687499701976776,0.12244528221766238,1.0
optimal_radius_0p5x,ixi,IXI068-Guys-0756-MRA_IXI-Guys,1047,3,0.9587060482200378,0.9517003880828055,0.007307412058408485,0.01928072752642877,0.05784218257928631,0.4687499701976776,0.12339666401449274,1.0
optimal_radius_0p5x,ixi,IXI068-Guys-0756-MRA_IXI-Guys,1048,3,1.0027529775790964,1.0012503752466095,0.0014984770587413855,0.009143839043348726,0.02743151713004618,0.4687499701976776,0.05852057359806972,1.0
optimal_radius_0p5x,ixi,IXI068-Guys-0756-MRA_IXI-Guys,1049,3,1.2325858479670042,1.2324391089683826,0.00011904971881969683,0.0031695276313690925,0.009508582894107278,0.9272144054283292,0.010254999101005944,1.0
optimal_radius_0p5x,ixi,IXI068-Guys-0756-MRA_IXI-Guys,1050,7,4.918961850396368,4.898957739699175,0.004066734263365136,0.08026393974961053,0.14361394147973175,0.4687499701976776,0.3063764279689831,1.0
optimal_radius_0p5x,ixi,IXI068-Guys-0756-MRA_IXI-Guys,1051,4,1.7729544579399241,1.7247510694740091,0.027188170711347364,0.08351112165866642,0.17497550660438202,0.5658312677066086,0.3092361921135635,1.0
optimal_radius_0p5x,ixi,IXI068-Guys-0756-MRA_IXI-Guys,1052,10,5.179520912217663,5.149855959097454,0.005727354638193274,0.07690092206910625,0.14659725981582922,0.6629125652155398,0.2211411693006068,1.0
optimal_radius_0p5x,ixi,IXI068-Guys-0756-MRA_IXI-Guys,1053,7,3.576421796533961,3.5209102061551474,0.015521544587557251,0.14888209874663622,0.2651117063955146,0.6629125652155398,0.3999195675365062,1.0
optimal_radius_0p5x,ixi,IXI068-Guys-0756-MRA_IXI-Guys,1054,4,2.14361346601963,2.1436132209797814,1.1431158310050547e-07,0.00012080081523557659,0.00024160163047115318,0.5658312677066086,0.0004269852944861064,1.0
optimal_radius_0p5x,ixi,IXI068-Guys-0756-MRA_IXI-Guys,1055,6,3.309201316940918,3.1671283919893347,0.042932693222459406,0.22439408217508702,0.42629849120870694,1.6758348097740638,0.2543797805859997,1.0
optimal_radius_0p5x,ixi,IXI068-Guys-0756-MRA_IXI-Guys,1056,3,1.4773130586367107,1.4763045724847348,0.0006826489118742069,0.009089971418295808,0.027269914254887423,0.6629125652155398,0.041136517371670074,1.0
optimal_radius_0p5x,ixi,IXI068-Guys-0756-MRA_IXI-Guys,1057,7,4.528992515323123,4.481462125089107,0.010494693924356297,0.1555271702373903,0.293361247450952,0.6629125652155398,0.4425338466100252,1.0
optimal_radius_0p5x,ixi,IXI068-Guys-0756-MRA_IXI-Guys,1058,6,2.696838754635947,2.6623744991592035,0.01277950171010354,0.10092931343994589,0.19288454943034325,0.4687499701976776,0.41148706494637527,1.0
optimal_radius_0p5x,ixi,IXI068-Guys-0756-MRA_IXI-Guys,1059,3,1.3187331847027601,1.3185722171633623,0.00012206224979024345,0.003433572876954384,0.010300718630863152,0.9272144054283292,0.011109316864101897,1.0
optimal_radius_0p5x,ixi,IXI068-Guys-0756-MRA_IXI-Guys,1060,2,0.5823482517775256,0.5823482517775256,0.0,0.0,0.0,0.9272144054283292,0.0,1.0
optimal_radius_0p5x,ixi,IXI068-Guys-0756-MRA_IXI-Guys,1061,7,3.9912471494512682,3.932448634983816,0.014731865070178865,0.1615657278884469,0.2906358754397791,0.9272144054283292,0.3134505608824305,1.0
optimal_radius_0p5x,ixi,IXI068-Guys-0756-MRA_IXI-Guys,1062,12,6.738370746197741,6.675574551208839,0.009319195596997388,0.14864051887473465,0.32166005611330584,0.9272144054283292,0.34691011510408326,1.0
optimal_radius_0p5x,ixi,IXI068-Guys-0756-MRA_IXI-Guys,1063,2,0.6555521814597521,0.6555521814597521,0.0,0.0,0.0,1.4040713446958946,0.0,1.0
optimal_radius_0p5x,ixi,IXI068-Guys-0756-MRA_IXI-Guys,1064,12,5.683512061945272,5.53431321626915,0.02625117076377885,0.32342022338550463,0.518764989956045,1.4823175589607096,0.349968862488389,1.0
optimal_radius_0p5x,ixi,IXI068-Guys-0756-MRA_IXI-Guys,1065,14,7.094360114492235,6.945030023023292,0.021049127625181387,0.3668692359598542,0.6290814814804637,1.366037520512056,0.460515521743981,1.0
optimal_radius_0p5x,ixi,IXI068-Guys-0756-MRA_IXI-Guys,1066,6,2.5377085359929117,2.5123886094490544,0.009977476209241078,0.08341200170810031,0.15991801239491632,0.7314562885682343,0.21862962270505967,1.0
optimal_radius_0p5x,ixi,IXI068-Guys-0756-MRA_IXI-Guys,1067,7,2.884349566989547,2.8481253585741944,0.012558882886432074,0.07405818809766498,0.1757599780246693,0.800000011920929,0.21969996925705199,1.0
optimal_radius_0p5x,ixi,IXI068-Guys-0756-MRA_IXI-Guys,1068,5,2.495583431746097,2.466267588889414,0.011747089872355634,0.08189483267488484,0.16561260563819985,0.6629125652155398,0.2498257150765463,1.0
optimal_radius_0p5x,ixi,IXI068-Guys-0756-MRA_IXI-Guys,1069,2,0.9272144054283292,0.9272144054283292,0.0,0.0,0.0,0.5658312677066086,0.0,1.0
optimal_radius_0p5x,ixi,IXI068-Guys-0756-MRA_IXI-Guys,1070,2,0.9272144054283292,0.9272144054283292,0.0,0.0,0.0,0.4687499701976776,0.0,1.0
optimal_radius_0p5x,ixi,IXI068-Guys-0756-MRA_IXI-Guys,1071,2,1.0389673181549701,1.0389673181549701,0.0,0.0,0.0,0.5658312677066086,0.0,1.0
optimal_radius_0p5x,ixi,IXI068-Guys-0756-MRA_IXI-Guys,1072,3,1.1841645616176142,1.180338658272405,0.003230888230587596,0.015822223392327906,0.047466670176983715,0.4687499701976776,0.10126223614897818,1.0
optimal_radius_0p5x,ixi,IXI068-Guys-0756-MRA_IXI-Guys,1073,10,4.289098226691427,4.26160411944513,0.006410230261269841,0.09043818258108827,0.1590177213201389,0.4687499701976776,0.33923782705112315,1.0
optimal_radius_0p5x,ixi,IXI068-Guys-0756-MRA_IXI-Guys,1074,4,1.9415116441005478,1.934466697853399,0.0036285882026797877,0.033444551325935656,0.0683587817715235,0.6629125652155398,0.10311885059728396,1.0
optimal_radius_0p5x,ixi,IXI068-Guys-0756-MRA_IXI-Guys,1075,6,2.7119633120453615,2.641313340040848,0.026051227054111253,0.14390433534459035,0.27341228272790047,0.800000011920929,0.34176534831717503,1.0
optimal_radius_0p5x,ixi,IXI068-Guys-0756-MRA_IXI-Guys,1076,5,2.2693935703871406,2.23065374596906,0.017070562340348854,0.09154742928463841,0.18576842709656982,0.800000011920929,0.23221053041050574,1.0
optimal_radius_0p5x,ixi,IXI068-Guys-0756-MRA_IXI-Guys,1077,6,2.549752378067939,2.470922295511944,0.030916760087788583,0.1471383707998509,0.2749351010504607,0.800000011920929,0.3436688711920106,1.0
optimal_radius_0p5x,ixi,IXI068-Guys-0756-MRA_IXI-Guys,1078,5,2.2780292015055292,2.2102816856548575,0.029739529153488466,0.12066805994095242,0.24760055750740942,0.6629125652155398,0.3735040946567432,1.0
optimal_radius_0p5x,ixi,IXI068-Guys-0756-MRA_IXI-Guys,1079,4,1.5623756179575015,1.556458824449934,0.0037870493110373207,0.027250412297535533,0.056682113310984134,0.7314562885682343,0.07749214026436867,1.0
optimal_radius_0p5x,ixi,IXI068-Guys-0756-MRA_IXI-Guys,1080,4,1.4823670808335079,1.4406052388694601,0.02817240243932416,0.07105780306393346,0.1463512581113754,0.5658312677066086,0.25864823395949293,1.0
optimal_radius_0p5x,ixi,IXI068-Guys-0756-MRA_IXI-Guys,1081,5,1.8222456935331717,1.7673823229477508,0.030107559469132687,0.09743642325346438,0.1973958887423716,0.4687499701976776,0.421111256090592,1.0
optimal_radius_0p5x,ixi,IXI068-Guys-0756-MRA_IXI-Guys,1082,3,1.1772466377449766,1.1727185439088672,0.00384634255127966,0.017156333956296812,0.05146900186889043,0.4687499701976776,0.1098005443012302,1.0
optimal_radius_0p5x,ixi,IXI068-Guys-0756-MRA_IXI-Guys,1083,8,3.332605896974858,3.303477384213714,0.008740461267137812,0.07413643595005454,0.1285506416283842,0.4687499701976776,0.2742413862430174,1.0
optimal_radius_0p5x,ixi,IXI068-Guys-0756-MRA_IXI-Guys,1084,2,0.6629125652155398,0.6629125652155398,0.0,0.0,0.0,0.4687499701976776,0.0,1.0
optimal_radius_0p5x,ixi,IXI068-Guys-0756-MRA_IXI-Guys,1085,4,2.388362811012273,2.3818339416179435,0.002733617088754853,0.0349678053302728,0.07752526137503447,0.9374999403953552,0.08269361739088871,1.0
optimal_radius_0p5x,ixi,IXI068-Guys-0756-MRA_IXI-Guys,1086,4,2.0080984099011303,1.9855133442210051,0.01124699146653733,0.0607918462989669,0.12804942038180112,0.6979821878130035,0.18345657327305157,1.0
optimal_radius_0p5x,ixi,IXI068-Guys-0756-MRA_IXI-Guys,1087,5,2.198474526626227,2.153488870962169,0.020462213739220837,0.09898917511028342,0.20066758285006792,0.800000011920929,0.25083447482485993,1.0
optimal_radius_0p5x,ixi,IXI068-Guys-0756-MRA_IXI-Guys,1088,5,2.0269939671974395,1.9754763487434939,0.02541577295623375,0.10157290989058851,0.20446274026593525,0.6629125652155398,0.3084309319125006,1.0
optimal_radius_0p5x,ixi,IXI068-Guys-0756-MRA_IXI-Guys,1089,4,1.8159747067441931,1.7943206349804108,0.011924214408583505,0.05651051461069596,0.11665026436312778,0.6629125652155398,0.17596628949882712,1.0
optimal_radius_0p5x,ixi,IXI068-Guys-0756-MRA_IXI-Guys,1090,7,3.7223878068882557,3.6418929526846373,0.021624521242698872,0.17101960173459146,0.3138072710297423,0.800000011920929,0.3922590829420621,1.0
optimal_radius_0p5x,ixi,IXI068-Guys-0756-MRA_IXI-Guys,1091,5,2.080902236248971,2.0654987097749284,0.0074023306841214205,0.05513314752024421,0.11535174982431459,1.3258251304310795,0.08700374368888984,1.0
optimal_radius_0p5x,ixi,IXI068-Guys-0756-MRA_IXI-Guys,1092,9,4.144051898581081,4.06416938909447,0.019276425933266516,0.1896267111071645,0.3188543978090808,1.3185722171633623,0.2418179252214419,1.0
optimal_radius_0p5x,ixi,IXI068-Guys-0756-MRA_IXI-Guys,1093,5,2.2056125607316264,2.057837516693788,0.06699954773054967,0.17737592067579425,0.3683709004892517,1.0389673181549715,0.35455484888919847,1.0
optimal_radius_0p5x,ixi,IXI068-Guys-0756-MRA_IXI-Guys,1094,3,1.313566359572894,1.3128655532027458,0.0005335142492351888,0.007146675127178362,0.021440025381535086,0.800000011920929,0.02680003132756727,1.0
optimal_radius_0p5x,ixi,IXI068-Guys-0756-MRA_IXI-Guys,1095,5,2.0093061213028687,1.9407202480106365,0.03413410856866347,0.11428864773102829,0.22973326520239487,0.6629125652155398,0.3465513813691241,1.0
optimal_radius_0p5x,ixi,IXI068-Guys-0756-MRA_IXI-Guys,1096,4,1.5876256749217714,1.55491770844686,0.02060181249999193,0.06511885864445088,0.13384880132526047,0.6629125652155398,0.20191018898810706,1.0
optimal_radius_0p5x,ixi,IXI068-Guys-0756-MRA_IXI-Guys,1097,6,3.580050407643672,3.5313750015205057,0.013596290716812497,0.12716988136278798,0.23985794270736796,0.8636072086746291,0.27773962548955095,1.0
optimal_radius_0p5x,ixi,IXI068-Guys-0756-MRA_IXI-Guys,1098,5,2.552200147947618,2.505619544429657,0.018251156185936025,0.1025302297769245,0.20495119092227895,0.800000011920929,0.2561889848353353,1.0
optimal_radius_0p5x,ixi,IXI068-Guys-0756-MRA_IXI-Guys,1099,4,2.232070445818561,2.2096908550073264,0.010026381942003323,0.06185628760483744,0.1333658963449168,0.5658312677066086,0.23569905722154058,1.0
optimal_radius_0p5x,ixi,IXI068-Guys-0756-MRA_IXI-Guys,1100,8,5.410541371941301,5.377430217381095,0.006119748890918475,0.12927624379331243,0.2507360938182976,0.800000011920929,0.3134201126025484,1.0
optimal_radius_0p5x,ixi,IXI068-Guys-0756-MRA_IXI-Guys,1101,5,2.806478582160719,2.7697019920929837,0.013104176280376535,0.10112299582289815,0.20942632271014164,1.2324391089683826,0.16992833251246195,1.0
optimal_radius_0p5x,ixi,IXI068-Guys-0756-MRA_IXI-Guys,1102,3,1.1678982389573493,1.1672237201930085,0.0005775492605786128,0.006614547491258622,0.019843642473775864,0.9374999403953552,0.021166553317760805,1.0
optimal_radius_0p5x,ixi,IXI068-Guys-0756-MRA_IXI-Guys,1103,7,3.368856158829918,3.3113688709234985,0.01706433436041577,0.14672526976743402,0.2694788303721198,0.800000011920929,0.33684853294571543,1.0
optimal_radius_0p5x,ixi,IXI068-Guys-0756-MRA_IXI-Guys,1104,2,0.7111937932510559,0.7111937932510559,0.0,0.0,0.0,0.9323571729118423,0.0,1.0
optimal_radius_0p5x,ixi,IXI068-Guys-0756-MRA_IXI-Guys,1105,6,2.855638253350852,2.752739076864621,0.03603368751818887,0.17024896528301092,0.31148536505840474,1.1357032135616771,0.27426651728980844,1.0
optimal_radius_0p5x,ixi,IXI068-Guys-0756-MRA_IXI-Guys,1106,3,1.040274543283346,1.0374321612164306,0.0027323383863112113,0.012806085592297753,0.038418256776893256,0.800000011920929,0.048022820255520786,1.0
optimal_radius_0p5x,ixi,IXI068-Guys-0756-MRA_IXI-Guys,1107,5,2.546480585396505,2.4545341007666117,0.03610727886840593,0.15023731816096805,0.302384221086736,0.9272144054283292,0.3261211423339015,1.0
optimal_radius_0p5x,ixi,IXI068-Guys-0756-MRA_IXI-Guys,1108,6,4.094525332335771,4.037998862201225,0.013805378046666048,0.15776620921234089,0.2889858309602503,0.9374999403953552,0.3082515726223742,1.0
optimal_radius_0p5x,ixi,IXI068-Guys-0756-MRA_IXI-Guys,1109,7,4.352938201364355,4.318852791451824,0.007830437358804707,0.12925322447238016,0.22334722263324452,0.9272144054283292,0.24087980226112715,1.0
optimal_radius_0p5x,ixi,IXI068-Guys-0756-MRA_IXI-Guys,1110,10,4.829688759777806,4.778837602539366,0.010528868373865826,0.11921052248256536,0.2025497067860333,0.7314562885682343,0.2769129337619172,1.0
optimal_radius_0p5x,ixi,IXI068-Guys-0756-MRA_IXI-Guys,1111,9,4.35209351905274,4.257334319802749,0.021773245183071423,0.19024242544993664,0.3304922346229681,0.800000011920929,0.41311528712281265,1.0
optimal_radius_0p5x,ixi,IXI068-Guys-0756-MRA_IXI-Guys,1112,2,0.6123175993018304,0.6123175993018304,0.0,0.0,0.0,0.5658312677066086,0.0,1.0
optimal_radius_0p5x,ixi,IXI068-Guys-0756-MRA_IXI-Guys,1113,3,1.0635836140347104,1.0463033041110812,0.016247250987702053,0.031797936530822614,0.09539380959246783,0.800000011920929,0.11924226021373666,1.0
optimal_radius_0p5x,ixi,IXI068-Guys-0756-MRA_IXI-Guys,1114,3,1.1176276825969667,1.1074413647824475,0.009114231844051874,0.025058301718605795,0.07517490515581739,0.800000011920929,0.09396863004453003,1.0
optimal_radius_0p5x,ixi,IXI068-Guys-0756-MRA_IXI-Guys,1115,5,2.89169076889171,2.8536471139669,0.013156197520867998,0.10202234483830012,0.20611181957337948,0.6629125652155398,0.31091855908081056,1.0
optimal_radius_0p5x,ixi,IXI068-Guys-0756-MRA_IXI-Guys,1116,7,3.480978021978118,3.417072407826969,0.018358522733456784,0.15808302097844207,0.28172947473980775,0.800000011920929,0.35216183817713936,1.0
optimal_radius_0p5x,ixi,IXI068-Guys-0756-MRA_IXI-Guys,1117,2,0.9272144054283292,0.9272144054283292,0.0,0.0,0.0,0.5658312677066086,0.0,1.0
optimal_radius_0p5x,ixi,IXI068-Guys-0756-MRA_IXI-Guys,1118,2,0.8046773224802959,0.8046773224802959,0.0,0.0,0.0,0.5658312677066086,0.0,1.0
optimal_radius_0p5x,ixi,IXI068-Guys-0756-MRA_IXI-Guys,1119,5,3.3814852871866323,3.330709033825096,0.01501596164086272,0.1299135443370944,0.26260312243323947,0.6629125652155398,0.39613538226999295,1.0
optimal_radius_0p5x,ixi,IXI068-Guys-0756-MRA_IXI-Guys,1120,8,5.413470918989951,5.398533184346937,0.0027593636072955623,0.06696757216759502,0.14695059127075197,0.6629125652155398,0.22167416787909636,0.975
optimal_radius_0p5x,ixi,IXI068-Guys-0756-MRA_IXI-Guys,1121,2,0.5560144432589743,0.5560144432589743,0.0,0.0,0.0,1.1787697676591669,0.0,1.0
optimal_radius_0p5x,ixi,IXI068-Guys-0756-MRA_IXI-Guys,1122,10,4.5021742250096395,4.434654927912992,0.014997042256067522,0.1792159354628828,0.31999403583970354,0.800000011920929,0.3999925388392761,1.0
optimal_radius_0p5x,ixi,IXI068-Guys-0756-MRA_IXI-Guys,1123,4,2.154449833456695,2.1436132209797814,0.005029874591940131,0.044031897153683955,0.08818459512260395,1.366037520512056,0.06455503146761894,1.0
optimal_radius_0p5x,ixi,IXI068-Guys-0756-MRA_IXI-Guys,1124,7,3.590640333192882,3.5259772020414477,0.018008802094063844,0.15560371751907506,0.29306672241291404,0.9272144054283292,0.3160722274127429,1.0
optimal_radius_0p5x,ixi,IXI068-Guys-0756-MRA_IXI-Guys,1125,7,3.337729581226873,3.267144668854613,0.02114758270689932,0.16501817644954261,0.2870711181620199,0.800000011920929,0.3588388923554087,1.0
optimal_radius_0p5x,ixi,IXI068-Guys-0756-MRA_IXI-Guys,1126,10,4.929651979216359,4.898110070130739,0.006398404840463806,0.12461570866238425,0.20087853135610143,0.800000011920929,0.2510981604534726,1.0
optimal_radius_0p5x,ixi,IXI068-Guys-0756-MRA_IXI-Guys,1127,10,6.166652596264353,6.11891300089411,0.007741573669832261,0.14121012755108686,0.23263087742474836,0.9272144054283292,0.2508922165820794,0.96
optimal_radius_0p5x,ixi,IXI068-Guys-0756-MRA_IXI-Guys,1128,7,3.646845254853622,3.6101114997948454,0.010072748496769209,0.10503647447749014,0.22439398604533178,0.800000011920929,0.2804924783770011,1.0
optimal_radius_0p5x,ixi,IXI068-Guys-0756-MRA_IXI-Guys,1129,6,3.325884678206409,3.258760646163991,0.02018230893039173,0.1537968691489526,0.28885211909119357,0.8636072086746291,0.3344716396410036,1.0
optimal_radius_0p5x,ixi,IXI068-Guys-0756-MRA_IXI-Guys,1130,11,5.482117925552137,5.431839432227365,0.009171362967298428,0.1766782689907225,0.2528814064851227,0.800000011920929,0.3161017533961202,1.0
optimal_radius_0p5x,ixi,IXI068-Guys-0756-MRA_IXI-Guys,1131,4,1.9646446592212476,1.957584682813767,0.003593513144651323,0.03268199203714016,0.07555019097511056,0.7314562885682343,0.10328736269804156,1.0
optimal_radius_0p5x,ixi,IXI068-Guys-0756-MRA_IXI-Guys,1132,2,0.6397961147550079,0.6397961147550079,0.0,0.0,0.0,0.5658312677066086,0.0,1.0
optimal_radius_0p5x,ixi,IXI068-Guys-0756-MRA_IXI-Guys,1133,2,0.678949560969642,0.678949560969642,0.0,0.0,0.0,0.4687499701976776,0.0,1.0
optimal_radius_0p5x,ixi,IXI068-Guys-0756-MRA_IXI-Guys,1134,6,4.219288551767776,4.198523413151197,0.0049214786715356075,0.07176466120612489,0.13859339866619802,0.9272144054283292,0.14947287041142812,1.0
optimal_radius_0p5x,ixi,IXI068-Guys-0756-MRA_IXI-Guys,1135,6,3.0211014446912308,2.9451709286978,0.025133388396095756,0.15588644126932308,0.28840672658946187,0.800000011920929,0.3605084028648335,1.0
optimal_radius_0p5x,ixi,IXI068-Guys-0756-MRA_IXI-Guys,1136,2,0.5024153575095691,0.5024153575095691,0.0,0.0,0.0,0.800000011920929,0.0,1.0
optimal_radius_0p5x,ixi,IXI068-Guys-0756-MRA_IXI-Guys,1137,6,2.73929972110591,2.596881848587437,0.051990613302065426,0.1950723371595168,0.37562958477677005,0.9272144054283292,0.40511620891313366,1.0
optimal_radius_0p5x,ixi,IXI068-Guys-0756-MRA_IXI-Guys,1138,4,1.5843063067704717,1.5316502708560977,0.033236019884128734,0.0821346214990743,0.1771481543759409,0.800000011920929,0.22143518967028467,1.0
optimal_radius_0p5x,ixi,IXI068-Guys-0756-MRA_IXI-Guys,1139,3,1.1491968018222638,1.127203082170435,0.01913834046262017,0.03728284500523971,0.11184853501571915,0.4687499701976776,0.2386102232039636,1.0
optimal_radius_0p5x,ixi,IXI068-Guys-0756-MRA_IXI-Guys,1140,2,0.5492630105459151,0.5492630105459151,0.0,0.0,0.0,0.6343749910593033,0.0,1.0
optimal_radius_0p5x,ixi,IXI068-Guys-0756-MRA_IXI-Guys,1141,3,1.3188529488352225,1.3185722171633623,0.0002128604800923433,0.004534946235452682,0.013604838706358048,0.6629125652155398,0.02052282521139807,1.0
optimal_radius_0p5x,ixi,IXI068-Guys-0756-MRA_IXI-Guys,1142,2,0.8919401475021114,0.8919401475021114,0.0,0.0,0.0,0.4687499701976776,0.0,1.0
optimal_radius_0p5x,ixi,IXI068-Guys-0756-MRA_IXI-Guys,1143,2,0.5035972830963245,0.5035972830963245,0.0,0.0,0.0,0.6343749910593033,0.0,1.0
optimal_radius_0p5x,ixi,IXI068-Guys-0756-MRA_IXI-Guys,1144,8,3.513145191860478,3.4357959922006316,0.022017080261600014,0.17725419972483167,0.30044088469225666,0.9876856016206685,0.30418676165701997,1.0
optimal_radius_0p5x,ixi,IXI068-Guys-0756-MRA_IXI-Guys,1145,2,1.0389673181549715,1.0389673181549715,0.0,0.0,0.0,0.4687499701976776,0.0,1.0
optimal_radius_0p5x,ixi,IXI068-Guys-0756-MRA_IXI-Guys,1146,2,0.9272144054283292,0.9272144054283292,0.0,0.0,0.0,0.6343749910593033,0.0,1.0
optimal_radius_0p5x,ixi,IXI068-Guys-0756-MRA_IXI-Guys,1147,4,1.4879423599203916,1.4823175589607096,0.0037802546060876486,0.026382067882869488,0.052836514552798725,0.800000011920929,0.06604564220684164,1.0
optimal_radius_0p5x,ixi,IXI068-Guys-0756-MRA_IXI-Guys,1148,4,1.687321371582188,1.6873141171714852,4.299365150584668e-06,0.000953779256583197,0.0022890702158008575,0.6629125652155398,0.0034530499735762107,1.0
optimal_radius_0p5x,ixi,IXI068-Guys-0756-MRA_IXI-Guys,1149,12,5.783831768105881,5.722211360694773,0.010653907285288786,0.11384047011251719,0.2106142468066756,0.4687499701976776,0.4493104217539619,1.0
optimal_radius_0p5x,ixi,IXI068-Guys-0756-MRA_IXI-Guys,1150,3,1.1921075071568914,1.188991116385888,0.00261418601283358,0.014352236169425277,0.04305670850827583,0.6629125652155398,0.06495081066124662,1.0
optimal_radius_0p5x,ixi,IXI068-Guys-0756-MRA_IXI-Guys,1151,3,1.1841391012553584,1.180296789892072,0.003244814193883965,0.015881071990626952,0.047643215971880856,0.4687499701976776,0.10163886720203764,1.0
optimal_radius_0p5x,ixi,IXI068-Guys-0756-MRA_IXI-Guys,1152,4,1.5545495257993753,1.550848866774339,0.00238053465883206,0.021075119104853553,0.04817170081109248,0.800000011920929,0.06021462511659777,1.0
optimal_radius_0p5x,ixi,IXI068-Guys-0756-MRA_IXI-Guys,1153,10,4.375786181020155,4.308740435993998,0.01532198838164589,0.18248569000667325,0.3079141961576309,0.800000011920929,0.38489273946168984,1.0
optimal_radius_0p5x,ixi,IXI068-Guys-0756-MRA_IXI-Guys,1154,5,2.2005167490639335,2.0808888925554165,0.05436352918440853,0.15685301508455357,0.3157358435620377,0.800000011920929,0.39466979857150886,1.0
optimal_radius_0p5x,ixi,IXI068-Guys-0756-MRA_IXI-Guys,1155,4,1.728298631067149,1.6539438471027317,0.043021953861357036,0.10126742370272868,0.20616844533226225,0.8636072086746291,0.23872941687074065,1.0
optimal_radius_0p5x,ixi,IXI068-Guys-0756-MRA_IXI-Guys,1156,15,7.657689826992437,7.588777901154054,0.00899904898151875,0.14096220912963556,0.28012168537963494,0.6629125652155398,0.4225620392163724,1.0
optimal_radius_0p5x,ixi,IXI068-Guys-0756-MRA_IXI-Guys,1157,4,1.6968525600047555,1.6844184054672173,0.007327775453574652,0.041766515657819886,0.0836705338349149,0.5658312677066086,0.14787188091256073,1.0
optimal_radius_0p5x,ixi,IXI068-Guys-0756-MRA_IXI-Guys,1158,3,1.9661817235833006,1.9127552768442606,0.027172690142634445,0.07574269609447974,0.22722808828343924,0.4687499701976776,0.48475328582445426,1.0
optimal_radius_0p5x,ixi,IXI068-Guys-0756-MRA_IXI-Guys,1159,2,0.800000011920929,0.800000011920929,0.0,0.0,0.0,0.4687499701976776,0.0,1.0
optimal_radius_0p5x,ixi,IXI068-Guys-0756-MRA_IXI-Guys,1160,2,0.5158627028232619,0.5158627028232619,0.0,0.0,0.0,0.8636072086746291,0.0,1.0
optimal_radius_0p5x,ixi,IXI068-Guys-0756-MRA_IXI-Guys,1161,6,3.1856891311540747,3.1284850538588342,0.01795657860518149,0.10731748521634644,0.19250818076357712,0.6629125652155398,0.29039754390684225,1.0
optimal_radius_0p5x,ixi,IXI068-Guys-0756-MRA_IXI-Guys,1162,4,2.0646359608758202,2.0496207039794245,0.007272592932085823,0.05025822985334595,0.10872837367358343,0.6629125652155398,0.1640161604694149,1.0
optimal_radius_0p5x,ixi,IXI068-Guys-0756-MRA_IXI-Guys,1163,5,2.2872161150916224,2.243775993783684,0.018992573994783234,0.09874275734562395,0.20437361267205237,0.800000011920929,0.25546701203331035,1.0
optimal_radius_0p5x,ixi,IXI068-Guys-0756-MRA_IXI-Guys,1164,4,1.3397184327500522,1.3258251304310795,0.010370315119464147,0.03932806478207426,0.07865612956414852,0.800000011920929,0.0983201604901011,1.0
optimal_radius_0p5x,ixi,IXI068-Guys-0756-MRA_IXI-Guys,1165,3,2.077934636309943,2.077934636309943,0.0,0.0,0.0,0.4687499701976776,0.0,1.0
optimal_radius_0p5x,ixi,IXI068-Guys-0756-MRA_IXI-Guys,1166,8,3.4394528242160702,3.412551293636061,0.00782145648011346,0.09551270295977908,0.1917799499850798,0.800000011920929,0.23972493390916988,1.0
optimal_radius_0p5x,ixi,IXI068-Guys-0756-MRA_IXI-Guys,1167,3,1.3187331847027601,1.3185722171633623,0.00012206224979024345,0.0034335728769566876,0.010300718630870063,0.4687499701976776,0.02197486780964727,1.0
optimal_radius_0p5x,ixi,IXI068-Guys-0756-MRA_IXI-Guys,1168,3,1.9262168370341564,1.9127552768442606,0.006988600624332018,0.037871348047241314,0.11361404414172394,0.4687499701976776,0.24237664291223635,1.0
optimal_radius_0p5x,ixi,IXI068-Guys-0756-MRA_IXI-Guys,1169,8,4.119856963545759,4.048544897093338,0.01730935493232424,0.18090623487021762,0.32125752955764686,0.9876856016206685,0.3252629470658511,1.0
optimal_radius_0p5x,ixi,IXI068-Guys-0756-MRA_IXI-Guys,1170,7,3.0933576765587967,2.981029963700479,0.036312552444073214,0.19315263227508672,0.36927612185648606,0.800000011920929,0.4615951454423039,1.0
optimal_radius_0p5x,ixi,IXI068-Guys-0756-MRA_IXI-Guys,1171,2,0.6052543826071347,0.6052543826071347,0.0,0.0,0.0,0.7950634853219345,0.0,1.0
optimal_radius_0p5x,ixi,IXI068-Guys-0756-MRA_IXI-Guys,1172,5,2.0993995604234956,2.0144776973687177,0.0404505481737108,0.13185457589619737,0.26888452728046275,0.800000011920929,0.3361056540922139,1.0
optimal_radius_0p5x,ixi,IXI068-Guys-0756-MRA_IXI-Guys,1173,2,0.4687499701976776,0.4687499701976776,0.0,0.0,0.0,0.5658312677066086,0.0,1.0
optimal_radius_0p5x,ixi,IXI068-Guys-0756-MRA_IXI-Guys,1174,2,1.0389673181549715,1.0389673181549715,0.0,0.0,0.0,0.4687499701976776,0.0,1.0
optimal_radius_0p5x,ixi,IXI068-Guys-0756-MRA_IXI-Guys,1175,3,1.1235428872850481,1.1211356624035451,0.0021425304799177628,0.012246460080174057,0.036739380240522174,0.6629125652155398,0.0554211553201993,1.0
optimal_radius_0p5x,ixi,IXI068-Guys-0756-MRA_IXI-Guys,1176,5,2.406858221335903,2.383006008016162,0.00991010318277171,0.07499618084254882,0.14981924554564405,0.6629125652155398,0.22600151725428788,1.0
optimal_radius_0p5x,ixi,IXI068-Guys-0756-MRA_IXI-Guys,1177,11,5.869039574671376,5.8297769413182365,0.0066897884830395,0.12961200187732885,0.2082673189404723,0.6629125652155398,0.31417011815541035,1.0
optimal_radius_0p5x,ixi,IXI068-Guys-0756-MRA_IXI-Guys,1178,4,2.0086721595913803,1.9844695839215776,0.01204904222634631,0.06271509069896906,0.1255324192497387,0.6629125652155398,0.18936497184801895,1.0
optimal_radius_0p5x,ixi,IXI068-Guys-0756-MRA_IXI-Guys,1179,2,0.5894235208599368,0.5894235208599368,0.0,0.0,0.0,0.5658312677066086,0.0,1.0
optimal_radius_0p5x,ixi,IXI068-Guys-0756-MRA_IXI-Guys,1180,3,1.0931846090069577,1.0734340768410446,0.018066968747258813,0.03447631170363143,0.1034289351108943,0.6629125652155398,0.15602198621361982,1.0
optimal_radius_0p5x,ixi,IXI068-Guys-0756-MRA_IXI-Guys,1181,4,1.509858141401138,1.4603860141642016,0.032766076414984725,0.0780569594396357,0.15758364526585356,0.7314562885682343,0.2154382260822593,1.0
optimal_radius_0p5x,ixi,IXI068-Guys-0756-MRA_IXI-Guys,1182,15,7.661678200774427,7.618683776691485,0.005611619668207367,0.09106774631313815,0.19303119994602885,0.6629125652155398,0.2911865154996219,1.0
optimal_radius_0p5x,ixi,IXI068-Guys-0756-MRA_IXI-Guys,1183,4,2.0259485782571076,2.019457892864836,0.0032037759802647846,0.032199463239785196,0.06979339971548418,0.800000011920929,0.08724174834435187,1.0
optimal_radius_0p5x,ixi,IXI068-Guys-0756-MRA_IXI-Guys,1184,6,2.671075996920704,2.6288428600911655,0.01581128237392944,0.10965122903586379,0.19604063227577936,0.800000011920929,0.24505078669318292,1.0
optimal_radius_0p5x,ixi,IXI068-Guys-0756-MRA_IXI-Guys,1185,4,1.979629372790406,1.948319872053739,0.015815839655144357,0.0709624956290964,0.14641959477807293,0.6343749910593033,0.23080921669622562,1.0
optimal_radius_0p5x,ixi,IXI068-Guys-0756-MRA_IXI-Guys,1186,4,2.10876637094194,2.085049579484592,0.011246761037238174,0.06355471146781658,0.13661116567577775,0.4687499701976776,0.2914371719707356,1.0
optimal_radius_0p5x,ixi,IXI068-Guys-0756-MRA_IXI-Guys,1187,3,1.5969621047707627,1.5965322075342787,0.0002691968927751867,0.006174700410903038,0.018524101232709114,0.4687499701976776,0.03951808514227163,1.0
optimal_radius_0p5x,ixi,IXI068-Guys-0756-MRA_IXI-Guys,1188,2,0.6971419483675896,0.6971419483675896,0.0,0.0,0.0,0.4687499701976776,0.0,1.0
optimal_radius_0p5x,ixi,IXI068-Guys-0756-MRA_IXI-Guys,1189,5,2.880596454802258,2.860012360572208,0.007145775034102422,0.0755624179774095,0.1518060453579383,0.6629125652155398,0.22899859396778818,1.0
optimal_radius_0p5x,ixi,IXI068-Guys-0756-MRA_IXI-Guys,1190,6,3.7939758623331725,3.779588094810236,0.0037922664890357146,0.0762840179298784,0.14518141023849157,0.4687499701976776,0.3097203615336056,0.9642857142857143
optimal_radius_0p5x,ixi,IXI068-Guys-0756-MRA_IXI-Guys,1191,7,4.038858612378397,4.000434343377034,0.009513645484791108,0.13265714868005807,0.22715992511888944,0.4687499701976776,0.48460787106416947,0.9696969696969697
optimal_radius_0p5x,ixi,IXI068-Guys-0756-MRA_IXI-Guys,1192,3,1.3258716247906248,1.3258529816777773,1.4061024083261462e-05,0.0011718504007206174,0.0035155512021618524,0.9272144054283292,0.003791519180008678,1.0
optimal_radius_0p5x,ixi,IXI068-Guys-0756-MRA_IXI-Guys,1193,9,5.598798194335193,5.529341628327054,0.012405620563072664,0.21818313194995342,0.36304173663144423,0.800000011920929,0.4538021640271261,1.0
optimal_radius_0p5x,ixi,IXI068-Guys-0756-MRA_IXI-Guys,1194,6,3.3515642730161317,3.296868628631701,0.016319437709964992,0.1425142598389003,0.25693073515878434,0.9272144054283292,0.277099593852939,1.0
optimal_radius_0p5x,ixi,IXI068-Guys-0756-MRA_IXI-Guys,1195,9,5.377636072552637,5.3171057229909024,0.011255940109201527,0.183023998998562,0.3263891193607797,0.9272144054283292,0.3520104060613719,0.9512195121951219
optimal_radius_0p5x,ixi,IXI068-Guys-0756-MRA_IXI-Guys,1196,12,6.493861153758946,6.4689318987390685,0.0038388956014939147,0.13945348732586232,0.22447585323879105,0.800000011920929,0.2805948123673003,1.0
optimal_radius_0p5x,ixi,IXI068-Guys-0756-MRA_IXI-Guys,1197,7,3.2307853777632327,3.2099514239818574,0.0064485725126685045,0.07135933907444018,0.14717694159286582,0.6629125652155398,0.22201561610921136,1.0
optimal_radius_0p5x,ixi,IXI068-Guys-0756-MRA_IXI-Guys,1198,2,0.5388765889199808,0.5388765889199808,0.0,0.0,0.0,0.6343749910593033,0.0,1.0
optimal_radius_0p5x,ixi,IXI068-Guys-0756-MRA_IXI-Guys,1199,4,2.1039327741426237,2.0416993289757093,0.029579578744988778,0.10201323250443248,0.20641178735200608,0.9272144054283292,0.2226149487578912,1.0
optimal_radius_0p5x,ixi,IXI068-Guys-0756-MRA_IXI-Guys,1200,8,5.613226344705516,5.5409347566284115,0.012878794411219637,0.18800596115410895,0.2969715246533453,0.800000011920929,0.371214400285156,1.0
optimal_radius_0p5x,ixi,IXI068-Guys-0756-MRA_IXI-Guys,1201,9,3.828259469718364,3.7543108424577714,0.01931651390025366,0.17771915742354627,0.2682292681922516,0.800000011920929,0.33528658024415514,1.0
optimal_radius_0p5x,ixi,IXI068-Guys-0756-MRA_IXI-Guys,1202,11,6.487763948748537,6.451430577904485,0.005600291738582747,0.15254219956643156,0.277840897373481,0.800000011920929,0.34730111654166135,1.0
optimal_radius_0p5x,ixi,IXI068-Guys-0756-MRA_IXI-Guys,1203,13,9.055740374949893,9.009178281563493,0.005141721323548682,0.17736888428828573,0.23832247699914705,0.800000011920929,0.2979030918098318,1.0
optimal_radius_0p5x,ixi,IXI068-Guys-0756-MRA_IXI-Guys,1204,6,4.238417857183389,4.173903846096845,0.015221248414005226,0.17118036455356303,0.312757792098262,0.9323571729118423,0.33544847531068905,1.0
optimal_radius_0p5x,ixi,IXI068-Guys-0756-MRA_IXI-Guys,1205,5,3.1651235437963905,3.1148847309145906,0.015872623038764928,0.12299460921906887,0.24784159112457763,0.6629125652155398,0.3738676925576064,1.0
optimal_radius_0p5x,ixi,IXI068-Guys-0756-MRA_IXI-Guys,1206,5,2.750843799923678,2.7318318006670532,0.006911333626850196,0.07044306904742445,0.13777697042009127,0.9272144054283292,0.1485923531962867,1.0
optimal_radius_0p5x,ixi,IXI068-Guys-0756-MRA_IXI-Guys,1207,11,5.867570343383857,5.845995126435643,0.0036770274041183237,0.08897941550912485,0.13521877471451288,0.800000011920929,0.16902346587449518,1.0
optimal_radius_0p5x,ixi,IXI068-Guys-0756-MRA_IXI-Guys,1208,7,3.8764245076671013,3.8143302166423645,0.016018444549073974,0.1679147292177722,0.3061052064269445,0.9272144054283292,0.33013422206866855,1.0
optimal_radius_0p5x,ixi,IXI068-Guys-0756-MRA_IXI-Guys,1209,5,2.4870895413624052,2.476522437427446,0.004248783069213799,0.05070526899437964,0.10503234291693021,0.800000011920929,0.13129042668978297,1.0
optimal_radius_0p5x,ixi,IXI068-Guys-0756-MRA_IXI-Guys,1210,2,0.5859440096696755,0.5859440096696755,0.0,0.0,0.0,0.7950634853219345,0.0,1.0
optimal_radius_0p5x,ixi,IXI068-Guys-0756-MRA_IXI-Guys,1211,5,2.527663735472614,2.4458892071917373,0.03235182240947358,0.1360953760613496,0.27454234472070127,0.800000011920929,0.343177925787127,1.0
optimal_radius_0p5x,ixi,IXI068-Guys-0756-MRA_IXI-Guys,1212,3,1.0702292407823477,1.0310354635512973,0.03662185234482981,0.04774860360916553,0.1432458108274966,0.4687499701976776,0.3055910825276172,1.0
optimal_radius_0p5x,ixi,IXI068-Guys-0756-MRA_IXI-Guys,1213,2,0.4938442349726433,0.49384423497264335,-1.124061947069867e-16,0.0,0.0,0.5658312677066086,0.0,1.0
optimal_radius_0p5x,ixi,IXI068-Guys-0756-MRA_IXI-Guys,1214,4,1.5729755032281356,1.4999142548088045,0.04644779799138089,0.0965026235728661,0.19686739440165132,0.6629125652155398,0.2969733939763862,1.0
optimal_radius_0p5x,ixi,IXI068-Guys-0756-MRA_IXI-Guys,1215,4,2.252073376635533,2.2305627524041767,0.009551475744317065,0.06298945616471802,0.13654665179124326,0.4687499701976776,0.29129954234164507,1.0
optimal_radius_0p5x,ixi,IXI068-Guys-0756-MRA_IXI-Guys,1216,2,1.0389673181549715,1.0389673181549715,0.0,0.0,0.0,0.5658312677066086,0.0,1.0
optimal_radius_0p5x,ixi,IXI068-Guys-0756-MRA_IXI-Guys,1217,3,1.878137905575754,1.8779425130559844,0.00010403523574582506,0.004515040725928319,0.013545122177784957,0.4687499701976776,0.028896262483116133,1.0
optimal_radius_0p5x,ixi,IXI068-Guys-0756-MRA_IXI-Guys,1218,2,0.9000885163923564,0.9000885163923564,0.0,0.0,0.0,0.4687499701976776,0.0,1.0
optimal_radius_0p5x,ixi,IXI068-Guys-0756-MRA_IXI-Guys,1219,2,1.0389673181549715,1.0389673181549715,0.0,0.0,0.0,0.5658312677066086,0.0,1.0
optimal_radius_0p5x,ixi,IXI068-Guys-0756-MRA_IXI-Guys,1220,2,1.0389673181549715,1.0389673181549715,0.0,0.0,0.0,0.4687499701976776,0.0,1.0
optimal_radius_0p5x,ixi,IXI068-Guys-0756-MRA_IXI-Guys,1221,2,0.9272144054283292,0.9272144054283292,0.0,0.0,0.0,0.4687499701976776,0.0,1.0
optimal_radius_0p5x,ixi,IXI068-Guys-0756-MRA_IXI-Guys,1222,2,0.9272144054283292,0.9272144054283292,0.0,0.0,0.0,0.4687499701976776,0.0,1.0
optimal_radius_0p5x,ixi,IXI068-Guys-0756-MRA_IXI-Guys,1223,2,1.0389673181549715,1.0389673181549715,0.0,0.0,0.0,0.4687499701976776,0.0,1.0
optimal_radius_0p5x,ixi,IXI068-Guys-0756-MRA_IXI-Guys,1224,2,0.9272144054283292,0.9272144054283292,0.0,0.0,0.0,0.6343749910593033,0.0,1.0
optimal_radius_0p5x,ixi,IXI068-Guys-0756-MRA_IXI-Guys,1225,2,1.0389673181549715,1.0389673181549715,0.0,0.0,0.0,0.4687499701976776,0.0,1.0
optimal_radius_0p5x,ixi,IXI068-Guys-0756-MRA_IXI-Guys,1226,5,2.2515661706747743,2.243775993783684,0.003459892492857777,0.04101856302248552,0.08466906810699412,0.800000011920929,0.10583633355665839,1.0
optimal_radius_0p5x,ixi,IXI068-Guys-0756-MRA_IXI-Guys,1227,2,0.9272144054283292,0.9272144054283292,0.0,0.0,0.0,0.6343749910593033,0.0,1.0
optimal_radius_0p5x,ixi,IXI068-Guys-0756-MRA_IXI-Guys,1228,2,0.9272144054283292,0.9272144054283292,0.0,0.0,0.0,0.6343749910593033,0.0,1.0
optimal_radius_0p5x,ixi,IXI068-Guys-0756-MRA_IXI-Guys,1229,5,2.1013547251435902,2.0963135956260155,0.0023989902595956364,0.03242735093233865,0.06714754485990215,0.800000011920929,0.08393442982415722,1.0
optimal_radius_0p5x,ixi,IXI068-Guys-0756-MRA_IXI-Guys,1230,2,0.9272144054283292,0.9272144054283292,0.0,0.0,0.0,0.4687499701976776,0.0,1.0
optimal_radius_0p5x,ixi,IXI068-Guys-0756-MRA_IXI-Guys,1231,3,0.9685090085527508,0.967090581829688,0.001464546752314022,0.008732329060784803,0.026196987182354407,0.4687499701976776,0.05588690954221675,1.0
optimal_radius_0p5x,ixi,IXI068-Guys-0756-MRA_IXI-Guys,1232,2,0.6361989732944828,0.6361989732944828,0.0,0.0,0.0,0.5658312677066086,0.0,1.0
optimal_radius_0p5x,ixi,IXI068-Guys-0756-MRA_IXI-Guys,1233,2,0.9272144054283292,0.9272144054283292,0.0,0.0,0.0,0.6343749910593033,0.0,1.0
optimal_radius_0p5x,ixi,IXI068-Guys-0756-MRA_IXI-Guys,1234,2,1.0389673181549715,1.0389673181549715,0.0,0.0,0.0,0.5658312677066086,0.0,1.0
optimal_radius_0p5x,ixi,IXI068-Guys-0756-MRA_IXI-Guys,1235,2,0.5237726357823042,0.5237726357823042,0.0,0.0,0.0,0.7314562885682343,0.0,1.0
optimal_radius_0p5x,ixi,IXI068-Guys-0756-MRA_IXI-Guys,1236,8,4.27930345654452,4.217877773869262,0.014354131063390115,0.15379968541728703,0.2901745650470642,0.9882336292751633,0.29362951882127064,1.0
optimal_radius_0p5x,ixi,IXI068-Guys-0756-MRA_IXI-Guys,1237,2,0.6924254980232459,0.6924254980232459,0.0,0.0,0.0,0.6343749910593033,0.0,1.0
optimal_radius_0p5x,ixi,IXI068-Guys-0756-MRA_IXI-Guys,1238,2,0.8941214010689396,0.8941214010689396,0.0,0.0,0.0,0.4687499701976776,0.0,1.0
optimal_radius_0p5x,ixi,IXI068-Guys-0756-MRA_IXI-Guys,1239,5,2.7681888562323627,2.757597765535525,0.0038260000480071347,0.05266151858563998,0.10705087586952387,0.800000011920929,0.13381359284292693,1.0
optimal_radius_0p5x,ixi,IXI068-Guys-0756-MRA_IXI-Guys,1240,8,4.1970480721509045,4.08479539300644,0.026745626262731276,0.21176080886301768,0.3847477336756979,0.8636072086746291,0.44551241561098953,1.0
optimal_radius_0p5x,ixi,IXI068-Guys-0756-MRA_IXI-Guys,1241,8,3.549243391670343,3.5171449483378674,0.009043742507996734,0.1048515214319947,0.15412338140999443,0.8636072086746291,0.17846467683673728,1.0
optimal_radius_0p5x,ixi,IXI068-Guys-0756-MRA_IXI-Guys,1242,8,4.5643430258585305,4.541679858439354,0.004965263848659581,0.11214368671363752,0.19385756483038774,0.9272144054283292,0.20907522973700426,1.0
optimal_radius_0p5x,ixi,IXI068-Guys-0756-MRA_IXI-Guys,1243,2,1.0389673181549715,1.0389673181549715,0.0,0.0,0.0,0.6343749910593033,0.0,1.0
optimal_radius_0p5x,ixi,IXI068-Guys-0756-MRA_IXI-Guys,1244,2,0.7532889147217822,0.7532889147217822,0.0,0.0,0.0,0.6343749910593033,0.0,1.0
optimal_radius_0p5x,ixi,IXI068-Guys-0756-MRA_IXI-Guys,1245,5,2.6616343335444914,2.6209902605566158,0.015270344417953927,0.10149588801833968,0.2041537199656848,0.9272144054283292,0.22017962487476175,1.0
optimal_radius_0p5x,ixi,IXI068-Guys-0756-MRA_IXI-Guys,1246,11,5.081151867619404,4.978640750240388,0.020174779272449424,0.2231653850233263,0.3242548618504275,0.800000011920929,0.405318571273317,1.0
optimal_radius_0p5x,ixi,IXI068-Guys-0756-MRA_IXI-Guys,1247,18,8.947945817332666,8.834677538320566,0.01265857899951666,0.19895773576565856,0.30767033450441905,0.800000011920929,0.38458791239971735,0.9863013698630136
optimal_radius_0p5x,ixi,IXI068-Guys-0756-MRA_IXI-Guys,1248,4,1.8996935030877649,1.8022616459533327,0.05128819832044814,0.12291767079744068,0.2568685893366186,0.7314562885682343,0.3511742169028553,1.0
optimal_radius_0p5x,ixi,IXI068-Guys-0756-MRA_IXI-Guys,1249,7,4.744386914022963,4.661600582580659,0.01744932125953139,0.2105131706544188,0.3939904547599405,0.9374999403953552,0.4202565117964593,1.0
optimal_radius_0p5x,ixi,IXI068-Guys-0756-MRA_IXI-Guys,1250,4,2.576607590134451,2.5766075195696128,2.738672302570528e-08,7.106455230368863e-05,0.00014212910460737727,0.6629125652155398,0.0002144009814645244,1.0
optimal_radius_0p5x,ixi,IXI068-Guys-0756-MRA_IXI-Guys,1251,4,2.6258601166027855,2.6188991665321892,0.0026509218928242157,0.03901180990154604,0.07813064808814844,0.9928283691041815,0.07869501972294053,1.0
optimal_radius_0p5x,ixi,IXI068-Guys-0756-MRA_IXI-Guys,1252,2,0.6629125652155398,0.6629125652155398,0.0,0.0,0.0,0.6343749910593033,0.0,1.0
optimal_radius_0p5x,ixi,IXI068-Guys-0756-MRA_IXI-Guys,1253,2,0.9272144054283292,0.9272144054283292,0.0,0.0,0.0,0.6343749910593033,0.0,1.0
optimal_radius_0p5x,ixi,IXI068-Guys-0756-MRA_IXI-Guys,1254,2,0.9272144054283292,0.9272144054283292,0.0,0.0,0.0,0.4687499701976776,0.0,1.0
optimal_radius_0p5x,ixi,IXI068-Guys-0756-MRA_IXI-Guys,1255,2,0.9272144054283292,0.9272144054283292,0.0,0.0,0.0,0.4687499701976776,0.0,1.0
optimal_radius_0p5x,ixi,IXI068-Guys-0756-MRA_IXI-Guys,1256,2,0.9272144054283292,0.9272144054283292,0.0,0.0,0.0,0.6343749910593033,0.0,1.0
optimal_radius_0p5x,ixi,IXI068-Guys-0756-MRA_IXI-Guys,1257,2,0.6629125652155398,0.6629125652155398,0.0,0.0,0.0,0.6343749910593033,0.0,1.0
optimal_radius_0p5x,ixi,IXI068-Guys-0756-MRA_IXI-Guys,1258,2,0.6597382807436026,0.6597382807436027,-1.6828234119957457e-16,0.0,0.0,0.7950634853219345,0.0,1.0
optimal_radius_0p5x,ixi,IXI068-Guys-0756-MRA_IXI-Guys,1259,6,3.6905505498584334,3.6503629030913607,0.010889336489000083,0.12419943247085526,0.2317159677096839,0.9323571729118423,0.2485270392525778,1.0
optimal_radius_0p5x,ixi,IXI068-Guys-0756-MRA_IXI-Guys,1260,2,0.6629125652155398,0.6629125652155398,0.0,0.0,0.0,0.5658312677066086,0.0,1.0
optimal_radius_0p5x,ixi,IXI068-Guys-0756-MRA_IXI-Guys,1261,2,0.9272144054283292,0.9272144054283292,0.0,0.0,0.0,0.4687499701976776,0.0,1.0
optimal_radius_0p5x,ixi,IXI068-Guys-0756-MRA_IXI-Guys,1262,3,1.8276975696130813,1.8263254178830857,0.0007507542565075953,0.011801352277114601,0.0354040568313438,1.0481567978130077,0.033777443322616243,1.0
optimal_radius_0p5x,ixi,IXI068-Guys-0756-MRA_IXI-Guys,1263,3,1.8245779233714006,1.7913003640523273,0.018238497184918254,0.05781299110954572,0.17343897332863717,0.9374999403953552,0.18500158331263022,1.0
optimal_radius_0p5x,ixi,IXI068-Guys-0756-MRA_IXI-Guys,1264,2,0.9916263052803672,0.9916263052803672,0.0,0.0,0.0,0.4687499701976776,0.0,1.0
optimal_radius_0p5x,ixi,IXI068-Guys-0756-MRA_IXI-Guys,1265,3,1.862507296313835,1.8623993152215546,5.797619826461599e-05,0.003342566723320794,0.010027700169962381,0.9374999403953552,0.010696214194673525,1.0
optimal_radius_0p5x,ixi,IXI068-Guys-0756-MRA_IXI-Guys,1266,3,1.878034546629412,1.8780032135436568,1.6683977305596848e-05,0.0018080695104131161,0.005424208531239348,0.4687499701976776,0.011571645602349356,1.0
optimal_radius_0p5x,ixi,IXI068-Guys-0756-MRA_IXI-Guys,1267,3,1.039457017087213,1.0389673181549715,0.0004711103241323476,0.005317079144438821,0.015951237433316463,0.4687499701976776,0.034029308687933635,1.0
optimal_radius_0p5x,ixi,IXI068-Guys-0756-MRA_IXI-Guys,1268,2,1.0389673181549715,1.0389673181549715,0.0,0.0,0.0,0.4687499701976776,0.0,1.0
optimal_radius_0p5x,ixi,IXI068-Guys-0756-MRA_IXI-Guys,1269,2,0.6629125652155398,0.6629125652155398,0.0,0.0,0.0,0.4687499701976776,0.0,1.0
optimal_radius_0p5x,ixi,IXI068-Guys-0756-MRA_IXI-Guys,1270,3,0.8456950843950712,0.7231132017282711,0.14494808463322617,0.07160430436769703,0.2148129131030911,0.4687499701976776,0.4582675770891289,1.0
optimal_radius_0p5x,ixi,IXI068-Guys-0756-MRA_IXI-Guys,1271,3,0.641455308252169,0.6197945330017487,0.03376817522867085,0.027500626973617024,0.08250188092085108,0.6629125652155398,0.12445363876007746,1.0
optimal_radius_0p5x,ixi,IXI068-Guys-0756-MRA_IXI-Guys,1272,3,1.3258251304310795,1.3258251304310795,0.0,0.0,0.0,0.4687499701976776,0.0,1.0
optimal_radius_0p5x,ixi,IXI068-Guys-0756-MRA_IXI-Guys,1273,2,1.0389673181549715,1.0389673181549715,0.0,0.0,0.0,0.4687499701976776,0.0,1.0
optimal_radius_0p5x,ixi,IXI068-Guys-0756-MRA_IXI-Guys,1274,2,0.6629125652155398,0.6629125652155398,0.0,0.0,0.0,0.4687499701976776,0.0,1.0
optimal_radius_0p5x,ixi,IXI068-Guys-0756-MRA_IXI-Guys,1275,2,0.8827510396420891,0.8827510396420891,0.0,0.0,0.0,0.4687499701976776,0.0,1.0
optimal_radius_0p5x,ixi,IXI068-Guys-0756-MRA_IXI-Guys,1276,3,0.9815372384733649,0.9789938648250279,0.002591214626041952,0.011768992906056932,0.035306978718170796,0.6629125652155398,0.05326038541250318,1.0
optimal_radius_0p5x,ixi,IXI068-Guys-0756-MRA_IXI-Guys,1277,2,1.0389673181549715,1.0389673181549715,0.0,0.0,0.0,0.4687499701976776,0.0,1.0
optimal_radius_0p5x,ixi,IXI068-Guys-0756-MRA_IXI-Guys,1278,2,0.5111181365189674,0.5111181365189674,0.0,0.0,0.0,0.6343749910593033,0.0,1.0
optimal_radius_0p5x,ixi,IXI068-Guys-0756-MRA_IXI-Guys,1279,3,0.7510585303265678,0.7066950837301098,0.059067895250678126,0.042384102677895934,0.1271523080336878,0.800000011920929,0.1589403826737135,1.0
optimal_radius_0p5x,ixi,IXI068-Guys-0756-MRA_IXI-Guys,1280,2,0.7581852844145588,0.7581852844145588,0.0,0.0,0.0,0.4687499701976776,0.0,1.0
optimal_radius_0p5x,ixi,IXI068-Guys-0756-MRA_IXI-Guys,1281,2,0.4687499701976776,0.4687499701976776,0.0,0.0,0.0,0.6343749910593033,0.0,1.0
optimal_radius_0p5x,ixi,IXI068-Guys-0756-MRA_IXI-Guys,1282,2,1.0389673181549715,1.0389673181549715,0.0,0.0,0.0,0.6343749910593033,0.0,1.0
optimal_radius_0p5x,ixi,IXI068-Guys-0756-MRA_IXI-Guys,1283,4,1.919781704202261,1.9127552768442606,0.003660013710215055,0.03318642665039727,0.06727691861731955,0.4687499701976776,0.14352410217529837,1.0
optimal_radius_0p5x,ixi,IXI068-Guys-0756-MRA_IXI-Guys,1284,2,1.0389673181549715,1.0389673181549715,0.0,0.0,0.0,0.6979821878130035,0.0,1.0
optimal_radius_0p5x,ixi,IXI068-Guys-0756-MRA_IXI-Guys,1285,2,0.6629125652155398,0.6629125652155398,0.0,0.0,0.0,0.6979821878130035,0.0,1.0
optimal_radius_0p5x,ixi,IXI068-Guys-0756-MRA_IXI-Guys,1286,3,1.3160034730180274,1.3145389932769769,0.001112823614129255,0.010343071253279703,0.031029213759839108,0.4687499701976776,0.06619566022959683,1.0
optimal_radius_0p5x,ixi,IXI068-Guys-0756-MRA_IXI-Guys,1287,2,0.8653514613311365,0.8653514613311365,0.0,0.0,0.0,0.4687499701976776,0.0,1.0
optimal_radius_0p5x,ixi,IXI068-Guys-0756-MRA_IXI-Guys,1288,2,0.7366299878369319,0.7366299878369319,0.0,0.0,0.0,0.6343749910593033,0.0,1.0
optimal_radius_0p5x,ixi,IXI068-Guys-0756-MRA_IXI-Guys,1289,3,0.9694971654434561,0.9576940719404148,0.012174448697477608,0.025134229745916104,0.07540268923774832,0.6629125652155398,0.11374454670840617,1.0
optimal_radius_0p5x,ixi,IXI068-Guys-0756-MRA_IXI-Guys,1290,2,0.8363174444288165,0.8363174444288165,0.0,0.0,0.0,0.5658312677066086,0.0,1.0
optimal_radius_0p5x,ixi,IXI068-Guys-0756-MRA_IXI-Guys,1291,2,0.8169858235572555,0.8169858235572555,0.0,0.0,0.0,0.5658312677066086,0.0,1.0
optimal_radius_0p5x,ixi,IXI068-Guys-0756-MRA_IXI-Guys,1292,3,0.9374999403953552,0.9374999403953552,0.0,0.0,0.0,0.800000011920929,0.0,1.0
optimal_radius_0p5x,ixi,IXI068-Guys-0756-MRA_IXI-Guys,1293,2,0.9272144054283292,0.9272144054283292,0.0,0.0,0.0,0.6343749910593033,0.0,1.0
optimal_radius_0p5x,ixi,IXI068-Guys-0756-MRA_IXI-Guys,1294,2,0.47995968633028374,0.47995968633028374,0.0,0.0,0.0,0.5658312677066086,0.0,1.0
optimal_radius_0p5x,ixi,IXI068-Guys-0756-MRA_IXI-Guys,1295,11,4.7512966483849945,4.712007508115265,0.00826914065302237,0.13894356530136298,0.25775800235454854,0.9272144054283292,0.2779918008666793,1.0
optimal_radius_0p5x,ixi,IXI068-Guys-0756-MRA_IXI-Guys,1296,4,1.4842693966702374,1.482699041480432,0.0010579987658091595,0.013110526352535536,0.02933265186299455,0.7314562885682343,0.04010171533340811,1.0
optimal_radius_0p5x,ixi,IXI068-Guys-0756-MRA_IXI-Guys,1297,3,0.967167645368876,0.9511068530413108,0.01660600662612078,0.029252536475007692,0.08775760942502307,0.6629125652155398,0.13238187663027554,1.0
optimal_radius_0p5x,ixi,IXI068-Guys-0756-MRA_IXI-Guys,1298,3,1.2188094914816836,1.2122281859751192,0.005399781961464437,0.021015063421081833,0.0630451902632455,0.6629125652155398,0.09510332670002558,1.0
optimal_radius_0p5x,ixi,IXI068-Guys-0756-MRA_IXI-Guys,1299,5,3.3576624959335506,3.31936559308579,0.011405822620391906,0.11141564114649123,0.22890892668865154,0.4687499701976776,0.4883390746502188,1.0
optimal_radius_0p5x,ixi,IXI068-Guys-0756-MRA_IXI-Guys,1300,8,5.934355908120951,5.920012407022183,0.002417027445074447,0.055414511278016367,0.1443030172202355,0.800000011920929,0.18037876883744128,1.0
optimal_radius_0p5x,ixi,IXI068-Guys-0756-MRA_IXI-Guys,1301,8,4.661037026345816,4.641273780034216,0.004240096399125551,0.09436848417068909,0.1564723551986555,0.6629125652155398,0.23603769698916474,0.9722222222222222
optimal_radius_0p5x,ixi,IXI068-Guys-0756-MRA_IXI-Guys,1302,11,5.423975313711067,5.369310554932906,0.010078356853869888,0.19270407813066254,0.2910762757112674,0.6629125652155398,0.4390869791653846,0.9767441860465116
optimal_radius_0p5x,ixi,IXI068-Guys-0756-MRA_IXI-Guys,1303,6,3.964569522777288,3.904836828332511,0.015066628066830512,0.1582305436290566,0.28932807233081137,0.6629125652155398,0.4364498238719296,1.0
optimal_radius_0p5x,ixi,IXI068-Guys-0756-MRA_IXI-Guys,1304,5,3.2919413734445246,3.265225885333944,0.00811542037962447,0.09202366764991465,0.18297384071729328,0.6629125652155398,0.2760150437905805,1.0
optimal_radius_0p5x,ixi,IXI068-Guys-0756-MRA_IXI-Guys,1305,6,4.232464676659824,4.200020491452778,0.007665553686947804,0.12173025105119606,0.22319446892402695,0.6629125652155398,0.336687642738311,1.0
optimal_radius_0p5x,ixi,IXI068-Guys-0756-MRA_IXI-Guys,1306,8,4.11936049425138,4.090436345910267,0.007021514232968126,0.08238037909115714,0.16390003428740213,0.6629125652155398,0.24724231050607945,1.0
optimal_radius_0p5x,ixi,IXI068-Guys-0756-MRA_IXI-Guys,1307,4,1.8672651677907317,1.8334109475580216,0.01813037634754628,0.07183931394954737,0.15061816620922133,0.5658312677066086,0.2661891889073174,1.0
optimal_radius_0p5x,ixi,IXI068-Guys-0756-MRA_IXI-Guys,1308,3,1.2329340323261413,1.2324391089683826,0.00040141917149041163,0.005821319462503283,0.01746395838750985,0.9272144054283292,0.018834865253675954,1.0
optimal_radius_0p5x,ixi,IXI068-Guys-0756-MRA_IXI-Guys,1309,2,0.800000011920929,0.800000011920929,0.0,0.0,0.0,0.6979821878130035,0.0,1.0
optimal_radius_0p5x,ixi,IXI068-Guys-0756-MRA_IXI-Guys,1310,3,1.9661817235833006,1.9127552768442606,0.027172690142634445,0.07574269609447949,0.2272280882834385,0.4687499701976776,0.48475328582445265,1.0
optimal_radius_0p5x,ixi,IXI068-Guys-0756-MRA_IXI-Guys,1311,2,0.6289333945698535,0.6289333945698535,0.0,0.0,0.0,0.9272144054283292,0.0,1.0
optimal_radius_0p5x,ixi,IXI068-Guys-0756-MRA_IXI-Guys,1312,2,0.723246051044285,0.723246051044285,0.0,0.0,0.0,0.6979821878130035,0.0,1.0
optimal_radius_0p5x,ixi,IXI068-Guys-0756-MRA_IXI-Guys,1313,2,0.8054730089171188,0.8054730089171188,0.0,0.0,0.0,0.4687499701976776,0.0,1.0
optimal_radius_0p5x,ixi,IXI068-Guys-0756-MRA_IXI-Guys,1314,3,1.4483123902220478,1.447684655763886,0.00043342476554076583,0.0071061445085740605,0.021318433525722182,0.4687499701976776,0.04547932774637178,1.0
optimal_radius_0p5x,ixi,IXI068-Guys-0756-MRA_IXI-Guys,1315,2,1.0389673181549715,1.0389673181549715,0.0,0.0,0.0,0.4687499701976776,0.0,1.0
optimal_radius_0p5x,ixi,IXI068-Guys-0756-MRA_IXI-Guys,1316,2,0.5235580999461008,0.5235580999461008,0.0,0.0,0.0,0.5658312677066086,0.0,1.0
optimal_radius_0p5x,ixi,IXI068-Guys-0756-MRA_IXI-Guys,1317,3,0.7871884433492615,0.7625674517391381,0.03127712534163759,0.032521167902820045,0.09756350370846013,0.6629125652155398,0.1471740148366901,1.0
optimal_radius_0p5x,ixi,IXI068-Guys-0756-MRA_IXI-Guys,1318,2,1.0389673181549715,1.0389673181549715,0.0,0.0,0.0,0.4687499701976776,0.0,1.0
optimal_radius_0p5x,ixi,IXI068-Guys-0756-MRA_IXI-Guys,1319,3,1.9128079986411932,1.9127552768442606,2.7562513838326138e-05,0.002366959252951169,0.007100877758853507,0.4687499701976776,0.015148540182005728,1.0
optimal_radius_0p5x,ixi,IXI068-Guys-0756-MRA_IXI-Guys,1320,2,1.0389673181549715,1.0389673181549715,0.0,0.0,0.0,0.4687499701976776,0.0,1.0
optimal_radius_0p5x,ixi,IXI068-Guys-0756-MRA_IXI-Guys,1321,2,0.6629125652155398,0.6629125652155398,0.0,0.0,0.0,0.4687499701976776,0.0,1.0
optimal_radius_0p5x,ixi,IXI068-Guys-0756-MRA_IXI-Guys,1322,3,1.039457017087213,1.0389673181549715,0.0004711103241323476,0.005317079144438821,0.015951237433316463,0.4687499701976776,0.034029308687933635,1.0
optimal_radius_0p5x,ixi,IXI068-Guys-0756-MRA_IXI-Guys,1323,2,0.800000011920929,0.800000011920929,0.0,0.0,0.0,0.6979821878130035,0.0,1.0
optimal_radius_0p5x,ixi,IXI068-Guys-0756-MRA_IXI-Guys,1324,2,0.9272144054283292,0.9272144054283292,0.0,0.0,0.0,0.4687499701976776,0.0,1.0
optimal_radius_0p5x,ixi,IXI068-Guys-0756-MRA_IXI-Guys,1325,3,1.7319986809350043,1.731892937053152,6.105309606545167e-05,0.0031897303470263855,0.009569191041079157,0.4687499701976776,0.02041427551887355,1.0
optimal_radius_0p5x,ixi,IXI068-Guys-0756-MRA_IXI-Guys,1326,2,0.6467431573448432,0.6467431573448433,-1.7166366771982498e-16,0.0,0.0,0.7950634853219345,0.0,1.0
optimal_radius_0p5x,ixi,IXI068-Guys-0756-MRA_IXI-Guys,1327,4,1.5650546837456956,1.5040199660827858,0.03899845692090033,0.0886488849582135,0.18532761544014797,0.6629125652155398,0.27956570016121274,1.0
optimal_radius_0p5x,ixi,IXI068-Guys-0756-MRA_IXI-Guys,1328,4,1.6844197554397473,1.6844184054672173,8.014466261305376e-07,0.00025127947597839974,0.0005025589519567995,0.6629125652155398,0.0007581074463317755,1.0
optimal_radius_0p5x,ixi,IXI068-Guys-0756-MRA_IXI-Guys,1329,11,7.611560766914472,7.486316665494696,0.016454457272965677,0.179043016400184,0.30094511572072485,0.9272144054283292,0.3245690683393799,1.0
optimal_radius_0p5x,ixi,IXI068-Guys-0756-MRA_IXI-Guys,1330,3,1.3777401782376835,1.3747012897974202,0.002205705029340425,0.015239514287007386,0.04571854286102216,0.800000011920929,0.057148177724703486,1.0
optimal_radius_0p5x,ixi,IXI068-Guys-0756-MRA_IXI-Guys,1331,6,2.7294503900166855,2.6899756989544823,0.0144625054210866,0.10762297706619435,0.20202366383540088,0.7314562885682343,0.2761937616680357,1.0
optimal_radius_0p5x,ixi,IXI068-Guys-0756-MRA_IXI-Guys,1332,10,5.2525130182950175,5.196484839447066,0.010666928126174927,0.1794802946797756,0.31808092281176326,0.7314562885682343,0.43485978285097604,1.0
optimal_radius_0p5x,ixi,IXI068-Guys-0756-MRA_IXI-Guys,1333,4,1.5978604161907415,1.5904525375563097,0.004636123756098804,0.030693283572561875,0.06792315172174082,0.8636072086746291,0.07865051500204812,1.0
optimal_radius_0p5x,ixi,IXI068-Guys-0756-MRA_IXI-Guys,1334,7,3.137350031077275,3.10106035490176,0.011566983542175665,0.11182443322600591,0.1913422838389636,0.6629125652155398,0.2886387947356986,1.0
optimal_radius_0p5x,ixi,IXI068-Guys-0756-MRA_IXI-Guys,1335,8,4.521253303700209,4.493050571083038,0.006237812996252512,0.12390552106498738,0.2268657994213827,0.7314562885682343,0.3101563319189639,1.0
optimal_radius_0p5x,ixi,IXI068-Guys-0756-MRA_IXI-Guys,1336,4,2.1201875329102693,2.099343298731391,0.009831316265814748,0.06053230584668477,0.12345877899626008,0.7314562885682343,0.1687849033848906,1.0
optimal_radius_0p5x,ixi,IXI068-Guys-0756-MRA_IXI-Guys,1337,2,0.7920410966000062,0.7920410966000062,0.0,0.0,0.0,0.4687499701976776,0.0,1.0
optimal_radius_0p5x,ixi,IXI068-Guys-0756-MRA_IXI-Guys,1338,4,1.3316470968861565,1.3071560125953825,0.018391572623138997,0.05196401204688404,0.10464435016463706,0.7314562885682343,0.14306302618502303,1.0
optimal_radius_0p5x,ixi,IXI068-Guys-0756-MRA_IXI-Guys,1339,10,4.5253232857771195,4.466676139533144,0.012959769399967725,0.13908046381284525,0.20380307740999162,0.7314562885682343,0.27862646147853815,1.0
optimal_radius_0p5x,ixi,IXI068-Guys-0756-MRA_IXI-Guys,1340,5,1.8813859289422536,1.8210388651249856,0.03207585582996052,0.1049589622318238,0.20950405123549695,0.6629125652155398,0.3160357220976475,1.0
optimal_radius_0p5x,ixi,IXI068-Guys-0756-MRA_IXI-Guys,1341,4,1.6051072483366609,1.5923063880215984,0.00797508099743971,0.0405657085302114,0.08653849078660734,0.4687499701976776,0.18461545874896376,1.0
optimal_radius_0p5x,ixi,IXI068-Guys-0756-MRA_IXI-Guys,1342,2,1.0389673181549715,1.0389673181549715,0.0,0.0,0.0,0.5658312677066086,0.0,1.0
optimal_radius_0p5x,ixi,IXI068-Guys-0756-MRA_IXI-Guys,1343,2,0.872119327299296,0.872119327299296,0.0,0.0,0.0,0.5658312677066086,0.0,1.0
optimal_radius_0p5x,ixi,IXI068-Guys-0756-MRA_IXI-Guys,1344,2,0.8669370795535861,0.8669370795535861,0.0,0.0,0.0,0.4687499701976776,0.0,1.0
optimal_radius_0p5x,ixi,IXI068-Guys-0756-MRA_IXI-Guys,1345,4,2.346527061611477,2.3360403818483877,0.00446902144648075,0.04462265199020272,0.09356726505811147,0.5658312677066086,0.16536248595336975,1.0
optimal_radius_0p5x,ixi,IXI068-Guys-0756-MRA_IXI-Guys,1346,6,2.820893496899747,2.770777814597389,0.017765889551461914,0.11491016292835553,0.2204758380104666,0.4687499701976776,0.47034848432628007,1.0
optimal_radius_0p5x,ixi,IXI068-Guys-0756-MRA_IXI-Guys,1347,4,1.3889662103590121,1.3019770388054945,0.06262871688652032,0.0987093406725393,0.1994676097527738,0.4687499701976776,0.4255309278604452,1.0
optimal_radius_0p5x,ixi,IXI068-Guys-0756-MRA_IXI-Guys,1348,6,3.0852728995879697,3.0562806101440794,0.009396993519685783,0.08962599421013547,0.16648895492351326,0.4687499701976776,0.3551764597516728,1.0
optimal_radius_0p5x,ixi,IXI068-Guys-0756-MRA_IXI-Guys,1349,2,0.8226270181163075,0.8226270181163075,0.0,0.0,0.0,0.4687499701976776,0.0,1.0
optimal_radius_0p5x,ixi,IXI068-Guys-0756-MRA_IXI-Guys,1350,3,1.3399189488829597,1.3398280014792612,6.787530228925145e-05,0.002601893970911777,0.007805681912735331,0.4687499701976776,0.016652122472548807,1.0
optimal_radius_0p5x,ixi,IXI068-Guys-0756-MRA_IXI-Guys,1351,2,1.0389673181549715,1.0389673181549715,0.0,0.0,0.0,0.4687499701976776,0.0,1.0
optimal_radius_0p5x,ixi,IXI068-Guys-0756-MRA_IXI-Guys,1352,3,0.9374999403953552,0.9374999403953552,0.0,0.0,0.0,0.4687499701976776,0.0,1.0
optimal_radius_0p5x,ixi,IXI068-Guys-0756-MRA_IXI-Guys,1353,2,1.0389673181549715,1.0389673181549715,0.0,0.0,0.0,0.4687499701976776,0.0,1.0
optimal_radius_0p5x,ixi,IXI068-Guys-0756-MRA_IXI-Guys,1354,2,0.9272144054283292,0.9272144054283292,0.0,0.0,0.0,0.4687499701976776,0.0,1.0
optimal_radius_0p5x,ixi,IXI068-Guys-0756-MRA_IXI-Guys,1355,2,1.0389673181549715,1.0389673181549715,0.0,0.0,0.0,0.6343749910593033,0.0,1.0
optimal_radius_0p5x,ixi,IXI068-Guys-0756-MRA_IXI-Guys,1356,6,3.099475340683839,3.063174224604748,0.01171201964493822,0.10282366401285176,0.1876455187577071,0.7314562885682343,0.2565368863326171,1.0
optimal_radius_0p5x,ixi,IXI068-Guys-0756-MRA_IXI-Guys,1357,5,2.580349465170177,2.523672627359207,0.021964791426897667,0.11970398273226271,0.23996277587181009,0.6629125652155398,0.3619825425903467,1.0
optimal_radius_0p5x,ixi,IXI068-Guys-0756-MRA_IXI-Guys,1358,6,3.2328950189645287,3.1967536086175325,0.011179271252232606,0.09712144901688398,0.17971409622193046,0.6629125652155398,0.2710977369443859,1.0
optimal_radius_0p5x,ixi,IXI068-Guys-0756-MRA_IXI-Guys,1359,6,4.043588940794381,4.009278668859069,0.0084851038119052,0.12075033245898466,0.21936888507672478,0.6629125652155398,0.33091677030650196,0.9583333333333334
optimal_radius_0p5x,ixi,IXI068-Guys-0756-MRA_IXI-Guys,1360,4,2.5396870885925558,2.5152797568821468,0.009610369647520257,0.07151300862319748,0.14699754914144675,0.5658312677066086,0.2597904314076666,1.0
optimal_radius_0p5x,ixi,IXI068-Guys-0756-MRA_IXI-Guys,1361,6,3.8933823686908475,3.865298455634963,0.0072132429842300715,0.10789009533439768,0.1972183115440021,0.7314562885682343,0.26962419303283425,1.0
optimal_radius_0p5x,ixi,IXI068-Guys-0756-MRA_IXI-Guys,1362,9,4.667450582816624,4.637606783902089,0.0063940256859721205,0.1333150632369452,0.23282206142739134,0.6629125652155398,0.3512108136790128,1.0
optimal_radius_0p5x,ixi,IXI068-Guys-0756-MRA_IXI-Guys,1363,9,4.464827882340811,4.437761064065538,0.006062231062103646,0.11386738199675125,0.19995631344882345,0.6629125652155398,0.30163301156285904,1.0
optimal_radius_0p5x,ixi,IXI068-Guys-0756-MRA_IXI-Guys,1364,6,2.7065828957579217,2.6365645145229957,0.025869660724106073,0.14426933716136273,0.26276669371737055,0.6629125652155398,0.3963821286626758,1.0
optimal_radius_0p5x,ixi,IXI068-Guys-0756-MRA_IXI-Guys,1365,6,3.2463156836495433,3.210866683928519,0.01091976356445168,0.11099773362236787,0.20526217943796102,0.6629125652155398,0.30963688155650204,1.0
optimal_radius_0p5x,ixi,IXI068-Guys-0756-MRA_IXI-Guys,1366,9,4.48077238882702,4.4330886942758365,0.010641847077545149,0.13070861223107033,0.23137411060963173,0.6629125652155398,0.34902658774374357,1.0
optimal_radius_0p5x,ixi,IXI068-Guys-0756-MRA_IXI-Guys,1367,6,2.480533650978411,2.4356750665287663,0.018084247489225116,0.10660724941197482,0.2044413503699133,0.4687499701976776,0.43614157518494956,1.0
optimal_radius_0p5x,ixi,IXI068-Guys-0756-MRA_IXI-Guys,1368,9,3.860790900256922,3.827870085434766,0.008526961359126051,0.11723240834980173,0.20462576030562266,0.6629125652155398,0.3086768467559376,1.0
optimal_radius_0p5x,ixi,IXI068-Guys-0756-MRA_IXI-Guys,1369,4,1.4663005120787969,1.4658732632201605,0.00029137878294170584,0.007136097021762237,0.015516436601168337,0.4687499701976776,0.033101733520377326,1.0
optimal_radius_0p5x,ixi,IXI068-Guys-0756-MRA_IXI-Guys,1370,6,2.6262123307753242,2.5870078974766826,0.014928127798054894,0.10527229268043381,0.203831616501174,0.6629125652155398,0.30747888514513233,1.0
optimal_radius_0p5x,ixi,IXI068-Guys-0756-MRA_IXI-Guys,1371,8,4.292805424048626,4.247770103658779,0.010490883219992982,0.14757451438441876,0.2695403547596758,0.6629125652155398,0.4066001595127968,1.0
optimal_radius_0p5x,ixi,IXI068-Guys-0756-MRA_IXI-Guys,1372,5,2.3406097243791413,2.277426204946101,0.026994470190796066,0.12120961382843545,0.2489636847135764,0.6629125652155398,0.3755603646351585,1.0
optimal_radius_0p5x,ixi,IXI068-Guys-0756-MRA_IXI-Guys,1373,6,2.440893001319396,2.4012731691262825,0.016231695601444867,0.10035724948202412,0.19812109235824255,0.800000011920929,0.24765136175751032,1.0
optimal_radius_0p5x,ixi,IXI068-Guys-0756-MRA_IXI-Guys,1374,5,1.9781030871571912,1.9245856938461414,0.027054906116122438,0.10207829860214339,0.21013439854565588,0.800000011920929,0.26266799426801174,1.0
optimal_radius_0p5x,ixi,IXI068-Guys-0756-MRA_IXI-Guys,1375,3,1.0155047941970747,1.0053535689246396,0.0099962356952351,0.02385102834068394,0.07155308502205182,0.6629125652155398,0.10793743968148652,1.0
optimal_radius_0p5x,ixi,IXI068-Guys-0756-MRA_IXI-Guys,1376,7,3.0521225293290106,3.0380170219277374,0.004621540343065538,0.05768599402151504,0.09824260210939423,0.6629125652155398,0.14819843108186007,1.0
optimal_radius_0p5x,ixi,IXI068-Guys-0756-MRA_IXI-Guys,1377,8,3.4105951820057054,3.320401664805928,0.026445096057027894,0.1806905625211137,0.3100201530028645,0.7314562885682343,0.42383961673185355,1.0
optimal_radius_0p5x,ixi,IXI068-Guys-0756-MRA_IXI-Guys,1378,7,3.3789418250095347,3.3591377976779846,0.0058610145889369325,0.06727814528131797,0.1400682589781209,0.6629125652155398,0.2112922070387654,1.0
optimal_radius_0p5x,ixi,IXI068-Guys-0756-MRA_IXI-Guys,1379,7,3.5111523625116945,3.484831777031198,0.00749628120998665,0.09668207252698266,0.17823916953253519,0.6629125652155398,0.26887281805343727,0.9655172413793104
optimal_radius_0p5x,ixi,IXI068-Guys-0756-MRA_IXI-Guys,1380,10,4.445356540762821,4.386352204921329,0.013273251605453054,0.12124198416248436,0.21812198967223756,0.4687499701976776,0.4653269408854636,1.0
optimal_radius_0p5x,ixi,IXI068-Guys-0756-MRA_IXI-Guys,1381,5,2.2057897055912754,2.161983863979591,0.019859482298173928,0.09453672178345954,0.1920376442604279,0.4687499701976776,0.4096803338023537,1.0
optimal_radius_0p5x,ixi,IXI068-Guys-0756-MRA_IXI-Guys,1382,3,0.9374999403953552,0.9374999403953552,0.0,0.0,0.0,0.800000011920929,0.0,1.0
optimal_radius_0p5x,ixi,IXI068-Guys-0756-MRA_IXI-Guys,1383,9,3.970777086236417,3.9197193557895353,0.012858372388583346,0.08770739669975934,0.16772523654191865,0.800000011920929,0.20965654255327237,1.0
optimal_radius_0p5x,ixi,IXI068-Guys-0756-MRA_IXI-Guys,1384,7,3.155441361319263,3.0641204278999177,0.028940779739657384,0.17910502600654368,0.33779360923453816,0.800000011920929,0.42224200525127653,1.0
optimal_radius_0p5x,ixi,IXI068-Guys-0756-MRA_IXI-Guys,1385,3,1.284914815760617,1.2812615023967515,0.0028432339008425374,0.016123901246940756,0.04837170374082227,0.800000011920929,0.060464628775034654,1.0
optimal_radius_0p5x,ixi,IXI068-Guys-0756-MRA_IXI-Guys,1386,6,2.9506087097889715,2.8959871648910824,0.018511958131444548,0.11949634024323312,0.23779079775391307,0.7314562885682343,0.32509228708576565,1.0
optimal_radius_0p5x,ixi,IXI068-Guys-0756-MRA_IXI-Guys,1387,10,5.01240207753121,4.942868560185425,0.013872294414982868,0.10813676146774553,0.20839544791389916,0.7314562885682343,0.284904855110093,1.0
optimal_radius_0p5x,ixi,IXI068-Guys-0756-MRA_IXI-Guys,1388,6,2.893430126209198,2.83406902187115,0.020515824384471797,0.13606928292636028,0.2550808372432573,0.800000011920929,0.31885104180282087,1.0
optimal_radius_0p5x,ixi,IXI068-Guys-0756-MRA_IXI-Guys,1389,8,3.863493902190517,3.8003418975683174,0.016345827435211895,0.1635034747033083,0.31946963804334527,0.7314562885682343,0.43675834501153976,1.0
optimal_radius_0p5x,ixi,IXI068-Guys-0756-MRA_IXI-Guys,1390,6,4.1009316615039095,4.07918666153822,0.005302453627748428,0.09302603257354226,0.16477068204185907,0.6629125652155398,0.2485556779094773,1.0
optimal_radius_0p5x,ixi,IXI068-Guys-0756-MRA_IXI-Guys,1391,5,3.4152114932863613,3.4009689967748855,0.004170311718461292,0.06717024977019762,0.1339434079758212,0.4687499701976776,0.28574595518232376,1.0
optimal_radius_0p5x,ixi,IXI068-Guys-0756-MRA_IXI-Guys,1392,6,2.739883924029165,2.7177241669504473,0.008087845212847737,0.0802953355978935,0.14617304829258285,0.7314562885682343,0.19983839168120981,1.0
optimal_radius_0p5x,ixi,IXI068-Guys-0756-MRA_IXI-Guys,1393,6,2.541145683357228,2.460552866518614,0.031715150125568116,0.13773496910644248,0.2729767572792786,0.7314562885682343,0.37319626824674407,1.0
optimal_radius_0p5x,ixi,IXI068-Guys-0756-MRA_IXI-Guys,1394,7,3.8337013059428076,3.7615001830038395,0.01883326769016814,0.17589259674006824,0.3216328838116528,0.6629125652155398,0.4851814563313895,1.0
optimal_radius_0p5x,ixi,IXI068-Guys-0756-MRA_IXI-Guys,1395,6,3.1316410386129716,3.101697210177308,0.009561705210289942,0.09852457988013229,0.19415684783252435,0.6629125652155398,0.292884549215621,0.9615384615384616
optimal_radius_0p5x,ixi,IXI068-Guys-0756-MRA_IXI-Guys,1396,6,2.806291955548723,2.7739970154204308,0.011508047145428829,0.09913530019352924,0.1836110061927762,0.6629125652155398,0.27697620444572024,1.0
optimal_radius_0p5x,ixi,IXI068-Guys-0756-MRA_IXI-Guys,1397,5,2.340406437950823,2.2935143696660734,0.020035865362687432,0.10317110908441621,0.21161311030515612,0.6629125652155398,0.3192172262360906,1.0
optimal_radius_0p5x,ixi,IXI068-Guys-0756-MRA_IXI-Guys,1398,4,1.5842266757651502,1.5768865657075328,0.004633244831628806,0.030825280645662288,0.0672141385254769,0.4687499701976776,0.14339017130418563,1.0
optimal_radius_0p5x,ixi,IXI068-Guys-0756-MRA_IXI-Guys,1399,2,0.6038693326230548,0.6038693326230548,0.0,0.0,0.0,0.4687499701976776,0.0,1.0
optimal_radius_0p5x,ixi,IXI068-Guys-0756-MRA_IXI-Guys,1400,3,1.069505165874618,1.0687585452910207,0.0006980990905142031,0.0066590792177057415,0.019977237653117225,0.6629125652155398,0.030135554372275046,1.0
optimal_radius_0p5x,ixi,IXI068-Guys-0756-MRA_IXI-Guys,1401,2,0.5986722994623913,0.5986722994623913,0.0,0.0,0.0,0.5658312677066086,0.0,1.0
optimal_radius_0p5x,ixi,IXI068-Guys-0756-MRA_IXI-Guys,1402,3,1.429245729996858,1.4288354731016712,0.0002870443385460401,0.005705219810823988,0.017115659432471963,0.4687499701976776,0.03651340911073355,1.0
optimal_radius_0p5x,ixi,IXI068-Guys-0756-MRA_IXI-Guys,1403,4,2.7516263360128224,2.749934823711612,0.0006147318329789999,0.019265369910162193,0.039144830778397526,0.5658312677066086,0.0691811022339873,1.0
optimal_radius_0p5x,ixi,IXI068-Guys-0756-MRA_IXI-Guys,1404,5,3.4422600532431242,3.429240910203357,0.0037821497616082355,0.06651256356121656,0.13590788677708088,0.4687499701976776,0.28993684355812727,1.0
optimal_radius_0p5x,ixi,IXI068-Guys-0756-MRA_IXI-Guys,1405,7,5.120516180384669,5.090271400097104,0.0059065881684789165,0.13101929068360346,0.24735780823816478,0.6629125652155398,0.37313790870405167,1.0
optimal_radius_0p5x,ixi,IXI068-Guys-0756-MRA_IXI-Guys,1406,8,4.345480798532044,4.321661189592205,0.005481466848935572,0.09644589248932323,0.19773027487755349,0.7314562885682343,0.2703241163796599,1.0
optimal_radius_0p5x,ixi,IXI068-Guys-0756-MRA_IXI-Guys,1407,3,0.9828328110873603,0.9789896959256656,0.003910243042703085,0.014466619054122875,0.043399857162368626,0.9272144054283292,0.046806711487964794,1.0
optimal_radius_0p5x,ixi,IXI068-Guys-0756-MRA_IXI-Guys,1408,11,5.048352690392166,4.9631970820342035,0.01686799904452545,0.19180246979429108,0.3101372068631732,0.9272144054283292,0.33448273133753187,1.0
optimal_radius_0p5x,ixi,IXI068-Guys-0756-MRA_IXI-Guys,1409,12,5.830150846887319,5.776887473519398,0.00913584824247864,0.18582832495266685,0.27212465788714113,0.800000011920929,0.34015581729020977,1.0
optimal_radius_0p5x,ixi,IXI068-Guys-0756-MRA_IXI-Guys,1410,9,4.114638051126176,4.0440479112667544,0.01715585647687807,0.16645789793352186,0.2768673873828507,0.800000011920929,0.3460842290715065,1.0
optimal_radius_0p5x,ixi,IXI068-Guys-0756-MRA_IXI-Guys,1411,9,3.8709549350345447,3.834760889107243,0.009350159465749136,0.08978072030361116,0.17180893171235556,0.800000011920929,0.21476116144025376,1.0
optimal_radius_0p5x,ixi,IXI068-Guys-0756-MRA_IXI-Guys,1412,10,4.4323199682738075,4.379325723848363,0.011956321927291551,0.0908737453022513,0.1654930119171181,0.800000011920929,0.20686626181385012,1.0
optimal_radius_0p5x,ixi,IXI068-Guys-0756-MRA_IXI-Guys,1413,7,3.0840959671002626,3.041972245066655,0.013658369416180453,0.1166165479953696,0.22063289308150036,0.800000011920929,0.27579111224226766,0.96
optimal_radius_0p5x,ixi,IXI068-Guys-0756-MRA_IXI-Guys,1414,9,4.811951891223314,4.761815636096953,0.01041910980402908,0.16736342995864728,0.2993375482452199,0.800000011920929,0.37417192973092867,1.0
optimal_radius_0p5x,ixi,IXI068-Guys-0756-MRA_IXI-Guys,1415,2,0.834074431074115,0.834074431074115,0.0,0.0,0.0,0.6979821878130035,0.0,1.0
optimal_radius_0p5x,ixi,IXI068-Guys-0756-MRA_IXI-Guys,1416,2,0.8388822502784659,0.8388822502784659,0.0,0.0,0.0,0.4687499701976776,0.0,1.0
optimal_radius_0p5x,ixi,IXI068-Guys-0756-MRA_IXI-Guys,1417,3,1.7001131514268608,1.6995894111363479,0.00030806201932699606,0.007032725932530231,0.021098177797590694,0.4687499701976776,0.045009448829817174,1.0
optimal_radius_0p5x,ixi,IXI068-Guys-0756-MRA_IXI-Guys,1418,2,1.0389673181549715,1.0389673181549715,0.0,0.0,0.0,0.4687499701976776,0.0,1.0
optimal_radius_0p5x,ixi,IXI068-Guys-0756-MRA_IXI-Guys,1419,2,0.4687499701976776,0.4687499701976776,0.0,0.0,0.0,0.4687499701976776,0.0,1.0
optimal_radius_0p5x,ixi,IXI068-Guys-0756-MRA_IXI-Guys,1420,7,4.578963450141958,4.557436130365922,0.0047013521751018165,0.09150533451098868,0.18038958960662582,0.6629125652155398,0.2721167150421622,1.0
optimal_radius_0p5x,ixi,IXI068-Guys-0756-MRA_IXI-Guys,1421,5,3.369789368215062,3.325742005091896,0.013071251140689865,0.11941154085601684,0.24494989279336343,0.9272144054283292,0.26417826487521856,1.0
optimal_radius_0p5x,ixi,IXI068-Guys-0756-MRA_IXI-Guys,1422,4,1.6995074144377198,1.6844184054672173,0.008878460218718524,0.045923927803318734,0.09197384717811305,0.6629125652155398,0.13874204835476098,1.0
optimal_radius_0p5x,ixi,IXI068-Guys-0756-MRA_IXI-Guys,1423,2,0.9272144054283292,0.9272144054283292,0.0,0.0,0.0,0.4687499701976776,0.0,1.0
optimal_radius_0p5x,ixi,IXI068-Guys-0756-MRA_IXI-Guys,1424,2,1.0389673181549715,1.0389673181549715,0.0,0.0,0.0,0.5658312677066086,0.0,1.0
optimal_radius_0p5x,ixi,IXI068-Guys-0756-MRA_IXI-Guys,1425,4,1.653119097503242,1.6178809690815945,0.021316146232215623,0.06924723645644179,0.13856189536479044,0.6629125652155398,0.20901986571900075,1.0
optimal_radius_0p5x,ixi,IXI068-Guys-0756-MRA_IXI-Guys,1426,6,3.1659323330942235,3.140242929440339,0.008114324928978142,0.09275768624189368,0.18232098654543322,0.9272144054283292,0.196633039217299,1.0
optimal_radius_0p5x,ixi,IXI068-Guys-0756-MRA_IXI-Guys,1427,4,2.062048537728597,2.0390689875634807,0.01114403940773821,0.06123478187798213,0.12938831461416336,0.7314562885682343,0.17689138317127653,1.0
optimal_radius_0p5x,ixi,IXI068-Guys-0756-MRA_IXI-Guys,1428,7,4.307431315535325,4.27004976235541,0.008678386361053173,0.12861928882672038,0.22641950176229747,0.6629125652155398,0.34155258723852866,1.0
optimal_radius_0p5x,ixi,IXI068-Guys-0756-MRA_IXI-Guys,1429,6,3.596518089380696,3.569528456958469,0.007504378332453892,0.09901357752506414,0.17465539621606346,0.6629125652155398,0.26346671549252637,1.0
optimal_radius_0p5x,ixi,IXI068-Guys-0756-MRA_IXI-Guys,1430,7,3.053923224993158,3.015140824559361,0.012699206095426315,0.10658380426837007,0.18243014670391383,0.6629125652155398,0.2751948843277671,1.0
optimal_radius_0p5x,ixi,IXI068-Guys-0756-MRA_IXI-Guys,1431,7,2.9429780719148777,2.886434278091812,0.019213121009180587,0.10527643180787527,0.19732738109218403,0.4687499701976776,0.4209651064275666,1.0
optimal_radius_0p5x,ixi,IXI068-Guys-0756-MRA_IXI-Guys,1432,2,0.6336832553098984,0.6336832553098984,0.0,0.0,0.0,0.4687499701976776,0.0,1.0
optimal_radius_0p5x,ixi,IXI068-Guys-0756-MRA_IXI-Guys,1433,2,0.5868485783790204,0.5868485783790204,0.0,0.0,0.0,0.5658312677066086,0.0,1.0
optimal_radius_0p5x,ixi,IXI068-Guys-0756-MRA_IXI-Guys,1434,6,2.545814959601119,2.5309641605624558,0.005833416518610647,0.05868015616111031,0.11640707704104554,0.4687499701976776,0.24833511347628512,1.0
optimal_radius_0p5x,ixi,IXI068-Guys-0756-MRA_IXI-Guys,1435,2,0.818996481093934,0.818996481093934,0.0,0.0,0.0,0.6979821878130035,0.0,1.0
optimal_radius_0p5x,ixi,IXI068-Guys-0756-MRA_IXI-Guys,1436,3,1.4741448675613715,1.468696633996095,0.0036958603493898144,0.021073797543856077,0.06322139263156823,0.4687499701976776,0.13487231285562962,1.0
optimal_radius_0p5x,ixi,IXI068-Guys-0756-MRA_IXI-Guys,1437,3,1.1834148079177247,1.1771699239305613,0.00527700341873494,0.020221313689360827,0.06066394106808248,0.4687499701976776,0.12941641583998342,1.0
optimal_radius_0p5x,ixi,IXI068-Guys-0756-MRA_IXI-Guys,1438,5,2.8030881062249957,2.7816432162849876,0.007650451618835713,0.07551600517822525,0.1564034416871224,0.6629125652155398,0.2359337413317385,1.0
optimal_radius_0p5x,ixi,IXI068-Guys-0756-MRA_IXI-Guys,1439,2,1.0389673181549715,1.0389673181549715,0.0,0.0,0.0,0.5658312677066086,0.0,1.0
optimal_radius_0p5x,ixi,IXI068-Guys-0756-MRA_IXI-Guys,1440,3,1.6443854895974208,1.644083775657181,0.0001834812713616127,0.005249795907662863,0.01574938772298859,0.4687499701976776,0.03359869594518988,1.0
optimal_radius_0p5x,ixi,IXI068-Guys-0756-MRA_IXI-Guys,1441,3,1.685255659039084,1.6799702906829102,0.003136241274625023,0.022225609975697103,0.06667682992709131,0.4687499701976776,0.14224391288808588,1.0
optimal_radius_0p5x,ixi,IXI068-Guys-0756-MRA_IXI-Guys,1442,6,4.601801478397301,4.580132530514522,0.004708796758074445,0.10172654354108755,0.18222804021412553,0.4687499701976776,0.3887531771730625,1.0
optimal_radius_0p5x,ixi,IXI068-Guys-0756-MRA_IXI-Guys,1443,5,3.188876063778254,3.1772117171547265,0.0036578237567838076,0.05845733338304961,0.11832007515740667,0.6629125652155398,0.17848519000229843,1.0
optimal_radius_0p5x,ixi,IXI068-Guys-0756-MRA_IXI-Guys,1444,4,1.615538128084026,1.6006317073935787,0.009226907388515643,0.044459857898264316,0.09504847988341253,0.6629125652155398,0.14338011507220175,1.0
optimal_radius_0p5x,ixi,IXI068-Guys-0756-MRA_IXI-Guys,1445,11,5.077907629322441,5.0066114456506865,0.014040464867862857,0.15773238490760486,0.2313861981446432,0.6629125652155398,0.3490448217245817,1.0
optimal_radius_0p5x,ixi,IXI068-Guys-0756-MRA_IXI-Guys,1446,6,3.5471362279674343,3.471048287299406,0.021450526784991215,0.16488618916085382,0.30774702374904805,0.6629125652155398,0.4642347119321641,1.0
optimal_radius_0p5x,ixi,IXI068-Guys-0756-MRA_IXI-Guys,1447,6,4.2305296414797535,4.205199502448647,0.0059874628421813765,0.09807025349326298,0.18253573021970626,0.6629125652155398,0.27535415648722317,1.0
optimal_radius_0p5x,ixi,IXI068-Guys-0756-MRA_IXI-Guys,1448,8,6.276304475922159,6.256186130776458,0.003205444417631683,0.06575457510917107,0.11913413122301367,0.6629125652155398,0.17971318915078693,1.0
optimal_radius_0p5x,ixi,IXI068-Guys-0756-MRA_IXI-Guys,1449,3,1.212653510373364,1.196060929597923,0.013682870361157262,0.03312989799823341,0.09938969399470023,0.4687499701976776,0.21203136066928469,1.0
optimal_radius_0p5x,ixi,IXI068-Guys-0756-MRA_IXI-Guys,1450,6,2.4966438685854957,2.464147214183037,0.013016135305220725,0.08940783388577199,0.16601201911322694,0.4687499701976776,0.3541589966250401,1.0
optimal_radius_0p5x,ixi,IXI068-Guys-0756-MRA_IXI-Guys,1451,6,2.711001278695303,2.6824156441049434,0.010544308781778438,0.0896240526257789,0.17383622153164913,0.6629125652155398,0.26223099493539986,1.0
optimal_radius_0p5x,ixi,IXI068-Guys-0756-MRA_IXI-Guys,1452,4,1.782937049700965,1.726936896805022,0.03140893443508576,0.08906210945468304,0.19271414830554165,0.6629125652155398,0.2907082448239346,1.0
optimal_radius_0p5x,ixi,IXI068-Guys-0756-MRA_IXI-Guys,1453,3,1.3364120563384028,1.314656505977435,0.01627907370169577,0.03995958153197725,0.11987874459593174,0.4687499701976776,0.25574133806425076,1.0
optimal_radius_0p5x,ixi,IXI068-Guys-0756-MRA_IXI-Guys,1454,4,2.170683687366765,2.1528840675382237,0.008200006261683407,0.05591128865639459,0.12139981038213807,0.5658312677066086,0.21455125814129727,1.0
optimal_radius_0p5x,ixi,IXI068-Guys-0756-MRA_IXI-Guys,1455,6,2.7660760712698504,2.7404628182701534,0.009259778957539133,0.06330176299811484,0.11764504414558158,0.5658312677066086,0.2079154172981868,0.9545454545454546
optimal_radius_0p5x,ixi,IXI068-Guys-0756-MRA_IXI-Guys,1456,3,1.3503901940803749,1.340048573784548,0.007658245995239601,0.02776673215778974,0.08330019647336921,0.6629125652155398,0.1256578934301614,1.0
optimal_radius_0p5x,ixi,IXI068-Guys-0756-MRA_IXI-Guys,1457,4,2.1923292142740918,2.1181622492339556,0.033830213344437796,0.11444769133612732,0.22911881021254293,0.4687499701976776,0.4887868261963211,1.0
optimal_radius_0p5x,ixi,IXI068-Guys-0756-MRA_IXI-Guys,1458,4,1.869190412724962,1.8510831723947758,0.009687210145588534,0.05226833482736977,0.11347578159028758,0.5658312677066086,0.2005470324222633,1.0
optimal_radius_0p5x,ixi,IXI068-Guys-0756-MRA_IXI-Guys,1459,7,3.30396241053408,3.293977259416954,0.0030221745517715354,0.05986049367648321,0.11309444247799497,0.4687499701976776,0.2412681592924724,1.0
optimal_radius_0p5x,ixi,IXI068-Guys-0756-MRA_IXI-Guys,1460,7,3.069097844640377,3.028414736851803,0.013255721989971667,0.11452436843928439,0.21454724518357346,0.4687499701976776,0.4577008188247911,1.0
optimal_radius_0p5x,ixi,IXI068-Guys-0756-MRA_IXI-Guys,1461,2,1.0389673181549715,1.0389673181549715,0.0,0.0,0.0,0.5658312677066086,0.0,1.0
optimal_radius_0p5x,ixi,IXI068-Guys-0756-MRA_IXI-Guys,1462,3,1.3012076022490704,1.2977005142442362,0.002695256313268086,0.015903472306171302,0.04771041691851391,0.6629125652155398,0.0719709044932665,1.0
optimal_radius_0p5x,ixi,IXI068-Guys-0756-MRA_IXI-Guys,1463,8,3.9904530171902772,3.8689394615553603,0.030451067864088275,0.2192172329654219,0.3790870541531036,0.800000011920929,0.473858810630333,1.0
optimal_radius_0p5x,ixi,IXI068-Guys-0756-MRA_IXI-Guys,1464,6,3.862883554231098,3.7821413925393967,0.020902043915681238,0.17667551696972317,0.32737127909970665,0.8636072086746291,0.3790742779951092,1.0
optimal_radius_0p5x,ixi,IXI068-Guys-0756-MRA_IXI-Guys,1465,3,0.9375231661304273,0.9375137886168635,1.0002433969162425e-05,0.0006988717984725195,0.0020966153954175585,0.9272144054283292,0.0022611980391407114,1.0
optimal_radius_0p5x,ixi,IXI068-Guys-0756-MRA_IXI-Guys,1466,10,4.627002384818298,4.55466703958432,0.01563330623544053,0.1670900812014999,0.30776161096214943,0.800000011920929,0.38470200797018017,1.0
optimal_radius_0p5x,ixi,IXI068-Guys-0756-MRA_IXI-Guys,1467,5,2.5351530824236606,2.475245965880326,0.02363057164424248,0.12131322443295063,0.24594210681307163,0.6629125652155398,0.3710023308022618,1.0
optimal_radius_0p5x,ixi,IXI068-Guys-0756-MRA_IXI-Guys,1468,9,7.228778321199799,7.194391506128108,0.004756933128084101,0.08781799349835197,0.1794143849765779,0.9272144054283292,0.19349827173327505,1.0
optimal_radius_0p5x,ixi,IXI068-Guys-0756-MRA_IXI-Guys,1469,5,2.4459458838682617,2.4343792786840472,0.004728888427376777,0.0414384259529401,0.10264780952643235,0.6629125652155398,0.15484366251687715,1.0
optimal_radius_0p5x,ixi,IXI068-Guys-0756-MRA_IXI-Guys,1470,8,4.187567718103826,4.152096547964333,0.008470590215447235,0.12909531854323505,0.24392840648650094,0.800000011920929,0.3049105035646056,1.0
optimal_radius_0p5x,ixi,IXI068-Guys-0756-MRA_IXI-Guys,1471,9,4.260309227402802,4.183511832390614,0.018026249014559244,0.19897275056665664,0.3267359503605822,0.800000011920929,0.40841993186479647,1.0
optimal_radius_0p5x,ixi,IXI068-Guys-0756-MRA_IXI-Guys,1472,6,2.784488215429911,2.7623298050349603,0.007957803617972735,0.08178432076890775,0.14698197988479178,0.6629125652155398,0.22172151743269788,1.0
optimal_radius_0p5x,ixi,IXI068-Guys-0756-MRA_IXI-Guys,1473,2,1.0389673181549715,1.0389673181549715,0.0,0.0,0.0,0.4687499701976776,0.0,1.0
optimal_radius_0p5x,ixi,IXI068-Guys-0756-MRA_IXI-Guys,1474,2,0.5866834416974601,0.5866834416974601,0.0,0.0,0.0,0.4687499701976776,0.0,1.0
optimal_radius_0p5x,ixi,IXI068-Guys-0756-MRA_IXI-Guys,1475,4,2.122093629630226,2.1044080322270977,0.0083340325592562,0.054781802969328316,0.1155598856954817,0.4687499701976776,0.24652777182417457,1.0
optimal_radius_0p5x,ixi,IXI068-Guys-0756-MRA_IXI-Guys,1476,2,0.8237862732387985,0.8237862732387985,0.0,0.0,0.0,0.4687499701976776,0.0,1.0
optimal_radius_0p5x,ixi,IXI068-Guys-0756-MRA_IXI-Guys,1477,3,1.4447876856176747,1.4421510680470029,0.0018249169735583609,0.014528837577743375,0.04358651273323012,0.4687499701976776,0.09298456640935712,1.0
optimal_radius_0p5x,ixi,IXI068-Guys-0756-MRA_IXI-Guys,1478,5,2.2262136196483016,2.1874957609236625,0.017391798515164834,0.08956362662260461,0.17954347392798034,0.6629125652155398,0.2708403541417313,1.0
optimal_radius_0p5x,ixi,IXI068-Guys-0756-MRA_IXI-Guys,1479,5,2.0075449412620703,2.0040338414524004,0.001748952034649149,0.024191655097413008,0.050047075672826194,0.4687499701976776,0.10676710155676539,1.0
optimal_radius_0p5x,ixi,IXI068-Guys-0756-MRA_IXI-Guys,1480,4,2.628405615174663,2.6272075647662443,0.00045580879963962175,0.015707772273060836,0.03511658053920882,0.7950634853219345,0.04416827232983732,1.0
optimal_radius_0p5x,ixi,IXI068-Guys-0756-MRA_IXI-Guys,1481,5,3.029217211734473,2.9968591169503105,0.010681998853966299,0.09837256321669316,0.20070883575949033,0.6629125652155398,0.30276818737661393,1.0
optimal_radius_0p5x,ixi,IXI068-Guys-0756-MRA_IXI-Guys,1482,6,2.892213285281022,2.879164401481211,0.0045117294309581744,0.05906710202688237,0.11989251741025482,0.7314562885682343,0.16390933987994633,0.9545454545454546
optimal_radius_0p5x,ixi,IXI068-Guys-0756-MRA_IXI-Guys,1483,9,5.085115671330445,5.057954074749602,0.005341392081595759,0.11660346150444163,0.17222599149066214,0.6629125652155398,0.25980197167429536,1.0
optimal_radius_0p5x,ixi,IXI068-Guys-0756-MRA_IXI-Guys,1484,11,5.476046779506676,5.403617360284186,0.01322658884024638,0.2097529221256966,0.3132003042440004,0.6629125652155398,0.4724609559062533,1.0
optimal_radius_0p5x,ixi,IXI068-Guys-0756-MRA_IXI-Guys,1485,6,2.518280359411737,2.46716250368224,0.020298715168250013,0.11854510377151976,0.2146403328837478,0.800000011920929,0.26830041210669703,0.9523809523809523
optimal_radius_0p5x,ixi,IXI068-Guys-0756-MRA_IXI-Guys,1486,5,2.9117201038476823,2.878031769146352,0.011569908335905307,0.09404625470807434,0.19170616413611116,0.6629125652155398,0.2891877061853243,1.0
optimal_radius_0p5x,ixi,IXI068-Guys-0756-MRA_IXI-Guys,1487,8,5.801999527097577,5.791399649634943,0.0018269352510505606,0.07486936938431922,0.14575906465014796,0.5658312677066086,0.25760164375667916,1.0
optimal_radius_0p5x,ixi,IXI068-Guys-0756-MRA_IXI-Guys,1488,7,4.913051126810701,4.85585076575738,0.011642533239920101,0.1729640637548597,0.3079988208162373,0.6629125652155398,0.46461454643885713,1.0
optimal_radius_0p5x,ixi,IXI068-Guys-0756-MRA_IXI-Guys,1489,6,2.7447740778815244,2.708019024082217,0.01339092134959096,0.10433761139968356,0.1931618523516389,0.7314562885682343,0.2640784628835954,1.0
optimal_radius_0p5x,ixi,IXI068-Guys-0756-MRA_IXI-Guys,1490,13,5.735991516506656,5.704619007402704,0.005469413442064957,0.0853370008502479,0.1526558912640919,0.800000011920929,0.19081986123667738,1.0
optimal_radius_0p5x,ixi,IXI068-Guys-0756-MRA_IXI-Guys,1491,4,1.6134957142118007,1.5898165129107857,0.014675713788668079,0.05617913678977972,0.11678553339474562,0.800000011920929,0.14598191456813198,1.0
optimal_radius_0p5x,ixi,IXI068-Guys-0756-MRA_IXI-Guys,1492,4,2.1005887918547312,2.0679856944638706,0.01552093275813087,0.07477983484625138,0.15630206675231803,0.5658312677066086,0.2762344106323987,1.0
optimal_radius_0p5x,ixi,IXI068-Guys-0756-MRA_IXI-Guys,1493,3,1.6191247545225285,1.6129893284437773,0.00378934733819228,0.02346341160687884,0.07039023482063651,0.4687499701976776,0.1501658438313118,1.0
optimal_radius_0p5x,ixi,IXI068-Guys-0756-MRA_IXI-Guys,1494,2,0.9328669849636827,0.9328669849636827,0.0,0.0,0.0,0.4687499701976776,0.0,1.0
optimal_radius_0p5x,ixi,IXI068-Guys-0756-MRA_IXI-Guys,1495,3,1.36861084667391,1.3545549999140758,0.010270155898584057,0.03259243138934667,0.09777729416804001,0.4687499701976776,0.20859157415371382,1.0
optimal_radius_0p5x,ixi,IXI068-Guys-0756-MRA_IXI-Guys,1496,5,3.1951860339403915,3.1864697220218776,0.002727951307349906,0.0439166278712262,0.08937567052645648,0.800000011920929,0.11171958649331903,1.0
optimal_radius_0p5x,ixi,IXI068-Guys-0756-MRA_IXI-Guys,1497,6,3.9079943299564066,3.8760484330121905,0.008174499307569997,0.11622217063205743,0.2176938924176281,0.7314562885682343,0.2976170904808899,0.9615384615384616
optimal_radius_0p5x,ixi,IXI068-Guys-0756-MRA_IXI-Guys,1498,2,0.8291088512199416,0.8291088512199416,0.0,0.0,0.0,0.5658312677066086,0.0,1.0
optimal_radius_0p5x,ixi,IXI068-Guys-0756-MRA_IXI-Guys,1499,5,3.1464151531151447,3.0938440883254796,0.016708241675487904,0.12646906147275822,0.2572415398409735,0.9272144054283292,0.2774347964558856,1.0
optimal_radius_0p5x,ixi,IXI068-Guys-0756-MRA_IXI-Guys,1500,7,4.8494218472778,4.8327485385480555,0.0034382054716696384,0.08259773450609657,0.1584310635731368,0.9272144054283292,0.17086777626146687,1.0
optimal_radius_0p5x,ixi,IXI068-Guys-0756-MRA_IXI-Guys,1501,8,4.412853318967276,4.3519672326697245,0.013797441676987413,0.18210252918940367,0.3182507241181341,0.800000011920929,0.39781339921978603,1.0
optimal_radius_0p5x,ixi,IXI068-Guys-0756-MRA_IXI-Guys,1502,5,2.855887588802769,2.8340631831600858,0.0076418993969689765,0.07551256330310867,0.1515016954677488,0.6629125652155398,0.22853948381335848,1.0
optimal_radius_0p5x,ixi,IXI068-Guys-0756-MRA_IXI-Guys,1503,8,4.536305596822039,4.50144576972591,0.007684629342553726,0.12004957111517993,0.19321697621663075,0.6629125652155398,0.29146675799365496,1.0
optimal_radius_0p5x,ixi,IXI068-Guys-0756-MRA_IXI-Guys,1504,2,1.0389673181549715,1.0389673181549715,0.0,0.0,0.0,0.5658312677066086,0.0,1.0
optimal_radius_0p5x,ixi,IXI068-Guys-0756-MRA_IXI-Guys,1505,5,2.2171626056949507,2.2030380158852383,0.006370570103172562,0.054335538607215336,0.11162336266067152,0.6629125652155398,0.1683832356147575,1.0
optimal_radius_0p5x,ixi,IXI068-Guys-0756-MRA_IXI-Guys,1506,6,3.231175980274428,3.211248927742127,0.006167120780159047,0.08082214550812675,0.15493668203964264,0.4687499701976776,0.3305316093658714,0.9642857142857143
optimal_radius_0p5x,ixi,IXI068-Guys-0756-MRA_IXI-Guys,1507,3,1.069321817547649,1.0656828578903756,0.0034030537837701066,0.01468872044093177,0.04406616132279531,0.4687499701976776,0.09400781679881935,1.0
optimal_radius_0p5x,ixi,IXI068-Guys-0756-MRA_IXI-Guys,1508,8,3.5394748401056426,3.530295683069417,0.0025933669402637806,0.05121233766083057,0.08003918764511295,0.4687499701976776,0.17075027783225125,0.9655172413793104
optimal_radius_0p5x,ixi,IXI068-Guys-0756-MRA_IXI-Guys,1509,2,0.4687499701976776,0.4687499701976776,0.0,0.0,0.0,0.5658312677066086,0.0,1.0
optimal_radius_0p5x,ixi,IXI068-Guys-0756-MRA_IXI-Guys,1510,2,0.9272144054283292,0.9272144054283292,0.0,0.0,0.0,0.5658312677066086,0.0,1.0
optimal_radius_0p5x,ixi,IXI068-Guys-0756-MRA_IXI-Guys,1511,2,1.0389673181549715,1.0389673181549715,0.0,0.0,0.0,0.5658312677066086,0.0,1.0
optimal_radius_0p5x,ixi,IXI068-Guys-0756-MRA_IXI-Guys,1512,3,1.2325858479670042,1.2324391089683826,0.00011904971881969683,0.0031695276313708945,0.009508582894112683,0.4687499701976776,0.0202849781304579,1.0
optimal_radius_0p5x,ixi,IXI068-Guys-0756-MRA_IXI-Guys,1513,2,1.0389673181549715,1.0389673181549715,0.0,0.0,0.0,0.4687499701976776,0.0,1.0
optimal_radius_0p5x,ixi,IXI068-Guys-0756-MRA_IXI-Guys,1514,2,1.0389673181549715,1.0389673181549715,0.0,0.0,0.0,0.5658312677066086,0.0,1.0
optimal_radius_0p5x,ixi,IXI068-Guys-0756-MRA_IXI-Guys,1515,2,0.9272144054283292,0.9272144054283292,0.0,0.0,0.0,0.5658312677066086,0.0,1.0
optimal_radius_0p5x,ixi,IXI068-Guys-0756-MRA_IXI-Guys,1516,2,1.0389673181549715,1.0389673181549715,0.0,0.0,0.0,0.4687499701976776,0.0,1.0
optimal_radius_0p5x,ixi,IXI068-Guys-0756-MRA_IXI-Guys,1517,3,1.0482386850624619,1.0481567978130077,7.811889660344607e-05,0.0021836599954458843,0.006550979986337653,0.4687499701976776,0.013975424859387244,1.0
optimal_radius_0p5x,ixi,IXI068-Guys-0756-MRA_IXI-Guys,1518,2,1.0389673181549715,1.0389673181549715,0.0,0.0,0.0,0.4687499701976776,0.0,1.0
optimal_radius_0p5x,ixi,IXI068-Guys-0756-MRA_IXI-Guys,1519,4,2.0368018297767336,2.032588229144011,0.0020687337231941557,0.02587380052648962,0.0584362754413836,0.5658312677066086,0.10327509060825465,1.0
optimal_radius_0p5x,ixi,IXI068-Guys-0756-MRA_IXI-Guys,1520,5,3.151397920259403,3.105939007441742,0.014424999307583196,0.11709671356906212,0.23389655000721066,0.6629125652155398,0.3528316738590728,1.0
optimal_radius_0p5x,ixi,IXI068-Guys-0756-MRA_IXI-Guys,1521,6,4.254393278145529,4.234562012577062,0.004661361625954586,0.07914633494083592,0.16807328702170432,0.4687499701976776,0.3585563684427025,1.0
optimal_radius_0p5x,ixi,IXI068-Guys-0756-MRA_IXI-Guys,1522,2,1.0389673181549715,1.0389673181549715,0.0,0.0,0.0,0.4687499701976776,0.0,1.0
optimal_radius_0p5x,ixi,IXI068-Guys-0756-MRA_IXI-Guys,1523,2,0.9272144054283292,0.9272144054283292,0.0,0.0,0.0,0.5658312677066086,0.0,1.0
optimal_radius_0p5x,ixi,IXI068-Guys-0756-MRA_IXI-Guys,1524,5,3.740723691030549,3.708722275368735,0.008554872881561955,0.10556021972825451,0.21247081938621856,0.6629125652155398,0.32051107572102766,0.9565217391304348
optimal_radius_0p5x,ixi,IXI068-Guys-0756-MRA_IXI-Guys,1525,4,2.5385348453334595,2.5183976123777714,0.007932620264285928,0.06470099714865277,0.1359710301196217,0.4687499701976776,0.29007154936411206,1.0
optimal_radius_0p5x,ixi,IXI068-Guys-0756-MRA_IXI-Guys,1526,9,6.7181421291826595,6.695977829016983,0.0032991710713290512,0.12483341021256751,0.24133455224058764,0.6629125652155398,0.36405185978352966,1.0
optimal_radius_0p5x,ixi,IXI068-Guys-0756-MRA_IXI-Guys,1527,3,1.6858888496159707,1.6830916380954661,0.0016591909491196785,0.016177749687405898,0.04853324906221769,0.4687499701976776,0.10353760458214135,1.0
optimal_radius_0p5x,ixi,IXI068-Guys-0756-MRA_IXI-Guys,1528,5,3.345641496549555,3.322619155326599,0.006881293541671841,0.08558247535336794,0.17149318356704069,0.4687499701976776,0.3658521482032733,1.0
optimal_radius_0p5x,ixi,IXI068-Guys-0756-MRA_IXI-Guys,1529,4,1.6894942224587537,1.6844184054672173,0.003004341135981767,0.026710871954592562,0.053530857803900225,0.4687499701976776,0.11419917057557488,1.0
optimal_radius_0p5x,ixi,IXI068-Guys-0756-MRA_IXI-Guys,1530,2,0.8062298328360554,0.8062298328360554,0.0,0.0,0.0,0.6629125652155398,0.0,1.0
optimal_radius_0p5x,ixi,IXI068-Guys-0756-MRA_IXI-Guys,1531,5,3.3787359155323022,3.3469193362892207,0.009416710876046383,0.1020703644010014,0.2097281156367949,0.4687499701976776,0.4474200084713605,1.0
optimal_radius_0p5x,ixi,IXI068-Guys-0756-MRA_IXI-Guys,1532,3,1.4659296802017556,1.4626994594544092,0.002203530490563431,0.016180457626117237,0.04854137287835171,0.6629125652155398,0.07322439704030793,1.0
optimal_radius_0p5x,ixi,IXI068-Guys-0756-MRA_IXI-Guys,1533,7,4.018076937834843,3.9690653044254427,0.012197783707897524,0.11857671018198446,0.21803050451638586,0.6629125652155398,0.3288978305087569,1.0
optimal_radius_0p5x,ixi,IXI068-Guys-0756-MRA_IXI-Guys,1534,4,2.608534944444543,2.5929690447682257,0.005967295822303838,0.05719912997150908,0.1218069730779601,0.5658312677066086,0.21527084137937513,1.0
optimal_radius_0p5x,ixi,IXI068-Guys-0756-MRA_IXI-Guys,1535,7,5.000343391458243,4.979740250568092,0.004120345199760795,0.11062787992342558,0.19905886854876134,0.4687499701976776,0.4246589465697796,1.0
optimal_radius_0p5x,ixi,IXI068-Guys-0756-MRA_IXI-Guys,1536,3,1.7210107968607815,1.7205106202395606,0.00029062956614408033,0.00690961300919854,0.02072883902759562,0.4687499701976776,0.044221526070399565,1.0
optimal_radius_0p5x,ixi,IXI068-Guys-0756-MRA_IXI-Guys,1537,3,1.341037405171245,1.335450803815307,0.004165880335921458,0.020328804142287053,0.060986412426861154,0.4687499701976776,0.13010435478244925,1.0
optimal_radius_0p5x,ixi,IXI068-Guys-0756-MRA_IXI-Guys,1538,3,1.1730193835430802,1.1708400477011995,0.0018578856176255528,0.011911762644451518,0.03573528793335455,0.4687499701976776,0.07623528577139864,1.0
optimal_radius_0p5x,ixi,IXI068-Guys-0756-MRA_IXI-Guys,1539,2,0.6494486672050241,0.6494486672050241,0.0,0.0,0.0,0.4687499701976776,0.0,1.0
optimal_radius_0p5x,ixi,IXI068-Guys-0756-MRA_IXI-Guys,1540,3,1.113582830740142,1.1125678793236051,0.000911428758166441,0.007921651719193862,0.023764955157581587,0.4687499701976776,0.05069857422616926,1.0
optimal_radius_0p5x,ixi,IXI068-Guys-0756-MRA_IXI-Guys,1541,3,1.0927826338967828,1.0866727558343345,0.005591119288436026,0.01923196598146246,0.057695897944387384,0.4687499701976776,0.12308459010686724,1.0
optimal_radius_0p5x,ixi,IXI068-Guys-0756-MRA_IXI-Guys,1542,4,1.8369575802435967,1.8227234634865657,0.007748745485534535,0.04574366866700258,0.09895890954841233,0.6629125652155398,0.14927897695865333,1.0
optimal_radius_0p5x,ixi,IXI068-Guys-0756-MRA_IXI-Guys,1543,2,0.628274689268522,0.628274689268522,0.0,0.0,0.0,0.5658312677066086,0.0,1.0
optimal_radius_0p5x,ixi,IXI068-Guys-0756-MRA_IXI-Guys,1544,4,1.5189696046897645,1.4909889767342484,0.018420795168729482,0.0592700011730143,0.1260670612091082,0.4687499701976776,0.2689430810117048,1.0
optimal_radius_0p5x,ixi,IXI068-Guys-0756-MRA_IXI-Guys,1545,6,2.4727760451434384,2.431510514861374,0.016687936767711166,0.10588027978306712,0.19755721989826888,0.4687499701976776,0.42145542924505486,1.0
optimal_radius_0p5x,ixi,IXI068-Guys-0756-MRA_IXI-Guys,1546,5,2.3493480990672047,2.3117970696956203,0.015983595358428925,0.0922752765621148,0.18845534466638972,0.4687499701976776,0.40203809418252506,1.0
optimal_radius_0p5x,ixi,IXI068-Guys-0756-MRA_IXI-Guys,1547,2,1.0389673181549715,1.0389673181549715,0.0,0.0,0.0,0.4687499701976776,0.0,1.0
optimal_radius_0p5x,ixi,IXI068-Guys-0756-MRA_IXI-Guys,1548,3,1.3903901634822344,1.3873223607769711,0.0022064329753167873,0.015354024716001417,0.04606207414800425,0.4687499701976776,0.09826576442997811,1.0
optimal_radius_0p5x,ixi,IXI068-Guys-0756-MRA_IXI-Guys,1549,8,6.155004796221874,6.118290980401557,0.00596487200836186,0.11300503512420332,0.2341851497516288,0.6629125652155398,0.3532670250042488,0.9761904761904762
optimal_radius_0p5x,ixi,IXI068-Guys-0756-MRA_IXI-Guys,1550,3,1.0906936812448451,1.0881875388148479,0.002297750938775867,0.012309356122035908,0.03692806836610772,0.4687499701976776,0.07877988418971996,1.0
optimal_radius_0p5x,ixi,IXI068-Guys-0756-MRA_IXI-Guys,1551,4,1.448619285795351,1.4402260647822256,0.005793945376419057,0.03168230528181733,0.06745636419475279,0.4687499701976776,0.1439069194314948,1.0
optimal_radius_0p5x,ixi,IXI068-Guys-0756-MRA_IXI-Guys,1552,4,2.232728805448252,2.2264649890288877,0.00280545331080041,0.03355173841215594,0.0705240420336099,0.4687499701976776,0.15045129923713713,1.0
optimal_radius_0p5x,ixi,IXI068-Guys-0756-MRA_IXI-Guys,1553,6,2.8245930635561995,2.7871637302854664,0.013251230328948394,0.10685219880272923,0.20397797704777276,0.4687499701976776,0.43515304536820076,1.0
optimal_radius_0p5x,ixi,IXI068-Guys-0756-MRA_IXI-Guys,1554,4,1.5889649799297276,1.5704169747754233,0.011673010663283854,0.048793292129763285,0.10268623662263905,0.4687499701976776,0.21906398538934307,1.0
optimal_radius_0p5x,ixi,IXI068-Guys-0756-MRA_IXI-Guys,1555,3,0.9616770920093609,0.9574577917744336,0.004387439682182079,0.01499751680087543,0.044992550402626286,0.4687499701976776,0.09598411362810834,1.0
optimal_radius_0p5x,ixi,IXI068-Guys-0756-MRA_IXI-Guys,1556,4,1.4295747478733494,1.4148592955003154,0.010293587232794102,0.041078903821547275,0.08975274940209252,0.4687499701976776,0.1914725442312939,1.0
optimal_radius_0p5x,ixi,IXI068-Guys-0756-MRA_IXI-Guys,1557,3,1.0668057031187672,1.061703558991919,0.004782636718131749,0.017345160619778418,0.05203548185933526,0.4687499701976776,0.11100903502434625,1.0
optimal_radius_0p5x,ixi,IXI068-Guys-0756-MRA_IXI-Guys,1558,2,0.767921643261452,0.767921643261452,0.0,0.0,0.0,0.4687499701976776,0.0,1.0
optimal_radius_0p5x,ixi,IXI068-Guys-0756-MRA_IXI-Guys,1559,3,1.495629599419817,1.4952794227748463,0.00023413326742568043,0.005392970104928136,0.016178910314784408,0.4687499701976776,0.03451501086594536,1.0
optimal_radius_0p5x,ixi,IXI068-Guys-0756-MRA_IXI-Guys,1560,2,0.5776095462810448,0.5776095462810448,0.0,0.0,0.0,0.4687499701976776,0.0,1.0
optimal_radius_0p5x,ixi,IXI068-Guys-0756-MRA_IXI-Guys,1561,3,1.1823823256589607,1.1815583759871702,0.0006968555381030054,0.007355102090200214,0.022065306270600642,0.6629125652155398,0.03328539452774789,1.0
optimal_radius_0p5x,ixi,IXI068-Guys-0756-MRA_IXI-Guys,1562,4,2.9400570842567104,2.9353781904459177,0.0015914295800061194,0.02993144950273203,0.07866042767868192,0.4687499701976776,0.1678089230501921,1.0
optimal_radius_0p5x,ixi,IXI068-Guys-0756-MRA_IXI-Guys,1563,2,0.9272144054283231,0.9272144054283231,0.0,0.0,0.0,0.4687499701976776,0.0,1.0
optimal_radius_0p5x,ixi,IXI068-Guys-0756-MRA_IXI-Guys,1564,2,0.800000011920929,0.800000011920929,0.0,0.0,0.0,0.4687499701976776,0.0,1.0
optimal_radius_0p5x,ixi,IXI068-Guys-0756-MRA_IXI-Guys,1565,2,1.0389673181549715,1.0389673181549715,0.0,0.0,0.0,0.4687499701976776,0.0,1.0
optimal_radius_0p5x,ixi,IXI068-Guys-0756-MRA_IXI-Guys,1566,2,0.46860938252533274,0.4686093825253327,1.1845932518915566e-16,0.0,0.0,0.4687499701976776,0.0,1.0
optimal_radius_0p5x,ixi,IXI068-Guys-0756-MRA_IXI-Guys,1567,4,1.9372619496166608,1.8781767325662797,0.030499343190048538,0.0917067455778123,0.19452434181918027,0.4687499701976776,0.41498528893163866,1.0
optimal_radius_0p5x,ixi,IXI068-Guys-0756-MRA_IXI-Guys,1568,5,3.2526290306469208,3.2177796457658605,0.01071422057440378,0.10464006813076694,0.212720151162614,0.6629125652155398,0.3208871913499634,1.0
optimal_radius_0p5x,ixi,IXI068-Guys-0756-MRA_IXI-Guys,1569,8,5.342441569077528,5.308190271405068,0.006411169355732306,0.12575244149445222,0.20101139410533764,0.6629125652155398,0.30322459499614507,0.972972972972973
optimal_radius_0p5x,ixi,IXI068-Guys-0756-MRA_IXI-Guys,1570,4,1.834100561548755,1.8050157950213306,0.01585778181260928,0.06577600536032084,0.13332057874580416,0.6629125652155398,0.2011133680992398,1.0
optimal_radius_0p5x,ixi,IXI068-Guys-0756-MRA_IXI-Guys,1571,8,3.3330898023296363,3.2920604456185107,0.01230970635188058,0.09352496804389579,0.16674612549998735,0.6629125652155398,0.25153562362446913,1.0
optimal_radius_0p5x,ixi,IXI068-Guys-0756-MRA_IXI-Guys,1572,7,3.2792933651740643,3.25398865385283,0.007716513438525791,0.09172758753677392,0.1583890094589828,0.4687499701976776,0.3378965749953823,1.0
optimal_radius_0p5x,ixi,IXI068-Guys-0756-MRA_IXI-Guys,1573,3,1.3931022421548902,1.3928156699029015,0.00020570798274318654,0.004708572000133159,0.014125716000399479,0.4687499701976776,0.030134862716775197,1.0
optimal_radius_0p5x,ixi,IXI068-Guys-0756-MRA_IXI-Guys,1574,15,6.703366980507962,6.632820785162139,0.010523994218272308,0.1277200645271584,0.229943686788165,0.6629125652155398,0.34686880118707814,1.0
optimal_radius_0p5x,ixi,IXI068-Guys-0756-MRA_IXI-Guys,1575,12,5.3450111822919375,5.280410010519246,0.012086255682067781,0.11168061476528507,0.23352969876300259,0.6629125652155398,0.352278280751961,1.0
optimal_radius_0p5x,ixi,IXI068-Guys-0756-MRA_IXI-Guys,1576,4,1.584340527763663,1.5804397324849533,0.002462093981914268,0.022158493554832605,0.04801319366449459,0.4687499701976776,0.1024281529964617,1.0
optimal_radius_0p5x,ixi,IXI068-Guys-0756-MRA_IXI-Guys,1577,5,3.398198356559596,3.367288668643869,0.009095904556619376,0.10200674789245572,0.21124016689420125,0.4687499701976776,0.4506457180255791,1.0
optimal_radius_0p5x,ixi,IXI068-Guys-0756-MRA_IXI-Guys,1578,2,0.8941214010689396,0.8941214010689396,0.0,0.0,0.0,0.5658312677066086,0.0,1.0
optimal_radius_0p5x,ixi,IXI068-Guys-0756-MRA_IXI-Guys,1579,9,4.649927506577864,4.625784381708022,0.005192150810026347,0.10630839433631907,0.17832818168429662,0.4687499701976776,0.380433478447142,1.0
optimal_radius_0p5x,ixi,IXI068-Guys-0756-MRA_IXI-Guys,1580,4,1.516005090921941,1.5004999264842867,0.010227646681730453,0.04409232382083547,0.09061217252544214,0.5658312677066086,0.160139917492905,1.0
optimal_radius_0p5x,ixi,IXI068-Guys-0756-MRA_IXI-Guys,1581,2,0.4806300261467104,0.4806300261467104,0.0,0.0,0.0,0.4687499701976776,0.0,1.0
optimal_radius_0p5x,ixi,IXI068-Guys-0756-MRA_IXI-Guys,1582,6,2.92808329220626,2.9013728476955367,0.009122160077146403,0.08252363284077063,0.1698791199120937,0.4687499701976776,0.36240881218713167,0.96
optimal_radius_0p5x,ixi,IXI068-Guys-0756-MRA_IXI-Guys,1583,3,1.0758702500440527,1.075638198254508,0.000215687523226115,0.003723772199691562,0.011171316599074686,0.4687499701976776,0.02383214359323288,1.0
optimal_radius_0p5x,ixi,IXI068-Guys-0756-MRA_IXI-Guys,1584,2,1.0389673181549715,1.0389673181549715,0.0,0.0,0.0,0.5658312677066086,0.0,1.0
optimal_radius_0p5x,ixi,IXI068-Guys-0756-MRA_IXI-Guys,1585,3,1.6740841535030926,1.671584358093225,0.001493231630343449,0.01522581527160899,0.045677445814826974,0.4687499701976776,0.09744522393369803,1.0
optimal_radius_0p5x,ixi,IXI068-Guys-0756-MRA_IXI-Guys,1586,2,0.6743285391612465,0.6743285391612464,1.6464126314542328e-16,0.0,0.0,0.4687499701976776,0.0,1.0
optimal_radius_0p5x,ixi,IXI068-Guys-0756-MRA_IXI-Guys,1587,2,0.5644287665018592,0.5644287665018592,0.0,0.0,0.0,0.6343749910593033,0.0,1.0
optimal_radius_0p5x,ixi,IXI068-Guys-0756-MRA_IXI-Guys,1588,6,2.567709930080972,2.5553664938044407,0.004807177061523492,0.04084576999933572,0.08304249240270961,0.6629125652155398,0.12526914824085306,1.0
optimal_radius_0p5x,ixi,IXI068-Guys-0756-MRA_IXI-Guys,1589,7,3.5228782700441696,3.4941691180161123,0.008149345457712167,0.10658848476654667,0.196424796854536,0.6629125652155398,0.296305737983214,1.0
optimal_radius_0p5x,ixi,IXI068-Guys-0756-MRA_IXI-Guys,1590,8,4.287337743273314,4.260945242421956,0.006155918295162788,0.0798218889383403,0.17690485925531052,0.6629125652155398,0.26686001825563765,0.9696969696969697
optimal_radius_0p5x,ixi,IXI068-Guys-0756-MRA_IXI-Guys,1591,14,6.446446770007892,6.375660923060312,0.010980598998647085,0.0991392524037247,0.1729203488900739,0.4687499701976776,0.3688967677526492,0.9629629629629629
optimal_radius_0p5x,ixi,IXI068-Guys-0756-MRA_IXI-Guys,1592,6,2.8078282697327257,2.772885646380951,0.012444715272811475,0.09767258921023568,0.1989895886994665,0.6629125652155398,0.30017471253507905,0.9565217391304348
optimal_radius_0p5x,ixi,IXI068-Guys-0756-MRA_IXI-Guys,1593,5,2.0714804232482695,2.0555536775001335,0.0076885813495458635,0.05497555552313256,0.11077392189484055,0.6629125652155398,0.1671018588383876,1.0
optimal_radius_0p5x,ixi,IXI068-Guys-0756-MRA_IXI-Guys,1594,7,2.939497687771221,2.911294570115773,0.009594536431437756,0.07015948696483745,0.165477744868516,0.800000011920929,0.20684717800338184,1.0
optimal_radius_0p5x,ixi,IXI068-Guys-0756-MRA_IXI-Guys,1595,5,2.3609293837201277,2.3573705956027116,0.0015073674553571644,0.027596378117144982,0.05478316355721521,0.6629125652155398,0.08264010433925473,1.0
optimal_radius_0p5x,ixi,IXI068-Guys-0756-MRA_IXI-Guys,1596,6,2.6511298971113275,2.6000675230913837,0.019260608118667227,0.12061609281651069,0.22618421784444087,0.7314562885682343,0.3092245174174084,1.0
optimal_radius_0p5x,ixi,IXI068-Guys-0756-MRA_IXI-Guys,1597,12,6.052891808047052,5.996122875414518,0.009378811720550169,0.12484028189099493,0.19944554878211496,0.6629125652155398,0.30086252584044343,1.0
optimal_radius_0p5x,ixi,IXI068-Guys-0756-MRA_IXI-Guys,1598,3,1.0962946597436178,1.0926239901449195,0.0033482509160053377,0.0149365954396072,0.0448097863188216,0.6629125652155398,0.06759531900598705,1.0
optimal_radius_0p5x,ixi,IXI068-Guys-0756-MRA_IXI-Guys,1599,8,3.6895717482907227,3.6441211353569622,0.012318668949808721,0.09431077144648951,0.20753127873466945,0.5658312677066086,0.3667723764644928,0.9666666666666667
optimal_radius_0p5x,ixi,IXI068-Guys-0756-MRA_IXI-Guys,1600,5,1.974641965310106,1.953324789198498,0.010795463930222031,0.058326558241580395,0.11734717381364701,0.4687499701976776,0.2503406533853437,1.0
optimal_radius_0p5x,ixi,IXI068-Guys-0756-MRA_IXI-Guys,1601,6,2.95806041527718,2.914944836499684,0.014575624809696753,0.11629318422590466,0.22024413865097564,0.4687499701976776,0.46985419232793973,1.0
optimal_radius_0p5x,ixi,IXI068-Guys-0756-MRA_IXI-Guys,1602,2,0.5226135271909473,0.5226135271909473,0.0,0.0,0.0,0.4687499701976776,0.0,1.0
optimal_radius_0p5x,ixi,IXI068-Guys-0756-MRA_IXI-Guys,1603,4,1.6429848098988482,1.6381170053565188,0.002962781221713833,0.025229892321027174,0.0558683927098622,0.4687499701976776,0.11918591202534223,1.0
optimal_radius_0p5x,ixi,IXI068-Guys-0756-MRA_IXI-Guys,1604,7,3.4176287720450893,3.3718257304883443,0.013401994368550654,0.11860235532721833,0.21737279356769654,0.6629125652155398,0.3279056771190026,1.0
optimal_radius_0p5x,ixi,IXI068-Guys-0756-MRA_IXI-Guys,1605,7,3.446938866466075,3.4242854513258183,0.006572038558804486,0.08892857167487248,0.15994918928038157,0.6629125652155398,0.24128248229595045,1.0
optimal_radius_0p5x,ixi,IXI068-Guys-0756-MRA_IXI-Guys,1606,4,1.3763474275030005,1.3759318976387276,0.0003019076840408093,0.006432445973008412,0.015593180779401597,0.800000011920929,0.019491475683806374,1.0
optimal_radius_0p5x,ixi,IXI068-Guys-0756-MRA_IXI-Guys,1607,7,2.7702493568123367,2.671016857027129,0.035820782537566306,0.1454169185155088,0.3032903370879603,0.800000011920929,0.37911291571072775,1.0
optimal_radius_0p5x,ixi,IXI068-Guys-0756-MRA_IXI-Guys,1608,7,4.008354849139583,3.9591832950833767,0.012267265725428852,0.14913114529033228,0.2657768566041006,0.800000011920929,0.3322210658046461,1.0
optimal_radius_0p5x,ixi,IXI068-Guys-0756-MRA_IXI-Guys,1609,3,1.3258251304310795,1.3258251304310795,0.0,0.0,0.0,0.4687499701976776,0.0,1.0
optimal_radius_0p5x,ixi,IXI068-Guys-0756-MRA_IXI-Guys,1610,6,2.992094192132218,2.9557734499907333,0.01213890332630265,0.10838682730431486,0.20579133738274466,0.4687499701976776,0.43902154766209356,1.0
optimal_radius_0p5x,ixi,IXI068-Guys-0756-MRA_IXI-Guys,1611,4,2.1398344315189806,2.1341560852792143,0.002653638130187221,0.029976092723894916,0.07279408113553858,0.6629125652155398,0.10980947557068897,1.0
optimal_radius_0p5x,ixi,IXI068-Guys-0756-MRA_IXI-Guys,1612,6,3.6855040876357634,3.654697040269612,0.008358977939952267,0.1066452119484514,0.19761547015375913,0.6629125652155398,0.2981018621807332,0.9642857142857143
optimal_radius_0p5x,ixi,IXI068-Guys-0756-MRA_IXI-Guys,1613,5,2.1536582524954593,2.121175909916612,0.015082403413452385,0.08240794583766284,0.16075695232868062,0.800000011920929,0.20094618741651923,1.0
optimal_radius_0p5x,ixi,IXI068-Guys-0756-MRA_IXI-Guys,1614,6,2.563129948461169,2.4917445012644133,0.027850888808666797,0.13993391592981488,0.25432357772409764,0.6629125652155398,0.38364573409678354,1.0
optimal_radius_0p5x,ixi,IXI068-Guys-0756-MRA_IXI-Guys,1615,5,2.0023579239774896,1.9423943208232015,0.029946495796903373,0.10541345330936158,0.21291301534424728,0.6629125652155398,0.32117812591924644,1.0
optimal_radius_0p5x,ixi,IXI068-Guys-0756-MRA_IXI-Guys,1616,5,2.4877069151161395,2.463795270108873,0.00961192207248031,0.0737077661560935,0.14877205783473463,0.6629125652155398,0.22442184028652828,0.9523809523809523
optimal_radius_0p5x,ixi,IXI068-Guys-0756-MRA_IXI-Guys,1617,5,2.2251078772227486,2.182912033892333,0.01896350453942131,0.0948568184148075,0.19169621737210646,0.800000011920929,0.23962026814451284,1.0
optimal_radius_0p5x,ixi,IXI068-Guys-0756-MRA_IXI-Guys,1618,7,3.6301676267629794,3.573186851688938,0.015696458382240437,0.15472008641855345,0.2800297225683146,0.800000011920929,0.3500371479944333,1.0
optimal_radius_0p5x,ixi,IXI068-Guys-0756-MRA_IXI-Guys,1619,6,4.132973783853494,4.104653628299489,0.006852246598961013,0.10932894168896952,0.21111599568667194,0.4687499701976776,0.45038081943267483,1.0
optimal_radius_0p5x,ixi,IXI068-Guys-0756-MRA_IXI-Guys,1620,2,0.8263869298668752,0.8263869298668752,0.0,0.0,0.0,0.4687499701976776,0.0,1.0
optimal_radius_0p5x,ixi,IXI068-Guys-0756-MRA_IXI-Guys,1621,2,0.8464952267150361,0.8464952267150361,0.0,0.0,0.0,0.4687499701976776,0.0,1.0
optimal_radius_0p5x,ixi,IXI068-Guys-0756-MRA_IXI-Guys,1622,5,3.2731201548233604,3.2547771341698537,0.005604139104540938,0.07610662810916202,0.15300695207612816,0.6629125652155398,0.23081015522217382,1.0
optimal_radius_0p5x,ixi,IXI068-Guys-0756-MRA_IXI-Guys,1623,9,5.775635739890179,5.752480322775061,0.004009154690139424,0.09914160644598176,0.19729055351359764,0.6629125652155398,0.2976117271958037,0.9761904761904762
optimal_radius_0p5x,ixi,IXI068-Guys-0756-MRA_IXI-Guys,1624,6,3.580027574085192,3.5646620658326413,0.0042920083531695,0.07614933405916187,0.1438741892956128,0.6629125652155398,0.21703343222772292,0.9655172413793104
optimal_radius_0p5x,ixi,IXI068-Guys-0756-MRA_IXI-Guys,1625,6,2.702771259343694,2.653437511633218,0.018253023647460134,0.11854745997127884,0.21984647071024246,0.6629125652155398,0.3316372056377623,1.0
optimal_radius_0p5x,ixi,IXI068-Guys-0756-MRA_IXI-Guys,1626,7,4.842836927310118,4.813544897633943,0.006048526951421448,0.11797824251256668,0.21817969157820385,0.4687499701976776,0.4654500382926847,1.0
optimal_radius_0p5x,ixi,IXI068-Guys-0756-MRA_IXI-Guys,1627,4,2.500270929139464,2.483757009635423,0.006604852022866515,0.058076098845858105,0.12119344175271275,0.6629125652155398,0.18281964788721097,1.0
optimal_radius_0p5x,ixi,IXI068-Guys-0756-MRA_IXI-Guys,1628,6,3.109654760389459,3.0732267505162163,0.011714486873996347,0.11047513837868532,0.213656292935125,0.7314562885682343,0.29209714411416116,1.0
optimal_radius_0p5x,ixi,IXI068-Guys-0756-MRA_IXI-Guys,1629,3,0.9248967304092961,0.9121985124284273,0.013729336004084935,0.025402832131804127,0.07620849639541238,0.4687499701976776,0.16257813597998594,1.0
optimal_radius_0p5x,ixi,IXI068-Guys-0756-MRA_IXI-Guys,1630,2,0.4170363675532636,0.4170363675532636,0.0,0.0,0.0,0.4687499701976776,0.0,1.0
optimal_radius_0p5x,ixi,IXI068-Guys-0756-MRA_IXI-Guys,1631,6,2.574579768906568,2.5184377326362224,0.021806291243479103,0.11368137153031137,0.22701717716109315,0.6629125652155398,0.3424541773277154,0.95
optimal_radius_0p5x,ixi,IXI068-Guys-0756-MRA_IXI-Guys,1632,10,5.757800451325694,5.726602274957303,0.005418419174497038,0.11028127805838976,0.21313663077729214,0.7314562885682343,0.29138669542986584,0.9767441860465116
optimal_radius_0p5x,ixi,IXI068-Guys-0756-MRA_IXI-Guys,1633,6,3.6667378696048516,3.604319296942436,0.017022916522020804,0.15397842642017148,0.3000845807837775,0.7950634853219345,0.37743474115437237,1.0
optimal_radius_0p5x,ixi,IXI068-Guys-0756-MRA_IXI-Guys,1634,5,2.984628973603378,2.952816930024502,0.010658625866138716,0.09550069962204666,0.192276390176353,0.6629125652155398,0.2900478890663902,1.0
optimal_radius_0p5x,ixi,IXI068-Guys-0756-MRA_IXI-Guys,1635,3,0.9541464688184748,0.9538370836593847,0.0003242533187521862,0.004049308374024963,0.012147925122074887,0.4687499701976776,0.02591557524142766,1.0
optimal_radius_0p5x,ixi,IXI068-Guys-0756-MRA_IXI-Guys,1636,6,2.392176739404498,2.347779764824438,0.018559236802508226,0.10640309735275368,0.2005575159229193,0.4687499701976776,0.42785606117125025,1.0
optimal_radius_0p5x,ixi,IXI068-Guys-0756-MRA_IXI-Guys,1637,6,2.544401331413612,2.537120999748406,0.0028613142020173796,0.041484036894689415,0.08127921040737855,0.4687499701976776,0.1733956598932734,1.0
optimal_radius_0p5x,ixi,IXI068-Guys-0756-MRA_IXI-Guys,1638,6,2.4752738608803737,2.4253506748703897,0.020168752556627405,0.11594861954727205,0.21694620339812584,0.6629125652155398,0.32726216816781534,1.0
optimal_radius_0p5x,ixi,IXI068-Guys-0756-MRA_IXI-Guys,1639,4,1.6466515187393698,1.617900060750708,0.017460560210501106,0.06209476337160505,0.13593447399986044,0.5658312677066086,0.2402385335664136,1.0
optimal_radius_0p5x,ixi,IXI068-Guys-0756-MRA_IXI-Guys,1640,3,1.464824884491621,1.4554908725374942,0.006372100892705817,0.027466924159297162,0.08240077247789149,0.4687499701976776,0.1757883257958226,1.0
optimal_radius_0p5x,ixi,IXI068-Guys-0756-MRA_IXI-Guys,1641,7,4.90321615264115,4.8734901780921565,0.006062546219379175,0.11928721329035286,0.2050656563974283,0.4687499701976776,0.4374734281283252,1.0
optimal_radius_0p5x,ixi,IXI068-Guys-0756-MRA_IXI-Guys,1642,10,7.012882775214236,6.991109784754383,0.0031047133051768437,0.09658259138809713,0.18937426280841263,0.4687499701976776,0.40399845301014353,1.0
optimal_radius_0p5x,ixi,IXI068-Guys-0756-MRA_IXI-Guys,1643,7,3.969914031815553,3.9469822332361426,0.005776396767192225,0.08801225498217614,0.18102620353488555,0.4687499701976776,0.3861892587610077,0.9655172413793104
optimal_radius_0p5x,ixi,IXI068-Guys-0756-MRA_IXI-Guys,1644,5,2.6867999150569455,2.670679180966574,0.005999975658786576,0.06209296445483335,0.12432997057533511,0.4687499701976776,0.2652372874240475,1.0
optimal_radius_0p5x,ixi,IXI068-Guys-0756-MRA_IXI-Guys,1645,4,1.593679562783863,1.5627386621311439,0.019414756501407986,0.06344552096877706,0.13451557857530683,0.5658312677066086,0.23773090363230867,1.0
optimal_radius_0p5x,ixi,IXI068-Guys-0756-MRA_IXI-Guys,1646,5,2.0450533453601007,1.9957177922145204,0.024124335561962158,0.09891362314141205,0.19789347103997815,0.4687499701976776,0.4221727650596416,1.0
optimal_radius_0p5x,ixi,IXI068-Guys-0756-MRA_IXI-Guys,1647,5,2.365949146008236,2.335137018445914,0.013023157160544651,0.08387197214584746,0.16832238374923744,0.6629125652155398,0.2539134006224622,1.0
optimal_radius_0p5x,ixi,IXI068-Guys-0756-MRA_IXI-Guys,1648,6,2.976766630709554,2.964250543169002,0.004204591455517797,0.06066811351760235,0.11657688989868786,0.7314562885682343,0.15937642716405864,0.9565217391304348
optimal_radius_0p5x,ixi,IXI068-Guys-0756-MRA_IXI-Guys,1649,4,2.0066195013033283,1.9801745395891863,0.013178862109615514,0.06591249246250874,0.1374496898549604,0.6979821878130035,0.1969243517311427,1.0
optimal_radius_0p5x,ixi,IXI068-Guys-0756-MRA_IXI-Guys,1650,4,1.9870102147882474,1.9532472491950297,0.016991842992017905,0.0743391012562333,0.15337161805721614,0.5658312677066086,0.27105539550483354,1.0
optimal_radius_0p5x,ixi,IXI068-Guys-0756-MRA_IXI-Guys,1651,6,3.086644480351186,3.017923354404975,0.022264023726630302,0.14928184104935893,0.2699717403176421,0.6629125652155398,0.4072509022813036,1.0
optimal_radius_0p5x,ixi,IXI068-Guys-0756-MRA_IXI-Guys,1652,10,4.323314488665157,4.294014817584205,0.006777131563704253,0.09635167574847421,0.19100284912259016,0.800000011920929,0.23875355784553245,1.0
optimal_radius_0p5x,ixi,IXI068-Guys-0756-MRA_IXI-Guys,1653,3,1.0692456102623618,1.0629516165134598,0.005886387270140464,0.019276220591103847,0.057828661773311536,0.6629125652155398,0.0872342218381531,1.0
optimal_radius_0p5x,ixi,IXI068-Guys-0756-MRA_IXI-Guys,1654,2,0.6308585653509847,0.6308585653509847,0.0,0.0,0.0,0.5658312677066086,0.0,1.0
optimal_radius_0p5x,ixi,IXI068-Guys-0756-MRA_IXI-Guys,1655,6,3.4185592725882934,3.386274790464007,0.00944388543535269,0.08061700443862159,0.1381288762213868,0.5658312677066086,0.24411672543520263,1.0
optimal_radius_0p5x,ixi,IXI068-Guys-0756-MRA_IXI-Guys,1656,4,1.1023031782282828,0.9957478922081321,0.09666604263213287,0.09215407817469135,0.1932418868208188,0.4687499701976776,0.4122493847611901,1.0
optimal_radius_0p5x,ixi,IXI068-Guys-0756-MRA_IXI-Guys,1657,4,1.506957737856347,1.490377966026129,0.011002147846430563,0.04445204544070547,0.09669069462265961,0.4687499701976776,0.20627349497618946,1.0
