representation,anchor_a,anchor_b,parallel_branch_index,dense_length_mm,length_mm,absolute_length_error_mm,absolute_arc_chord_tortuosity_error,reference_samples,representation_samples,subject,stratum
junction_only,0,44,0,52.357653314809816,32.45079112248821,19.906862192321604,0.6134476696479139,211,131,IXI013-HH-1212-MRA_IXI-HH,IXI-HH
junction_only,0,209,0,7.420046379232196,5.238954093240425,2.181092285991771,0.41632208398350573,31,22,IXI013-HH-1212-MRA_IXI-HH,IXI-HH
junction_only,0,215,0,34.13264163706098,13.875430286726226,20.25721135033475,1.459933921452049,138,57,IXI013-HH-1212-MRA_IXI-HH,IXI-HH
junction_only,1,2,0,18.39684831123544,15.559205862317267,2.8376424489181744,0.182377074641749,75,64,IXI013-HH-1212-MRA_IXI-HH,IXI-HH
junction_only,1,11,0,37.39024121721437,16.71730521788991,20.67293599932446,1.2366189245143087,151,68,IXI013-HH-1212-MRA_IXI-HH,IXI-HH
junction_only,1,213,0,37.72405263563798,25.401601966201557,12.322450669436424,0.4851052577641452,152,103,IXI013-HH-1212-MRA_IXI-HH,IXI-HH
junction_only,1,225,0,42.8941573498781,30.639294701711343,12.254862648166757,0.3999720870690365,173,124,IXI013-HH-1212-MRA_IXI-HH,IXI-HH
junction_only,2,3,0,3.4651268884086543,2.9613986808543773,0.503728207554277,0.17009807251246195,15,13,IXI013-HH-1212-MRA_IXI-HH,IXI-HH
junction_only,2,210,0,9.088671859840437,7.260778242844972,1.827893616995465,0.2517489938212527,38,31,IXI013-HH-1212-MRA_IXI-HH,IXI-HH
junction_only,3,8,0,12.831601505804057,10.466919292396337,2.36468221340772,0.22591959939210926,53,43,IXI013-HH-1212-MRA_IXI-HH,IXI-HH
junction_only,3,16,0,17.571447608583107,14.624927226668731,2.9465203819143753,0.2014724816231126,72,60,IXI013-HH-1212-MRA_IXI-HH,IXI-HH
junction_only,4,5,0,1.966181674652197,1.9127552239749024,0.05342645067729457,0.027931671552970015,9,9,IXI013-HH-1212-MRA_IXI-HH,IXI-HH
junction_only,4,6,0,2.639379858380325,2.038534941212904,0.600844917167421,0.29474349692035473,12,10,IXI013-HH-1212-MRA_IXI-HH,IXI-HH
junction_only,4,29,0,74.57103482253206,37.55772343607091,37.01331138646115,0.9855046579024835,300,152,IXI013-HH-1212-MRA_IXI-HH,IXI-HH
junction_only,5,6,0,2.170629869036615,1.8698783602149773,0.3007515088216377,0.16084014619382017,10,9,IXI013-HH-1212-MRA_IXI-HH,IXI-HH
junction_only,5,216,0,80.93035104525674,39.19106869566391,41.739282349592834,1.0650202645331501,325,158,IXI013-HH-1212-MRA_IXI-HH,IXI-HH
junction_only,6,7,0,3.5665942202267926,2.5242959219380703,1.0422982982887223,0.4129065412776488,16,12,IXI013-HH-1212-MRA_IXI-HH,IXI-HH
junction_only,7,41,0,15.277514467419225,11.337549567715964,3.939964899703261,0.3475146790910125,63,47,IXI013-HH-1212-MRA_IXI-HH,IXI-HH
junction_only,7,44,0,21.005270850116165,12.765593577827865,8.2396772722883,0.6454597839147506,86,53,IXI013-HH-1212-MRA_IXI-HH,IXI-HH
junction_only,8,10,0,2.077934572351893,2.0779345723518925,4.440892098500626e-16,2.1371664717403687e-16,10,10,IXI013-HH-1212-MRA_IXI-HH,IXI-HH
junction_only,8,11,0,7.810737261981924,7.053301237224438,0.7574360247574861,0.10738744869707942,33,30,IXI013-HH-1212-MRA_IXI-HH,IXI-HH
junction_only,9,19,0,7.754074611411708,6.2840972860726705,1.4699773253390376,0.2339202049906072,33,27,IXI013-HH-1212-MRA_IXI-HH,IXI-HH
junction_only,9,24,0,34.715346511292864,13.466755241414925,21.24859126987794,1.5778553102778006,140,55,IXI013-HH-1212-MRA_IXI-HH,IXI-HH
junction_only,9,212,0,96.4780363861149,41.867111161697345,54.61092522441755,1.3043872316267917,387,169,IXI013-HH-1212-MRA_IXI-HH,IXI-HH
junction_only,10,12,0,38.283933224607374,25.626627290284034,12.65730593432334,0.4939122808065412,155,104,IXI013-HH-1212-MRA_IXI-HH,IXI-HH
junction_only,10,17,0,3.7607568247905068,3.16712841707626,0.5936284077142466,0.18743427153555575,17,14,IXI013-HH-1212-MRA_IXI-HH,IXI-HH
junction_only,11,37,0,12.05296614751167,7.514633898630472,4.538332248881198,0.6039325814273268,50,32,IXI013-HH-1212-MRA_IXI-HH,IXI-HH
junction_only,12,25,0,2.9139672205781024,2.5204940256666153,0.39347319491148713,0.15610955269271948,13,12,IXI013-HH-1212-MRA_IXI-HH,IXI-HH
junction_only,12,214,0,7.633266568445039,4.975176466592,2.6580901018530394,0.5342705167750227,32,21,IXI013-HH-1212-MRA_IXI-HH,IXI-HH
junction_only,13,15,0,4.147097151619985,3.26953853543034,0.8775586161896447,0.2684044267042534,18,15,IXI013-HH-1212-MRA_IXI-HH,IXI-HH
junction_only,13,20,0,2.9860913066928365,2.3273256877610105,0.6587656189318261,0.28305691051156123,13,11,IXI013-HH-1212-MRA_IXI-HH,IXI-HH
junction_only,13,24,0,3.6783471670303536,2.7332586529860476,0.9450885140443059,0.34577353775567843,16,12,IXI013-HH-1212-MRA_IXI-HH,IXI-HH
junction_only,14,16,0,5.177292444140846,4.319441825552592,0.8578506185882544,0.19860219288368547,22,19,IXI013-HH-1212-MRA_IXI-HH,IXI-HH
junction_only,14,17,0,9.176191310752467,7.026917880207205,2.1492734305452617,0.3058628928337334,38,30,IXI013-HH-1212-MRA_IXI-HH,IXI-HH
junction_only,14,26,0,10.759636249947569,9.356389497890154,1.4032467520574148,0.1499773766765315,45,39,IXI013-HH-1212-MRA_IXI-HH,IXI-HH
junction_only,15,19,0,5.5478247063755965,4.8455598848377335,0.7022648215378631,0.14492955163660726,24,21,IXI013-HH-1212-MRA_IXI-HH,IXI-HH
junction_only,15,23,0,2.5466845760660037,2.3273256955811643,0.21935888048483942,0.09425362376281528,12,11,IXI013-HH-1212-MRA_IXI-HH,IXI-HH
junction_only,16,21,0,17.7620141720378,13.564931615775496,4.1970825562623055,0.3094068348550507,73,56,IXI013-HH-1212-MRA_IXI-HH,IXI-HH
junction_only,16,24,0,4.962558605730195,3.5050688105662235,1.4574897951639718,0.41582344710902347,21,16,IXI013-HH-1212-MRA_IXI-HH,IXI-HH
junction_only,17,31,0,7.5405713451651675,6.675661078800044,0.8649102663651238,0.12956174020155503,32,28,IXI013-HH-1212-MRA_IXI-HH,IXI-HH
junction_only,18,21,0,1.9661816689093548,1.9127552177363403,0.05342645117301448,0.027931671903236147,9,9,IXI013-HH-1212-MRA_IXI-HH,IXI-HH
junction_only,18,22,0,4.636071867028859,4.442448642469253,0.19362322455960612,0.043584797516530036,20,19,IXI013-HH-1212-MRA_IXI-HH,IXI-HH
junction_only,18,26,0,2.4349316420181637,2.181115590323136,0.25381605169502786,0.11636983056795472,11,10,IXI013-HH-1212-MRA_IXI-HH,IXI-HH
junction_only,19,23,0,4.229094161730597,3.367288481618263,0.8618056801123339,0.25593461469572826,18,15,IXI013-HH-1212-MRA_IXI-HH,IXI-HH
junction_only,20,24,0,1.9661816746529914,1.9127552239756442,0.05342645067734719,0.027931671552986693,9,9,IXI013-HH-1212-MRA_IXI-HH,IXI-HH
junction_only,20,33,0,26.364206508136697,17.795518730503943,8.568687777632753,0.4815081767155715,107,73,IXI013-HH-1212-MRA_IXI-HH,IXI-HH
junction_only,21,30,0,4.48352296737343,3.966505071193664,0.517017896179766,0.13034595617551467,19,17,IXI013-HH-1212-MRA_IXI-HH,IXI-HH
junction_only,22,211,0,39.74797103206022,16.181066113927034,23.566904918133186,1.4564494547024416,160,66,IXI013-HH-1212-MRA_IXI-HH,IXI-HH
junction_only,22,224,0,23.74138908357084,17.69094978879552,6.05043929477532,0.3420076008924821,96,72,IXI013-HH-1212-MRA_IXI-HH,IXI-HH
junction_only,23,27,0,3.4738989509250935,2.2437760598766165,1.230122891048477,0.5482378179559151,15,10,IXI013-HH-1212-MRA_IXI-HH,IXI-HH
junction_only,25,28,0,3.0154345736994435,2.0963136931594017,0.9191208805400417,0.43844625140754284,14,10,IXI013-HH-1212-MRA_IXI-HH,IXI-HH
junction_only,25,28,1,9.650529749225372,2.0963136931594017,7.55421605606597,3.603571393306524,40,10,IXI013-HH-1212-MRA_IXI-HH,IXI-HH
junction_only,26,32,0,5.551833504539745,5.236962739223599,0.31487076531614644,0.06012469077884394,24,22,IXI013-HH-1212-MRA_IXI-HH,IXI-HH
junction_only,27,39,0,6.391364652817821,5.13303090607633,1.2583337467414912,0.24514439319894077,27,22,IXI013-HH-1212-MRA_IXI-HH,IXI-HH
junction_only,27,41,0,15.151281789606541,11.404501168960154,3.746780620646387,0.3285352480689002,62,47,IXI013-HH-1212-MRA_IXI-HH,IXI-HH
junction_only,28,219,0,10.536948222171535,7.494883488871475,3.0420647333000606,0.4058855268153225,44,31,IXI013-HH-1212-MRA_IXI-HH,IXI-HH
junction_only,29,217,0,35.97034413236177,11.413054318751307,24.55728981361046,2.151684301831769,145,47,IXI013-HH-1212-MRA_IXI-HH,IXI-HH
junction_only,29,222,0,41.52318100693896,19.533373031907182,21.98980797503178,1.125755799528944,168,80,IXI013-HH-1212-MRA_IXI-HH,IXI-HH
junction_only,30,32,0,3.4738989688563175,3.1866174268362157,0.2872815420201018,0.09015250453372588,15,14,IXI013-HH-1212-MRA_IXI-HH,IXI-HH
junction_only,30,33,0,4.911477062708455,2.4765225106250752,2.4349545520833797,0.9832151905087252,21,11,IXI013-HH-1212-MRA_IXI-HH,IXI-HH
junction_only,30,34,0,2.3231787071309777,2.13014990446275,0.19302880266822786,0.09061747357020496,11,10,IXI013-HH-1212-MRA_IXI-HH,IXI-HH
junction_only,31,37,0,9.132211881483652,3.081452697350598,6.050759184133055,1.9636060580567851,38,14,IXI013-HH-1212-MRA_IXI-HH,IXI-HH
junction_only,31,37,1,3.585651865049031,3.081452697350598,0.5041991676984332,0.1636238544670631,16,14,IXI013-HH-1212-MRA_IXI-HH,IXI-HH
junction_only,32,35,0,1.9661816479413115,1.9127551938386307,0.053426454102680765,0.027931673783858028,9,9,IXI013-HH-1212-MRA_IXI-HH,IXI-HH
junction_only,33,34,0,3.47389893684017,3.045590942598975,0.4283079942411949,0.1406321473610949,15,14,IXI013-HH-1212-MRA_IXI-HH,IXI-HH
junction_only,34,36,0,1.3258251844827265,1.3258251844827267,2.220446049250313e-16,1.6747653274640612e-16,7,7,IXI013-HH-1212-MRA_IXI-HH,IXI-HH
junction_only,35,36,0,2.8933960437689943,2.820862457076218,0.0725335866927761,0.02571326599452711,13,13,IXI013-HH-1212-MRA_IXI-HH,IXI-HH
junction_only,35,38,0,2.1706298728266518,1.8698783653317577,0.3007515074948941,0.1608401450441586,10,9,IXI013-HH-1212-MRA_IXI-HH,IXI-HH
junction_only,36,40,0,2.8335424650676297,2.4765225068290504,0.35701995823857935,0.14416180642578094,13,11,IXI013-HH-1212-MRA_IXI-HH,IXI-HH
junction_only,38,40,0,2.8779345449362417,2.741862836432578,0.13607170850366357,0.049627467390274585,13,12,IXI013-HH-1212-MRA_IXI-HH,IXI-HH
junction_only,38,42,0,4.159367648695299,3.106249905364092,1.0531177433312067,0.3390318794095119,18,14,IXI013-HH-1212-MRA_IXI-HH,IXI-HH
junction_only,39,45,0,10.654565303345892,8.151581166278405,2.5029841370674877,0.30705504686892815,44,34,IXI013-HH-1212-MRA_IXI-HH,IXI-HH
junction_only,39,45,1,15.458710827018761,8.151581166278405,7.307129660740356,0.8964064163365766,63,34,IXI013-HH-1212-MRA_IXI-HH,IXI-HH
junction_only,40,42,0,5.369941439360559,3.528129087322103,1.8418123520384562,0.5220365543473967,23,16,IXI013-HH-1212-MRA_IXI-HH,IXI-HH
junction_only,41,44,0,5.064025916703939,2.8378096341478325,2.226216282556107,0.7844840104028397,22,13,IXI013-HH-1212-MRA_IXI-HH,IXI-HH
junction_only,41,45,0,2.6290942393271983,2.1301499044628214,0.49894433486437695,0.2342296820608971,12,10,IXI013-HH-1212-MRA_IXI-HH,IXI-HH
junction_only,42,47,0,1.7018798784170386,1.5484871076155922,0.15339277080144642,0.09905976617244512,8,8,IXI013-HH-1212-MRA_IXI-HH,IXI-HH
junction_only,43,46,0,1.59012696710141,1.3185722320496236,0.2715547350517864,0.20594604410080328,8,7,IXI013-HH-1212-MRA_IXI-HH,IXI-HH
junction_only,43,47,0,2.0779345816554216,2.0779345816554216,0.0,0.0,10,10,IXI013-HH-1212-MRA_IXI-HH,IXI-HH
junction_only,43,48,0,3.678347165085169,2.7332586498762708,0.9450885152088984,0.3457735385751658,16,12,IXI013-HH-1212-MRA_IXI-HH,IXI-HH
junction_only,44,45,0,3.932363307855262,3.7088574617020345,0.22350584615322733,0.06026272200028363,17,16,IXI013-HH-1212-MRA_IXI-HH,IXI-HH
junction_only,46,47,0,3.108129854634663,2.091734056318375,1.016395798316288,0.4859106229332177,14,10,IXI013-HH-1212-MRA_IXI-HH,IXI-HH
junction_only,46,223,0,8.18593987974581,7.184466628992773,1.0014732507530368,0.1393942379398926,34,30,IXI013-HH-1212-MRA_IXI-HH,IXI-HH
junction_only,47,48,0,2.7919287277298706,2.1811156150477196,0.610813112682151,0.2800461875877164,13,10,IXI013-HH-1212-MRA_IXI-HH,IXI-HH
junction_only,47,49,0,2.53791252664307,2.3901653160880425,0.1477472105550275,0.06181464083699605,12,11,IXI013-HH-1212-MRA_IXI-HH,IXI-HH
junction_only,48,54,0,26.059011095888767,12.602470250719355,13.456540845169412,1.0677700940735255,106,52,IXI013-HH-1212-MRA_IXI-HH,IXI-HH
junction_only,49,52,0,6.960068399713276,5.23696280995604,1.7231055897572363,0.3290276544415064,29,22,IXI013-HH-1212-MRA_IXI-HH,IXI-HH
junction_only,49,54,0,15.745568804203666,12.332797077169252,3.4127717270344142,0.27672325310145685,64,51,IXI013-HH-1212-MRA_IXI-HH,IXI-HH
junction_only,50,51,0,17.426406162387202,10.223939605185466,7.202466557201737,0.7044707652174244,71,42,IXI013-HH-1212-MRA_IXI-HH,IXI-HH
junction_only,50,218,0,20.631687017533054,14.943284257329271,5.6884027602037825,0.3806661683099401,84,61,IXI013-HH-1212-MRA_IXI-HH,IXI-HH
junction_only,50,220,0,8.391240129923103,7.328310547811124,1.0629295821119795,0.14504428751719092,35,31,IXI013-HH-1212-MRA_IXI-HH,IXI-HH
junction_only,51,52,0,18.016030239774818,8.812475142170214,9.203555097604603,1.044377992462408,74,37,IXI013-HH-1212-MRA_IXI-HH,IXI-HH
junction_only,51,52,1,14.102028884972592,8.812475142170214,5.289553742802378,0.6002347419387715,58,37,IXI013-HH-1212-MRA_IXI-HH,IXI-HH
junction_only,53,57,0,23.45748514078215,19.908980982428645,3.5485041583535057,0.17823635280406164,95,81,IXI013-HH-1212-MRA_IXI-HH,IXI-HH
junction_only,53,221,0,21.944035655552778,15.496362537449462,6.447673118103316,0.4160765536119507,89,63,IXI013-HH-1212-MRA_IXI-HH,IXI-HH
junction_only,53,227,0,13.137517050754933,11.098623626867713,2.0388934238872203,0.18370687144948647,54,46,IXI013-HH-1212-MRA_IXI-HH,IXI-HH
junction_only,54,61,0,15.794665351877109,12.38261241767804,3.4120529341990693,0.2755519448648696,65,51,IXI013-HH-1212-MRA_IXI-HH,IXI-HH
junction_only,55,59,0,8.275136634939702,6.056001505074521,2.2191351298651814,0.36643569655748853,35,26,IXI013-HH-1212-MRA_IXI-HH,IXI-HH
junction_only,55,60,0,8.581052158590301,6.566088071911145,2.0149640866791563,0.3068743618135288,36,28,IXI013-HH-1212-MRA_IXI-HH,IXI-HH
junction_only,55,226,0,26.06250962263441,15.141520823652582,10.920988798981826,0.7212610229959292,106,62,IXI013-HH-1212-MRA_IXI-HH,IXI-HH
junction_only,55,230,0,41.36363525578193,19.995379049900336,21.368256205881593,1.0686597214563982,167,81,IXI013-HH-1212-MRA_IXI-HH,IXI-HH
junction_only,56,57,0,13.830468720609794,10.304127149967856,3.5263415706419377,0.3422261312694436,57,43,IXI013-HH-1212-MRA_IXI-HH,IXI-HH
junction_only,56,60,0,55.30638891044866,29.863360596862055,25.443028313586606,0.8519814182018107,223,121,IXI013-HH-1212-MRA_IXI-HH,IXI-HH
junction_only,56,67,0,37.15693342012467,24.43719981567389,12.719733604450784,0.5205070016365957,150,99,IXI013-HH-1212-MRA_IXI-HH,IXI-HH
junction_only,57,58,0,2.5466845638260347,2.1301499044627517,0.41653465936328304,0.19554241628282865,12,10,IXI013-HH-1212-MRA_IXI-HH,IXI-HH
junction_only,58,72,0,70.69001462128804,31.09304850888888,39.59696611239916,1.2734989977286781,284,126,IXI013-HH-1212-MRA_IXI-HH,IXI-HH
junction_only,58,228,0,7.1522460820534945,5.9812530211039485,1.170993060949546,0.19577721537909762,30,25,IXI013-HH-1212-MRA_IXI-HH,IXI-HH
junction_only,59,60,0,1.8389672508865518,1.7318928472248982,0.10707440366165355,0.061825074128127745,9,8,IXI013-HH-1212-MRA_IXI-HH,IXI-HH
junction_only,59,63,0,3.729428663757317,2.8124999016026777,0.9169287621546394,0.32601912683877277,16,13,IXI013-HH-1212-MRA_IXI-HH,IXI-HH
junction_only,60,63,0,3.796376867469368,2.876263206571908,0.92011366089746,0.3198989782281098,17,13,IXI013-HH-1212-MRA_IXI-HH,IXI-HH
junction_only,61,62,0,1.7272143186029711,1.6672511088862676,0.05996320971670355,0.03596531404124198,8,8,IXI013-HH-1212-MRA_IXI-HH,IXI-HH
junction_only,61,110,0,23.37754616284635,16.38380675320582,6.993739409640529,0.4268690124944292,95,67,IXI013-HH-1212-MRA_IXI-HH,IXI-HH
junction_only,62,64,0,4.698256783225129,3.9120505405801915,0.7862062426449374,0.20097036950047587,20,17,IXI013-HH-1212-MRA_IXI-HH,IXI-HH
junction_only,62,229,0,30.759252852607364,19.332340672514547,11.426912180092817,0.5910775303240362,125,79,IXI013-HH-1212-MRA_IXI-HH,IXI-HH
junction_only,63,236,0,23.493708386586036,10.220614872312794,13.273093514273242,1.2986590024274842,95,42,IXI013-HH-1212-MRA_IXI-HH,IXI-HH
junction_only,64,67,0,20.077238732470718,14.806993692957795,5.270245039512924,0.355929444477271,82,61,IXI013-HH-1212-MRA_IXI-HH,IXI-HH
junction_only,64,68,0,4.628117643961002,4.110932357313596,0.5171852866474067,0.12580729666526938,20,18,IXI013-HH-1212-MRA_IXI-HH,IXI-HH
junction_only,65,66,0,3.484184560234212,2.837809642624971,0.6463749176092408,0.2277724720856698,15,13,IXI013-HH-1212-MRA_IXI-HH,IXI-HH
junction_only,65,68,0,5.083083566760276,5.000878641704501,0.08220492505577504,0.01643809637175204,22,22,IXI013-HH-1212-MRA_IXI-HH,IXI-HH
junction_only,65,232,0,9.914831635153458,8.329027066097254,1.5858045690562044,0.19039493526334134,41,35,IXI013-HH-1212-MRA_IXI-HH,IXI-HH
junction_only,66,69,0,5.440080618158577,5.087995016580206,0.3520856015783709,0.0691992819236325,23,22,IXI013-HH-1212-MRA_IXI-HH,IXI-HH
junction_only,66,70,0,9.214621557919562,6.344845855232629,2.8697757026869333,0.45230030298060175,38,27,IXI013-HH-1212-MRA_IXI-HH,IXI-HH
junction_only,67,72,0,7.4200463211880265,5.52474530357065,1.8953010176173768,0.34305672270402066,31,24,IXI013-HH-1212-MRA_IXI-HH,IXI-HH
junction_only,68,69,0,3.2095971636549456,2.509053827347405,0.7005433363075406,0.27920618070125724,14,12,IXI013-HH-1212-MRA_IXI-HH,IXI-HH
junction_only,69,70,0,6.195688493921461,4.077069934207045,2.118618559714416,0.5196424378053913,26,18,IXI013-HH-1212-MRA_IXI-HH,IXI-HH
junction_only,70,235,0,8.560480968308083,4.89193363302173,3.6685473352863527,0.7499176420797647,36,21,IXI013-HH-1212-MRA_IXI-HH,IXI-HH
junction_only,71,77,0,7.888796381366456,6.5493348900405035,1.3394614913259524,0.20451870515322948,33,28,IXI013-HH-1212-MRA_IXI-HH,IXI-HH
junction_only,71,79,0,31.00801021450493,24.14599580874226,6.862014405762672,0.2841885031421327,126,98,IXI013-HH-1212-MRA_IXI-HH,IXI-HH
junction_only,71,234,0,43.291950545427824,26.503709609457562,16.78824093597026,0.6334298550411056,175,108,IXI013-HH-1212-MRA_IXI-HH,IXI-HH
junction_only,72,89,0,4.962558556408484,3.955716613279719,1.0068419431287654,0.254528329898229,21,17,IXI013-HH-1212-MRA_IXI-HH,IXI-HH
junction_only,73,77,0,17.50607174884056,14.030364051741744,3.4757076970988177,0.24772754892752336,72,58,IXI013-HH-1212-MRA_IXI-HH,IXI-HH
junction_only,73,78,0,13.260251407738858,9.854904277088655,3.4053471306502026,0.34554847362314645,55,41,IXI013-HH-1212-MRA_IXI-HH,IXI-HH
junction_only,73,243,0,75.88684998367287,40.16685286532344,35.71999711834943,0.8892904116266217,305,162,IXI013-HH-1212-MRA_IXI-HH,IXI-HH
junction_only,74,87,0,16.73566397512911,13.158439384988814,3.577224590140297,0.2718578157696425,68,54,IXI013-HH-1212-MRA_IXI-HH,IXI-HH
junction_only,74,93,0,8.186791914537022,7.469609912843835,0.7171820016931862,0.0960133139563295,34,31,IXI013-HH-1212-MRA_IXI-HH,IXI-HH
junction_only,74,94,0,2.4452172477871112,1.8698783526774443,0.575338895109667,0.3076878740725833,11,9,IXI013-HH-1212-MRA_IXI-HH,IXI-HH
junction_only,75,82,0,3.942648936635078,2.618899041536893,1.3237498950981852,0.5054604526951701,17,12,IXI013-HH-1212-MRA_IXI-HH,IXI-HH
junction_only,75,83,0,1.8389672430128094,1.731892837450459,0.10707440556235048,0.06182507557452345,9,8,IXI013-HH-1212-MRA_IXI-HH,IXI-HH
junction_only,75,95,0,6.683083465645784,5.849482200028948,0.8336012656168359,0.14250855667407802,28,25,IXI013-HH-1212-MRA_IXI-HH,IXI-HH
junction_only,76,86,0,2.8933960249005786,2.4898699646689653,0.4035260602316133,0.16206712236285928,13,11,IXI013-HH-1212-MRA_IXI-HH,IXI-HH
junction_only,76,96,0,3.1169018821490666,3.116901882149066,4.440892098500626e-16,1.4247776370293326e-16,14,14,IXI013-HH-1212-MRA_IXI-HH,IXI-HH
junction_only,76,113,0,8.974650918864135,8.338132114819299,0.6365188040448366,0.0763382967887444,37,35,IXI013-HH-1212-MRA_IXI-HH,IXI-HH
junction_only,77,237,0,11.426047354762359,8.374955531569476,3.0510918231928823,0.3643114057969337,47,35,IXI013-HH-1212-MRA_IXI-HH,IXI-HH
junction_only,78,90,0,12.076218185736565,10.629513568169338,1.4467046175672262,0.13610261732949497,50,44,IXI013-HH-1212-MRA_IXI-HH,IXI-HH
junction_only,78,248,0,39.147277621416634,28.828864902273178,10.318412719143456,0.3579194933314853,158,117,IXI013-HH-1212-MRA_IXI-HH,IXI-HH
junction_only,79,80,0,3.454428653958031,3.199999827346865,0.25442882661116606,0.07950901260582699,15,14,IXI013-HH-1212-MRA_IXI-HH,IXI-HH
junction_only,79,87,0,5.019221157490794,3.994106806275499,1.0251143512152945,0.2566567197463637,22,17,IXI013-HH-1212-MRA_IXI-HH,IXI-HH
junction_only,80,106,0,69.59821748441989,2.8762631995051366,66.72195428491476,23.197443925296657,280,13,IXI013-HH-1212-MRA_IXI-HH,IXI-HH
junction_only,80,106,1,5.2581885104843735,2.8762631995051366,2.381925310979237,0.82813190092932,23,13,IXI013-HH-1212-MRA_IXI-HH,IXI-HH
junction_only,81,88,0,3.9323633262535136,2.0963136953210086,1.836049630932505,0.8758467947953518,17,10,IXI013-HH-1212-MRA_IXI-HH,IXI-HH
junction_only,81,90,0,4.1776074569014625,2.3273256955804578,1.8502817613210047,0.7950248496953609,18,11,IXI013-HH-1212-MRA_IXI-HH,IXI-HH
junction_only,81,91,0,1.5077172833920571,1.3185722192503662,0.18914506414169097,0.14344687486986765,8,7,IXI013-HH-1212-MRA_IXI-HH,IXI-HH
junction_only,82,83,0,2.1706298855894683,1.6178810130897423,0.552748872499726,0.3416498914491344,10,8,IXI013-HH-1212-MRA_IXI-HH,IXI-HH
junction_only,82,100,0,3.3022924656441885,2.8479295647194647,0.45436290092472387,0.15954148113543,15,13,IXI013-HH-1212-MRA_IXI-HH,IXI-HH
junction_only,83,84,0,2.263325172447962,1.8749999776417492,0.38832519480621297,0.20710677303293767,11,9,IXI013-HH-1212-MRA_IXI-HH,IXI-HH
junction_only,84,85,0,6.3518335048275585,5.153214786898228,1.1986187179293308,0.2325963049273154,27,22,IXI013-HH-1212-MRA_IXI-HH,IXI-HH
junction_only,84,101,0,2.4349316373655117,1.4823176053360518,0.9526140320294598,0.6426517694994897,11,7,IXI013-HH-1212-MRA_IXI-HH,IXI-HH
junction_only,85,86,0,1.8544287402850312,1.5999999136739766,0.2544288266110546,0.15901802521153022,9,8,IXI013-HH-1212-MRA_IXI-HH,IXI-HH
junction_only,85,102,0,2.893396009707848,2.820862418959951,0.07253359074789678,0.025713267779518236,13,13,IXI013-HH-1212-MRA_IXI-HH,IXI-HH
junction_only,86,96,0,3.1802539230574505,2.09631369315799,1.0839402298994605,0.5170696701725779,14,10,IXI013-HH-1212-MRA_IXI-HH,IXI-HH
junction_only,87,90,0,3.9169018447292365,3.5266506120053225,0.39025123272391404,0.11065775310869529,17,16,IXI013-HH-1212-MRA_IXI-HH,IXI-HH
junction_only,87,106,0,11.728051702149067,8.684801298062924,3.043250404086143,0.35041105716084897,48,36,IXI013-HH-1212-MRA_IXI-HH,IXI-HH
junction_only,88,91,0,2.1706298774794996,1.617880996870546,0.5527488806089536,0.34164989988641387,10,8,IXI013-HH-1212-MRA_IXI-HH,IXI-HH
junction_only,88,92,0,6.195688502885584,3.2357619937409576,2.9599265091446267,0.91475408725058,26,14,IXI013-HH-1212-MRA_IXI-HH,IXI-HH
junction_only,88,92,1,5.66708494755157,3.2357619937409576,2.431322953810612,0.7513911587173596,24,14,IXI013-HH-1212-MRA_IXI-HH,IXI-HH
junction_only,89,105,0,2.323178718779807,2.1301499196742064,0.19302879910560078,0.09061747125062604,11,10,IXI013-HH-1212-MRA_IXI-HH,IXI-HH
junction_only,89,238,0,13.002253177508049,12.073019394730395,0.9292337827776542,0.0769678033635268,54,50,IXI013-HH-1212-MRA_IXI-HH,IXI-HH
junction_only,90,91,0,2.721789543462906,2.0385349671033364,0.6832545763595697,0.33516941695164676,12,10,IXI013-HH-1212-MRA_IXI-HH,IXI-HH
junction_only,92,99,0,4.698256833400974,3.3145629963573695,1.3836938370436043,0.41745890440587574,20,15,IXI013-HH-1212-MRA_IXI-HH,IXI-HH
junction_only,92,99,1,4.615847160503558,3.3145629963573695,1.301284164146188,0.39259599699154013,20,15,IXI013-HH-1212-MRA_IXI-HH,IXI-HH
junction_only,93,239,0,39.92268541347217,15.10781617725369,24.814869236218485,1.6425186105705813,161,62,IXI013-HH-1212-MRA_IXI-HH,IXI-HH
junction_only,93,241,0,28.61266080375531,15.866020547809732,12.746640255945579,0.8033923955623026,116,65,IXI013-HH-1212-MRA_IXI-HH,IXI-HH
junction_only,94,103,0,2.077934590620278,1.8544287351795965,0.22350585544068147,0.1205254487274948,10,9,IXI013-HH-1212-MRA_IXI-HH,IXI-HH
junction_only,94,108,0,2.364792474455997,1.6844184213193132,0.680374053136684,0.4039222348350857,11,8,IXI013-HH-1212-MRA_IXI-HH,IXI-HH
junction_only,94,113,0,10.433967315700338,7.628646392447018,2.80532092325332,0.3677350841731,43,32,IXI013-HH-1212-MRA_IXI-HH,IXI-HH
junction_only,95,96,0,2.1706298774802124,1.6178809968712258,0.5527488806089866,0.34164989988629085,10,8,IXI013-HH-1212-MRA_IXI-HH,IXI-HH
junction_only,95,99,0,19.057329045315015,14.977494439098102,4.079834606216913,0.27239767123976905,78,61,IXI013-HH-1212-MRA_IXI-HH,IXI-HH
junction_only,97,140,0,9.863749994982193,8.276097096587103,1.5876528983950902,0.19183594390764294,41,35,IXI013-HH-1212-MRA_IXI-HH,IXI-HH
junction_only,97,231,0,75.0460010577245,40.12812398187094,34.91787707585355,0.8701597186957638,302,162,IXI013-HH-1212-MRA_IXI-HH,IXI-HH
junction_only,97,240,0,44.148208108623656,35.20779163037654,8.940416478247116,0.25393289565294724,178,142,IXI013-HH-1212-MRA_IXI-HH,IXI-HH
junction_only,98,110,0,12.738088488347225,9.465069204065136,3.273019284282089,0.34579982604631837,52,39,IXI013-HH-1212-MRA_IXI-HH,IXI-HH
junction_only,98,111,0,2.6290942596235745,2.3273257072692553,0.3017685523543192,0.12966322307692651,12,11,IXI013-HH-1212-MRA_IXI-HH,IXI-HH
junction_only,98,115,0,6.765905777843421,3.843018069079635,2.9228877087637857,0.7605708992837987,29,17,IXI013-HH-1212-MRA_IXI-HH,IXI-HH
junction_only,100,104,0,1.9887377750132056,1.482317631535794,0.5064201434774116,0.3416407743546313,9,7,IXI013-HH-1212-MRA_IXI-HH,IXI-HH
junction_only,100,112,0,3.0978442368765156,1.988737776723598,1.1091064601529175,0.5576936653660525,14,9,IXI013-HH-1212-MRA_IXI-HH,IXI-HH
junction_only,101,102,0,3.4738989631124997,3.0455909770652347,0.42830798604726494,0.14063214307916924,15,14,IXI013-HH-1212-MRA_IXI-HH,IXI-HH
junction_only,101,112,0,6.186916495929625,5.148805152596317,1.0381113433333073,0.20162179623554666,26,22,IXI013-HH-1212-MRA_IXI-HH,IXI-HH
junction_only,102,120,0,20.77274410013599,10.701965184955128,10.070778915180863,0.9410214611180394,85,44,IXI013-HH-1212-MRA_IXI-HH,IXI-HH
junction_only,103,108,0,1.3959643561761979,1.0389672940503218,0.356997062125876,0.3436076035985258,7,6,IXI013-HH-1212-MRA_IXI-HH,IXI-HH
junction_only,103,245,0,23.037617172131135,18.836239230800196,4.201377941330939,0.22304759935629984,94,77,IXI013-HH-1212-MRA_IXI-HH,IXI-HH
junction_only,104,109,0,1.9887377750140878,1.4823176315368045,0.5064201434772833,0.3416407743543117,9,7,IXI013-HH-1212-MRA_IXI-HH,IXI-HH
junction_only,104,117,0,4.493808594481847,2.038534930617303,2.4552736638645443,1.2044305088856366,19,10,IXI013-HH-1212-MRA_IXI-HH,IXI-HH
junction_only,105,129,0,71.0211667915867,32.934985844930786,38.08618094665591,1.1564049587262224,286,133,IXI013-HH-1212-MRA_IXI-HH,IXI-HH
junction_only,105,142,0,11.364680168362266,8.393156374835117,2.9715237935271492,0.35404127610877795,47,35,IXI013-HH-1212-MRA_IXI-HH,IXI-HH
junction_only,107,109,0,1.3258251836272996,0.937499988820394,0.38832519480690564,0.41421354606682653,7,5,IXI013-HH-1212-MRA_IXI-HH,IXI-HH
junction_only,107,116,0,2.65165036640124,2.096313693158867,0.555336673242373,0.26491105556132405,12,10,IXI013-HH-1212-MRA_IXI-HH,IXI-HH
junction_only,107,127,0,3.4738989235408475,2.2437760314750546,1.230122892065793,0.5482378253488661,15,10,IXI013-HH-1212-MRA_IXI-HH,IXI-HH
junction_only,108,128,0,24.858722942866134,10.686295301423685,14.172427641442448,1.3262245934336403,101,44,IXI013-HH-1212-MRA_IXI-HH,IXI-HH
junction_only,109,117,0,3.473898930813177,2.14361326574239,1.3302856650707868,0.6205810004679522,15,10,IXI013-HH-1212-MRA_IXI-HH,IXI-HH
junction_only,110,130,0,2.5276269212077307,2.091734020884485,0.4358929003232457,0.20838830174924886,12,10,IXI013-HH-1212-MRA_IXI-HH,IXI-HH
junction_only,111,114,0,2.6290942451517925,1.667251108886379,0.9618431362654134,0.5769035816733481,12,8,IXI013-HH-1212-MRA_IXI-HH,IXI-HH
junction_only,111,121,0,2.7816431027689346,2.7816431027689346,0.0,0.0,13,13,IXI013-HH-1212-MRA_IXI-HH,IXI-HH
junction_only,112,117,0,4.047614735671632,3.070677810464437,0.9769369252071951,0.3181502539530301,18,14,IXI013-HH-1212-MRA_IXI-HH,IXI-HH
junction_only,113,128,0,4.229506838521752,3.144470542981801,1.0850362955399513,0.34506168231140305,18,14,IXI013-HH-1212-MRA_IXI-HH,IXI-HH
junction_only,114,122,0,1.9661816479414036,1.9127551938384766,0.05342645410292701,0.02793167378398902,9,9,IXI013-HH-1212-MRA_IXI-HH,IXI-HH
junction_only,114,123,0,3.444555708694957,2.618899040434839,0.8256566682601183,0.3152686130745335,15,12,IXI013-HH-1212-MRA_IXI-HH,IXI-HH
junction_only,115,122,0,1.7018798822136811,1.5484871131262905,0.15339276908739063,0.09905976471299205,8,8,IXI013-HH-1212-MRA_IXI-HH,IXI-HH
junction_only,115,133,0,2.170629862017486,1.8698783526774436,0.3007515093400426,0.16084014711941136,10,9,IXI013-HH-1212-MRA_IXI-HH,IXI-HH
junction_only,116,118,0,2.996376949477742,2.520494087488069,0.4758828619896729,0.18880538714690617,13,12,IXI013-HH-1212-MRA_IXI-HH,IXI-HH
junction_only,116,137,0,3.4738989308119788,2.8208624189590354,0.6530365118529433,0.23150243254115496,15,13,IXI013-HH-1212-MRA_IXI-HH,IXI-HH
junction_only,117,127,0,1.6004125802079925,1.4823176315368045,0.11809494867118797,0.07966912499634245,8,7,IXI013-HH-1212-MRA_IXI-HH,IXI-HH
junction_only,118,126,0,1.5077172884605616,1.318572227094425,0.18914506136613674,0.14344687191154662,8,7,IXI013-HH-1212-MRA_IXI-HH,IXI-HH
junction_only,118,136,0,2.3901269108444465,1.9127551938386358,0.4773717170058107,0.24957282486724897,11,9,IXI013-HH-1212-MRA_IXI-HH,IXI-HH
junction_only,119,120,0,3.260678714082538,2.8378096426249826,0.42286907145755537,0.14901248663966066,15,13,IXI013-HH-1212-MRA_IXI-HH,IXI-HH
junction_only,119,128,0,1.5901269568125982,1.31857221792254,0.2715547388900581,0.20594604921822393,8,7,IXI013-HH-1212-MRA_IXI-HH,IXI-HH
junction_only,119,233,0,71.46934571407297,25.39795194190405,46.07139377216892,1.8139806657463502,287,103,IXI013-HH-1212-MRA_IXI-HH,IXI-HH
junction_only,120,246,0,47.01982901788735,28.513310393161817,18.506518624725537,0.6490484047465722,190,116,IXI013-HH-1212-MRA_IXI-HH,IXI-HH
junction_only,121,123,0,1.9661816537658832,1.6672511099180414,0.2989305438478418,0.17929545349802561,9,8,IXI013-HH-1212-MRA_IXI-HH,IXI-HH
junction_only,121,131,0,6.698544937458336,4.135049112797741,2.5634958246605946,0.6199432593742892,28,18,IXI013-HH-1212-MRA_IXI-HH,IXI-HH
junction_only,122,132,0,3.6680615393215037,1.3185722146857355,2.349489324635768,1.7818434959178466,16,7,IXI013-HH-1212-MRA_IXI-HH,IXI-HH
junction_only,122,138,0,2.0779345848772075,1.3258251827718601,0.7521094021053474,0.5672764493226297,10,7,IXI013-HH-1212-MRA_IXI-HH,IXI-HH
junction_only,123,124,0,2.629094251716004,1.4062499832315105,1.2228442684844933,0.8695781568469373,12,7,IXI013-HH-1212-MRA_IXI-HH,IXI-HH
junction_only,124,131,0,6.205148770769542,5.697247520196411,0.5079012505731306,0.08914853159752148,26,24,IXI013-HH-1212-MRA_IXI-HH,IXI-HH
junction_only,124,139,0,4.620610345063357,4.13504908346157,0.48556126160178703,0.11742575524528226,20,18,IXI013-HH-1212-MRA_IXI-HH,IXI-HH
junction_only,124,139,1,4.859577673834342,4.13504908346157,0.7245285903727723,0.17521644259812472,21,18,IXI013-HH-1212-MRA_IXI-HH,IXI-HH
junction_only,125,131,0,5.194836475290409,2.52049408748807,2.6743423878023393,1.0610389451330136,22,12,IXI013-HH-1212-MRA_IXI-HH,IXI-HH
junction_only,125,134,0,1.8544287330154248,1.731892843359768,0.12253588965565676,0.07075258156153848,9,8,IXI013-HH-1212-MRA_IXI-HH,IXI-HH
junction_only,125,135,0,1.507717294203046,1.3185722320496223,0.18914506215342364,0.14344687196954825,8,7,IXI013-HH-1212-MRA_IXI-HH,IXI-HH
junction_only,126,134,0,1.507717288459459,1.3185722270938676,0.1891450613655914,0.14344687191119368,8,7,IXI013-HH-1212-MRA_IXI-HH,IXI-HH
junction_only,126,135,0,1.8389672430126702,1.7318928374506197,0.1070744055620505,0.0618250755743445,9,8,IXI013-HH-1212-MRA_IXI-HH,IXI-HH
junction_only,127,137,0,3.4548413299260483,2.8762632487683764,0.578578081157672,0.2011561637848763,15,13,IXI013-HH-1212-MRA_IXI-HH,IXI-HH
junction_only,129,242,0,23.425908082264154,15.148897153533074,8.27701092873108,0.5463771286347857,95,62,IXI013-HH-1212-MRA_IXI-HH,IXI-HH
junction_only,129,253,0,16.765478380561802,11.989506755554125,4.775971625007678,0.3983459638817264,69,49,IXI013-HH-1212-MRA_IXI-HH,IXI-HH
junction_only,130,138,0,11.36269534215645,8.91682250584024,2.4458728363162088,0.2742987016635397,47,37,IXI013-HH-1212-MRA_IXI-HH,IXI-HH
junction_only,130,162,0,21.922199562186915,16.47741777075348,5.444781791433435,0.33043902067577763,89,67,IXI013-HH-1212-MRA_IXI-HH,IXI-HH
junction_only,131,134,0,4.971330616643529,3.045590977065179,1.9257396395783504,0.6323040927295004,21,14,IXI013-HH-1212-MRA_IXI-HH,IXI-HH
junction_only,132,133,0,1.3959643598360798,1.2324391029510362,0.1635252568850436,0.13268424905821924,7,6,IXI013-HH-1212-MRA_IXI-HH,IXI-HH
junction_only,132,138,0,3.3621460255239803,2.09173405631837,1.2704119692056102,0.6073487044723282,15,10,IXI013-HH-1212-MRA_IXI-HH,IXI-HH
junction_only,133,139,0,2.629094244834278,1.667251115363808,0.9618431294704699,0.576903575356486,12,8,IXI013-HH-1212-MRA_IXI-HH,IXI-HH
junction_only,133,140,0,19.606032627964506,16.126981285571574,3.479051342392932,0.2157286153426343,80,66,IXI013-HH-1212-MRA_IXI-HH,IXI-HH
junction_only,135,136,0,1.3959643692701094,1.2324391171469353,0.16352525212317404,0.13268424366611373,7,6,IXI013-HH-1212-MRA_IXI-HH,IXI-HH
junction_only,136,137,0,3.56659424674861,2.3437499720518713,1.2228442746967385,0.5217468967588643,16,11,IXI013-HH-1212-MRA_IXI-HH,IXI-HH
junction_only,137,258,0,94.92898675216145,44.49939720537699,50.42958954678446,1.1332645544396478,381,179,IXI013-HH-1212-MRA_IXI-HH,IXI-HH
junction_only,140,250,0,44.18035396547171,30.28225838224407,13.89809558322764,0.45895175345894135,178,123,IXI013-HH-1212-MRA_IXI-HH,IXI-HH
junction_only,141,143,0,35.2315475604619,16.766666939679812,18.464880620782086,1.1012851085556725,142,69,IXI013-HH-1212-MRA_IXI-HH,IXI-HH
junction_only,141,244,0,31.070725008872994,16.799888648242554,14.27083636063044,0.8494601755663018,126,69,IXI013-HH-1212-MRA_IXI-HH,IXI-HH
junction_only,141,247,0,39.55422112637309,16.4907476577263,23.063473468646794,1.3985705164702475,160,67,IXI013-HH-1212-MRA_IXI-HH,IXI-HH
junction_only,142,144,0,2.52762692120776,2.091734020884146,0.43589290032361383,0.20838830174945863,12,10,IXI013-HH-1212-MRA_IXI-HH,IXI-HH
junction_only,142,156,0,19.56617915297265,11.150120550208294,8.416058602764357,0.7547953015276716,80,46,IXI013-HH-1212-MRA_IXI-HH,IXI-HH
junction_only,143,153,0,48.98435523490575,28.423769372773283,20.560585862132466,0.7233588758930458,197,115,IXI013-HH-1212-MRA_IXI-HH,IXI-HH
junction_only,143,252,0,27.524157446086992,16.964720741986575,10.559436704100417,0.6224350441541016,112,69,IXI013-HH-1212-MRA_IXI-HH,IXI-HH
junction_only,144,147,0,2.1706298690363264,1.8698783602155076,0.3007515088208188,0.16084014619333661,10,9,IXI013-HH-1212-MRA_IXI-HH,IXI-HH
junction_only,144,161,0,12.128588776719056,9.145441356394052,2.983147420325004,0.32618955215751627,50,38,IXI013-HH-1212-MRA_IXI-HH,IXI-HH
junction_only,145,145,0,15.116762687912253,0.0,15.116762687912253,nan,62,1,IXI013-HH-1212-MRA_IXI-HH,IXI-HH
junction_only,145,146,0,3.3022924586253275,2.520494071260096,0.7817983873652317,0.3101766420638234,15,12,IXI013-HH-1212-MRA_IXI-HH,IXI-HH
junction_only,146,148,0,1.1316625866518977,1.0481568476609548,0.08350573899094282,0.07966912507158877,6,6,IXI013-HH-1212-MRA_IXI-HH,IXI-HH
junction_only,146,151,0,6.698544967699898,6.14264333356904,0.5559016341308585,0.0904987647732861,28,26,IXI013-HH-1212-MRA_IXI-HH,IXI-HH
junction_only,147,159,0,22.79657217172698,18.679041534838543,4.117530636888436,0.22043586279353636,93,76,IXI013-HH-1212-MRA_IXI-HH,IXI-HH
junction_only,147,257,0,17.948222584042323,13.966255006510405,3.9819675775319183,0.28511348072018694,73,57,IXI013-HH-1212-MRA_IXI-HH,IXI-HH
junction_only,148,149,0,5.786792093281086,5.563286249157786,0.22350584412330043,0.04017514722654016,25,24,IXI013-HH-1212-MRA_IXI-HH,IXI-HH
junction_only,148,154,0,9.762282736434125,6.014828605706295,3.7474541307278297,0.6230358961804171,41,26,IXI013-HH-1212-MRA_IXI-HH,IXI-HH
junction_only,149,151,0,1.9764672796498868,1.6844184369872959,0.2920488426625909,0.17338259677621515,9,8,IXI013-HH-1212-MRA_IXI-HH,IXI-HH
junction_only,149,154,0,5.726938483086739,4.486389819884539,1.2405486632022003,0.27651379238242985,24,19,IXI013-HH-1212-MRA_IXI-HH,IXI-HH
junction_only,150,152,0,1.8544287293544182,0.9374999672011604,0.9169287621532578,0.9780573805145654,9,5,IXI013-HH-1212-MRA_IXI-HH,IXI-HH
junction_only,150,249,0,3.965205043716415,3.4735832543065364,0.49162178940987866,0.14153159818477581,17,15,IXI013-HH-1212-MRA_IXI-HH,IXI-HH
junction_only,150,251,0,13.450502843004218,8.868293815203868,4.582209027800349,0.51669567148808,55,37,IXI013-HH-1212-MRA_IXI-HH,IXI-HH
junction_only,151,156,0,6.786477027307682,5.764184120307126,1.0222929070005558,0.1773525768198546,29,25,IXI013-HH-1212-MRA_IXI-HH,IXI-HH
junction_only,152,160,0,4.780666476084706,3.235761963598992,1.5449045124857141,0.47744689809240065,21,14,IXI013-HH-1212-MRA_IXI-HH,IXI-HH
junction_only,152,163,0,10.890754293059452,8.104261788461503,2.7864925045979483,0.34383051502176737,45,34,IXI013-HH-1212-MRA_IXI-HH,IXI-HH
junction_only,153,155,0,5.130974083748695,4.075790573930399,1.0551835098182965,0.2588905123259936,22,18,IXI013-HH-1212-MRA_IXI-HH,IXI-HH
junction_only,153,158,0,4.341259745655297,3.7397567306639314,0.6015030149913652,0.16084014504456237,19,16,IXI013-HH-1212-MRA_IXI-HH,IXI-HH
junction_only,153,163,0,37.39616925091491,26.198264116309673,11.197905134605236,0.4274292787068287,151,106,IXI013-HH-1212-MRA_IXI-HH,IXI-HH
junction_only,154,255,0,10.536948227284824,6.760408516934176,3.776539710350648,0.5586259618617392,44,29,IXI013-HH-1212-MRA_IXI-HH,IXI-HH
junction_only,155,157,0,2.3077172266134682,1.9127551938386338,0.39496203277483444,0.20648854283448606,11,9,IXI013-HH-1212-MRA_IXI-HH,IXI-HH
junction_only,155,158,0,1.9661816673824841,1.9127552142777433,0.05342645310474081,0.027931672963659726,9,9,IXI013-HH-1212-MRA_IXI-HH,IXI-HH
junction_only,156,161,0,2.546684565255779,2.327325690774012,0.21935887448176716,0.0942536213781122,12,11,IXI013-HH-1212-MRA_IXI-HH,IXI-HH
junction_only,157,159,0,3.5408471478085275,2.820862463421965,0.7199846843865627,0.2552356570809749,16,13,IXI013-HH-1212-MRA_IXI-HH,IXI-HH
junction_only,157,256,0,4.981616203242106,4.286009921918952,0.6956062813231538,0.16229693677697177,21,19,IXI013-HH-1212-MRA_IXI-HH,IXI-HH
junction_only,158,159,0,2.3647924698037057,1.6844184347899334,0.6803740350137724,0.4039222208456908,11,8,IXI013-HH-1212-MRA_IXI-HH,IXI-HH
junction_only,160,163,0,6.616855420685608,6.056001534643269,0.5608538860423389,0.09261125229806867,28,26,IXI013-HH-1212-MRA_IXI-HH,IXI-HH
junction_only,160,254,0,19.7863964332663,14.006588669625557,5.7798077636407434,0.4126492110227191,81,58,IXI013-HH-1212-MRA_IXI-HH,IXI-HH
junction_only,161,162,0,3.6680615504517506,3.081452706602816,0.5866088438489347,0.19036762842148197,16,14,IXI013-HH-1212-MRA_IXI-HH,IXI-HH
junction_only,162,165,0,18.966147211328032,14.57588393122295,4.390263280105081,0.30120048299099816,77,60,IXI013-HH-1212-MRA_IXI-HH,IXI-HH
junction_only,164,165,0,8.645668954435722,7.476723945066129,1.168945009369593,0.1563445458142101,36,31,IXI013-HH-1212-MRA_IXI-HH,IXI-HH
junction_only,164,167,0,13.420058627918905,6.62254943967962,6.797509188239285,1.0264187908528666,55,28,IXI013-HH-1212-MRA_IXI-HH,IXI-HH
junction_only,164,167,1,7.958935488646665,6.62254943967962,1.3363860489670447,0.2017932914113051,33,28,IXI013-HH-1212-MRA_IXI-HH,IXI-HH
junction_only,165,168,0,8.277121550031778,6.81244535268117,1.4646761973506077,0.21500006554535606,35,29,IXI013-HH-1212-MRA_IXI-HH,IXI-HH
junction_only,166,177,0,8.527639240835551,7.905263933270681,0.6223753075648704,0.07872922559175986,36,33,IXI013-HH-1212-MRA_IXI-HH,IXI-HH
junction_only,166,191,0,20.54447499909169,8.141295940290574,12.403179058801117,1.5234895217871702,84,34,IXI013-HH-1212-MRA_IXI-HH,IXI-HH
junction_only,166,203,0,23.24679428470177,15.313647264621878,7.933147020079893,0.5180442570599968,94,63,IXI013-HH-1212-MRA_IXI-HH,IXI-HH
junction_only,167,172,0,4.971330605499295,4.799088232949246,0.17224237255004926,0.035890645095349484,21,21,IXI013-HH-1212-MRA_IXI-HH,IXI-HH
junction_only,168,172,0,2.434931639416079,2.18111558348888,0.2538160559271989,0.1163698328729551,11,10,IXI013-HH-1212-MRA_IXI-HH,IXI-HH
junction_only,168,173,0,2.0588769434301373,1.6844184275216358,0.37445851590850143,0.22230730190921735,10,8,IXI013-HH-1212-MRA_IXI-HH,IXI-HH
junction_only,169,170,0,2.077934593842159,1.8544287497188605,0.22350584412329844,0.12052544167964549,10,9,IXI013-HH-1212-MRA_IXI-HH,IXI-HH
junction_only,169,174,0,29.87072006729033,18.74350242758148,11.12721763970885,0.5936573317980797,121,76,IXI013-HH-1212-MRA_IXI-HH,IXI-HH
junction_only,169,198,0,32.946833529899365,16.803232541111967,16.143600988787398,0.9607437705387538,133,69,IXI013-HH-1212-MRA_IXI-HH,IXI-HH
junction_only,169,207,0,41.169721277056425,19.489646066521146,21.68007521053528,1.112389375186079,166,79,IXI013-HH-1212-MRA_IXI-HH,IXI-HH
junction_only,170,184,0,16.344311487908698,6.94716656889302,9.397144919015677,1.3526586451939704,67,29,IXI013-HH-1212-MRA_IXI-HH,IXI-HH
junction_only,170,277,0,54.37374958737614,28.704928810372767,25.668820777003372,0.8942304280416027,219,116,IXI013-HH-1212-MRA_IXI-HH,IXI-HH
junction_only,171,175,0,1.9661816558152512,1.9127552023922747,0.05342645342297647,0.027931673303596947,9,9,IXI013-HH-1212-MRA_IXI-HH,IXI-HH
junction_only,171,176,0,4.790952119790166,4.084120278237189,0.7068318415529768,0.1730683215475876,21,18,IXI013-HH-1212-MRA_IXI-HH,IXI-HH
junction_only,171,261,0,28.155048493791906,14.594318063648272,13.560730430143634,0.929178764708499,114,60,IXI013-HH-1212-MRA_IXI-HH,IXI-HH
junction_only,172,173,0,3.7798144792789343,2.5766073934490317,1.2032070858299027,0.4669733886850711,17,12,IXI013-HH-1212-MRA_IXI-HH,IXI-HH
junction_only,172,179,0,8.427685530749688,7.025049863444659,1.402635667305029,0.19966202298488192,35,30,IXI013-HH-1212-MRA_IXI-HH,IXI-HH
junction_only,173,200,0,12.982165483307107,10.562205624753274,2.419959858553833,0.22911501106194015,53,44,IXI013-HH-1212-MRA_IXI-HH,IXI-HH
junction_only,174,178,0,10.536130408447645,9.214407519817644,1.321722888630001,0.1434408979402463,44,38,IXI013-HH-1212-MRA_IXI-HH,IXI-HH
junction_only,174,185,0,16.252370614167884,14.427755790437738,1.8246148237301458,0.12646560215133687,67,59,IXI013-HH-1212-MRA_IXI-HH,IXI-HH
junction_only,175,176,0,6.0118115284486375,4.319441827982975,1.6923697004656626,0.39180286894983807,26,19,IXI013-HH-1212-MRA_IXI-HH,IXI-HH
junction_only,175,263,0,18.13888676415285,11.975171117873675,6.163715646279176,0.5147079390856848,74,49,IXI013-HH-1212-MRA_IXI-HH,IXI-HH
junction_only,176,197,0,11.319567912462361,9.319418079036408,2.0001498334259527,0.21462175175134543,47,39,IXI013-HH-1212-MRA_IXI-HH,IXI-HH
junction_only,177,181,0,3.6933959665438647,3.5266505750244264,0.16674539151943835,0.04728151768148548,16,16,IXI013-HH-1212-MRA_IXI-HH,IXI-HH
junction_only,177,182,0,2.0588769434318,1.6844184275228649,0.3744585159089351,0.22230730190931258,10,8,IXI013-HH-1212-MRA_IXI-HH,IXI-HH
junction_only,178,180,0,1.7945751788926052,1.690102129233333,0.10447304965927229,0.06181463702827447,9,8,IXI013-HH-1212-MRA_IXI-HH,IXI-HH
junction_only,178,186,0,20.18823243809227,9.140878293917034,11.047354144175237,1.2085659374249522,82,38,IXI013-HH-1212-MRA_IXI-HH,IXI-HH
junction_only,179,180,0,8.906721144897164,7.050199319097882,1.8565218257992822,0.26332898429839513,37,30,IXI013-HH-1212-MRA_IXI-HH,IXI-HH
junction_only,179,192,0,6.604584928064932,5.46651729975203,1.1380676283129016,0.20818879112749286,28,23,IXI013-HH-1212-MRA_IXI-HH,IXI-HH
junction_only,180,187,0,2.8335424650692413,2.476522506830743,0.3570199582384985,0.1441618064256498,13,11,IXI013-HH-1212-MRA_IXI-HH,IXI-HH
junction_only,181,186,0,1.395964351190482,1.2324390979847706,0.16352525320571143,0.13268424660747993,7,6,IXI013-HH-1212-MRA_IXI-HH,IXI-HH
junction_only,181,196,0,7.531799284383331,6.344845794417675,1.1869534899656555,0.1870736544944814,32,27,IXI013-HH-1212-MRA_IXI-HH,IXI-HH
junction_only,182,186,0,3.45442863720561,3.3345022177727555,0.11992641943285465,0.035965314041073934,15,15,IXI013-HH-1212-MRA_IXI-HH,IXI-HH
junction_only,182,191,0,5.395275860729586,4.8446569520365825,0.5506189086930036,0.11365488086035401,23,21,IXI013-HH-1212-MRA_IXI-HH,IXI-HH
junction_only,183,188,0,26.821406114298696,9.510004881931858,17.31140123236684,1.820335683029661,109,40,IXI013-HH-1212-MRA_IXI-HH,IXI-HH
junction_only,183,270,0,7.796101044852034,4.953045002067693,2.843056042784341,0.5740016578887296,33,21,IXI013-HH-1212-MRA_IXI-HH,IXI-HH
junction_only,183,276,0,21.076105704471093,15.969200782363894,5.1069049221072,0.31979715151099963,86,65,IXI013-HH-1212-MRA_IXI-HH,IXI-HH
junction_only,184,185,0,3.2349316050127745,2.576607373079385,0.6583242319333897,0.2555004067797127,14,12,IXI013-HH-1212-MRA_IXI-HH,IXI-HH
junction_only,184,190,0,2.2530395499071503,1.8698783653321756,0.3831611845749747,0.2049123577655319,11,9,IXI013-HH-1212-MRA_IXI-HH,IXI-HH
junction_only,185,190,0,1.966181667383077,1.9127552142783082,0.05342645310476879,0.027931672963666106,9,9,IXI013-HH-1212-MRA_IXI-HH,IXI-HH
junction_only,187,192,0,1.9661816594746173,1.6672511088853992,0.29893055058921814,0.17929545765248345,9,8,IXI013-HH-1212-MRA_IXI-HH,IXI-HH
junction_only,187,193,0,3.362146034488231,2.091734074130068,1.270411960358163,0.607348695070866,15,10,IXI013-HH-1212-MRA_IXI-HH,IXI-HH
junction_only,187,196,0,9.088671851578056,6.196066993132942,2.8926048584451136,0.4668453168196805,38,26,IXI013-HH-1212-MRA_IXI-HH,IXI-HH
junction_only,188,195,0,2.5173413149180552,2.1811155834896536,0.3362257314284016,0.1541531012723593,12,10,IXI013-HH-1212-MRA_IXI-HH,IXI-HH
junction_only,188,195,1,33.70685523563599,2.1811155834896536,31.52573965214634,14.45395186334282,136,10,IXI013-HH-1212-MRA_IXI-HH,IXI-HH
junction_only,188,262,0,76.0051730351563,26.109163273708052,49.896009761448255,1.9110535729689038,306,106,IXI013-HH-1212-MRA_IXI-HH,IXI-HH
junction_only,189,207,0,28.42977285092165,21.95491202106837,6.474860829853281,0.2949162731164614,115,89,IXI013-HH-1212-MRA_IXI-HH,IXI-HH
junction_only,189,259,0,53.59030505452329,20.22508619128176,33.36521886324153,1.649694767561681,216,82,IXI013-HH-1212-MRA_IXI-HH,IXI-HH
junction_only,189,266,0,12.524868193616735,6.92101069480592,5.6038574988108145,0.8096877386732544,52,29,IXI013-HH-1212-MRA_IXI-HH,IXI-HH
junction_only,190,274,0,12.069206510073581,8.91633169628773,3.1528748137858518,0.3536067209229706,50,37,IXI013-HH-1212-MRA_IXI-HH,IXI-HH
junction_only,191,204,0,66.86781956465256,26.476864326302856,40.390955238349704,1.5255188356358425,269,107,IXI013-HH-1212-MRA_IXI-HH,IXI-HH
junction_only,191,278,0,26.193603167730558,20.048426949568384,6.145176218162174,0.3065166276446677,106,82,IXI013-HH-1212-MRA_IXI-HH,IXI-HH
junction_only,192,194,0,1.1316625866518963,1.0481568476609533,0.08350573899094305,0.07966912507158909,6,6,IXI013-HH-1212-MRA_IXI-HH,IXI-HH
junction_only,193,194,0,2.7661816257463436,2.618899041537873,0.14728258420847062,0.056238358895264316,13,12,IXI013-HH-1212-MRA_IXI-HH,IXI-HH
junction_only,193,199,0,4.34125977288809,3.7397567702845187,0.6015030026035717,0.16084014002809324,19,16,IXI013-HH-1212-MRA_IXI-HH,IXI-HH
junction_only,194,271,0,5.555332032438591,4.702729344023383,0.8526026884152085,0.18129954459292166,24,20,IXI013-HH-1212-MRA_IXI-HH,IXI-HH
junction_only,195,202,0,6.214746093120052,5.640949355145806,0.5737967379742459,0.10171988824023302,26,24,IXI013-HH-1212-MRA_IXI-HH,IXI-HH
junction_only,196,199,0,9.947673310573107,7.316155422182998,2.6315178883901087,0.35968589191137157,41,31,IXI013-HH-1212-MRA_IXI-HH,IXI-HH
junction_only,196,203,0,7.703405769840888,6.592861096256752,1.110544673584136,0.16844654503864387,32,28,IXI013-HH-1212-MRA_IXI-HH,IXI-HH
junction_only,197,198,0,46.57048068947425,23.18641804167696,23.384062647797293,1.008524154346095,188,94,IXI013-HH-1212-MRA_IXI-HH,IXI-HH
junction_only,197,260,0,44.61976043147243,18.382039954255,26.23772047721743,1.4273562968262414,180,75,IXI013-HH-1212-MRA_IXI-HH,IXI-HH
junction_only,198,267,0,40.6137595733254,16.587488041391815,24.026271531933588,1.4484575043538421,164,68,IXI013-HH-1212-MRA_IXI-HH,IXI-HH
junction_only,199,200,0,1.5077172942033854,1.3185722320496245,0.18914506215376092,0.1434468719698038,8,7,IXI013-HH-1212-MRA_IXI-HH,IXI-HH
junction_only,200,201,0,4.698256842365307,3.912050628554532,0.7862062138107753,0.20097035761044624,20,17,IXI013-HH-1212-MRA_IXI-HH,IXI-HH
junction_only,201,202,0,6.767419411240946,5.398788136668741,1.3686312745722047,0.2535071278823515,29,23,IXI013-HH-1212-MRA_IXI-HH,IXI-HH
junction_only,201,208,0,14.7351268548411,11.575919169815382,3.1592076850257182,0.2729120373666278,60,48,IXI013-HH-1212-MRA_IXI-HH,IXI-HH
junction_only,202,268,0,45.77972408671778,5.236962757249601,40.54276132946818,7.7416554611438215,185,22,IXI013-HH-1212-MRA_IXI-HH,IXI-HH
junction_only,203,205,0,5.167006780442652,4.005001628585573,1.1620051518570786,0.290138496714534,22,18,IXI013-HH-1212-MRA_IXI-HH,IXI-HH
junction_only,204,264,0,30.844440888379516,15.907162979278384,14.937277909101132,0.939028406797574,125,65,IXI013-HH-1212-MRA_IXI-HH,IXI-HH
junction_only,204,269,0,24.34962404580616,15.457477877758654,8.892146168047505,0.5752650101374024,99,63,IXI013-HH-1212-MRA_IXI-HH,IXI-HH
junction_only,205,208,0,5.943657215006471,4.982880728403674,0.9607764866027972,0.1928154693982799,25,21,IXI013-HH-1212-MRA_IXI-HH,IXI-HH
junction_only,205,272,0,35.33150135431936,16.84511332082322,18.486388033496137,1.0974332841468062,143,69,IXI013-HH-1212-MRA_IXI-HH,IXI-HH
junction_only,206,208,0,24.01436522611393,13.631310871324006,10.383054354789925,0.7617062256743486,98,56,IXI013-HH-1212-MRA_IXI-HH,IXI-HH
junction_only,206,273,0,16.167280257435387,13.831333975208203,2.3359462822271837,0.1688879963721663,66,57,IXI013-HH-1212-MRA_IXI-HH,IXI-HH
junction_only,206,275,0,53.51866671662594,22.6847517446347,30.833914971991238,1.3592352836430728,216,92,IXI013-HH-1212-MRA_IXI-HH,IXI-HH
junction_only,207,265,0,60.638559305362605,32.43564914264882,28.202910162713785,0.8695034910101579,244,131,IXI013-HH-1212-MRA_IXI-HH,IXI-HH
adaptive,0,44,0,52.357653314809816,45.027725706244105,7.329927608565711,0.22587824071525064,211,182,IXI013-HH-1212-MRA_IXI-HH,IXI-HH
adaptive,0,209,0,7.420046379232196,6.068511592268269,1.351534786963927,0.2579779786022077,31,26,IXI013-HH-1212-MRA_IXI-HH,IXI-HH
adaptive,0,215,0,34.13264163706098,29.662169630904028,4.47047200615695,0.32218618909667807,138,120,IXI013-HH-1212-MRA_IXI-HH,IXI-HH
adaptive,1,2,0,18.39684831123544,16.61364676276053,1.78320154847491,0.11460749116981822,75,68,IXI013-HH-1212-MRA_IXI-HH,IXI-HH
adaptive,1,11,0,37.39024121721437,32.64570623020861,4.744534987005757,0.28380979620617475,151,132,IXI013-HH-1212-MRA_IXI-HH,IXI-HH
adaptive,1,213,0,37.72405263563798,33.556435524088016,4.167617111549966,0.1640690660807631,152,136,IXI013-HH-1212-MRA_IXI-HH,IXI-HH
adaptive,1,225,0,42.8941573498781,35.881379395834074,7.012777954044026,0.2288818336817763,173,145,IXI013-HH-1212-MRA_IXI-HH,IXI-HH
adaptive,2,3,0,3.4651268884086543,2.9613986808543773,0.503728207554277,0.17009807251246195,15,13,IXI013-HH-1212-MRA_IXI-HH,IXI-HH
adaptive,2,210,0,9.088671859840437,8.146618341029434,0.9420535188110026,0.1297455296530142,38,34,IXI013-HH-1212-MRA_IXI-HH,IXI-HH
adaptive,3,8,0,12.831601505804057,11.375107388312712,1.4564941174913457,0.13915213032639046,53,47,IXI013-HH-1212-MRA_IXI-HH,IXI-HH
adaptive,3,16,0,17.571447608583107,15.408958957096424,2.162488651486683,0.14786320765708555,72,63,IXI013-HH-1212-MRA_IXI-HH,IXI-HH
adaptive,4,5,0,1.966181674652197,1.9262167851618441,0.03996488949035282,0.020893885944957277,9,9,IXI013-HH-1212-MRA_IXI-HH,IXI-HH
adaptive,4,6,0,2.639379858380325,2.038534941212904,0.600844917167421,0.29474349692035473,12,10,IXI013-HH-1212-MRA_IXI-HH,IXI-HH
adaptive,4,29,0,74.57103482253206,62.369459901571076,12.20157492096098,0.32487525346763785,300,251,IXI013-HH-1212-MRA_IXI-HH,IXI-HH
adaptive,5,6,0,2.170629869036615,1.9611887490085453,0.2094411200280697,0.1120078848358834,10,9,IXI013-HH-1212-MRA_IXI-HH,IXI-HH
adaptive,5,216,0,80.93035104525674,68.40329145159697,12.527059593659772,0.3196406735151308,325,275,IXI013-HH-1212-MRA_IXI-HH,IXI-HH
adaptive,6,7,0,3.5665942202267926,2.5242959219380703,1.0422982982887223,0.4129065412776488,16,12,IXI013-HH-1212-MRA_IXI-HH,IXI-HH
adaptive,7,41,0,15.277514467419225,11.879492636701105,3.39802183071812,0.2997139558616878,63,49,IXI013-HH-1212-MRA_IXI-HH,IXI-HH
adaptive,7,44,0,21.005270850116165,17.183098211465435,3.8221726386507306,0.2994120575238534,86,70,IXI013-HH-1212-MRA_IXI-HH,IXI-HH
adaptive,8,10,0,2.077934572351893,2.0779345723518925,4.440892098500626e-16,2.1371664717403687e-16,10,10,IXI013-HH-1212-MRA_IXI-HH,IXI-HH
adaptive,8,11,0,7.810737261981924,7.053301237224438,0.7574360247574861,0.10738744869707942,33,30,IXI013-HH-1212-MRA_IXI-HH,IXI-HH
adaptive,9,19,0,7.754074611411708,6.707350619740829,1.0467239916708788,0.1665671207845101,33,28,IXI013-HH-1212-MRA_IXI-HH,IXI-HH
adaptive,9,24,0,34.715346511292864,30.145665592293604,4.569680918999261,0.3393305096201581,140,122,IXI013-HH-1212-MRA_IXI-HH,IXI-HH
adaptive,9,212,0,96.4780363861149,80.24271321741027,16.235323168704625,0.38778226436501106,387,322,IXI013-HH-1212-MRA_IXI-HH,IXI-HH
adaptive,10,12,0,38.283933224607374,32.488590714800594,5.79534250980678,0.22614534656318197,155,131,IXI013-HH-1212-MRA_IXI-HH,IXI-HH
adaptive,10,17,0,3.7607568247905068,3.16712841707626,0.5936284077142466,0.18743427153555575,17,14,IXI013-HH-1212-MRA_IXI-HH,IXI-HH
adaptive,11,37,0,12.05296614751167,10.050688586146856,2.0022775613648136,0.26645044700444087,50,42,IXI013-HH-1212-MRA_IXI-HH,IXI-HH
adaptive,12,25,0,2.9139672205781024,2.5204940256666153,0.39347319491148713,0.15610955269271948,13,12,IXI013-HH-1212-MRA_IXI-HH,IXI-HH
adaptive,12,214,0,7.633266568445039,5.616380595811514,2.016885972633525,0.4053898361549161,32,24,IXI013-HH-1212-MRA_IXI-HH,IXI-HH
adaptive,13,15,0,4.147097151619985,3.26953853543034,0.8775586161896447,0.2684044267042534,18,15,IXI013-HH-1212-MRA_IXI-HH,IXI-HH
adaptive,13,20,0,2.9860913066928365,2.3273256877610105,0.6587656189318261,0.28305691051156123,13,11,IXI013-HH-1212-MRA_IXI-HH,IXI-HH
adaptive,13,24,0,3.6783471670303536,3.282743363666393,0.3956038033639606,0.14473705330879275,16,15,IXI013-HH-1212-MRA_IXI-HH,IXI-HH
adaptive,14,16,0,5.177292444140846,4.358264051595844,0.8190283925450021,0.18961440519926964,22,19,IXI013-HH-1212-MRA_IXI-HH,IXI-HH
adaptive,14,17,0,9.176191310752467,7.482678689313666,1.693512621438801,0.2410036164232026,38,31,IXI013-HH-1212-MRA_IXI-HH,IXI-HH
adaptive,14,26,0,10.759636249947569,9.457968281036557,1.301667968911012,0.13912075477453514,45,39,IXI013-HH-1212-MRA_IXI-HH,IXI-HH
adaptive,15,19,0,5.5478247063755965,5.008665017500189,0.5391596888754071,0.11126881138390106,24,22,IXI013-HH-1212-MRA_IXI-HH,IXI-HH
adaptive,15,23,0,2.5466845760660037,2.3273256955811643,0.21935888048483942,0.09425362376281528,12,11,IXI013-HH-1212-MRA_IXI-HH,IXI-HH
adaptive,16,21,0,17.7620141720378,15.057742352241277,2.7042718197965243,0.1993575711543993,73,62,IXI013-HH-1212-MRA_IXI-HH,IXI-HH
adaptive,16,24,0,4.962558605730195,3.625036539260392,1.3375220664698033,0.38159652171100583,21,16,IXI013-HH-1212-MRA_IXI-HH,IXI-HH
adaptive,17,31,0,7.5405713451651675,6.675661078800044,0.8649102663651238,0.12956174020155503,32,28,IXI013-HH-1212-MRA_IXI-HH,IXI-HH
adaptive,18,21,0,1.9661816689093548,1.9127552177363403,0.05342645117301448,0.027931671903236147,9,9,IXI013-HH-1212-MRA_IXI-HH,IXI-HH
adaptive,18,22,0,4.636071867028859,4.442448642469253,0.19362322455960612,0.043584797516530036,20,19,IXI013-HH-1212-MRA_IXI-HH,IXI-HH
adaptive,18,26,0,2.4349316420181637,2.181115590323136,0.25381605169502786,0.11636983056795472,11,10,IXI013-HH-1212-MRA_IXI-HH,IXI-HH
adaptive,19,23,0,4.229094161730597,4.229094161730597,0.0,0.0,18,18,IXI013-HH-1212-MRA_IXI-HH,IXI-HH
adaptive,20,24,0,1.9661816746529914,1.9127552239756442,0.05342645067734719,0.027931671552986693,9,9,IXI013-HH-1212-MRA_IXI-HH,IXI-HH
adaptive,20,33,0,26.364206508136697,20.919705658476545,5.444500849660152,0.3059478586779006,107,85,IXI013-HH-1212-MRA_IXI-HH,IXI-HH
adaptive,21,30,0,4.48352296737343,3.966505071193664,0.517017896179766,0.13034595617551467,19,17,IXI013-HH-1212-MRA_IXI-HH,IXI-HH
adaptive,22,211,0,39.74797103206022,33.85194429104675,5.896026741013472,0.3643781379731688,160,137,IXI013-HH-1212-MRA_IXI-HH,IXI-HH
adaptive,22,224,0,23.74138908357084,20.100424486675465,3.640964596895376,0.20580944722376432,96,82,IXI013-HH-1212-MRA_IXI-HH,IXI-HH
adaptive,23,27,0,3.4738989509250935,2.2437760598766165,1.230122891048477,0.5482378179559151,15,10,IXI013-HH-1212-MRA_IXI-HH,IXI-HH
adaptive,25,28,0,3.0154345736994435,2.0963136931594017,0.9191208805400417,0.43844625140754284,14,10,IXI013-HH-1212-MRA_IXI-HH,IXI-HH
adaptive,25,28,1,9.650529749225372,7.408649672190778,2.241880077034594,1.0694392181619563,40,31,IXI013-HH-1212-MRA_IXI-HH,IXI-HH
adaptive,26,32,0,5.551833504539745,5.236962739223599,0.31487076531614644,0.06012469077884394,24,22,IXI013-HH-1212-MRA_IXI-HH,IXI-HH
adaptive,27,39,0,6.391364652817821,5.489466518849904,0.9018981339679177,0.17570479322465743,27,23,IXI013-HH-1212-MRA_IXI-HH,IXI-HH
adaptive,27,41,0,15.151281789606541,13.207040424527218,1.944241365079323,0.17048017587748612,62,54,IXI013-HH-1212-MRA_IXI-HH,IXI-HH
adaptive,28,219,0,10.536948222171535,9.007382319477276,1.5295659026942587,0.20408134495557978,44,38,IXI013-HH-1212-MRA_IXI-HH,IXI-HH
adaptive,29,217,0,35.97034413236177,30.19504481835696,5.775299314004808,0.5060257449678623,145,122,IXI013-HH-1212-MRA_IXI-HH,IXI-HH
adaptive,29,222,0,41.52318100693896,34.94173882715631,6.581442179782655,0.3369332152225868,168,141,IXI013-HH-1212-MRA_IXI-HH,IXI-HH
adaptive,30,32,0,3.4738989688563175,3.196856307582076,0.2770426612742414,0.08693941699468422,15,14,IXI013-HH-1212-MRA_IXI-HH,IXI-HH
adaptive,30,33,0,4.911477062708455,3.338374062670178,1.573103000038277,0.6352064208135242,21,15,IXI013-HH-1212-MRA_IXI-HH,IXI-HH
adaptive,30,34,0,2.3231787071309777,2.13014990446275,0.19302880266822786,0.09061747357020496,11,10,IXI013-HH-1212-MRA_IXI-HH,IXI-HH
adaptive,31,37,0,9.132211881483652,7.091279229034155,2.040932652449497,0.6623280812339811,38,30,IXI013-HH-1212-MRA_IXI-HH,IXI-HH
adaptive,31,37,1,3.585651865049031,3.081452697350598,0.5041991676984332,0.1636238544670631,16,14,IXI013-HH-1212-MRA_IXI-HH,IXI-HH
adaptive,32,35,0,1.9661816479413115,1.9127551938386307,0.053426454102680765,0.027931673783858028,9,9,IXI013-HH-1212-MRA_IXI-HH,IXI-HH
adaptive,33,34,0,3.47389893684017,3.1654560067345185,0.3084429301056515,0.10127523226820463,15,14,IXI013-HH-1212-MRA_IXI-HH,IXI-HH
adaptive,34,36,0,1.3258251844827265,1.3258251844827267,2.220446049250313e-16,1.6747653274640612e-16,7,7,IXI013-HH-1212-MRA_IXI-HH,IXI-HH
adaptive,35,36,0,2.8933960437689943,2.820862457076218,0.0725335866927761,0.02571326599452711,13,13,IXI013-HH-1212-MRA_IXI-HH,IXI-HH
adaptive,35,38,0,2.1706298728266518,1.8698783653317577,0.3007515074948941,0.1608401450441586,10,9,IXI013-HH-1212-MRA_IXI-HH,IXI-HH
adaptive,36,40,0,2.8335424650676297,2.4765225068290504,0.35701995823857935,0.14416180642578094,13,11,IXI013-HH-1212-MRA_IXI-HH,IXI-HH
adaptive,38,40,0,2.8779345449362417,2.8779345449362417,0.0,0.0,13,13,IXI013-HH-1212-MRA_IXI-HH,IXI-HH
adaptive,38,42,0,4.159367648695299,3.106249905364092,1.0531177433312067,0.3390318794095119,18,14,IXI013-HH-1212-MRA_IXI-HH,IXI-HH
adaptive,39,45,0,10.654565303345892,9.214856924525385,1.439708378820507,0.17661706967677834,44,38,IXI013-HH-1212-MRA_IXI-HH,IXI-HH
adaptive,39,45,1,15.458710827018761,12.70874365537514,2.749967171643622,0.3373538354766964,63,52,IXI013-HH-1212-MRA_IXI-HH,IXI-HH
adaptive,40,42,0,5.369941439360559,4.564405586701065,0.805535852659494,0.22831813483074861,23,20,IXI013-HH-1212-MRA_IXI-HH,IXI-HH
adaptive,41,44,0,5.064025916703939,3.5957741454116716,1.4682517712922678,0.5173890995451391,22,16,IXI013-HH-1212-MRA_IXI-HH,IXI-HH
adaptive,41,45,0,2.6290942393271983,2.1301499044628214,0.49894433486437695,0.2342296820608971,12,10,IXI013-HH-1212-MRA_IXI-HH,IXI-HH
adaptive,42,47,0,1.7018798784170386,1.5484871076155922,0.15339277080144642,0.09905976617244512,8,8,IXI013-HH-1212-MRA_IXI-HH,IXI-HH
adaptive,43,46,0,1.59012696710141,1.59012696710141,0.0,0.0,8,8,IXI013-HH-1212-MRA_IXI-HH,IXI-HH
adaptive,43,47,0,2.0779345816554216,2.0779345816554216,0.0,0.0,10,10,IXI013-HH-1212-MRA_IXI-HH,IXI-HH
adaptive,43,48,0,3.678347165085169,3.0358762537608306,0.6424709113243385,0.2350567559178572,16,14,IXI013-HH-1212-MRA_IXI-HH,IXI-HH
adaptive,44,45,0,3.932363307855262,3.7088574617020345,0.22350584615322733,0.06026272200028363,17,16,IXI013-HH-1212-MRA_IXI-HH,IXI-HH
adaptive,46,47,0,3.108129854634663,2.314522392633031,0.7936074620016318,0.37940170243173577,14,11,IXI013-HH-1212-MRA_IXI-HH,IXI-HH
adaptive,46,223,0,8.18593987974581,7.269000147084302,0.9169397326615076,0.12762808709573728,34,31,IXI013-HH-1212-MRA_IXI-HH,IXI-HH
adaptive,47,48,0,2.7919287277298706,2.1811156150477196,0.610813112682151,0.2800461875877164,13,10,IXI013-HH-1212-MRA_IXI-HH,IXI-HH
adaptive,47,49,0,2.53791252664307,2.3901653160880425,0.1477472105550275,0.06181464083699605,12,11,IXI013-HH-1212-MRA_IXI-HH,IXI-HH
adaptive,48,54,0,26.059011095888767,20.834602440811597,5.22440865507717,0.41455433348703663,106,85,IXI013-HH-1212-MRA_IXI-HH,IXI-HH
adaptive,49,52,0,6.960068399713276,5.911997172732715,1.0480712269805617,0.20012959133260663,29,25,IXI013-HH-1212-MRA_IXI-HH,IXI-HH
adaptive,49,54,0,15.745568804203666,12.873332231992563,2.8722365722111025,0.23289417268757714,64,53,IXI013-HH-1212-MRA_IXI-HH,IXI-HH
adaptive,50,51,0,17.426406162387202,14.755987959275828,2.6704182031113746,0.2611926817092081,71,61,IXI013-HH-1212-MRA_IXI-HH,IXI-HH
adaptive,50,218,0,20.631687017533054,17.11749934853893,3.514187668994122,0.23516836114996,84,70,IXI013-HH-1212-MRA_IXI-HH,IXI-HH
adaptive,50,220,0,8.391240129923103,7.504510321567922,0.8867298083551809,0.12100057749600093,35,32,IXI013-HH-1212-MRA_IXI-HH,IXI-HH
adaptive,51,52,0,18.016030239774818,14.425601787532791,3.5904284522420262,0.4074256544635001,74,59,IXI013-HH-1212-MRA_IXI-HH,IXI-HH
adaptive,51,52,1,14.102028884972592,11.79052966316797,2.311499221804622,0.2622985239122476,58,49,IXI013-HH-1212-MRA_IXI-HH,IXI-HH
adaptive,53,57,0,23.45748514078215,20.46291751712473,2.994567623657421,0.15041290291554246,95,83,IXI013-HH-1212-MRA_IXI-HH,IXI-HH
adaptive,53,221,0,21.944035655552778,18.497680636525168,3.44635501902761,0.2223976762739602,89,75,IXI013-HH-1212-MRA_IXI-HH,IXI-HH
adaptive,53,227,0,13.137517050754933,11.675698714178196,1.4618183365767372,0.13171167756675212,54,48,IXI013-HH-1212-MRA_IXI-HH,IXI-HH
adaptive,54,61,0,15.794665351877109,12.57651234556308,3.2181530063140293,0.2598928964068707,65,52,IXI013-HH-1212-MRA_IXI-HH,IXI-HH
adaptive,55,59,0,8.275136634939702,6.794384284772748,1.4807523501669548,0.24450990458410288,35,29,IXI013-HH-1212-MRA_IXI-HH,IXI-HH
adaptive,55,60,0,8.581052158590301,7.013927198331718,1.5671249602585835,0.23866950048424365,36,30,IXI013-HH-1212-MRA_IXI-HH,IXI-HH
adaptive,55,226,0,26.06250962263441,22.57891689066291,3.4835927319714983,0.23006887964185047,106,92,IXI013-HH-1212-MRA_IXI-HH,IXI-HH
adaptive,55,230,0,41.36363525578193,34.57169254227228,6.791942713509648,0.339675616879266,167,140,IXI013-HH-1212-MRA_IXI-HH,IXI-HH
adaptive,56,57,0,13.830468720609794,11.271791438200882,2.5586772824089117,0.2483157714544403,57,47,IXI013-HH-1212-MRA_IXI-HH,IXI-HH
adaptive,56,60,0,55.30638891044866,46.762240900461336,8.544148009987325,0.2861080547942456,223,189,IXI013-HH-1212-MRA_IXI-HH,IXI-HH
adaptive,56,67,0,37.15693342012467,30.163017996190177,6.993915423934496,0.2861995431836931,150,122,IXI013-HH-1212-MRA_IXI-HH,IXI-HH
adaptive,57,58,0,2.5466845638260347,2.3575394963767256,0.18914506744930915,0.08879425201627475,12,11,IXI013-HH-1212-MRA_IXI-HH,IXI-HH
adaptive,58,72,0,70.69001462128804,57.939821098093134,12.750193523194909,0.41006572641308825,284,233,IXI013-HH-1212-MRA_IXI-HH,IXI-HH
adaptive,58,228,0,7.1522460820534945,6.284863355685084,0.8673827263684109,0.14501689249860888,30,27,IXI013-HH-1212-MRA_IXI-HH,IXI-HH
adaptive,59,60,0,1.8389672508865518,1.8389672508865518,0.0,0.0,9,9,IXI013-HH-1212-MRA_IXI-HH,IXI-HH
adaptive,59,63,0,3.729428663757317,3.302609107120149,0.426819556637168,0.1517580698914687,16,15,IXI013-HH-1212-MRA_IXI-HH,IXI-HH
adaptive,60,63,0,3.796376867469368,2.971731148907742,0.824645718561626,0.2867073210398172,17,13,IXI013-HH-1212-MRA_IXI-HH,IXI-HH
adaptive,61,62,0,1.7272143186029711,1.6672511088862676,0.05996320971670355,0.03596531404124198,8,8,IXI013-HH-1212-MRA_IXI-HH,IXI-HH
adaptive,61,110,0,23.37754616284635,19.31588622180611,4.06165994104024,0.24790697316089222,95,79,IXI013-HH-1212-MRA_IXI-HH,IXI-HH
adaptive,62,64,0,4.698256783225129,3.9120505405801915,0.7862062426449374,0.20097036950047587,20,17,IXI013-HH-1212-MRA_IXI-HH,IXI-HH
adaptive,62,229,0,30.759252852607364,26.612318713125163,4.146934139482202,0.21450760721271792,125,108,IXI013-HH-1212-MRA_IXI-HH,IXI-HH
adaptive,63,236,0,23.493708386586036,19.993770628988237,3.499937757597799,0.3424390607926124,95,81,IXI013-HH-1212-MRA_IXI-HH,IXI-HH
adaptive,64,67,0,20.077238732470718,17.515396895830467,2.5618418366402516,0.17301566339281033,82,72,IXI013-HH-1212-MRA_IXI-HH,IXI-HH
adaptive,64,68,0,4.628117643961002,4.110932357313596,0.5171852866474067,0.12580729666526938,20,18,IXI013-HH-1212-MRA_IXI-HH,IXI-HH
adaptive,65,66,0,3.484184560234212,2.837809642624971,0.6463749176092408,0.2277724720856698,15,13,IXI013-HH-1212-MRA_IXI-HH,IXI-HH
adaptive,65,68,0,5.083083566760276,5.000878641704501,0.08220492505577504,0.01643809637175204,22,22,IXI013-HH-1212-MRA_IXI-HH,IXI-HH
adaptive,65,232,0,9.914831635153458,8.329027066097254,1.5858045690562044,0.19039493526334134,41,35,IXI013-HH-1212-MRA_IXI-HH,IXI-HH
adaptive,66,69,0,5.440080618158577,5.087995016580206,0.3520856015783709,0.0691992819236325,23,22,IXI013-HH-1212-MRA_IXI-HH,IXI-HH
adaptive,66,70,0,9.214621557919562,6.586490154255799,2.6281314036637635,0.4142151698604828,38,28,IXI013-HH-1212-MRA_IXI-HH,IXI-HH
adaptive,67,72,0,7.4200463211880265,5.96525431748583,1.4547920037021962,0.26332290879761683,31,25,IXI013-HH-1212-MRA_IXI-HH,IXI-HH
adaptive,68,69,0,3.2095971636549456,2.509053827347405,0.7005433363075406,0.27920618070125724,14,12,IXI013-HH-1212-MRA_IXI-HH,IXI-HH
adaptive,69,70,0,6.195688493921461,4.4112353511962406,1.7844531427252202,0.4376802879326328,26,19,IXI013-HH-1212-MRA_IXI-HH,IXI-HH
adaptive,70,235,0,8.560480968308083,6.767898906142095,1.7925820621659874,0.36643630037530084,36,29,IXI013-HH-1212-MRA_IXI-HH,IXI-HH
adaptive,71,77,0,7.888796381366456,6.660503432255583,1.2282929491108732,0.1875446850303416,33,28,IXI013-HH-1212-MRA_IXI-HH,IXI-HH
adaptive,71,79,0,31.00801021450493,26.194053326029415,4.813956888475516,0.19936874530279605,126,106,IXI013-HH-1212-MRA_IXI-HH,IXI-HH
adaptive,71,234,0,43.291950545427824,37.28262108950365,6.009329455924174,0.2267354096643064,175,151,IXI013-HH-1212-MRA_IXI-HH,IXI-HH
adaptive,72,89,0,4.962558556408484,3.955716613279719,1.0068419431287654,0.254528329898229,21,17,IXI013-HH-1212-MRA_IXI-HH,IXI-HH
adaptive,73,77,0,17.50607174884056,15.10019388795416,2.4058778608864007,0.17147650994756136,72,62,IXI013-HH-1212-MRA_IXI-HH,IXI-HH
adaptive,73,78,0,13.260251407738858,10.162287642047936,3.0979637656909222,0.3143575704629904,55,42,IXI013-HH-1212-MRA_IXI-HH,IXI-HH
adaptive,73,243,0,75.88684998367287,64.4752822882481,11.411567695424779,0.2841041027955798,305,259,IXI013-HH-1212-MRA_IXI-HH,IXI-HH
adaptive,74,87,0,16.73566397512911,14.77500947930104,1.96065449582807,0.149003573939383,68,61,IXI013-HH-1212-MRA_IXI-HH,IXI-HH
adaptive,74,93,0,8.186791914537022,7.469609912843835,0.7171820016931862,0.0960133139563295,34,31,IXI013-HH-1212-MRA_IXI-HH,IXI-HH
adaptive,74,94,0,2.4452172477871112,1.8698783526774443,0.575338895109667,0.3076878740725833,11,9,IXI013-HH-1212-MRA_IXI-HH,IXI-HH
adaptive,75,82,0,3.942648936635078,2.898929024418864,1.043719912216214,0.3985338478736126,17,13,IXI013-HH-1212-MRA_IXI-HH,IXI-HH
adaptive,75,83,0,1.8389672430128094,1.8389672430128094,0.0,0.0,9,9,IXI013-HH-1212-MRA_IXI-HH,IXI-HH
adaptive,75,95,0,6.683083465645784,5.974277950710096,0.7088055149356878,0.12117406134378529,28,25,IXI013-HH-1212-MRA_IXI-HH,IXI-HH
adaptive,76,86,0,2.8933960249005786,2.4898699646689653,0.4035260602316133,0.16206712236285928,13,11,IXI013-HH-1212-MRA_IXI-HH,IXI-HH
adaptive,76,96,0,3.1169018821490666,3.116901882149066,4.440892098500626e-16,1.4247776370293326e-16,14,14,IXI013-HH-1212-MRA_IXI-HH,IXI-HH
adaptive,76,113,0,8.974650918864135,8.338132114819299,0.6365188040448366,0.0763382967887444,37,35,IXI013-HH-1212-MRA_IXI-HH,IXI-HH
adaptive,77,237,0,11.426047354762359,9.427138634700077,1.998908720062282,0.2386769353613134,47,39,IXI013-HH-1212-MRA_IXI-HH,IXI-HH
adaptive,78,90,0,12.076218185736565,10.979560847354943,1.0966573383816218,0.10317098062376273,50,45,IXI013-HH-1212-MRA_IXI-HH,IXI-HH
adaptive,78,248,0,39.147277621416634,34.18062762126823,4.966650000148405,0.17228045630602615,158,138,IXI013-HH-1212-MRA_IXI-HH,IXI-HH
adaptive,79,80,0,3.454428653958031,3.199999827346865,0.25442882661116606,0.07950901260582699,15,14,IXI013-HH-1212-MRA_IXI-HH,IXI-HH
adaptive,79,87,0,5.019221157490794,3.994106806275499,1.0251143512152945,0.2566567197463637,22,17,IXI013-HH-1212-MRA_IXI-HH,IXI-HH
adaptive,80,106,0,69.59821748441989,57.923554526332566,11.674662958087325,4.058968928885214,280,233,IXI013-HH-1212-MRA_IXI-HH,IXI-HH
adaptive,80,106,1,5.2581885104843735,3.459911489857679,1.7982770206266947,0.625212957192544,23,15,IXI013-HH-1212-MRA_IXI-HH,IXI-HH
adaptive,81,88,0,3.9323633262535136,2.7025415010618423,1.2298218251916713,0.586659252351709,17,12,IXI013-HH-1212-MRA_IXI-HH,IXI-HH
adaptive,81,90,0,4.1776074569014625,2.6081018364872803,1.5695056204141822,0.6743815974681326,18,12,IXI013-HH-1212-MRA_IXI-HH,IXI-HH
adaptive,81,91,0,1.5077172833920571,1.5077172833920571,0.0,0.0,8,8,IXI013-HH-1212-MRA_IXI-HH,IXI-HH
adaptive,82,83,0,2.1706298855894683,1.6178810130897423,0.552748872499726,0.3416498914491344,10,8,IXI013-HH-1212-MRA_IXI-HH,IXI-HH
adaptive,82,100,0,3.3022924656441885,2.8479295647194647,0.45436290092472387,0.15954148113543,15,13,IXI013-HH-1212-MRA_IXI-HH,IXI-HH
adaptive,83,84,0,2.263325172447962,1.8749999776417492,0.38832519480621297,0.20710677303293767,11,9,IXI013-HH-1212-MRA_IXI-HH,IXI-HH
adaptive,84,85,0,6.3518335048275585,5.468452644101191,0.8833808607263673,0.17142325659941748,27,23,IXI013-HH-1212-MRA_IXI-HH,IXI-HH
adaptive,84,101,0,2.4349316373655117,2.4349316373655117,0.0,0.0,11,11,IXI013-HH-1212-MRA_IXI-HH,IXI-HH
adaptive,85,86,0,1.8544287402850312,1.8544287402850312,0.0,0.0,9,9,IXI013-HH-1212-MRA_IXI-HH,IXI-HH
adaptive,85,102,0,2.893396009707848,2.820862418959951,0.07253359074789678,0.025713267779518236,13,13,IXI013-HH-1212-MRA_IXI-HH,IXI-HH
adaptive,86,96,0,3.1802539230574505,2.4734650237184566,0.7067888993389939,0.33715798434453403,14,11,IXI013-HH-1212-MRA_IXI-HH,IXI-HH
adaptive,87,90,0,3.9169018447292365,3.5266506120053225,0.39025123272391404,0.11065775310869529,17,16,IXI013-HH-1212-MRA_IXI-HH,IXI-HH
adaptive,87,106,0,11.728051702149067,9.843905940903143,1.8841457612459234,0.21694748061376684,48,41,IXI013-HH-1212-MRA_IXI-HH,IXI-HH
adaptive,88,91,0,2.1706298774794996,1.617880996870546,0.5527488806089536,0.34164989988641387,10,8,IXI013-HH-1212-MRA_IXI-HH,IXI-HH
adaptive,88,92,0,6.195688502885584,4.800436047651607,1.3952524552339778,0.4311974916365484,26,21,IXI013-HH-1212-MRA_IXI-HH,IXI-HH
adaptive,88,92,1,5.66708494755157,4.023809921855938,1.6432750256956314,0.5078479285170767,24,18,IXI013-HH-1212-MRA_IXI-HH,IXI-HH
adaptive,89,105,0,2.323178718779807,2.1301499196742064,0.19302879910560078,0.09061747125062604,11,10,IXI013-HH-1212-MRA_IXI-HH,IXI-HH
adaptive,89,238,0,13.002253177508049,12.073019394730395,0.9292337827776542,0.0769678033635268,54,50,IXI013-HH-1212-MRA_IXI-HH,IXI-HH
adaptive,90,91,0,2.721789543462906,2.0385349671033364,0.6832545763595697,0.33516941695164676,12,10,IXI013-HH-1212-MRA_IXI-HH,IXI-HH
adaptive,92,99,0,4.698256833400974,3.662068386948709,1.0361884464522646,0.3126169113669019,20,16,IXI013-HH-1212-MRA_IXI-HH,IXI-HH
adaptive,92,99,1,4.615847160503558,3.981153273483929,0.6346938870196288,0.19148644563918174,20,17,IXI013-HH-1212-MRA_IXI-HH,IXI-HH
adaptive,93,239,0,39.92268541347217,34.59213672204236,5.3305486914298115,0.3528338330893567,161,140,IXI013-HH-1212-MRA_IXI-HH,IXI-HH
adaptive,93,241,0,28.61266080375531,24.049231104608253,4.563429699147058,0.28762282800503675,116,98,IXI013-HH-1212-MRA_IXI-HH,IXI-HH
adaptive,94,103,0,2.077934590620278,1.8544287351795965,0.22350585544068147,0.1205254487274948,10,9,IXI013-HH-1212-MRA_IXI-HH,IXI-HH
adaptive,94,108,0,2.364792474455997,2.364792474455997,0.0,0.0,11,11,IXI013-HH-1212-MRA_IXI-HH,IXI-HH
adaptive,94,113,0,10.433967315700338,7.7558784396282725,2.6780888760720654,0.35105688982040006,43,33,IXI013-HH-1212-MRA_IXI-HH,IXI-HH
adaptive,95,96,0,2.1706298774802124,1.6178809968712258,0.5527488806089866,0.34164989988629085,10,8,IXI013-HH-1212-MRA_IXI-HH,IXI-HH
adaptive,95,99,0,19.057329045315015,15.19619736733395,3.8611316779810654,0.25779556745497756,78,62,IXI013-HH-1212-MRA_IXI-HH,IXI-HH
adaptive,97,140,0,9.863749994982193,8.276097096587103,1.5876528983950902,0.19183594390764294,41,35,IXI013-HH-1212-MRA_IXI-HH,IXI-HH
adaptive,97,231,0,75.0460010577245,64.24324249455735,10.802758563167146,0.2692066683218884,302,258,IXI013-HH-1212-MRA_IXI-HH,IXI-HH
adaptive,97,240,0,44.148208108623656,38.48900130061469,5.6592068080089675,0.16073734096762612,178,155,IXI013-HH-1212-MRA_IXI-HH,IXI-HH
adaptive,98,110,0,12.738088488347225,10.142798297371257,2.595290190975968,0.2741966418862866,52,42,IXI013-HH-1212-MRA_IXI-HH,IXI-HH
adaptive,98,111,0,2.6290942596235745,2.3273257072692553,0.3017685523543192,0.12966322307692651,12,11,IXI013-HH-1212-MRA_IXI-HH,IXI-HH
adaptive,98,115,0,6.765905777843421,4.412275841756251,2.35362993608717,0.6124431094987907,29,19,IXI013-HH-1212-MRA_IXI-HH,IXI-HH
adaptive,100,104,0,1.9887377750132056,1.482317631535794,0.5064201434774116,0.3416407743546313,9,7,IXI013-HH-1212-MRA_IXI-HH,IXI-HH
adaptive,100,112,0,3.0978442368765156,3.0978442368765156,0.0,0.0,14,14,IXI013-HH-1212-MRA_IXI-HH,IXI-HH
adaptive,101,102,0,3.4738989631124997,3.0455909770652347,0.42830798604726494,0.14063214307916924,15,14,IXI013-HH-1212-MRA_IXI-HH,IXI-HH
adaptive,101,112,0,6.186916495929625,5.148805152596317,1.0381113433333073,0.20162179623554666,26,22,IXI013-HH-1212-MRA_IXI-HH,IXI-HH
adaptive,102,120,0,20.77274410013599,17.674521159101328,3.0982229410346633,0.28950037563102515,85,72,IXI013-HH-1212-MRA_IXI-HH,IXI-HH
adaptive,103,108,0,1.3959643561761979,1.0389672940503218,0.356997062125876,0.3436076035985258,7,6,IXI013-HH-1212-MRA_IXI-HH,IXI-HH
adaptive,103,245,0,23.037617172131135,20.715873532224833,2.321743639906302,0.12325940499364056,94,84,IXI013-HH-1212-MRA_IXI-HH,IXI-HH
adaptive,104,109,0,1.9887377750140878,1.4823176315368045,0.5064201434772833,0.3416407743543117,9,7,IXI013-HH-1212-MRA_IXI-HH,IXI-HH
adaptive,104,117,0,4.493808594481847,4.1678803424941595,0.3259282519876878,0.15988357476366186,19,18,IXI013-HH-1212-MRA_IXI-HH,IXI-HH
adaptive,105,129,0,71.0211667915867,60.08176942567495,10.939397365911745,0.33215126969898157,286,242,IXI013-HH-1212-MRA_IXI-HH,IXI-HH
adaptive,105,142,0,11.364680168362266,9.410296880883301,1.954383287478965,0.23285438757446703,47,39,IXI013-HH-1212-MRA_IXI-HH,IXI-HH
adaptive,107,109,0,1.3258251836272996,0.937499988820394,0.38832519480690564,0.41421354606682653,7,5,IXI013-HH-1212-MRA_IXI-HH,IXI-HH
adaptive,107,116,0,2.65165036640124,2.096313693158867,0.555336673242373,0.26491105556132405,12,10,IXI013-HH-1212-MRA_IXI-HH,IXI-HH
adaptive,107,127,0,3.4738989235408475,3.310373670335235,0.1635252532056124,0.0728794901593236,15,15,IXI013-HH-1212-MRA_IXI-HH,IXI-HH
adaptive,108,128,0,24.858722942866134,20.102925006137433,4.755797936728701,0.44503710617982906,101,82,IXI013-HH-1212-MRA_IXI-HH,IXI-HH
adaptive,109,117,0,3.473898930813177,3.473898930813177,0.0,0.0,15,15,IXI013-HH-1212-MRA_IXI-HH,IXI-HH
adaptive,110,130,0,2.5276269212077307,2.091734020884485,0.4358929003232457,0.20838830174924886,12,10,IXI013-HH-1212-MRA_IXI-HH,IXI-HH
adaptive,111,114,0,2.6290942451517925,1.9661816610356126,0.6629125841161798,0.3976081230852889,12,9,IXI013-HH-1212-MRA_IXI-HH,IXI-HH
adaptive,111,121,0,2.7816431027689346,2.7816431027689346,0.0,0.0,13,13,IXI013-HH-1212-MRA_IXI-HH,IXI-HH
adaptive,112,117,0,4.047614735671632,3.070677810464437,0.9769369252071951,0.3181502539530301,18,14,IXI013-HH-1212-MRA_IXI-HH,IXI-HH
adaptive,113,128,0,4.229506838521752,3.4054213786668415,0.8240854598549108,0.26207447282156976,18,15,IXI013-HH-1212-MRA_IXI-HH,IXI-HH
adaptive,114,122,0,1.9661816479414036,1.9127551938384766,0.05342645410292701,0.02793167378398902,9,9,IXI013-HH-1212-MRA_IXI-HH,IXI-HH
adaptive,114,123,0,3.444555708694957,2.781643110038667,0.6629125986562903,0.25312644299041825,15,13,IXI013-HH-1212-MRA_IXI-HH,IXI-HH
adaptive,115,122,0,1.7018798822136811,1.5865469098416383,0.11533297237204287,0.07448106696812828,8,8,IXI013-HH-1212-MRA_IXI-HH,IXI-HH
adaptive,115,133,0,2.170629862017486,1.8698783526774436,0.3007515093400426,0.16084014711941136,10,9,IXI013-HH-1212-MRA_IXI-HH,IXI-HH
adaptive,116,118,0,2.996376949477742,2.5816139425937528,0.41476300688398915,0.1645562308370035,13,12,IXI013-HH-1212-MRA_IXI-HH,IXI-HH
adaptive,116,137,0,3.4738989308119788,3.174968378662745,0.2989305521492338,0.10597133349720268,15,14,IXI013-HH-1212-MRA_IXI-HH,IXI-HH
adaptive,117,127,0,1.6004125802079925,1.4823176315368045,0.11809494867118797,0.07966912499634245,8,7,IXI013-HH-1212-MRA_IXI-HH,IXI-HH
adaptive,118,126,0,1.5077172884605616,1.5077172884605616,0.0,0.0,8,8,IXI013-HH-1212-MRA_IXI-HH,IXI-HH
adaptive,118,136,0,2.3901269108444465,1.9662821280283695,0.42384478281607696,0.22158861948531894,11,9,IXI013-HH-1212-MRA_IXI-HH,IXI-HH
adaptive,119,120,0,3.260678714082538,2.8378096426249826,0.42286907145755537,0.14901248663966066,15,13,IXI013-HH-1212-MRA_IXI-HH,IXI-HH
adaptive,119,128,0,1.5901269568125982,1.31857221792254,0.2715547388900581,0.20594604921822393,8,7,IXI013-HH-1212-MRA_IXI-HH,IXI-HH
adaptive,119,233,0,71.46934571407297,59.191055532954195,12.278290181118777,0.48343623175618505,287,238,IXI013-HH-1212-MRA_IXI-HH,IXI-HH
adaptive,120,246,0,47.01982901788735,41.610127288211686,5.4097017296756675,0.18972548802937467,190,168,IXI013-HH-1212-MRA_IXI-HH,IXI-HH
adaptive,121,123,0,1.9661816537658832,1.9661816537658832,0.0,0.0,9,9,IXI013-HH-1212-MRA_IXI-HH,IXI-HH
adaptive,121,131,0,6.698544937458336,4.56855651540278,2.129988422055556,0.5151059549603324,28,20,IXI013-HH-1212-MRA_IXI-HH,IXI-HH
adaptive,122,132,0,3.6680615393215037,2.4684233617631537,1.19963817755835,0.9098008923570926,16,11,IXI013-HH-1212-MRA_IXI-HH,IXI-HH
adaptive,122,138,0,2.0779345848772075,1.3258251827718601,0.7521094021053474,0.5672764493226297,10,7,IXI013-HH-1212-MRA_IXI-HH,IXI-HH
adaptive,123,124,0,2.629094251716004,1.4062499832315105,1.2228442684844933,0.8695781568469373,12,7,IXI013-HH-1212-MRA_IXI-HH,IXI-HH
adaptive,124,131,0,6.205148770769542,5.79813224347259,0.4070165272969515,0.07144090648231476,26,25,IXI013-HH-1212-MRA_IXI-HH,IXI-HH
adaptive,124,139,0,4.620610345063357,4.13504908346157,0.48556126160178703,0.11742575524528226,20,18,IXI013-HH-1212-MRA_IXI-HH,IXI-HH
adaptive,124,139,1,4.859577673834342,4.608484346167706,0.25109332766663606,0.060723179483141355,21,20,IXI013-HH-1212-MRA_IXI-HH,IXI-HH
adaptive,125,131,0,5.194836475290409,3.762353039979411,1.4324834353109983,0.5683343763518265,22,17,IXI013-HH-1212-MRA_IXI-HH,IXI-HH
adaptive,125,134,0,1.8544287330154248,1.8544287330154248,0.0,0.0,9,9,IXI013-HH-1212-MRA_IXI-HH,IXI-HH
adaptive,125,135,0,1.507717294203046,1.3185722320496223,0.18914506215342364,0.14344687196954825,8,7,IXI013-HH-1212-MRA_IXI-HH,IXI-HH
adaptive,126,134,0,1.507717288459459,1.507717288459459,0.0,0.0,8,8,IXI013-HH-1212-MRA_IXI-HH,IXI-HH
adaptive,126,135,0,1.8389672430126702,1.8389672430126702,0.0,0.0,9,9,IXI013-HH-1212-MRA_IXI-HH,IXI-HH
adaptive,127,137,0,3.4548413299260483,2.8762632487683764,0.578578081157672,0.2011561637848763,15,13,IXI013-HH-1212-MRA_IXI-HH,IXI-HH
adaptive,129,242,0,23.425908082264154,19.906023558700454,3.5198845235637,0.23235252625256497,95,81,IXI013-HH-1212-MRA_IXI-HH,IXI-HH
adaptive,129,253,0,16.765478380561802,14.193162066437338,2.572316314124464,0.21454730094987784,69,58,IXI013-HH-1212-MRA_IXI-HH,IXI-HH
adaptive,130,138,0,11.36269534215645,9.832095995393853,1.530599346762596,0.1716530014767145,47,41,IXI013-HH-1212-MRA_IXI-HH,IXI-HH
adaptive,130,162,0,21.922199562186915,18.767141137594916,3.1550584245919993,0.19147772232807353,89,77,IXI013-HH-1212-MRA_IXI-HH,IXI-HH
adaptive,131,134,0,4.971330616643529,3.1800602584269515,1.7912703582165777,0.5881519782878719,21,14,IXI013-HH-1212-MRA_IXI-HH,IXI-HH
adaptive,132,133,0,1.3959643598360798,1.2324391029510362,0.1635252568850436,0.13268424905821924,7,6,IXI013-HH-1212-MRA_IXI-HH,IXI-HH
adaptive,132,138,0,3.3621460255239803,3.3087195743602758,0.05342645116370459,0.025541703546071094,15,15,IXI013-HH-1212-MRA_IXI-HH,IXI-HH
adaptive,133,139,0,2.629094244834278,1.667251115363808,0.9618431294704699,0.576903575356486,12,8,IXI013-HH-1212-MRA_IXI-HH,IXI-HH
adaptive,133,140,0,19.606032627964506,16.202019043006985,3.4040135849575215,0.2110756827133551,80,66,IXI013-HH-1212-MRA_IXI-HH,IXI-HH
adaptive,135,136,0,1.3959643692701094,1.2324391171469353,0.16352525212317404,0.13268424366611373,7,6,IXI013-HH-1212-MRA_IXI-HH,IXI-HH
adaptive,136,137,0,3.56659424674861,2.3437499720518713,1.2228442746967385,0.5217468967588643,16,11,IXI013-HH-1212-MRA_IXI-HH,IXI-HH
adaptive,137,258,0,94.92898675216145,81.01261603843113,13.916370713730316,0.31273166801569086,381,326,IXI013-HH-1212-MRA_IXI-HH,IXI-HH
adaptive,140,250,0,44.18035396547171,36.900789296435434,7.279564669036276,0.24039041531012864,178,149,IXI013-HH-1212-MRA_IXI-HH,IXI-HH
adaptive,141,143,0,35.2315475604619,29.32944137959202,5.902106180869879,0.3520142794094644,142,119,IXI013-HH-1212-MRA_IXI-HH,IXI-HH
adaptive,141,244,0,31.070725008872994,26.857293677755962,4.213431331117032,0.25080114632532413,126,109,IXI013-HH-1212-MRA_IXI-HH,IXI-HH
adaptive,141,247,0,39.55422112637309,32.61939499126043,6.934826135112665,0.42052830344920944,160,132,IXI013-HH-1212-MRA_IXI-HH,IXI-HH
adaptive,142,144,0,2.52762692120776,2.091734020884146,0.43589290032361383,0.20838830174945863,12,10,IXI013-HH-1212-MRA_IXI-HH,IXI-HH
adaptive,142,156,0,19.56617915297265,15.026938680135302,4.539240472837349,0.40710236740467814,80,62,IXI013-HH-1212-MRA_IXI-HH,IXI-HH
adaptive,143,153,0,48.98435523490575,41.57702493879732,7.407330296108427,0.26060337736921696,197,168,IXI013-HH-1212-MRA_IXI-HH,IXI-HH
adaptive,143,252,0,27.524157446086992,23.768629747180864,3.7555276989061284,0.22137279805681934,112,97,IXI013-HH-1212-MRA_IXI-HH,IXI-HH
adaptive,144,147,0,2.1706298690363264,1.8698783602155076,0.3007515088208188,0.16084014619333661,10,9,IXI013-HH-1212-MRA_IXI-HH,IXI-HH
adaptive,144,161,0,12.128588776719056,9.745196059847393,2.383392716871663,0.26060991744321993,50,40,IXI013-HH-1212-MRA_IXI-HH,IXI-HH
adaptive,145,145,0,15.116762687912253,11.451123570507752,3.665639117404501,nan,62,47,IXI013-HH-1212-MRA_IXI-HH,IXI-HH
adaptive,145,146,0,3.3022924586253275,2.520494071260096,0.7817983873652317,0.3101766420638234,15,12,IXI013-HH-1212-MRA_IXI-HH,IXI-HH
adaptive,146,148,0,1.1316625866518977,1.0481568476609548,0.08350573899094282,0.07966912507158877,6,6,IXI013-HH-1212-MRA_IXI-HH,IXI-HH
adaptive,146,151,0,6.698544967699898,6.247856699651588,0.4506882680483102,0.07337041133176916,28,26,IXI013-HH-1212-MRA_IXI-HH,IXI-HH
adaptive,147,159,0,22.79657217172698,19.73736545041546,3.0592067213115186,0.16377749980403167,93,80,IXI013-HH-1212-MRA_IXI-HH,IXI-HH
adaptive,147,257,0,17.948222584042323,15.264434512833366,2.683788071208957,0.19216232769327943,73,63,IXI013-HH-1212-MRA_IXI-HH,IXI-HH
adaptive,148,149,0,5.786792093281086,5.591798033217319,0.19499406006376674,0.035050157646172975,25,24,IXI013-HH-1212-MRA_IXI-HH,IXI-HH
adaptive,148,154,0,9.762282736434125,6.919933336161309,2.8423494002728162,0.472557006458383,41,29,IXI013-HH-1212-MRA_IXI-HH,IXI-HH
adaptive,149,151,0,1.9764672796498868,1.6844184369872959,0.2920488426625909,0.17338259677621515,9,8,IXI013-HH-1212-MRA_IXI-HH,IXI-HH
adaptive,149,154,0,5.726938483086739,4.486389819884539,1.2405486632022003,0.27651379238242985,24,19,IXI013-HH-1212-MRA_IXI-HH,IXI-HH
adaptive,150,152,0,1.8544287293544182,0.9374999672011604,0.9169287621532578,0.9780573805145654,9,5,IXI013-HH-1212-MRA_IXI-HH,IXI-HH
adaptive,150,249,0,3.965205043716415,3.560512924262323,0.4046921194540922,0.11650566283458338,17,16,IXI013-HH-1212-MRA_IXI-HH,IXI-HH
adaptive,150,251,0,13.450502843004218,10.745928887880712,2.7045739551235055,0.30497117162342596,55,44,IXI013-HH-1212-MRA_IXI-HH,IXI-HH
adaptive,151,156,0,6.786477027307682,5.764184120307126,1.0222929070005558,0.1773525768198546,29,25,IXI013-HH-1212-MRA_IXI-HH,IXI-HH
adaptive,152,160,0,4.780666476084706,3.7744627043292995,1.0062037717554064,0.3109634710695009,21,17,IXI013-HH-1212-MRA_IXI-HH,IXI-HH
adaptive,152,163,0,10.890754293059452,9.329198709867939,1.561555583191513,0.1926832602341139,45,39,IXI013-HH-1212-MRA_IXI-HH,IXI-HH
adaptive,153,155,0,5.130974083748695,4.341252579246096,0.7897215045025989,0.19375909781867137,22,19,IXI013-HH-1212-MRA_IXI-HH,IXI-HH
adaptive,153,158,0,4.341259745655297,3.7397567306639314,0.6015030149913652,0.16084014504456237,19,16,IXI013-HH-1212-MRA_IXI-HH,IXI-HH
adaptive,153,163,0,37.39616925091491,30.042755124950222,7.353414125964687,0.28068325799444227,151,122,IXI013-HH-1212-MRA_IXI-HH,IXI-HH
adaptive,154,255,0,10.536948227284824,7.383679901076317,3.153268326208507,0.46643162440699726,44,31,IXI013-HH-1212-MRA_IXI-HH,IXI-HH
adaptive,155,157,0,2.3077172266134682,1.9127551938386338,0.39496203277483444,0.20648854283448606,11,9,IXI013-HH-1212-MRA_IXI-HH,IXI-HH
adaptive,155,158,0,1.9661816673824841,1.9262167760785611,0.039964891303923,0.020893886999029172,9,9,IXI013-HH-1212-MRA_IXI-HH,IXI-HH
adaptive,156,161,0,2.546684565255779,2.327325690774012,0.21935887448176716,0.0942536213781122,12,11,IXI013-HH-1212-MRA_IXI-HH,IXI-HH
adaptive,157,159,0,3.5408471478085275,3.116901893635302,0.42394525417322537,0.15028923234312563,16,14,IXI013-HH-1212-MRA_IXI-HH,IXI-HH
adaptive,157,256,0,4.981616203242106,4.348331213347677,0.6332849898944284,0.14775630514893703,21,19,IXI013-HH-1212-MRA_IXI-HH,IXI-HH
adaptive,158,159,0,2.3647924698037057,1.6844184347899334,0.6803740350137724,0.4039222208456908,11,8,IXI013-HH-1212-MRA_IXI-HH,IXI-HH
adaptive,160,163,0,6.616855420685608,6.24243438777402,0.374421032911588,0.061826442871541216,28,26,IXI013-HH-1212-MRA_IXI-HH,IXI-HH
adaptive,160,254,0,19.7863964332663,17.258354445238748,2.528041988027553,0.18048948588815353,81,71,IXI013-HH-1212-MRA_IXI-HH,IXI-HH
adaptive,161,162,0,3.6680615504517506,3.081452706602816,0.5866088438489347,0.19036762842148197,16,14,IXI013-HH-1212-MRA_IXI-HH,IXI-HH
adaptive,162,165,0,18.966147211328032,15.216771555127227,3.7493756562008045,0.25723144297062356,77,62,IXI013-HH-1212-MRA_IXI-HH,IXI-HH
adaptive,164,165,0,8.645668954435722,7.700566868018225,0.9451020864174975,0.12640590897316303,36,32,IXI013-HH-1212-MRA_IXI-HH,IXI-HH
adaptive,164,167,0,13.420058627918905,11.741781287803661,1.678277340115244,0.2534186200347089,55,48,IXI013-HH-1212-MRA_IXI-HH,IXI-HH
adaptive,164,167,1,7.958935488646665,6.756057764404834,1.202877724241831,0.18163363447838946,33,29,IXI013-HH-1212-MRA_IXI-HH,IXI-HH
adaptive,165,168,0,8.277121550031778,6.81244535268117,1.4646761973506077,0.21500006554535606,35,29,IXI013-HH-1212-MRA_IXI-HH,IXI-HH
adaptive,166,177,0,8.527639240835551,7.987216884855229,0.5404223559803221,0.0683623419207878,36,33,IXI013-HH-1212-MRA_IXI-HH,IXI-HH
adaptive,166,191,0,20.54447499909169,17.537485765857053,3.0069892332346377,0.3693501937883509,84,72,IXI013-HH-1212-MRA_IXI-HH,IXI-HH
adaptive,166,203,0,23.24679428470177,20.146171263124803,3.1006230215769683,0.20247449663674413,94,82,IXI013-HH-1212-MRA_IXI-HH,IXI-HH
adaptive,167,172,0,4.971330605499295,4.799088232949246,0.17224237255004926,0.035890645095349484,21,21,IXI013-HH-1212-MRA_IXI-HH,IXI-HH
adaptive,168,172,0,2.434931639416079,2.18111558348888,0.2538160559271989,0.1163698328729551,11,10,IXI013-HH-1212-MRA_IXI-HH,IXI-HH
adaptive,168,173,0,2.0588769434301373,1.6844184275216358,0.37445851590850143,0.22230730190921735,10,8,IXI013-HH-1212-MRA_IXI-HH,IXI-HH
adaptive,169,170,0,2.077934593842159,1.8544287497188605,0.22350584412329844,0.12052544167964549,10,9,IXI013-HH-1212-MRA_IXI-HH,IXI-HH
adaptive,169,174,0,29.87072006729033,26.39414011272067,3.476579954569658,0.18548187394549023,121,107,IXI013-HH-1212-MRA_IXI-HH,IXI-HH
adaptive,169,198,0,32.946833529899365,27.853196699898493,5.093636830000872,0.30313434141546414,133,113,IXI013-HH-1212-MRA_IXI-HH,IXI-HH
adaptive,169,207,0,41.169721277056425,35.35266875611908,5.817052520937345,0.2984688639846437,166,143,IXI013-HH-1212-MRA_IXI-HH,IXI-HH
adaptive,170,184,0,16.344311487908698,13.53224492675651,2.8120665611521876,0.40477891716943093,67,56,IXI013-HH-1212-MRA_IXI-HH,IXI-HH
adaptive,170,277,0,54.37374958737614,45.64511621121846,8.728633376157681,0.3040813455354579,219,184,IXI013-HH-1212-MRA_IXI-HH,IXI-HH
adaptive,171,175,0,1.9661816558152512,1.9262167642744425,0.03996489154080862,0.02089388725270474,9,9,IXI013-HH-1212-MRA_IXI-HH,IXI-HH
adaptive,171,176,0,4.790952119790166,4.13748091412448,0.653471205665686,0.1600029286962481,21,18,IXI013-HH-1212-MRA_IXI-HH,IXI-HH
adaptive,171,261,0,28.155048493791906,24.923687498140943,3.231360995650963,0.22141226342734585,114,101,IXI013-HH-1212-MRA_IXI-HH,IXI-HH
adaptive,172,173,0,3.7798144792789343,3.7798144792789343,0.0,0.0,17,17,IXI013-HH-1212-MRA_IXI-HH,IXI-HH
adaptive,172,179,0,8.427685530749688,7.154801980229415,1.2728835505202731,0.18119210187301477,35,30,IXI013-HH-1212-MRA_IXI-HH,IXI-HH
adaptive,173,200,0,12.982165483307107,10.829697657545601,2.152467825761505,0.20378961575194532,53,45,IXI013-HH-1212-MRA_IXI-HH,IXI-HH
adaptive,174,178,0,10.536130408447645,9.214407519817644,1.321722888630001,0.1434408979402463,44,38,IXI013-HH-1212-MRA_IXI-HH,IXI-HH
adaptive,174,185,0,16.252370614167884,14.71466848508901,1.5377021290788733,0.10657943975583603,67,60,IXI013-HH-1212-MRA_IXI-HH,IXI-HH
adaptive,175,176,0,6.0118115284486375,5.047608433406614,0.9642030950420235,0.22322400287823113,26,22,IXI013-HH-1212-MRA_IXI-HH,IXI-HH
adaptive,175,263,0,18.13888676415285,15.522141871934437,2.6167448922184136,0.21851419628674548,74,64,IXI013-HH-1212-MRA_IXI-HH,IXI-HH
adaptive,176,197,0,11.319567912462361,9.895836475530931,1.4237314369314298,0.1527704224509518,47,41,IXI013-HH-1212-MRA_IXI-HH,IXI-HH
adaptive,177,181,0,3.6933959665438647,3.5266505750244264,0.16674539151943835,0.04728151768148548,16,16,IXI013-HH-1212-MRA_IXI-HH,IXI-HH
adaptive,177,182,0,2.0588769434318,1.6844184275228649,0.3744585159089351,0.22230730190931258,10,8,IXI013-HH-1212-MRA_IXI-HH,IXI-HH
adaptive,178,180,0,1.7945751788926052,1.690102129233333,0.10447304965927229,0.06181463702827447,9,8,IXI013-HH-1212-MRA_IXI-HH,IXI-HH
adaptive,178,186,0,20.18823243809227,16.887309407122313,3.300923030969958,0.3611166153657924,82,69,IXI013-HH-1212-MRA_IXI-HH,IXI-HH
adaptive,179,180,0,8.906721144897164,7.765837514735158,1.1408836301620058,0.16182289018007354,37,33,IXI013-HH-1212-MRA_IXI-HH,IXI-HH
adaptive,179,192,0,6.604584928064932,5.69844893905022,0.9061359890147118,0.16576111248304576,28,24,IXI013-HH-1212-MRA_IXI-HH,IXI-HH
adaptive,180,187,0,2.8335424650692413,2.476522506830743,0.3570199582384985,0.1441618064256498,13,11,IXI013-HH-1212-MRA_IXI-HH,IXI-HH
adaptive,181,186,0,1.395964351190482,1.2324390979847706,0.16352525320571143,0.13268424660747993,7,6,IXI013-HH-1212-MRA_IXI-HH,IXI-HH
adaptive,181,196,0,7.531799284383331,6.434702209312766,1.0970970750705646,0.17291154278892215,32,27,IXI013-HH-1212-MRA_IXI-HH,IXI-HH
adaptive,182,186,0,3.45442863720561,3.3345022177727555,0.11992641943285465,0.035965314041073934,15,15,IXI013-HH-1212-MRA_IXI-HH,IXI-HH
adaptive,182,191,0,5.395275860729586,4.8446569520365825,0.5506189086930036,0.11365488086035401,23,21,IXI013-HH-1212-MRA_IXI-HH,IXI-HH
adaptive,183,188,0,26.821406114298696,23.111097294789005,3.7103088195096916,0.39014794057140184,109,94,IXI013-HH-1212-MRA_IXI-HH,IXI-HH
adaptive,183,270,0,7.796101044852034,6.543951575884896,1.2521494689671382,0.25280397582586417,33,28,IXI013-HH-1212-MRA_IXI-HH,IXI-HH
adaptive,183,276,0,21.076105704471093,17.797354162051978,3.2787515424191156,0.2053171969658063,86,73,IXI013-HH-1212-MRA_IXI-HH,IXI-HH
adaptive,184,185,0,3.2349316050127745,2.576607373079385,0.6583242319333897,0.2555004067797127,14,12,IXI013-HH-1212-MRA_IXI-HH,IXI-HH
adaptive,184,190,0,2.2530395499071503,2.2530395499071503,0.0,0.0,11,11,IXI013-HH-1212-MRA_IXI-HH,IXI-HH
adaptive,185,190,0,1.966181667383077,1.9262167760791011,0.03996489130397585,0.02089388699905063,9,9,IXI013-HH-1212-MRA_IXI-HH,IXI-HH
adaptive,187,192,0,1.9661816594746173,1.6672511088853992,0.29893055058921814,0.17929545765248345,9,8,IXI013-HH-1212-MRA_IXI-HH,IXI-HH
adaptive,187,193,0,3.362146034488231,2.091734074130068,1.270411960358163,0.607348695070866,15,10,IXI013-HH-1212-MRA_IXI-HH,IXI-HH
adaptive,187,196,0,9.088671851578056,8.03413159226743,1.0545402593106257,0.17019510287402723,38,34,IXI013-HH-1212-MRA_IXI-HH,IXI-HH
adaptive,188,195,0,2.5173413149180552,2.2072549703591213,0.3100863445589339,0.14216868968622673,12,10,IXI013-HH-1212-MRA_IXI-HH,IXI-HH
adaptive,188,195,1,33.70685523563599,27.748837278067505,5.958017957568487,2.7316378841491824,136,112,IXI013-HH-1212-MRA_IXI-HH,IXI-HH
adaptive,188,262,0,76.0051730351563,64.8650936181938,11.140079416962507,0.4266731683500779,306,261,IXI013-HH-1212-MRA_IXI-HH,IXI-HH
adaptive,189,207,0,28.42977285092165,24.16229480703455,4.2674780438871025,0.1943746365183311,115,98,IXI013-HH-1212-MRA_IXI-HH,IXI-HH
adaptive,189,259,0,53.59030505452329,44.82648078718775,8.763824267335544,0.4333145572014068,216,181,IXI013-HH-1212-MRA_IXI-HH,IXI-HH
adaptive,189,266,0,12.524868193616735,10.607832620397472,1.9170355732192625,0.2769878068037027,52,44,IXI013-HH-1212-MRA_IXI-HH,IXI-HH
adaptive,190,274,0,12.069206510073581,10.4791942692646,1.5900122408089814,0.1783258289360158,50,43,IXI013-HH-1212-MRA_IXI-HH,IXI-HH
adaptive,191,204,0,66.86781956465256,57.71645683403649,9.151362730616071,0.3456361983743238,269,232,IXI013-HH-1212-MRA_IXI-HH,IXI-HH
adaptive,191,278,0,26.193603167730558,23.7183762018329,2.475226965897658,0.12346240291690048,106,96,IXI013-HH-1212-MRA_IXI-HH,IXI-HH
adaptive,192,194,0,1.1316625866518963,1.0481568476609533,0.08350573899094305,0.07966912507158909,6,6,IXI013-HH-1212-MRA_IXI-HH,IXI-HH
adaptive,193,194,0,2.7661816257463436,2.618899041537873,0.14728258420847062,0.056238358895264316,13,12,IXI013-HH-1212-MRA_IXI-HH,IXI-HH
adaptive,193,199,0,4.34125977288809,3.7397567702845187,0.6015030026035717,0.16084014002809324,19,16,IXI013-HH-1212-MRA_IXI-HH,IXI-HH
adaptive,194,271,0,5.555332032438591,4.702729344023383,0.8526026884152085,0.18129954459292166,24,20,IXI013-HH-1212-MRA_IXI-HH,IXI-HH
adaptive,195,202,0,6.214746093120052,5.684928363860513,0.5298177292595394,0.09392350398895662,26,24,IXI013-HH-1212-MRA_IXI-HH,IXI-HH
adaptive,196,199,0,9.947673310573107,7.7976701969686575,2.1500031136044493,0.2938706177681133,41,33,IXI013-HH-1212-MRA_IXI-HH,IXI-HH
adaptive,196,203,0,7.703405769840888,6.6689066661148555,1.0344991037260325,0.15691201264855906,32,28,IXI013-HH-1212-MRA_IXI-HH,IXI-HH
adaptive,197,198,0,46.57048068947425,40.59948700438538,5.970993685088871,0.25752117788768286,188,164,IXI013-HH-1212-MRA_IXI-HH,IXI-HH
adaptive,197,260,0,44.61976043147243,37.05000239542893,7.5697580360434955,0.41180184870021885,180,150,IXI013-HH-1212-MRA_IXI-HH,IXI-HH
adaptive,198,267,0,40.6137595733254,34.646835801309656,5.966923772015747,0.3597243752113703,164,140,IXI013-HH-1212-MRA_IXI-HH,IXI-HH
adaptive,199,200,0,1.5077172942033854,1.3185722320496245,0.18914506215376092,0.1434468719698038,8,7,IXI013-HH-1212-MRA_IXI-HH,IXI-HH
adaptive,200,201,0,4.698256842365307,3.912050628554532,0.7862062138107753,0.20097035761044624,20,17,IXI013-HH-1212-MRA_IXI-HH,IXI-HH
adaptive,201,202,0,6.767419411240946,5.398788136668741,1.3686312745722047,0.2535071278823515,29,23,IXI013-HH-1212-MRA_IXI-HH,IXI-HH
adaptive,201,208,0,14.7351268548411,11.984760918889332,2.750365935951768,0.23759374055785085,60,49,IXI013-HH-1212-MRA_IXI-HH,IXI-HH
adaptive,202,268,0,45.77972408671778,38.18608535682043,7.59363872989735,1.4500081596695278,185,154,IXI013-HH-1212-MRA_IXI-HH,IXI-HH
adaptive,203,205,0,5.167006780442652,4.146241734918661,1.0207650455239907,0.25487256690192395,22,18,IXI013-HH-1212-MRA_IXI-HH,IXI-HH
adaptive,204,264,0,30.844440888379516,25.70379302977885,5.140647858600666,0.32316559937791417,125,104,IXI013-HH-1212-MRA_IXI-HH,IXI-HH
adaptive,204,269,0,24.34962404580616,21.164799961892065,3.184824083914094,0.2060377578477179,99,86,IXI013-HH-1212-MRA_IXI-HH,IXI-HH
adaptive,205,208,0,5.943657215006471,4.982880728403674,0.9607764866027972,0.1928154693982799,25,21,IXI013-HH-1212-MRA_IXI-HH,IXI-HH
adaptive,205,272,0,35.33150135431936,29.745857498347316,5.585643855972041,0.33158838112815203,143,120,IXI013-HH-1212-MRA_IXI-HH,IXI-HH
adaptive,206,208,0,24.01436522611393,20.366153828490194,3.6482113976237365,0.26763467080032827,98,83,IXI013-HH-1212-MRA_IXI-HH,IXI-HH
adaptive,206,273,0,16.167280257435387,14.885838745523294,1.2814415119120923,0.0926477167140202,66,61,IXI013-HH-1212-MRA_IXI-HH,IXI-HH
adaptive,206,275,0,53.51866671662594,45.173354185822376,8.345312530803561,0.3678820303941549,216,182,IXI013-HH-1212-MRA_IXI-HH,IXI-HH
adaptive,207,265,0,60.638559305362605,52.794733435322854,7.843825870039751,0.24182731276760858,244,213,IXI013-HH-1212-MRA_IXI-HH,IXI-HH
dense,0,44,0,52.357653314809816,52.357653314809816,0.0,0.0,211,211,IXI013-HH-1212-MRA_IXI-HH,IXI-HH
dense,0,209,0,7.420046379232196,7.420046379232196,0.0,0.0,31,31,IXI013-HH-1212-MRA_IXI-HH,IXI-HH
dense,0,215,0,34.13264163706098,34.13264163706098,0.0,0.0,138,138,IXI013-HH-1212-MRA_IXI-HH,IXI-HH
dense,1,2,0,18.39684831123544,18.39684831123544,0.0,0.0,75,75,IXI013-HH-1212-MRA_IXI-HH,IXI-HH
dense,1,11,0,37.39024121721437,37.39024121721437,0.0,0.0,151,151,IXI013-HH-1212-MRA_IXI-HH,IXI-HH
dense,1,213,0,37.72405263563798,37.72405263563798,0.0,0.0,152,152,IXI013-HH-1212-MRA_IXI-HH,IXI-HH
dense,1,225,0,42.8941573498781,42.8941573498781,0.0,0.0,173,173,IXI013-HH-1212-MRA_IXI-HH,IXI-HH
dense,2,3,0,3.4651268884086543,3.4651268884086543,0.0,0.0,15,15,IXI013-HH-1212-MRA_IXI-HH,IXI-HH
dense,2,210,0,9.088671859840437,9.088671859840437,0.0,0.0,38,38,IXI013-HH-1212-MRA_IXI-HH,IXI-HH
dense,3,8,0,12.831601505804057,12.831601505804057,0.0,0.0,53,53,IXI013-HH-1212-MRA_IXI-HH,IXI-HH
dense,3,16,0,17.571447608583107,17.571447608583107,0.0,0.0,72,72,IXI013-HH-1212-MRA_IXI-HH,IXI-HH
dense,4,5,0,1.966181674652197,1.966181674652197,0.0,0.0,9,9,IXI013-HH-1212-MRA_IXI-HH,IXI-HH
dense,4,6,0,2.639379858380325,2.639379858380325,0.0,0.0,12,12,IXI013-HH-1212-MRA_IXI-HH,IXI-HH
dense,4,29,0,74.57103482253206,74.57103482253206,0.0,0.0,300,300,IXI013-HH-1212-MRA_IXI-HH,IXI-HH
dense,5,6,0,2.170629869036615,2.170629869036615,0.0,0.0,10,10,IXI013-HH-1212-MRA_IXI-HH,IXI-HH
dense,5,216,0,80.93035104525674,80.93035104525674,0.0,0.0,325,325,IXI013-HH-1212-MRA_IXI-HH,IXI-HH
dense,6,7,0,3.5665942202267926,3.5665942202267926,0.0,0.0,16,16,IXI013-HH-1212-MRA_IXI-HH,IXI-HH
dense,7,41,0,15.277514467419225,15.277514467419225,0.0,0.0,63,63,IXI013-HH-1212-MRA_IXI-HH,IXI-HH
dense,7,44,0,21.005270850116165,21.005270850116165,0.0,0.0,86,86,IXI013-HH-1212-MRA_IXI-HH,IXI-HH
dense,8,10,0,2.077934572351893,2.077934572351893,0.0,0.0,10,10,IXI013-HH-1212-MRA_IXI-HH,IXI-HH
dense,8,11,0,7.810737261981924,7.810737261981924,0.0,0.0,33,33,IXI013-HH-1212-MRA_IXI-HH,IXI-HH
dense,9,19,0,7.754074611411708,7.754074611411708,0.0,0.0,33,33,IXI013-HH-1212-MRA_IXI-HH,IXI-HH
dense,9,24,0,34.715346511292864,34.715346511292864,0.0,0.0,140,140,IXI013-HH-1212-MRA_IXI-HH,IXI-HH
dense,9,212,0,96.4780363861149,96.4780363861149,0.0,0.0,387,387,IXI013-HH-1212-MRA_IXI-HH,IXI-HH
dense,10,12,0,38.283933224607374,38.283933224607374,0.0,0.0,155,155,IXI013-HH-1212-MRA_IXI-HH,IXI-HH
dense,10,17,0,3.7607568247905068,3.7607568247905068,0.0,0.0,17,17,IXI013-HH-1212-MRA_IXI-HH,IXI-HH
dense,11,37,0,12.05296614751167,12.05296614751167,0.0,0.0,50,50,IXI013-HH-1212-MRA_IXI-HH,IXI-HH
dense,12,25,0,2.9139672205781024,2.9139672205781024,0.0,0.0,13,13,IXI013-HH-1212-MRA_IXI-HH,IXI-HH
dense,12,214,0,7.633266568445039,7.633266568445039,0.0,0.0,32,32,IXI013-HH-1212-MRA_IXI-HH,IXI-HH
dense,13,15,0,4.147097151619985,4.147097151619985,0.0,0.0,18,18,IXI013-HH-1212-MRA_IXI-HH,IXI-HH
dense,13,20,0,2.9860913066928365,2.9860913066928365,0.0,0.0,13,13,IXI013-HH-1212-MRA_IXI-HH,IXI-HH
dense,13,24,0,3.6783471670303536,3.6783471670303536,0.0,0.0,16,16,IXI013-HH-1212-MRA_IXI-HH,IXI-HH
dense,14,16,0,5.177292444140846,5.177292444140846,0.0,0.0,22,22,IXI013-HH-1212-MRA_IXI-HH,IXI-HH
dense,14,17,0,9.176191310752467,9.176191310752467,0.0,0.0,38,38,IXI013-HH-1212-MRA_IXI-HH,IXI-HH
dense,14,26,0,10.759636249947569,10.759636249947569,0.0,0.0,45,45,IXI013-HH-1212-MRA_IXI-HH,IXI-HH
dense,15,19,0,5.5478247063755965,5.5478247063755965,0.0,0.0,24,24,IXI013-HH-1212-MRA_IXI-HH,IXI-HH
dense,15,23,0,2.5466845760660037,2.5466845760660037,0.0,0.0,12,12,IXI013-HH-1212-MRA_IXI-HH,IXI-HH
dense,16,21,0,17.7620141720378,17.7620141720378,0.0,0.0,73,73,IXI013-HH-1212-MRA_IXI-HH,IXI-HH
dense,16,24,0,4.962558605730195,4.962558605730195,0.0,0.0,21,21,IXI013-HH-1212-MRA_IXI-HH,IXI-HH
dense,17,31,0,7.5405713451651675,7.5405713451651675,0.0,0.0,32,32,IXI013-HH-1212-MRA_IXI-HH,IXI-HH
dense,18,21,0,1.9661816689093548,1.9661816689093548,0.0,0.0,9,9,IXI013-HH-1212-MRA_IXI-HH,IXI-HH
dense,18,22,0,4.636071867028859,4.636071867028859,0.0,0.0,20,20,IXI013-HH-1212-MRA_IXI-HH,IXI-HH
dense,18,26,0,2.4349316420181637,2.4349316420181637,0.0,0.0,11,11,IXI013-HH-1212-MRA_IXI-HH,IXI-HH
dense,19,23,0,4.229094161730597,4.229094161730597,0.0,0.0,18,18,IXI013-HH-1212-MRA_IXI-HH,IXI-HH
dense,20,24,0,1.9661816746529914,1.9661816746529914,0.0,0.0,9,9,IXI013-HH-1212-MRA_IXI-HH,IXI-HH
dense,20,33,0,26.364206508136697,26.364206508136697,0.0,0.0,107,107,IXI013-HH-1212-MRA_IXI-HH,IXI-HH
dense,21,30,0,4.48352296737343,4.48352296737343,0.0,0.0,19,19,IXI013-HH-1212-MRA_IXI-HH,IXI-HH
dense,22,211,0,39.74797103206022,39.74797103206022,0.0,0.0,160,160,IXI013-HH-1212-MRA_IXI-HH,IXI-HH
dense,22,224,0,23.74138908357084,23.74138908357084,0.0,0.0,96,96,IXI013-HH-1212-MRA_IXI-HH,IXI-HH
dense,23,27,0,3.4738989509250935,3.4738989509250935,0.0,0.0,15,15,IXI013-HH-1212-MRA_IXI-HH,IXI-HH
dense,25,28,0,3.0154345736994435,3.0154345736994435,0.0,0.0,14,14,IXI013-HH-1212-MRA_IXI-HH,IXI-HH
dense,25,28,1,9.650529749225372,9.650529749225372,0.0,0.0,40,40,IXI013-HH-1212-MRA_IXI-HH,IXI-HH
dense,26,32,0,5.551833504539745,5.551833504539745,0.0,0.0,24,24,IXI013-HH-1212-MRA_IXI-HH,IXI-HH
dense,27,39,0,6.391364652817821,6.391364652817821,0.0,0.0,27,27,IXI013-HH-1212-MRA_IXI-HH,IXI-HH
dense,27,41,0,15.151281789606541,15.151281789606541,0.0,0.0,62,62,IXI013-HH-1212-MRA_IXI-HH,IXI-HH
dense,28,219,0,10.536948222171535,10.536948222171535,0.0,0.0,44,44,IXI013-HH-1212-MRA_IXI-HH,IXI-HH
dense,29,217,0,35.97034413236177,35.97034413236177,0.0,0.0,145,145,IXI013-HH-1212-MRA_IXI-HH,IXI-HH
dense,29,222,0,41.52318100693896,41.52318100693896,0.0,0.0,168,168,IXI013-HH-1212-MRA_IXI-HH,IXI-HH
dense,30,32,0,3.4738989688563175,3.4738989688563175,0.0,0.0,15,15,IXI013-HH-1212-MRA_IXI-HH,IXI-HH
dense,30,33,0,4.911477062708455,4.911477062708455,0.0,0.0,21,21,IXI013-HH-1212-MRA_IXI-HH,IXI-HH
dense,30,34,0,2.3231787071309777,2.3231787071309777,0.0,0.0,11,11,IXI013-HH-1212-MRA_IXI-HH,IXI-HH
dense,31,37,0,9.132211881483652,9.132211881483652,0.0,0.0,38,38,IXI013-HH-1212-MRA_IXI-HH,IXI-HH
dense,31,37,1,3.585651865049031,3.585651865049031,0.0,0.0,16,16,IXI013-HH-1212-MRA_IXI-HH,IXI-HH
dense,32,35,0,1.9661816479413115,1.9661816479413115,0.0,0.0,9,9,IXI013-HH-1212-MRA_IXI-HH,IXI-HH
dense,33,34,0,3.47389893684017,3.47389893684017,0.0,0.0,15,15,IXI013-HH-1212-MRA_IXI-HH,IXI-HH
dense,34,36,0,1.3258251844827265,1.3258251844827265,0.0,0.0,7,7,IXI013-HH-1212-MRA_IXI-HH,IXI-HH
dense,35,36,0,2.8933960437689943,2.8933960437689943,0.0,0.0,13,13,IXI013-HH-1212-MRA_IXI-HH,IXI-HH
dense,35,38,0,2.1706298728266518,2.1706298728266518,0.0,0.0,10,10,IXI013-HH-1212-MRA_IXI-HH,IXI-HH
dense,36,40,0,2.8335424650676297,2.8335424650676297,0.0,0.0,13,13,IXI013-HH-1212-MRA_IXI-HH,IXI-HH
dense,38,40,0,2.8779345449362417,2.8779345449362417,0.0,0.0,13,13,IXI013-HH-1212-MRA_IXI-HH,IXI-HH
dense,38,42,0,4.159367648695299,4.159367648695299,0.0,0.0,18,18,IXI013-HH-1212-MRA_IXI-HH,IXI-HH
dense,39,45,0,10.654565303345892,10.654565303345892,0.0,0.0,44,44,IXI013-HH-1212-MRA_IXI-HH,IXI-HH
dense,39,45,1,15.458710827018761,15.458710827018761,0.0,0.0,63,63,IXI013-HH-1212-MRA_IXI-HH,IXI-HH
dense,40,42,0,5.369941439360559,5.369941439360559,0.0,0.0,23,23,IXI013-HH-1212-MRA_IXI-HH,IXI-HH
dense,41,44,0,5.064025916703939,5.064025916703939,0.0,0.0,22,22,IXI013-HH-1212-MRA_IXI-HH,IXI-HH
dense,41,45,0,2.6290942393271983,2.6290942393271983,0.0,0.0,12,12,IXI013-HH-1212-MRA_IXI-HH,IXI-HH
dense,42,47,0,1.7018798784170386,1.7018798784170386,0.0,0.0,8,8,IXI013-HH-1212-MRA_IXI-HH,IXI-HH
dense,43,46,0,1.59012696710141,1.59012696710141,0.0,0.0,8,8,IXI013-HH-1212-MRA_IXI-HH,IXI-HH
dense,43,47,0,2.0779345816554216,2.0779345816554216,0.0,0.0,10,10,IXI013-HH-1212-MRA_IXI-HH,IXI-HH
dense,43,48,0,3.678347165085169,3.678347165085169,0.0,0.0,16,16,IXI013-HH-1212-MRA_IXI-HH,IXI-HH
dense,44,45,0,3.932363307855262,3.932363307855262,0.0,0.0,17,17,IXI013-HH-1212-MRA_IXI-HH,IXI-HH
dense,46,47,0,3.108129854634663,3.108129854634663,0.0,0.0,14,14,IXI013-HH-1212-MRA_IXI-HH,IXI-HH
dense,46,223,0,8.18593987974581,8.18593987974581,0.0,0.0,34,34,IXI013-HH-1212-MRA_IXI-HH,IXI-HH
dense,47,48,0,2.7919287277298706,2.7919287277298706,0.0,0.0,13,13,IXI013-HH-1212-MRA_IXI-HH,IXI-HH
dense,47,49,0,2.53791252664307,2.53791252664307,0.0,0.0,12,12,IXI013-HH-1212-MRA_IXI-HH,IXI-HH
dense,48,54,0,26.059011095888767,26.059011095888767,0.0,0.0,106,106,IXI013-HH-1212-MRA_IXI-HH,IXI-HH
dense,49,52,0,6.960068399713276,6.960068399713276,0.0,0.0,29,29,IXI013-HH-1212-MRA_IXI-HH,IXI-HH
dense,49,54,0,15.745568804203666,15.745568804203666,0.0,0.0,64,64,IXI013-HH-1212-MRA_IXI-HH,IXI-HH
dense,50,51,0,17.426406162387202,17.426406162387202,0.0,0.0,71,71,IXI013-HH-1212-MRA_IXI-HH,IXI-HH
dense,50,218,0,20.631687017533054,20.631687017533054,0.0,0.0,84,84,IXI013-HH-1212-MRA_IXI-HH,IXI-HH
dense,50,220,0,8.391240129923103,8.391240129923103,0.0,0.0,35,35,IXI013-HH-1212-MRA_IXI-HH,IXI-HH
dense,51,52,0,18.016030239774818,18.016030239774818,0.0,0.0,74,74,IXI013-HH-1212-MRA_IXI-HH,IXI-HH
dense,51,52,1,14.102028884972592,14.102028884972592,0.0,0.0,58,58,IXI013-HH-1212-MRA_IXI-HH,IXI-HH
dense,53,57,0,23.45748514078215,23.45748514078215,0.0,0.0,95,95,IXI013-HH-1212-MRA_IXI-HH,IXI-HH
dense,53,221,0,21.944035655552778,21.944035655552778,0.0,0.0,89,89,IXI013-HH-1212-MRA_IXI-HH,IXI-HH
dense,53,227,0,13.137517050754933,13.137517050754933,0.0,0.0,54,54,IXI013-HH-1212-MRA_IXI-HH,IXI-HH
dense,54,61,0,15.794665351877109,15.794665351877109,0.0,0.0,65,65,IXI013-HH-1212-MRA_IXI-HH,IXI-HH
dense,55,59,0,8.275136634939702,8.275136634939702,0.0,0.0,35,35,IXI013-HH-1212-MRA_IXI-HH,IXI-HH
dense,55,60,0,8.581052158590301,8.581052158590301,0.0,0.0,36,36,IXI013-HH-1212-MRA_IXI-HH,IXI-HH
dense,55,226,0,26.06250962263441,26.06250962263441,0.0,0.0,106,106,IXI013-HH-1212-MRA_IXI-HH,IXI-HH
dense,55,230,0,41.36363525578193,41.36363525578193,0.0,0.0,167,167,IXI013-HH-1212-MRA_IXI-HH,IXI-HH
dense,56,57,0,13.830468720609794,13.830468720609794,0.0,0.0,57,57,IXI013-HH-1212-MRA_IXI-HH,IXI-HH
dense,56,60,0,55.30638891044866,55.30638891044866,0.0,0.0,223,223,IXI013-HH-1212-MRA_IXI-HH,IXI-HH
dense,56,67,0,37.15693342012467,37.15693342012467,0.0,0.0,150,150,IXI013-HH-1212-MRA_IXI-HH,IXI-HH
dense,57,58,0,2.5466845638260347,2.5466845638260347,0.0,0.0,12,12,IXI013-HH-1212-MRA_IXI-HH,IXI-HH
dense,58,72,0,70.69001462128804,70.69001462128804,0.0,0.0,284,284,IXI013-HH-1212-MRA_IXI-HH,IXI-HH
dense,58,228,0,7.1522460820534945,7.1522460820534945,0.0,0.0,30,30,IXI013-HH-1212-MRA_IXI-HH,IXI-HH
dense,59,60,0,1.8389672508865518,1.8389672508865518,0.0,0.0,9,9,IXI013-HH-1212-MRA_IXI-HH,IXI-HH
dense,59,63,0,3.729428663757317,3.729428663757317,0.0,0.0,16,16,IXI013-HH-1212-MRA_IXI-HH,IXI-HH
dense,60,63,0,3.796376867469368,3.796376867469368,0.0,0.0,17,17,IXI013-HH-1212-MRA_IXI-HH,IXI-HH
dense,61,62,0,1.7272143186029711,1.7272143186029711,0.0,0.0,8,8,IXI013-HH-1212-MRA_IXI-HH,IXI-HH
dense,61,110,0,23.37754616284635,23.37754616284635,0.0,0.0,95,95,IXI013-HH-1212-MRA_IXI-HH,IXI-HH
dense,62,64,0,4.698256783225129,4.698256783225129,0.0,0.0,20,20,IXI013-HH-1212-MRA_IXI-HH,IXI-HH
dense,62,229,0,30.759252852607364,30.759252852607364,0.0,0.0,125,125,IXI013-HH-1212-MRA_IXI-HH,IXI-HH
dense,63,236,0,23.493708386586036,23.493708386586036,0.0,0.0,95,95,IXI013-HH-1212-MRA_IXI-HH,IXI-HH
dense,64,67,0,20.077238732470718,20.077238732470718,0.0,0.0,82,82,IXI013-HH-1212-MRA_IXI-HH,IXI-HH
dense,64,68,0,4.628117643961002,4.628117643961002,0.0,0.0,20,20,IXI013-HH-1212-MRA_IXI-HH,IXI-HH
dense,65,66,0,3.484184560234212,3.484184560234212,0.0,0.0,15,15,IXI013-HH-1212-MRA_IXI-HH,IXI-HH
dense,65,68,0,5.083083566760276,5.083083566760276,0.0,0.0,22,22,IXI013-HH-1212-MRA_IXI-HH,IXI-HH
dense,65,232,0,9.914831635153458,9.914831635153458,0.0,0.0,41,41,IXI013-HH-1212-MRA_IXI-HH,IXI-HH
dense,66,69,0,5.440080618158577,5.440080618158577,0.0,0.0,23,23,IXI013-HH-1212-MRA_IXI-HH,IXI-HH
dense,66,70,0,9.214621557919562,9.214621557919562,0.0,0.0,38,38,IXI013-HH-1212-MRA_IXI-HH,IXI-HH
dense,67,72,0,7.4200463211880265,7.4200463211880265,0.0,0.0,31,31,IXI013-HH-1212-MRA_IXI-HH,IXI-HH
dense,68,69,0,3.2095971636549456,3.2095971636549456,0.0,0.0,14,14,IXI013-HH-1212-MRA_IXI-HH,IXI-HH
dense,69,70,0,6.195688493921461,6.195688493921461,0.0,0.0,26,26,IXI013-HH-1212-MRA_IXI-HH,IXI-HH
dense,70,235,0,8.560480968308083,8.560480968308083,0.0,0.0,36,36,IXI013-HH-1212-MRA_IXI-HH,IXI-HH
dense,71,77,0,7.888796381366456,7.888796381366456,0.0,0.0,33,33,IXI013-HH-1212-MRA_IXI-HH,IXI-HH
dense,71,79,0,31.00801021450493,31.00801021450493,0.0,0.0,126,126,IXI013-HH-1212-MRA_IXI-HH,IXI-HH
dense,71,234,0,43.291950545427824,43.291950545427824,0.0,0.0,175,175,IXI013-HH-1212-MRA_IXI-HH,IXI-HH
dense,72,89,0,4.962558556408484,4.962558556408484,0.0,0.0,21,21,IXI013-HH-1212-MRA_IXI-HH,IXI-HH
dense,73,77,0,17.50607174884056,17.50607174884056,0.0,0.0,72,72,IXI013-HH-1212-MRA_IXI-HH,IXI-HH
dense,73,78,0,13.260251407738858,13.260251407738858,0.0,0.0,55,55,IXI013-HH-1212-MRA_IXI-HH,IXI-HH
dense,73,243,0,75.88684998367287,75.88684998367287,0.0,0.0,305,305,IXI013-HH-1212-MRA_IXI-HH,IXI-HH
dense,74,87,0,16.73566397512911,16.73566397512911,0.0,0.0,68,68,IXI013-HH-1212-MRA_IXI-HH,IXI-HH
dense,74,93,0,8.186791914537022,8.186791914537022,0.0,0.0,34,34,IXI013-HH-1212-MRA_IXI-HH,IXI-HH
dense,74,94,0,2.4452172477871112,2.4452172477871112,0.0,0.0,11,11,IXI013-HH-1212-MRA_IXI-HH,IXI-HH
dense,75,82,0,3.942648936635078,3.942648936635078,0.0,0.0,17,17,IXI013-HH-1212-MRA_IXI-HH,IXI-HH
dense,75,83,0,1.8389672430128094,1.8389672430128094,0.0,0.0,9,9,IXI013-HH-1212-MRA_IXI-HH,IXI-HH
dense,75,95,0,6.683083465645784,6.683083465645784,0.0,0.0,28,28,IXI013-HH-1212-MRA_IXI-HH,IXI-HH
dense,76,86,0,2.8933960249005786,2.8933960249005786,0.0,0.0,13,13,IXI013-HH-1212-MRA_IXI-HH,IXI-HH
dense,76,96,0,3.1169018821490666,3.1169018821490666,0.0,0.0,14,14,IXI013-HH-1212-MRA_IXI-HH,IXI-HH
dense,76,113,0,8.974650918864135,8.974650918864135,0.0,0.0,37,37,IXI013-HH-1212-MRA_IXI-HH,IXI-HH
dense,77,237,0,11.426047354762359,11.426047354762359,0.0,0.0,47,47,IXI013-HH-1212-MRA_IXI-HH,IXI-HH
dense,78,90,0,12.076218185736565,12.076218185736565,0.0,0.0,50,50,IXI013-HH-1212-MRA_IXI-HH,IXI-HH
dense,78,248,0,39.147277621416634,39.147277621416634,0.0,0.0,158,158,IXI013-HH-1212-MRA_IXI-HH,IXI-HH
dense,79,80,0,3.454428653958031,3.454428653958031,0.0,0.0,15,15,IXI013-HH-1212-MRA_IXI-HH,IXI-HH
dense,79,87,0,5.019221157490794,5.019221157490794,0.0,0.0,22,22,IXI013-HH-1212-MRA_IXI-HH,IXI-HH
dense,80,106,0,69.59821748441989,69.59821748441989,0.0,0.0,280,280,IXI013-HH-1212-MRA_IXI-HH,IXI-HH
dense,80,106,1,5.2581885104843735,5.2581885104843735,0.0,0.0,23,23,IXI013-HH-1212-MRA_IXI-HH,IXI-HH
dense,81,88,0,3.9323633262535136,3.9323633262535136,0.0,0.0,17,17,IXI013-HH-1212-MRA_IXI-HH,IXI-HH
dense,81,90,0,4.1776074569014625,4.1776074569014625,0.0,0.0,18,18,IXI013-HH-1212-MRA_IXI-HH,IXI-HH
dense,81,91,0,1.5077172833920571,1.5077172833920571,0.0,0.0,8,8,IXI013-HH-1212-MRA_IXI-HH,IXI-HH
dense,82,83,0,2.1706298855894683,2.1706298855894683,0.0,0.0,10,10,IXI013-HH-1212-MRA_IXI-HH,IXI-HH
dense,82,100,0,3.3022924656441885,3.3022924656441885,0.0,0.0,15,15,IXI013-HH-1212-MRA_IXI-HH,IXI-HH
dense,83,84,0,2.263325172447962,2.263325172447962,0.0,0.0,11,11,IXI013-HH-1212-MRA_IXI-HH,IXI-HH
dense,84,85,0,6.3518335048275585,6.3518335048275585,0.0,0.0,27,27,IXI013-HH-1212-MRA_IXI-HH,IXI-HH
dense,84,101,0,2.4349316373655117,2.4349316373655117,0.0,0.0,11,11,IXI013-HH-1212-MRA_IXI-HH,IXI-HH
dense,85,86,0,1.8544287402850312,1.8544287402850312,0.0,0.0,9,9,IXI013-HH-1212-MRA_IXI-HH,IXI-HH
dense,85,102,0,2.893396009707848,2.893396009707848,0.0,0.0,13,13,IXI013-HH-1212-MRA_IXI-HH,IXI-HH
dense,86,96,0,3.1802539230574505,3.1802539230574505,0.0,0.0,14,14,IXI013-HH-1212-MRA_IXI-HH,IXI-HH
dense,87,90,0,3.9169018447292365,3.9169018447292365,0.0,0.0,17,17,IXI013-HH-1212-MRA_IXI-HH,IXI-HH
dense,87,106,0,11.728051702149067,11.728051702149067,0.0,0.0,48,48,IXI013-HH-1212-MRA_IXI-HH,IXI-HH
dense,88,91,0,2.1706298774794996,2.1706298774794996,0.0,0.0,10,10,IXI013-HH-1212-MRA_IXI-HH,IXI-HH
dense,88,92,0,6.195688502885584,6.195688502885584,0.0,0.0,26,26,IXI013-HH-1212-MRA_IXI-HH,IXI-HH
dense,88,92,1,5.66708494755157,5.66708494755157,0.0,0.0,24,24,IXI013-HH-1212-MRA_IXI-HH,IXI-HH
dense,89,105,0,2.323178718779807,2.323178718779807,0.0,0.0,11,11,IXI013-HH-1212-MRA_IXI-HH,IXI-HH
dense,89,238,0,13.002253177508049,13.002253177508049,0.0,0.0,54,54,IXI013-HH-1212-MRA_IXI-HH,IXI-HH
dense,90,91,0,2.721789543462906,2.721789543462906,0.0,0.0,12,12,IXI013-HH-1212-MRA_IXI-HH,IXI-HH
dense,92,99,0,4.698256833400974,4.698256833400974,0.0,0.0,20,20,IXI013-HH-1212-MRA_IXI-HH,IXI-HH
dense,92,99,1,4.615847160503558,4.615847160503558,0.0,0.0,20,20,IXI013-HH-1212-MRA_IXI-HH,IXI-HH
dense,93,239,0,39.92268541347217,39.92268541347217,0.0,0.0,161,161,IXI013-HH-1212-MRA_IXI-HH,IXI-HH
dense,93,241,0,28.61266080375531,28.61266080375531,0.0,0.0,116,116,IXI013-HH-1212-MRA_IXI-HH,IXI-HH
dense,94,103,0,2.077934590620278,2.077934590620278,0.0,0.0,10,10,IXI013-HH-1212-MRA_IXI-HH,IXI-HH
dense,94,108,0,2.364792474455997,2.364792474455997,0.0,0.0,11,11,IXI013-HH-1212-MRA_IXI-HH,IXI-HH
dense,94,113,0,10.433967315700338,10.433967315700338,0.0,0.0,43,43,IXI013-HH-1212-MRA_IXI-HH,IXI-HH
dense,95,96,0,2.1706298774802124,2.1706298774802124,0.0,0.0,10,10,IXI013-HH-1212-MRA_IXI-HH,IXI-HH
dense,95,99,0,19.057329045315015,19.057329045315015,0.0,0.0,78,78,IXI013-HH-1212-MRA_IXI-HH,IXI-HH
dense,97,140,0,9.863749994982193,9.863749994982193,0.0,0.0,41,41,IXI013-HH-1212-MRA_IXI-HH,IXI-HH
dense,97,231,0,75.0460010577245,75.0460010577245,0.0,0.0,302,302,IXI013-HH-1212-MRA_IXI-HH,IXI-HH
dense,97,240,0,44.148208108623656,44.148208108623656,0.0,0.0,178,178,IXI013-HH-1212-MRA_IXI-HH,IXI-HH
dense,98,110,0,12.738088488347225,12.738088488347225,0.0,0.0,52,52,IXI013-HH-1212-MRA_IXI-HH,IXI-HH
dense,98,111,0,2.6290942596235745,2.6290942596235745,0.0,0.0,12,12,IXI013-HH-1212-MRA_IXI-HH,IXI-HH
dense,98,115,0,6.765905777843421,6.765905777843421,0.0,0.0,29,29,IXI013-HH-1212-MRA_IXI-HH,IXI-HH
dense,100,104,0,1.9887377750132056,1.9887377750132056,0.0,0.0,9,9,IXI013-HH-1212-MRA_IXI-HH,IXI-HH
dense,100,112,0,3.0978442368765156,3.0978442368765156,0.0,0.0,14,14,IXI013-HH-1212-MRA_IXI-HH,IXI-HH
dense,101,102,0,3.4738989631124997,3.4738989631124997,0.0,0.0,15,15,IXI013-HH-1212-MRA_IXI-HH,IXI-HH
dense,101,112,0,6.186916495929625,6.186916495929625,0.0,0.0,26,26,IXI013-HH-1212-MRA_IXI-HH,IXI-HH
dense,102,120,0,20.77274410013599,20.77274410013599,0.0,0.0,85,85,IXI013-HH-1212-MRA_IXI-HH,IXI-HH
dense,103,108,0,1.3959643561761979,1.3959643561761979,0.0,0.0,7,7,IXI013-HH-1212-MRA_IXI-HH,IXI-HH
dense,103,245,0,23.037617172131135,23.037617172131135,0.0,0.0,94,94,IXI013-HH-1212-MRA_IXI-HH,IXI-HH
dense,104,109,0,1.9887377750140878,1.9887377750140878,0.0,0.0,9,9,IXI013-HH-1212-MRA_IXI-HH,IXI-HH
dense,104,117,0,4.493808594481847,4.493808594481847,0.0,0.0,19,19,IXI013-HH-1212-MRA_IXI-HH,IXI-HH
dense,105,129,0,71.0211667915867,71.0211667915867,0.0,0.0,286,286,IXI013-HH-1212-MRA_IXI-HH,IXI-HH
dense,105,142,0,11.364680168362266,11.364680168362266,0.0,0.0,47,47,IXI013-HH-1212-MRA_IXI-HH,IXI-HH
dense,107,109,0,1.3258251836272996,1.3258251836272996,0.0,0.0,7,7,IXI013-HH-1212-MRA_IXI-HH,IXI-HH
dense,107,116,0,2.65165036640124,2.65165036640124,0.0,0.0,12,12,IXI013-HH-1212-MRA_IXI-HH,IXI-HH
dense,107,127,0,3.4738989235408475,3.4738989235408475,0.0,0.0,15,15,IXI013-HH-1212-MRA_IXI-HH,IXI-HH
dense,108,128,0,24.858722942866134,24.858722942866134,0.0,0.0,101,101,IXI013-HH-1212-MRA_IXI-HH,IXI-HH
dense,109,117,0,3.473898930813177,3.473898930813177,0.0,0.0,15,15,IXI013-HH-1212-MRA_IXI-HH,IXI-HH
dense,110,130,0,2.5276269212077307,2.5276269212077307,0.0,0.0,12,12,IXI013-HH-1212-MRA_IXI-HH,IXI-HH
dense,111,114,0,2.6290942451517925,2.6290942451517925,0.0,0.0,12,12,IXI013-HH-1212-MRA_IXI-HH,IXI-HH
dense,111,121,0,2.7816431027689346,2.7816431027689346,0.0,0.0,13,13,IXI013-HH-1212-MRA_IXI-HH,IXI-HH
dense,112,117,0,4.047614735671632,4.047614735671632,0.0,0.0,18,18,IXI013-HH-1212-MRA_IXI-HH,IXI-HH
dense,113,128,0,4.229506838521752,4.229506838521752,0.0,0.0,18,18,IXI013-HH-1212-MRA_IXI-HH,IXI-HH
dense,114,122,0,1.9661816479414036,1.9661816479414036,0.0,0.0,9,9,IXI013-HH-1212-MRA_IXI-HH,IXI-HH
dense,114,123,0,3.444555708694957,3.444555708694957,0.0,0.0,15,15,IXI013-HH-1212-MRA_IXI-HH,IXI-HH
dense,115,122,0,1.7018798822136811,1.7018798822136811,0.0,0.0,8,8,IXI013-HH-1212-MRA_IXI-HH,IXI-HH
dense,115,133,0,2.170629862017486,2.170629862017486,0.0,0.0,10,10,IXI013-HH-1212-MRA_IXI-HH,IXI-HH
dense,116,118,0,2.996376949477742,2.996376949477742,0.0,0.0,13,13,IXI013-HH-1212-MRA_IXI-HH,IXI-HH
dense,116,137,0,3.4738989308119788,3.4738989308119788,0.0,0.0,15,15,IXI013-HH-1212-MRA_IXI-HH,IXI-HH
dense,117,127,0,1.6004125802079925,1.6004125802079925,0.0,0.0,8,8,IXI013-HH-1212-MRA_IXI-HH,IXI-HH
dense,118,126,0,1.5077172884605616,1.5077172884605616,0.0,0.0,8,8,IXI013-HH-1212-MRA_IXI-HH,IXI-HH
dense,118,136,0,2.3901269108444465,2.3901269108444465,0.0,0.0,11,11,IXI013-HH-1212-MRA_IXI-HH,IXI-HH
dense,119,120,0,3.260678714082538,3.260678714082538,0.0,0.0,15,15,IXI013-HH-1212-MRA_IXI-HH,IXI-HH
dense,119,128,0,1.5901269568125982,1.5901269568125982,0.0,0.0,8,8,IXI013-HH-1212-MRA_IXI-HH,IXI-HH
dense,119,233,0,71.46934571407297,71.46934571407297,0.0,0.0,287,287,IXI013-HH-1212-MRA_IXI-HH,IXI-HH
dense,120,246,0,47.01982901788735,47.01982901788735,0.0,0.0,190,190,IXI013-HH-1212-MRA_IXI-HH,IXI-HH
dense,121,123,0,1.9661816537658832,1.9661816537658832,0.0,0.0,9,9,IXI013-HH-1212-MRA_IXI-HH,IXI-HH
dense,121,131,0,6.698544937458336,6.698544937458336,0.0,0.0,28,28,IXI013-HH-1212-MRA_IXI-HH,IXI-HH
dense,122,132,0,3.6680615393215037,3.6680615393215037,0.0,0.0,16,16,IXI013-HH-1212-MRA_IXI-HH,IXI-HH
dense,122,138,0,2.0779345848772075,2.0779345848772075,0.0,0.0,10,10,IXI013-HH-1212-MRA_IXI-HH,IXI-HH
dense,123,124,0,2.629094251716004,2.629094251716004,0.0,0.0,12,12,IXI013-HH-1212-MRA_IXI-HH,IXI-HH
dense,124,131,0,6.205148770769542,6.205148770769542,0.0,0.0,26,26,IXI013-HH-1212-MRA_IXI-HH,IXI-HH
dense,124,139,0,4.620610345063357,4.620610345063357,0.0,0.0,20,20,IXI013-HH-1212-MRA_IXI-HH,IXI-HH
dense,124,139,1,4.859577673834342,4.859577673834342,0.0,0.0,21,21,IXI013-HH-1212-MRA_IXI-HH,IXI-HH
dense,125,131,0,5.194836475290409,5.194836475290409,0.0,0.0,22,22,IXI013-HH-1212-MRA_IXI-HH,IXI-HH
dense,125,134,0,1.8544287330154248,1.8544287330154248,0.0,0.0,9,9,IXI013-HH-1212-MRA_IXI-HH,IXI-HH
dense,125,135,0,1.507717294203046,1.507717294203046,0.0,0.0,8,8,IXI013-HH-1212-MRA_IXI-HH,IXI-HH
dense,126,134,0,1.507717288459459,1.507717288459459,0.0,0.0,8,8,IXI013-HH-1212-MRA_IXI-HH,IXI-HH
dense,126,135,0,1.8389672430126702,1.8389672430126702,0.0,0.0,9,9,IXI013-HH-1212-MRA_IXI-HH,IXI-HH
dense,127,137,0,3.4548413299260483,3.4548413299260483,0.0,0.0,15,15,IXI013-HH-1212-MRA_IXI-HH,IXI-HH
dense,129,242,0,23.425908082264154,23.425908082264154,0.0,0.0,95,95,IXI013-HH-1212-MRA_IXI-HH,IXI-HH
dense,129,253,0,16.765478380561802,16.765478380561802,0.0,0.0,69,69,IXI013-HH-1212-MRA_IXI-HH,IXI-HH
dense,130,138,0,11.36269534215645,11.36269534215645,0.0,0.0,47,47,IXI013-HH-1212-MRA_IXI-HH,IXI-HH
dense,130,162,0,21.922199562186915,21.922199562186915,0.0,0.0,89,89,IXI013-HH-1212-MRA_IXI-HH,IXI-HH
dense,131,134,0,4.971330616643529,4.971330616643529,0.0,0.0,21,21,IXI013-HH-1212-MRA_IXI-HH,IXI-HH
dense,132,133,0,1.3959643598360798,1.3959643598360798,0.0,0.0,7,7,IXI013-HH-1212-MRA_IXI-HH,IXI-HH
dense,132,138,0,3.3621460255239803,3.3621460255239803,0.0,0.0,15,15,IXI013-HH-1212-MRA_IXI-HH,IXI-HH
dense,133,139,0,2.629094244834278,2.629094244834278,0.0,0.0,12,12,IXI013-HH-1212-MRA_IXI-HH,IXI-HH
dense,133,140,0,19.606032627964506,19.606032627964506,0.0,0.0,80,80,IXI013-HH-1212-MRA_IXI-HH,IXI-HH
dense,135,136,0,1.3959643692701094,1.3959643692701094,0.0,0.0,7,7,IXI013-HH-1212-MRA_IXI-HH,IXI-HH
dense,136,137,0,3.56659424674861,3.56659424674861,0.0,0.0,16,16,IXI013-HH-1212-MRA_IXI-HH,IXI-HH
dense,137,258,0,94.92898675216145,94.92898675216145,0.0,0.0,381,381,IXI013-HH-1212-MRA_IXI-HH,IXI-HH
dense,140,250,0,44.18035396547171,44.18035396547171,0.0,0.0,178,178,IXI013-HH-1212-MRA_IXI-HH,IXI-HH
dense,141,143,0,35.2315475604619,35.2315475604619,0.0,0.0,142,142,IXI013-HH-1212-MRA_IXI-HH,IXI-HH
dense,141,244,0,31.070725008872994,31.070725008872994,0.0,0.0,126,126,IXI013-HH-1212-MRA_IXI-HH,IXI-HH
dense,141,247,0,39.55422112637309,39.55422112637309,0.0,0.0,160,160,IXI013-HH-1212-MRA_IXI-HH,IXI-HH
dense,142,144,0,2.52762692120776,2.52762692120776,0.0,0.0,12,12,IXI013-HH-1212-MRA_IXI-HH,IXI-HH
dense,142,156,0,19.56617915297265,19.56617915297265,0.0,0.0,80,80,IXI013-HH-1212-MRA_IXI-HH,IXI-HH
dense,143,153,0,48.98435523490575,48.98435523490575,0.0,0.0,197,197,IXI013-HH-1212-MRA_IXI-HH,IXI-HH
dense,143,252,0,27.524157446086992,27.524157446086992,0.0,0.0,112,112,IXI013-HH-1212-MRA_IXI-HH,IXI-HH
dense,144,147,0,2.1706298690363264,2.1706298690363264,0.0,0.0,10,10,IXI013-HH-1212-MRA_IXI-HH,IXI-HH
dense,144,161,0,12.128588776719056,12.128588776719056,0.0,0.0,50,50,IXI013-HH-1212-MRA_IXI-HH,IXI-HH
dense,145,145,0,15.116762687912253,15.116762687912253,0.0,nan,62,62,IXI013-HH-1212-MRA_IXI-HH,IXI-HH
dense,145,146,0,3.3022924586253275,3.3022924586253275,0.0,0.0,15,15,IXI013-HH-1212-MRA_IXI-HH,IXI-HH
dense,146,148,0,1.1316625866518977,1.1316625866518977,0.0,0.0,6,6,IXI013-HH-1212-MRA_IXI-HH,IXI-HH
dense,146,151,0,6.698544967699898,6.698544967699898,0.0,0.0,28,28,IXI013-HH-1212-MRA_IXI-HH,IXI-HH
dense,147,159,0,22.79657217172698,22.79657217172698,0.0,0.0,93,93,IXI013-HH-1212-MRA_IXI-HH,IXI-HH
dense,147,257,0,17.948222584042323,17.948222584042323,0.0,0.0,73,73,IXI013-HH-1212-MRA_IXI-HH,IXI-HH
dense,148,149,0,5.786792093281086,5.786792093281086,0.0,0.0,25,25,IXI013-HH-1212-MRA_IXI-HH,IXI-HH
dense,148,154,0,9.762282736434125,9.762282736434125,0.0,0.0,41,41,IXI013-HH-1212-MRA_IXI-HH,IXI-HH
dense,149,151,0,1.9764672796498868,1.9764672796498868,0.0,0.0,9,9,IXI013-HH-1212-MRA_IXI-HH,IXI-HH
dense,149,154,0,5.726938483086739,5.726938483086739,0.0,0.0,24,24,IXI013-HH-1212-MRA_IXI-HH,IXI-HH
dense,150,152,0,1.8544287293544182,1.8544287293544182,0.0,0.0,9,9,IXI013-HH-1212-MRA_IXI-HH,IXI-HH
dense,150,249,0,3.965205043716415,3.965205043716415,0.0,0.0,17,17,IXI013-HH-1212-MRA_IXI-HH,IXI-HH
dense,150,251,0,13.450502843004218,13.450502843004218,0.0,0.0,55,55,IXI013-HH-1212-MRA_IXI-HH,IXI-HH
dense,151,156,0,6.786477027307682,6.786477027307682,0.0,0.0,29,29,IXI013-HH-1212-MRA_IXI-HH,IXI-HH
dense,152,160,0,4.780666476084706,4.780666476084706,0.0,0.0,21,21,IXI013-HH-1212-MRA_IXI-HH,IXI-HH
dense,152,163,0,10.890754293059452,10.890754293059452,0.0,0.0,45,45,IXI013-HH-1212-MRA_IXI-HH,IXI-HH
dense,153,155,0,5.130974083748695,5.130974083748695,0.0,0.0,22,22,IXI013-HH-1212-MRA_IXI-HH,IXI-HH
dense,153,158,0,4.341259745655297,4.341259745655297,0.0,0.0,19,19,IXI013-HH-1212-MRA_IXI-HH,IXI-HH
dense,153,163,0,37.39616925091491,37.39616925091491,0.0,0.0,151,151,IXI013-HH-1212-MRA_IXI-HH,IXI-HH
dense,154,255,0,10.536948227284824,10.536948227284824,0.0,0.0,44,44,IXI013-HH-1212-MRA_IXI-HH,IXI-HH
dense,155,157,0,2.3077172266134682,2.3077172266134682,0.0,0.0,11,11,IXI013-HH-1212-MRA_IXI-HH,IXI-HH
dense,155,158,0,1.9661816673824841,1.9661816673824841,0.0,0.0,9,9,IXI013-HH-1212-MRA_IXI-HH,IXI-HH
dense,156,161,0,2.546684565255779,2.546684565255779,0.0,0.0,12,12,IXI013-HH-1212-MRA_IXI-HH,IXI-HH
dense,157,159,0,3.5408471478085275,3.5408471478085275,0.0,0.0,16,16,IXI013-HH-1212-MRA_IXI-HH,IXI-HH
dense,157,256,0,4.981616203242106,4.981616203242106,0.0,0.0,21,21,IXI013-HH-1212-MRA_IXI-HH,IXI-HH
dense,158,159,0,2.3647924698037057,2.3647924698037057,0.0,0.0,11,11,IXI013-HH-1212-MRA_IXI-HH,IXI-HH
dense,160,163,0,6.616855420685608,6.616855420685608,0.0,0.0,28,28,IXI013-HH-1212-MRA_IXI-HH,IXI-HH
dense,160,254,0,19.7863964332663,19.7863964332663,0.0,0.0,81,81,IXI013-HH-1212-MRA_IXI-HH,IXI-HH
dense,161,162,0,3.6680615504517506,3.6680615504517506,0.0,0.0,16,16,IXI013-HH-1212-MRA_IXI-HH,IXI-HH
dense,162,165,0,18.966147211328032,18.966147211328032,0.0,0.0,77,77,IXI013-HH-1212-MRA_IXI-HH,IXI-HH
dense,164,165,0,8.645668954435722,8.645668954435722,0.0,0.0,36,36,IXI013-HH-1212-MRA_IXI-HH,IXI-HH
dense,164,167,0,13.420058627918905,13.420058627918905,0.0,0.0,55,55,IXI013-HH-1212-MRA_IXI-HH,IXI-HH
dense,164,167,1,7.958935488646665,7.958935488646665,0.0,0.0,33,33,IXI013-HH-1212-MRA_IXI-HH,IXI-HH
dense,165,168,0,8.277121550031778,8.277121550031778,0.0,0.0,35,35,IXI013-HH-1212-MRA_IXI-HH,IXI-HH
dense,166,177,0,8.527639240835551,8.527639240835551,0.0,0.0,36,36,IXI013-HH-1212-MRA_IXI-HH,IXI-HH
dense,166,191,0,20.54447499909169,20.54447499909169,0.0,0.0,84,84,IXI013-HH-1212-MRA_IXI-HH,IXI-HH
dense,166,203,0,23.24679428470177,23.24679428470177,0.0,0.0,94,94,IXI013-HH-1212-MRA_IXI-HH,IXI-HH
dense,167,172,0,4.971330605499295,4.971330605499295,0.0,0.0,21,21,IXI013-HH-1212-MRA_IXI-HH,IXI-HH
dense,168,172,0,2.434931639416079,2.434931639416079,0.0,0.0,11,11,IXI013-HH-1212-MRA_IXI-HH,IXI-HH
dense,168,173,0,2.0588769434301373,2.0588769434301373,0.0,0.0,10,10,IXI013-HH-1212-MRA_IXI-HH,IXI-HH
dense,169,170,0,2.077934593842159,2.077934593842159,0.0,0.0,10,10,IXI013-HH-1212-MRA_IXI-HH,IXI-HH
dense,169,174,0,29.87072006729033,29.87072006729033,0.0,0.0,121,121,IXI013-HH-1212-MRA_IXI-HH,IXI-HH
dense,169,198,0,32.946833529899365,32.946833529899365,0.0,0.0,133,133,IXI013-HH-1212-MRA_IXI-HH,IXI-HH
dense,169,207,0,41.169721277056425,41.169721277056425,0.0,0.0,166,166,IXI013-HH-1212-MRA_IXI-HH,IXI-HH
dense,170,184,0,16.344311487908698,16.344311487908698,0.0,0.0,67,67,IXI013-HH-1212-MRA_IXI-HH,IXI-HH
dense,170,277,0,54.37374958737614,54.37374958737614,0.0,0.0,219,219,IXI013-HH-1212-MRA_IXI-HH,IXI-HH
dense,171,175,0,1.9661816558152512,1.9661816558152512,0.0,0.0,9,9,IXI013-HH-1212-MRA_IXI-HH,IXI-HH
dense,171,176,0,4.790952119790166,4.790952119790166,0.0,0.0,21,21,IXI013-HH-1212-MRA_IXI-HH,IXI-HH
dense,171,261,0,28.155048493791906,28.155048493791906,0.0,0.0,114,114,IXI013-HH-1212-MRA_IXI-HH,IXI-HH
dense,172,173,0,3.7798144792789343,3.7798144792789343,0.0,0.0,17,17,IXI013-HH-1212-MRA_IXI-HH,IXI-HH
dense,172,179,0,8.427685530749688,8.427685530749688,0.0,0.0,35,35,IXI013-HH-1212-MRA_IXI-HH,IXI-HH
dense,173,200,0,12.982165483307107,12.982165483307107,0.0,0.0,53,53,IXI013-HH-1212-MRA_IXI-HH,IXI-HH
dense,174,178,0,10.536130408447645,10.536130408447645,0.0,0.0,44,44,IXI013-HH-1212-MRA_IXI-HH,IXI-HH
dense,174,185,0,16.252370614167884,16.252370614167884,0.0,0.0,67,67,IXI013-HH-1212-MRA_IXI-HH,IXI-HH
dense,175,176,0,6.0118115284486375,6.0118115284486375,0.0,0.0,26,26,IXI013-HH-1212-MRA_IXI-HH,IXI-HH
dense,175,263,0,18.13888676415285,18.13888676415285,0.0,0.0,74,74,IXI013-HH-1212-MRA_IXI-HH,IXI-HH
dense,176,197,0,11.319567912462361,11.319567912462361,0.0,0.0,47,47,IXI013-HH-1212-MRA_IXI-HH,IXI-HH
dense,177,181,0,3.6933959665438647,3.6933959665438647,0.0,0.0,16,16,IXI013-HH-1212-MRA_IXI-HH,IXI-HH
dense,177,182,0,2.0588769434318,2.0588769434318,0.0,0.0,10,10,IXI013-HH-1212-MRA_IXI-HH,IXI-HH
dense,178,180,0,1.7945751788926052,1.7945751788926052,0.0,0.0,9,9,IXI013-HH-1212-MRA_IXI-HH,IXI-HH
dense,178,186,0,20.18823243809227,20.18823243809227,0.0,0.0,82,82,IXI013-HH-1212-MRA_IXI-HH,IXI-HH
dense,179,180,0,8.906721144897164,8.906721144897164,0.0,0.0,37,37,IXI013-HH-1212-MRA_IXI-HH,IXI-HH
dense,179,192,0,6.604584928064932,6.604584928064932,0.0,0.0,28,28,IXI013-HH-1212-MRA_IXI-HH,IXI-HH
dense,180,187,0,2.8335424650692413,2.8335424650692413,0.0,0.0,13,13,IXI013-HH-1212-MRA_IXI-HH,IXI-HH
dense,181,186,0,1.395964351190482,1.395964351190482,0.0,0.0,7,7,IXI013-HH-1212-MRA_IXI-HH,IXI-HH
dense,181,196,0,7.531799284383331,7.531799284383331,0.0,0.0,32,32,IXI013-HH-1212-MRA_IXI-HH,IXI-HH
dense,182,186,0,3.45442863720561,3.45442863720561,0.0,0.0,15,15,IXI013-HH-1212-MRA_IXI-HH,IXI-HH
dense,182,191,0,5.395275860729586,5.395275860729586,0.0,0.0,23,23,IXI013-HH-1212-MRA_IXI-HH,IXI-HH
dense,183,188,0,26.821406114298696,26.821406114298696,0.0,0.0,109,109,IXI013-HH-1212-MRA_IXI-HH,IXI-HH
dense,183,270,0,7.796101044852034,7.796101044852034,0.0,0.0,33,33,IXI013-HH-1212-MRA_IXI-HH,IXI-HH
dense,183,276,0,21.076105704471093,21.076105704471093,0.0,0.0,86,86,IXI013-HH-1212-MRA_IXI-HH,IXI-HH
dense,184,185,0,3.2349316050127745,3.2349316050127745,0.0,0.0,14,14,IXI013-HH-1212-MRA_IXI-HH,IXI-HH
dense,184,190,0,2.2530395499071503,2.2530395499071503,0.0,0.0,11,11,IXI013-HH-1212-MRA_IXI-HH,IXI-HH
dense,185,190,0,1.966181667383077,1.966181667383077,0.0,0.0,9,9,IXI013-HH-1212-MRA_IXI-HH,IXI-HH
dense,187,192,0,1.9661816594746173,1.9661816594746173,0.0,0.0,9,9,IXI013-HH-1212-MRA_IXI-HH,IXI-HH
dense,187,193,0,3.362146034488231,3.362146034488231,0.0,0.0,15,15,IXI013-HH-1212-MRA_IXI-HH,IXI-HH
dense,187,196,0,9.088671851578056,9.088671851578056,0.0,0.0,38,38,IXI013-HH-1212-MRA_IXI-HH,IXI-HH
dense,188,195,0,2.5173413149180552,2.5173413149180552,0.0,0.0,12,12,IXI013-HH-1212-MRA_IXI-HH,IXI-HH
dense,188,195,1,33.70685523563599,33.70685523563599,0.0,0.0,136,136,IXI013-HH-1212-MRA_IXI-HH,IXI-HH
dense,188,262,0,76.0051730351563,76.0051730351563,0.0,0.0,306,306,IXI013-HH-1212-MRA_IXI-HH,IXI-HH
dense,189,207,0,28.42977285092165,28.42977285092165,0.0,0.0,115,115,IXI013-HH-1212-MRA_IXI-HH,IXI-HH
dense,189,259,0,53.59030505452329,53.59030505452329,0.0,0.0,216,216,IXI013-HH-1212-MRA_IXI-HH,IXI-HH
dense,189,266,0,12.524868193616735,12.524868193616735,0.0,0.0,52,52,IXI013-HH-1212-MRA_IXI-HH,IXI-HH
dense,190,274,0,12.069206510073581,12.069206510073581,0.0,0.0,50,50,IXI013-HH-1212-MRA_IXI-HH,IXI-HH
dense,191,204,0,66.86781956465256,66.86781956465256,0.0,0.0,269,269,IXI013-HH-1212-MRA_IXI-HH,IXI-HH
dense,191,278,0,26.193603167730558,26.193603167730558,0.0,0.0,106,106,IXI013-HH-1212-MRA_IXI-HH,IXI-HH
dense,192,194,0,1.1316625866518963,1.1316625866518963,0.0,0.0,6,6,IXI013-HH-1212-MRA_IXI-HH,IXI-HH
dense,193,194,0,2.7661816257463436,2.7661816257463436,0.0,0.0,13,13,IXI013-HH-1212-MRA_IXI-HH,IXI-HH
dense,193,199,0,4.34125977288809,4.34125977288809,0.0,0.0,19,19,IXI013-HH-1212-MRA_IXI-HH,IXI-HH
dense,194,271,0,5.555332032438591,5.555332032438591,0.0,0.0,24,24,IXI013-HH-1212-MRA_IXI-HH,IXI-HH
dense,195,202,0,6.214746093120052,6.214746093120052,0.0,0.0,26,26,IXI013-HH-1212-MRA_IXI-HH,IXI-HH
dense,196,199,0,9.947673310573107,9.947673310573107,0.0,0.0,41,41,IXI013-HH-1212-MRA_IXI-HH,IXI-HH
dense,196,203,0,7.703405769840888,7.703405769840888,0.0,0.0,32,32,IXI013-HH-1212-MRA_IXI-HH,IXI-HH
dense,197,198,0,46.57048068947425,46.57048068947425,0.0,0.0,188,188,IXI013-HH-1212-MRA_IXI-HH,IXI-HH
dense,197,260,0,44.61976043147243,44.61976043147243,0.0,0.0,180,180,IXI013-HH-1212-MRA_IXI-HH,IXI-HH
dense,198,267,0,40.6137595733254,40.6137595733254,0.0,0.0,164,164,IXI013-HH-1212-MRA_IXI-HH,IXI-HH
dense,199,200,0,1.5077172942033854,1.5077172942033854,0.0,0.0,8,8,IXI013-HH-1212-MRA_IXI-HH,IXI-HH
dense,200,201,0,4.698256842365307,4.698256842365307,0.0,0.0,20,20,IXI013-HH-1212-MRA_IXI-HH,IXI-HH
dense,201,202,0,6.767419411240946,6.767419411240946,0.0,0.0,29,29,IXI013-HH-1212-MRA_IXI-HH,IXI-HH
dense,201,208,0,14.7351268548411,14.7351268548411,0.0,0.0,60,60,IXI013-HH-1212-MRA_IXI-HH,IXI-HH
dense,202,268,0,45.77972408671778,45.77972408671778,0.0,0.0,185,185,IXI013-HH-1212-MRA_IXI-HH,IXI-HH
dense,203,205,0,5.167006780442652,5.167006780442652,0.0,0.0,22,22,IXI013-HH-1212-MRA_IXI-HH,IXI-HH
dense,204,264,0,30.844440888379516,30.844440888379516,0.0,0.0,125,125,IXI013-HH-1212-MRA_IXI-HH,IXI-HH
dense,204,269,0,24.34962404580616,24.34962404580616,0.0,0.0,99,99,IXI013-HH-1212-MRA_IXI-HH,IXI-HH
dense,205,208,0,5.943657215006471,5.943657215006471,0.0,0.0,25,25,IXI013-HH-1212-MRA_IXI-HH,IXI-HH
dense,205,272,0,35.33150135431936,35.33150135431936,0.0,0.0,143,143,IXI013-HH-1212-MRA_IXI-HH,IXI-HH
dense,206,208,0,24.01436522611393,24.01436522611393,0.0,0.0,98,98,IXI013-HH-1212-MRA_IXI-HH,IXI-HH
dense,206,273,0,16.167280257435387,16.167280257435387,0.0,0.0,66,66,IXI013-HH-1212-MRA_IXI-HH,IXI-HH
dense,206,275,0,53.51866671662594,53.51866671662594,0.0,0.0,216,216,IXI013-HH-1212-MRA_IXI-HH,IXI-HH
dense,207,265,0,60.638559305362605,60.638559305362605,0.0,0.0,244,244,IXI013-HH-1212-MRA_IXI-HH,IXI-HH
